drg_comb,drg_text_comb,drg_text_short_comb,mdc,nat_ver
001A,Intracranial surgery for central nervous system tumor,Intracranial surgery for central nervous system tumor,1.0,est/lat/ice/fin/nor
001AM,"Intracranial surgery for central nervous system tumour, w MCC","Intracranial surgery for central nervous system tumour, w MCC",1.0,swe
001AN,"Intracranial surgery for central nervous system tumour, w/o CC","Intracranial surgery for central nervous system tumour, w/o CC",1.0,swe
001B,Other intracranial vascular surgery,Other intracranial vascular surgery,1.0,est/lat/ice/fin/nor
001BM,"Other intracranial vascular surgery, w MCC","Other intracranial vascular surgery, w MCC",1.0,swe
001BN,"Other intracranial vascular surgery, w/o CC","Other intracranial vascular surgery, w/o CC",1.0,swe
001C,Intervention of intracranial vascular abnormality or infarction,Intervention of intracranial vascular abnormality or infarc,1.0,est/lat/ice/fin/nor
001CN,"Surgery of intracranial aneurysm, vascular anomaly or hemangioma","Surgery of intracranial aneurysm, vascular anomaly or hemangioma",1.0,swe
001D,Intracranial cerebrospinal fluid shunt surgery,Intracranial cerebrospinal fluid shunt surgery,1.0,est/lat/ice/fin/nor
001DM,"Intracranial cerebrospinal fluid shunt surgery, w MCC","Intracranial cerebrospinal fluid shunt surgery, w MCC",1.0,swe
001DN,"Intracranial cerebrospinal fluid shunt surgery, w/o CC","Intracranial cerebrospinal fluid shunt surgery, w/o CC",1.0,swe
001E,Other craniotomy except for trauma,Other craniotomy except for trauma,1.0,est/lat/ice/fin/nor
001EM,"Other craniotomy except  trauma, w MCC","Other craniotomy except  trauma, w MCC",1.0,swe
001EN,"Other craniotomy except for trauma, w/o CC","Other craniotomy except for trauma, w/o CC",1.0,swe
002A,Other craniotomy for trauma,Other craniotomy for trauma,1.0,est/lat/ice/fin/nor
002AC,"Other craniotomy for trauma, w CC","Other craniotomy for trauma, w CC",1.0,swe
002AM,"Other craniotomy for trauma, w MCC","Other craniotomy for trauma, w MCC",1.0,swe
002AN,"Other craniotomy for trauma, w/o CC","Other craniotomy for trauma, w/o CC",1.0,swe
002B,Surgery of chronic subdural hematoma,Surgery of chronic subdural hematoma,1.0,est/lat/ice/fin/nor
002BN,Surgery of chronic subdural hematoma,Surgery of chronic subdural hematoma,1.0,swe
003N,Stereotactic intracranial radiotherapy,Stereotactic intracranial radiotherapy,1.0,est/swe/lat/ice/nor
003O,"Craniotomy, short therapy","Craniotomy, short therapy",1.0,est/swe/lat/ice/fin/nor
003P,"Stereotactic intracranial radiotherapy, short therapy","Stereotactic intracranial radiotherapy, short therapy",1.0,est/swe/lat/ice/fin/nor
004N,Spinal procedures,Spinal procedures,1.0,swe
004O,"Spinal procedures, short therapy","Spinal procedures, short therapy",1.0,est/swe/lat/ice/fin/nor
004X,Spinal procedures,Spinal procedures,1.0,est/lat/ice/fin/nor
005C,"Extracranial vascular procedures, w CC","Extracranial vascular procedures, w CC",1.0,swe
005N,"Extracranial vascular procedures, w/o CC","Extracranial vascular procedures, w/o CC",1.0,swe
005O,"Extracranial vascular procedures, short therapy","Extracranial vascular procedures, short therapy",1.0,est/swe/lat/ice/fin/nor
005X,Extracranial vascular procedures,Extracranial vascular procedures,1.0,est/lat/ice/fin/nor
006O,"Carpal tunnel release, short therapy","Carpal tunnel release, short therapy",1.0,est/swe/lat/ice/fin/nor
006X,Carpal tunnel release,Carpal tunnel release,1.0,est/swe/lat/ice/fin/nor
007M,"Peripheral & cranial nerve & other nervous system procedures,  w MCC","Peripheral & cranial nerve & other nervous system procedures,  w MCC",1.0,swe
007X,"Peripheral & cranial nerve & other nervous system procedures,  w CC","Peripheral & cranial nerve & other nervous system procedures,  w CC",1.0,est/swe/lat/ice/fin/nor
008O,"Peripheral & cranial nerve & other nervous system procedures, short therapy","Peripheral & cranial nerve & other nervous system procedures, short therapy",1.0,est/swe/lat/ice/fin/nor
008X,"Peripheral & cranial nerve & other nervous system procedures, w/o CC","Peripheral & cranial nerve & other nervous system procedures, w/o CC",1.0,est/swe/lat/ice/fin/nor
009C,"Spinal disorders & injuries, w CC","Spinal disorders & injuries, w CC",1.0,swe
009M,"Spinal disorders & injuries, w MCC","Spinal disorders & injuries, w MCC",1.0,swe
009N,"Spinal disorders & injuries, w/o CC","Spinal disorders & injuries, w/o CC",1.0,swe
009O,Doctor visits for spinal disorders & injuries,Doctor visits for spinal disorders & injuries,1.0,swe
009X,Spinal disorders & injuries,Spinal disorders & injuries,1.0,est/lat/ice/fin/nor
010C,"Nervous system neoplasms, w CC","Nervous system neoplasms, w CC",1.0,swe
010M,"Nervous system neoplasms, w MCC","Nervous system neoplasms, w MCC",1.0,swe
010X,Nervous system neoplasm w cc,Nervous system neoplasm w cc,1.0,est/lat/ice/fin/nor
011FA,"Nervous system neoplasm w/o cc, radiotherapy","Nervous system neoplasm w/o cc, radiotherapy",1.0,fin
011FB,"Nervous system neoplasm w/o cc, stereotactic radiotherapy or isotope therapy","Nervous system neoplasm w/o cc, ste radioth or isot ther",1.0,fin
011FC,"Nervous system neoplasm w/o cc, demanding isotope therapy","Nervous system neoplasm w/o cc, demanding isotope therapy",1.0,fin
011FD,"Nervous system neoplasm w/o cc, cytostatic therapy","Nervous system neoplasm w/o cc, cytostatic therapy",1.0,fin
011FF,Nervous system neoplasm w/o cc,Nervous system neoplasm w/o cc,1.0,fin
011P,"Doctor visits for neoplasms in the nervous system, w CC","Doctor visits for neoplasms in the nervous system, w CC",1.0,swe
011Q,"Doctor visits for neoplasms in the nervous system, w/o CC","Doctor visits for neoplasms in the nervous system, w/o CC",1.0,swe
011X,"Nervous system neoplasms, w/o CC","Nervous system neoplasms, w/o CC",1.0,est/swe/lat/ice/nor
012M,"Degenerative nervous system disorders,  w MCC","Degenerative nervous system disorders,  w MCC",1.0,swe
012N,"Degenerative nervous system disorders, w/o CC","Degenerative nervous system disorders, w/o CC",1.0,swe
012O,"Doctor visits for degenerative nervous system disorders, short therapy","Doctor visits for degenerative nervous system disorders, short therapy",1.0,swe/nor
012X,Degenerative nervous system disorders,Degenerative nervous system disorders,1.0,est/lat/ice/fin/nor
013C,"Multiple sclerosis and cerebellar ataxia, w CC","Multiple sclerosis and cerebellar ataxia, w CC",1.0,swe
013N,"Multiple sclerosis and cerebellar ataxia, w/o CC","Multiple sclerosis and cerebellar ataxia, w/o CC",1.0,swe
013O,"Multiple sclerosis and cerebellar ataxia, short therapy","Multiple sclerosis and cerebellar ataxia, short therapy",1.0,swe
013X,Multiple sclerosis and cerebellar ataxia,Multiple sclerosis and cerebellar ataxia,1.0,est/lat/ice/fin/nor
014A,"Specific cerebrovascular disorders except TIA, without thrombolysis, with cc","Specific cerebrovascular disorders except TIA, w/o thrombolysis, w cc",1.0,est/lat/ice/fin/nor
014B,"Specific cerebrovascular disorders except TIA, without thrombolysis, without cc","Specific cerebrovascular disorders except TIA, w/o thrombolysis, w/o cc",1.0,est/lat/ice/fin/nor
014C,"Specific cerebrovascular disorders except TIA, with thrombolysis, w CC","Specific cerebrovascular disorders except TIA, with thrombolysis, w CC",1.0,est/swe/lat/fin
014D,"Specific cerebrovascular disorders except TIA, with thrombolysis, with cc","Specific cerebrovascular disorders except TIA, w thrombolysis, w cc",1.0,est/lat/fin
014M,"Specific cerebrovascular disorders except TIA, w MCC","Specific cerebrovascular disorders except TIA, w MCC",1.0,swe
014N,"Specific cerebrovascular disorders except TIA, w/o CC","Specific cerebrovascular disorders except TIA, w/o CC",1.0,swe
014O,Doctor visits for specific cerebrovascular disorders,Doctor visits for specific cerebrovascular disorders,1.0,swe
015N,Transient ischemic attac & precerebral occlusions,Transient ischemic attac & precerebral occlusions,1.0,swe
015O,Doctor visits for transient ischemic attack & precerebral occlusion,Doctor visits for transient ischemic attack & precerebral occlusion,1.0,swe
015X,Transient ischemic attac & precerebral occlusions,Transient ischemic attac & precerebral occlusions,1.0,est/lat/ice/fin/nor
016X,Nonspecific cerebrovascular disorders w cc,Nonspecific cerebrovascular disorders w cc,1.0,est/lat/ice/fin/nor
017O,Doctor visits for nonspecific cerebrovascular disorders ,Doctor visits for nonspecific cerebrovascular disorders ,1.0,swe
017X,"Nonspecific cerebrovascular disorders, w/o CC","Nonspecific cerebrovascular disorders, w/o CC",1.0,est/swe/lat/ice/fin/nor
018C,"Cranial & peripheral nerve disorders, w CC","Cranial & peripheral nerve disorders, w CC",1.0,swe
018M,"Cranial & peripheral nerve disorders, w MCC","Cranial & peripheral nerve disorders, w MCC",1.0,swe
018X,Cranial & periferal nerve disorders w cc,Cranial & periferal nerve disorders w cc,1.0,est/lat/ice/fin/nor
019O,"Cranial & peripheral nerve disorders, short therapy","Cranial & peripheral nerve disorders, short therapy",1.0,swe/nor
019X,"Cranial & peripheral nerve disorders, w/o CC","Cranial & peripheral nerve disorders, w/o CC",1.0,est/swe/lat/ice/fin/nor
020C,Nervoussystem infection except viral meningitis with cc,Nervoussystem infection except viral meningitis with cc,1.0,fin
020M,"Nervous system infections except viral meningitis, w MCC","Nervous system infections except viral meningitis, w MCC",1.0,swe
020N,"Nervous system infections except viral meningitis, w/o CC","Nervous system infections except viral meningitis, w/o CC",1.0,swe/fin
020O,Doctor visits for nervous system infections except viral meningitis,Doctor visits for nervous system infections except viral meningitis,1.0,swe
020X,Nervoussystem infection except viral meningitis,Nervoussystem infection except viral meningitis,1.0,est/lat/ice/nor
021C,"Viral meningitis, w CC","Viral meningitis, w CC",1.0,swe
021N,"Viral meningitis, w/o CC","Viral meningitis, w/o CC",1.0,swe
021O,Doctor visits for viral meningitis,Doctor visits for viral meningitis,1.0,swe
021X,Viral meningitis,Viral meningitis,1.0,est/lat/ice/fin/nor
023C,"Nontraumatic stupor & coma, w CC","Nontraumatic stupor & coma, w CC",1.0,swe
023N,"Nontraumatic stupor & coma, w/o CC","Nontraumatic stupor & coma, w/o CC",1.0,swe
023O,Doctor visits for nontraumatic stupor & coma,Doctor visits for nontraumatic stupor & coma,1.0,swe
023X,Nontraumatic stupor & coma,Nontraumatic stupor & coma,1.0,est/lat/ice/fin/nor
024X,Seizure & headache age > 17 w cc,Seizure & headache age > 17 w cc,1.0,est/lat/ice/fin/nor
025NP,"Headache, short therapy","Headache, short therapy",1.0,nor
025NR,"Seizure, short therapy","Seizure, short therapy",1.0,nor
025X,Seizure & headache age > 17 w/o cc,Seizure & headache age > 17 w/o cc,1.0,est/lat/ice/fin/nor
026C,"Seizure & headache, age w CC","Seizure & headache, age w CC",1.0,swe
026M,"Seizure & headache, age w MCC ","Seizure & headache, age w MCC ",1.0,swe
026N,"Seizure & headache, age w/o CC","Seizure & headache, age w/o CC",1.0,swe
026P,"Doctor visits for seizure & headache, w CC","Doctor visits for seizure & headache, w CC",1.0,swe
026Q,"Doctor visits for seizure & headache, w/o CC","Doctor visits for seizure & headache, w/o CC",1.0,swe
026X,Seizure & headache age 0-17,Seizure & headache age 0-17,1.0,est/lat/ice/fin/nor
027M,"Severe traumatic brain injury, w MCC","Severe traumatic brain injury, w MCC",1.0,swe
027N,"Severe traumatic brain injury, w/o CC","Severe traumatic brain injury, w/o CC",1.0,swe
027O,Doctor visits for severe traumatic brain injury,Doctor visits for severe traumatic brain injury,1.0,swe
027X,Severe traumatic brain injury,Severe traumatic brain injury,1.0,est/lat/ice/fin/nor
028X,"Traumatic brain injury, age > 17, with cc","Traumatic brain injury, age > 17, with cc",1.0,est/lat/ice/fin/nor
029X,"Traumatic brain injury, age > 17, w/o cc","Traumatic brain injury, age > 17, w/o cc",1.0,est/lat/ice/fin/nor
030C,"Traumatic brain injury, w CC","Traumatic brain injury, w CC",1.0,swe
030N,"Traumatic brain injury, w/o CC","Traumatic brain injury, w/o CC",1.0,swe
030O,Doctor visits for traumatic brain injury,Doctor visits for traumatic brain injury,1.0,swe
030X,"Traumatic brain injury, age 0-17","Traumatic brain injury, age 0-17",1.0,est/lat/ice/fin/nor
031X,"Concussion, age > 17 w cc","Concussion, age > 17 w cc",1.0,est/lat/ice/fin/nor
032X,"Concussion, age > 17 w/o cc","Concussion, age > 17 w/o cc",1.0,est/lat/ice/fin/nor
033C,"Concussion, w CC","Concussion, w CC",1.0,swe
033N,"Concussion,  w/o CC","Concussion,  w/o CC",1.0,swe
033O,Doctor visits for concussion,Doctor visits for concussion,1.0,swe
033X,"Concussion, age 0-17","Concussion, age 0-17",1.0,est/lat/ice/fin/nor
034C,"Other disorders of the nervous system, w CC","Other disorders of the nervous system, w CC",1.0,swe
034M,"Other disorders of the nervous system,  w MCC","Other disorders of the nervous system,  w MCC",1.0,swe
034X,Other disorders of nervous system w cc,Other disorders of nervous system w cc,1.0,est/lat/ice/fin/nor
035X,"Other disorders of the nervous system, w/o CC","Other disorders of the nervous system, w/o CC",1.0,est/swe/lat/ice/fin/nor
036C,Brachytherapy to eye     ,Brachytherapy to eye     ,2.0,est/swe/lat/ice/fin/nor
036D,Major eye procedures,Major eye procedures,2.0,est/swe/lat/ice/fin/nor
036E,Retinal procedures,Retinal procedures,2.0,est/swe/lat/ice/fin/nor
036O,"Retinal procedures, short therapy","Retinal procedures, short therapy",2.0,est/swe/lat/ice/fin/nor
036P,"Transplantation of cornea, short therapy","Transplantation of cornea, short therapy",2.0,est/swe/lat/fin/nor/ice
036R,"Laser procedures on iris and chamber angle, short therapy         ","Laser procedures on iris and chamber angle, short therapy         ",2.0,est/swe/lat/fin/nor/ice
036S,"Major procedure on intraocular pressure, short therapy","Major procedure on intraocular pressure, short therapy",2.0,est/swe/lat/fin/nor/ice
037C,"Orbital OR procedures, w CC","Orbital OR procedures, w CC",2.0,swe
037N,"Orbital OR procedures, w/o CC","Orbital OR procedures, w/o CC",2.0,swe
037O,"Orbital OR procedures, short therapy","Orbital OR procedures, short therapy",2.0,est/swe/lat/ice/fin/nor
037X,Orbital procedures,Orbital procedures,2.0,est/lat/ice/fin/nor
039FO,"Unilateral lens procedures with or without vitrectomy, short therapy","Unilateral lens procedures with or without vitrectomy, sh th",2.0,fin
039FP,"Bilateral lens procedures, short therapy","Bilateral lens procedures, short therapy",2.0,ice/fin/nor
039O,"Lens procedures with or without vitrectomy, short therapy","Lens procedures with or without vitrectomy, short therapy",2.0,ice
039P,"Bilateral lens procedures with or without vitrectomy, short therapy","Bilateral lens procedures with or without vitrectomy, short therapy",2.0,est/swe/lat
039Q,"Unilateral lens procedures with or without vitrectomy, short therapy","Unilateral lens procedures with or without vitrectomy, short therapy",2.0,est/swe/lat/nor
039X,Lens procedures with or without vitrectomy ,Lens procedures with or without vitrectomy ,2.0,est/swe/lat/ice/fin/nor
040X,Extraocular procedures except orbit,Extraocular procedures except orbit,2.0,est/lat/ice/fin/nor
041C,Extraocular procedures except orbit w cc,Extraocular procedures except orbit w cc,2.0,swe
041N,"Strabismus surgery and other extraocular procedures except orbit, w/o CC   ","Strabismus surgery and other extraocular procedures except orbit, w/o CC   ",2.0,swe
041O,"Extraocular procedures except orbit, short therapy","Extraocular procedures except orbit, short therapy",2.0,est/swe/lat/ice/nor
041P,"Strabismus surgery, short therapy","Strabismus surgery, short therapy",2.0,est/swe/lat/ice/fin/nor
041Q,"Other interventions for problems in eye region, with anestesia, short therapy","Other interventions for problems in eye region, with anestes",2.0,fin
041R,"Other interventions for problems in eye region, without anestesia, short therapy","Other interventions for problems in eye region, without anes",2.0,fin
042C,"Intraocular procedures except retina and lens, w CC","Intraocular procedures except retina and lens, w CC",2.0,swe
042N,"Intraocular procedures except retina and lens, w/o CC","Intraocular procedures except retina and lens, w/o CC",2.0,swe
042P,"Other intraocular procedures except on retina and lens, short therapy","Other intraocular procedures except on retina and lens, short therapy",2.0,est/swe/lat/ice/fin/nor
042X,Intraocular procedures except retina and lens,Intraocular procedures except retina and lens,2.0,est/lat/ice/fin/nor
043O,Doctor visits for injury in the eye region,Doctor visits for injury in the eye region,2.0,swe
043X,Injury in the eye region ,Injury in the eye region ,2.0,est/swe/lat/ice/fin/nor
044O,Doctor visits for acute eye infections,Doctor visits for acute eye infections,2.0,swe
044X,Acute major eye infections ,Acute major eye infections ,2.0,est/swe/lat/ice/fin/nor
045O,Doctor visits for neurological eye diseases,Doctor visits for neurological eye diseases,2.0,swe
045X,Neurological eye diseases,Neurological eye diseases,2.0,est/swe/lat/ice/fin/nor
046X,"Other disorders of the eye, age > 17 w cc","Other disorders of the eye, age > 17 w cc",2.0,est/lat/ice/fin/nor
047X,"Other disorders of the eye, age > 17 w/o cc","Other disorders of the eye, age > 17 w/o cc",2.0,est/lat/ice/fin/nor
048C,"Other disorders of the eye, w CC","Other disorders of the eye, w CC",2.0,swe
048N,"Other disorders of the eye, w/o CC","Other disorders of the eye, w/o CC",2.0,swe
048X,"Other disorders of the eye, age 0-17","Other disorders of the eye, age 0-17",2.0,est/lat/ice/fin/nor
049A,Other major operations on head and neck,Other major operations on head and neck,3.0,est/swe/lat/ice/fin/nor
049B,Insertion of cochlear implant,Insertion of cochlear implant,3.0,est/swe/lat/ice/fin/nor
049N,"Upgrading of speech processor for cochlear implant, short therapy","Upgrading of speech processor for cochlear implant, short therapy",3.0,swe
049P,"Swe - Insättning av kokleaimplantat, öppenvård",Insättning av kokleaimplantat O,3.0,swe
050N,Parotidectomy,Parotidectomy,3.0,est/swe/lat/ice/fin/nor
051N,Salivary gland procedures except parotidectomy,Salivary gland procedures except parotidectomy,3.0,est/swe/lat/ice/fin/nor
051O,"Salivary gland procedures except paroditectomy, short therapy","Salivary gland procedures except paroditectomy, short therap",3.0,est/swe/lat/ice/fin/nor
052X,Cleft lip & palate repair,Cleft lip & palate repair,3.0,est/swe/lat/ice/fin/nor
053A,Sinus procedures,Sinus procedures,3.0,est/swe/lat/ice/fin/nor
053B,"Mastoid, temporal bone and inner ear procedures","Mastoid, temporal bone and inner ear procedures",3.0,est/swe/lat/ice/fin/nor
054O,"Sinus procedure, short therapy","Sinus procedure, short therapy",3.0,est/swe/lat/ice/fin/nor
054P,"Mastoid, temporal bone and inner ear procedures, short therapy","Mastoid, temporal bone and inner ear procedures, short thera",3.0,est/swe/lat/ice/fin/nor
055O,"Miscellaneous major ear, nose , mouth & throat procedures, short therapy","Miscellaneous major ear, nose , mouth & throat procedures, s",3.0,est/swe/lat/ice/fin/nor
055P,"Other minor ear, nose , mouth & throat procedures, short therapy","Other minor ear, nose , mouth & throat procedures, short the",3.0,est/swe/lat/ice/fin/nor
055X,"Miscellaneous ear, nose , mouth & throat procedures","Miscellaneous ear, nose , mouth & throat procedures",3.0,est/swe/lat/ice/fin/nor
056O,"Rhinoplasty, short therapy","Rhinoplasty, short therapy",3.0,est/swe/lat/ice/fin/nor
056X,Rhinoplasty,Rhinoplasty,3.0,est/swe/lat/ice/fin/nor
057A,Major jaw operations,Major jaw operations,3.0,nor
059N,Operasjoner på tonsiller eller adenoid vev >17 år,,3.0,nor
060N,Tonsilectomy &/or adenoidectomy,Tonsilectomy &/or adenoidectomy,3.0,ice/fin/nor
060O,"Operations on tonsils or adenoids, short therapy","Operations on tonsils or adenoids, short therapy",3.0,est/swe/lat/ice/fin/nor
060X,Tonsillectomy &/or adenoidectomy only ,Tonsillectomy &/or adenoidectomy only ,3.0,est/swe/lat
061A,Insertion of osseous hearing implant/hearing aid,Insertion of osseous hearing implant/hearing aid,3.0,swe
061B,"Insertion of osseous hearing implant/hearing aid, short therapy","Insertion of osseous hearing implant/hearing aid, short therapy",3.0,swe
061C,"Upgrading/connection of transcutaneous osseous hearing implant, complicated, short therapy","Upgrading/connection of transcutaneous osseous hearing implant, complicated, short therapy",3.0,swe
061D,"Upgrading/connection of transcutaneous osseous hearing implant, complicated, short therapy","Upgrading/connection of transcutaneous osseous hearing implant, complicated, short therapy",3.0,swe
063O,"Other major ear, nose, mouth & throat OR procedures, short therapy","Other major ear, nose, mouth & throat OR procedures, short therapy",3.0,est/swe/lat/ice/fin/nor
063X,"Other major ear, nose, mouth & throat OR procedures","Other major ear, nose, mouth & throat OR procedures",3.0,est/swe/lat/ice/fin/nor
064C,"Ear, nose, mouth & throat malignancy, w CC","Ear, nose, mouth & throat malignancy, w CC",3.0,swe
064FA,"Ear, nose, mouth & throat malignancy, radiotherapy","Ear, nose, mouth & throat malignancy, radiotherapy",3.0,fin
064FB,"Ear, nose, mouth & throat malignancy, cytostatic therapy","Ear, nose, mouth & throat malignancy, cytostatic therapy",3.0,fin
064FE,"Ear, nose, mouth & throat malignancy","Ear, nose, mouth & throat malignancy",3.0,fin
064M,"Ear, nose, mouth & throat malignancy, w MCC                                ","Ear, nose, mouth & throat malignancy, w MCC                                ",3.0,swe
064N,"Ear, nose, mouth & throat malignancy, w/o CC","Ear, nose, mouth & throat malignancy, w/o CC",3.0,swe
064O,"Doctor visits for ear, nose, mouth & throat malignancies","Doctor visits for ear, nose, mouth & throat malignancies",3.0,swe
064X,"Ear, nose, mouth & throat malignancy","Ear, nose, mouth & throat malignancy",3.0,est/lat/ice/nor
065C,"Dysequilibrium, w CC","Dysequilibrium, w CC",3.0,swe
065N,"Dysequilibrium, w/o CC","Dysequilibrium, w/o CC",3.0,swe
065O,Doctor visits for dysequilibrium,Doctor visits for dysequilibrium,3.0,swe
065X,Dysequilibrium,Dysequilibrium,3.0,est/lat/ice/fin/nor
066N,Epistaxis,Epistaxis,3.0,swe
066O,Doctor visits for epistaxis,Doctor visits for epistaxis,3.0,swe
066X,Epistaxis,Epistaxis,3.0,est/lat/ice/fin/nor
067X,Epiglottitis,Epiglottitis,3.0,est/swe/lat/ice/fin/nor
068X,"Otitis media & uri, age > 17 w cc","Otitis media & uri, age > 17 w cc",3.0,est/lat/ice/fin/nor
069O,"Otitis media & uri, short therapy","Otitis media & uri, short therapy",3.0,nor
069X,"Otitis media & uri, age > 17 w/o cc","Otitis media & uri, age > 17 w/o cc",3.0,est/lat/ice/fin/nor
070A,"Otitis media & uri, age 0-17, w cc","Otitis media & uri, age 0-17, w cc",3.0,est/lat/ice/fin/nor
070B,"Otitis media & uri, age 0-17, w/o cc","Otitis media & uri, age 0-17, w/o cc",3.0,est/lat/ice/fin/nor
070C,"Otitis media & upper respiratory infections,  w CC ","Otitis media & upper respiratory infections,  w CC ",3.0,swe
070N,"Otitis media & upper respiratory infections,  w/o CC ","Otitis media & upper respiratory infections,  w/o CC ",3.0,swe
070O,Doctor visits for infections in the ears and upper airways,Doctor visits for infections in the ears and upper airways,3.0,swe
071O,Doctor visits for viral croup and laryngothracheitis,Doctor visits for viral croup and laryngothracheitis,3.0,swe
071X,Viral croup and laryngotracheitis,Viral croup and laryngotracheitis,3.0,est/swe/lat/ice/fin/nor
072C,"Nasal trauma & deformity, w CC","Nasal trauma & deformity, w CC",3.0,swe
072N,"Nasal trauma & deformity, w/o CC","Nasal trauma & deformity, w/o CC",3.0,swe
072O,Doctor visits for nasal trauma & deformity,Doctor visits for nasal trauma & deformity,3.0,swe
072X,Nasal trauma & deformity,Nasal trauma & deformity,3.0,est/lat/ice/fin/nor
073C,"Other ear, nose, mouth & throat diagnoses, age > 17, w CC","Other ear, nose, mouth & throat diagnoses, age > 17, w CC",3.0,swe
073N,"Other ear, nose, mouth & throat diagnoses, age  >17, w/o cc","Other ear, nose, mouth & throat diagnoses, age  >17, w/o cc",3.0,swe
073O,"Doctor visits for other ear, nose, mouth & throat diseases, age > 17 ","Doctor visits for other ear, nose, mouth & throat diseases, age > 17 ",3.0,swe
073X,"Other ear, nose, mouth & throat diagnoses age > 17","Other ear, nose, mouth & throat diagnoses age > 17",3.0,est/lat/ice/fin/nor
074O,"Doctor visits for other ear, nose, mouth & throat diseases, age 0-17 ","Doctor visits for other ear, nose, mouth & throat diseases, age 0-17 ",3.0,swe
074X,"Other ear, nose, mouth & throat diagnoses, age 0-17","Other ear, nose, mouth & throat diagnoses, age 0-17",3.0,est/swe/lat/ice/fin/nor
075M,"Major thorax procedures, w MCC","Major thorax procedures, w MCC",3.0,swe
075N,"Major thorax procedures, w/o CC","Major thorax procedures, w/o CC",4.0,swe
075O,"Major thorax procedures, short therapy","Major thorax procedures, short therapy",4.0,est/swe/lat/ice/fin/nor
075X,Major chest procedures,Major chest procedures,4.0,est/lat/ice/fin/nor
076C,"Other respiratory system OR procedures, w CC","Other respiratory system OR procedures, w CC",4.0,swe
076M,"Other respiratory system OR procedures, w MCC","Other respiratory system OR procedures, w MCC",4.0,swe
076X,Other resp system o. r. procedures w cc,Other resp system o. r. procedures w cc,4.0,est/lat/ice/fin/nor
077O,"Other respiratory system OR procedures, short therapy","Other respiratory system OR procedures, short therapy",4.0,est/swe/lat/ice/fin/nor
077X,"Other respiratory system OR procedures, w/o CC","Other respiratory system OR procedures, w/o CC",4.0,est/swe/lat/ice/fin/nor
078C,"Pulmonary embolism,  w CC","Pulmonary embolism,  w CC",4.0,swe
078M,"Pulmonary embolism,  w MCC","Pulmonary embolism,  w MCC",4.0,swe
078N,"Pulmonary embolism, w/o CC","Pulmonary embolism, w/o CC",4.0,swe
078O,Doctor visits for pulmonary embolism,Doctor visits for pulmonary embolism,4.0,swe
078X,Pulmonary embolism,Pulmonary embolism,4.0,est/lat/ice/fin/nor
079X,"Respiratory infections & inflammations, age > 17 w cc","Respiratory infections & inflammations, age > 17 w cc",4.0,est/lat/ice/fin/nor
080C,"Respiratory infections & inflammations, age >17,  w CC","Respiratory infections & inflammations, age >17,  w CC",4.0,swe
080M,"Respiratory infections & inflammations, age >17,  w MCC","Respiratory infections & inflammations, age >17,  w MCC",4.0,swe
080N,"Respiratory infections & inflammations, age  >17, w/o CC","Respiratory infections & inflammations, age  >17, w/o CC",4.0,swe
080O,"Respiratory infections & inflammations,  age >17, short therapy","Respiratory infections & inflammations,  age >17, short therapy",4.0,swe/nor
080X,"Respiratory infections & inflammations, age > 17 w/o cc","Respiratory infections & inflammations, age > 17 w/o cc",4.0,est/lat/ice/fin/nor
081C,"Respiratory infections & inflammations, age 0-17, w CC","Respiratory infections & inflammations, age 0-17, w CC",4.0,swe
081N,"Respiratory infections & inflammations, age 0-17, w/o CC","Respiratory infections & inflammations, age 0-17, w/o CC",4.0,swe
081O,"Doctor visits for respiratory infections & inflammations, age 0-17","Doctor visits for respiratory infections & inflammations, age 0-17",4.0,swe
081X,"Respiratory infections & inflammations, age 0-17","Respiratory infections & inflammations, age 0-17",4.0,est/lat/ice/fin/nor
082C,"Respiratory neoplasms, w CC","Respiratory neoplasms, w CC",4.0,swe
082FA,"Respiratory neoplasms, radiotherapy","Respiratory neoplasms, radiotherapy",4.0,fin
082FB,"Respiratory neoplasms, cytostatic therapy","Respiratory neoplasms, cytostatic therapy",4.0,fin
082FE,Respiratory neoplasms,Respiratory neoplasms,4.0,fin
082M,"Respiratory neoplasms, w MCC","Respiratory neoplasms, w MCC",4.0,swe
082N,"Respiratory neoplasms, w/o CC","Respiratory neoplasms, w/o CC",4.0,swe
082O,"Doctor visits for respiratory neoplasms, short therapy","Doctor visits for respiratory neoplasms, short therapy",4.0,swe/nor
082X,Respiratory neoplasms ,Respiratory neoplasms w/o cc,4.0,est/lat/ice/nor
083C,"Major thorax trauma, w CC","Major thorax trauma, w CC",4.0,swe
083M,"Major thorax trauma, w MCC                            ","Major thorax trauma, w MCC                            ",4.0,swe
083X,Major chest trauma w cc,Major chest trauma w cc,4.0,est/lat/ice/fin/nor
084O,Doctor visits for major thorax trauma,Doctor visits for major thorax trauma,4.0,swe
084X,"Major thorax trauma, w/o CC","Major thorax trauma, w/o CC",4.0,est/swe/lat/ice/fin/nor
085C,"Pleural effusion, w CC","Pleural effusion, w CC",4.0,swe
085M,"Pleural effusion, w MCC","Pleural effusion, w MCC",4.0,swe
085X,Pleural effusion w cc,Pleural effusion w cc,4.0,est/lat/ice/fin/nor
086O,Doctor visits for pleural effusion,Doctor visits for pleural effusion,4.0,swe
086X,"Pleural effusion, w/o CC","Pleural effusion, w/o CC",4.0,est/swe/lat/ice/fin/nor
087C,"Pulmonary edema & respiratory failure, w CC","Pulmonary edema & respiratory failure, w CC",4.0,swe
087M,"Pulmonary edema & respiratory failure, w MCC","Pulmonary edema & respiratory failure, w MCC",4.0,swe
087N,"Pulmonary edema & respiratory failure, w/o CC","Pulmonary edema & respiratory failure, w/o CC",4.0,swe
087O,Doctor visits for pulmonary edema & respiratory failure,Doctor visits for pulmonary edema & respiratory failure,4.0,swe
087X,Pulmonary edema & respiratory failure,Pulmonary edema & respiratory failure,4.0,est/lat/ice/fin/nor
088C,"Chronic obstructive pulmonary diseases, w CC","Chronic obstructive pulmonary diseases, w CC",4.0,swe
088M,"Chronic obstructive pulmonary diseases, w MCC         ","Chronic obstructive pulmonary diseases, w MCC         ",4.0,swe
088N,"Chronic obstructive pulmonary diseases, w/o CC","Chronic obstructive pulmonary diseases, w/o CC",4.0,swe
088O,"Doctor visits for chronic obstructive pulmonary diseases, short therapy","Doctor visits for chronic obstructive pulmonary diseases, short therapy",4.0,swe/nor
088X,Chronic obstructive pulmonary disease,Chronic obstructive pulmonary disease,4.0,est/lat/ice/fin/nor
089X,"Simple pneumonia & pleurisy, age > 17 w cc","Simple pneumonia & pleurisy, age > 17 w cc",4.0,est/lat/ice/fin/nor
090X,"Simple pneumonia & pleurisy, age > 17 w/o cc","Simple pneumonia & pleurisy, age > 17 w/o cc",4.0,est/lat/ice/fin/nor
091A,"Simple pneumonia & pleurisy, age 0-17, w cc","Simple pneumonia & pleurisy, age 0-17, w cc",4.0,est/lat/ice/fin/nor
091B,"Simple pneumonia & pleurisy, age 0-17, w/o cc","Simple pneumonia & pleurisy, age 0-17, w/o cc",4.0,est/lat/ice/fin/nor
091C,"Simple pneumonia & pleurisy, w CC","Simple pneumonia & pleurisy, w CC",4.0,swe
091M,"Simple pneumonia & pleurisy, w MCC","Simple pneumonia & pleurisy, w MCC",4.0,swe
091N,"Simple pneumonia & pleurisy, w/o CC","Simple pneumonia & pleurisy, w/o CC",4.0,swe
091O,Doctor visits for simple pneumonia & pleurisy,Doctor visits for simple pneumonia & pleurisy,4.0,swe
092M,"Interstitial lung disease, w MCC","Interstitial lung disease, w MCC",4.0,swe
092X,Interstitial lung disease w cc,Interstitial lung disease w cc,4.0,est/lat/ice/fin/nor
093O,Doctor visits for interstitial lung diseases,Doctor visits for interstitial lung diseases,4.0,swe
093X,"Interstitial lung disease, w/o CC","Interstitial lung disease, w/o CC",4.0,est/swe/lat/ice/fin/nor
094C,"Pneumothorax, w CC","Pneumothorax, w CC",4.0,swe
094M,"Pneumothorax, w MCC","Pneumothorax, w MCC",4.0,swe
094X,Pneumothorax w cc,Pneumothorax w cc,4.0,est/lat/ice/fin/nor
095O,Doctor visits for pneumothorax,Doctor visits for pneumothorax,4.0,swe
095X,"Pneumothorax, w/o CC","Pneumothorax, w/o CC",4.0,est/swe/lat/ice/fin/nor
096X,"Bronchitis & asthma, age > 17 w cc","Bronchitis & asthma, age > 17 w cc",4.0,est/lat/ice/fin/nor
097O,"Bronchitis & asthma, short therapy","Bronchitis & asthma, short therapy",4.0,nor
097X,"Bronchitis & asthma, age > 17 w/o cc","Bronchitis & asthma, age > 17 w/o cc",4.0,est/lat/ice/fin/nor
098A,"Bronchitis & asthma, age 0-17, w cc","Bronchitis & asthma, age 0-17, w cc",4.0,est/lat/ice/fin/nor
098B,"Bronchitis & asthma, age 0-17, w/o cc","Bronchitis & asthma, age 0-17, w/o cc",4.0,est/lat/ice/fin/nor
098C,"Bronchitis & asthma, w CC","Bronchitis & asthma, w CC",4.0,swe
098M,"Bronchitis & asthma, w MCC","Bronchitis & asthma, w MCC",4.0,swe
098N,"Bronchitis & asthma, w/o CC","Bronchitis & asthma, w/o CC",4.0,swe
098O,Doctor visits for bronchitis & asthma,Doctor visits for bronchitis & asthma,4.0,swe
099C,"Respiratory signs & symptoms, w CC","Respiratory signs & symptoms, w CC",4.0,swe
099M,"Respiratory signs & symptoms, w MCC","Respiratory signs & symptoms, w MCC",4.0,swe
099X,Respiratory signs & symtoms w cc,Respiratory signs & symtoms w cc,4.0,est/lat/ice/fin/nor
100N,"Respiratory signs & symptoms, w/o CC","Respiratory signs & symptoms, w/o CC",4.0,swe
100O,Doctor visits for respiratory signs & symptoms,Doctor visits for respiratory signs & symptoms,4.0,swe
100X,Respiratory signs & symtoms w/o cc,Respiratory signs & symtoms w/o cc,4.0,est/lat/ice/fin/nor
101C,"Other respiratory system diagnoses, w CC","Other respiratory system diagnoses, w CC",4.0,swe
101M,"Other respiratory system diagnoses, w MCC","Other respiratory system diagnoses, w MCC",4.0,swe
101X,Other respiratory system diagnoses w cc,Other respiratory system diagnoses w cc,4.0,est/lat/ice/fin/nor
102N,Other respiratory system diagnoses w/o cc,Other respiratory system diagnoses w/o cc,4.0,swe
102X,Other respiratory system diagnoses w/o cc,Other respiratory system diagnoses w/o cc,4.0,est/lat/ice/fin/nor
103X,Heart transplantation and ventricular assist device,Heart transplantation and ventricular assist device,5.0,est/swe/lat/ice/fin/nor
104A,Single heart valve operations,Single heart valve operations,5.0,est/lat/ice/fin/nor
104B,Multiple heart valve operations or single valve operations w CC,Multiple heart valve operations or single valve operations w,5.0,est/lat/ice/fin/nor
104D,Percutaneous heart valve implantation,Percutaneous heart valve implantation,5.0,est/swe/lat/ice/fin/nor
104G,"Heart valve operations, w CC                 ","Heart valve operations, w CC                 ",5.0,swe
104H,"Heart valve operations, w/o CC","Heart valve operations, w/o CC",5.0,swe
104O,"Cardiac valve procedures with cardiac catheterization, short therapy","Cardiac valve procedures with cardiac catheterization, short therapy",5.0,est/swe/lat/ice/fin/nor
107A,Other coronary bypass without cathetherisation,Other coronary bypass without cathetherisation,5.0,est/lat/ice/fin/nor
107B,Other coronary bypass with cathetherization,Other coronary bypass with cathetherization,5.0,est/swe/lat/ice/fin/nor
107C,Coronary bypass with complex associated procedures or with CC,Coronary bypass with complex associated procedures or with C,5.0,est/lat/ice/fin/nor
107M,"Coronary bypass, w MCC","Coronary bypass, w MCC",5.0,swe
107N,"Other coronary bypass without cathetherization, w/o CC","Other coronary bypass without cathetherization, w/o CC",5.0,swe
107O,"Coronary bypass without cardiac catheterization, short therapy","Coronary bypass without cardiac catheterization, short therapy",5.0,est/swe/lat/ice/fin/nor
108C,"Other cardiothoracic procedures, w cc","Other cardiothoracic procedures, w cc",5.0,swe
108M,"Other cardiothoracic procedures, w MCC","Other cardiothoracic procedures, w MCC",5.0,swe
108N,"Other cardiothoracic procedures, w/o CC","Other cardiothoracic procedures, w/o CC",5.0,swe
108O,"Other cardiothoracic procedures, short therapy","Other cardiothoracic procedures, short therapy",5.0,est/swe/lat/ice/fin/nor
108X,Other cardiothoracic procedures,Other cardiothoracic procedures,5.0,est/lat/ice/fin/nor
109N,OR procedure for thoracic aortic aneurysm,OR procedure for thoracic aortic aneurysm,5.0,est/swe/lat/ice/fin/nor
110M,"Major cardiovascular procedures, w MCC                               ","Major cardiovascular procedures, w MCC                               ",5.0,swe
110O,"Major cardiovascular procedures, short therapy","Major cardiovascular procedures, short therapy",5.0,fin
110X,Major cardiovascular procedures w cc,Major cardiovascular procedures w cc,5.0,est/lat/ice/fin/nor
111O,"Major cardiovascular procedures, short therapy","Major cardiovascular procedures, short therapy",5.0,est/swe/lat/ice/nor
111X,"Major cardiovascular procedures, w/o CC","Major cardiovascular procedures, w/o CC",5.0,est/swe/lat/ice/fin/nor
112A,Other percutaneous cardiovascular procedures and hyperthermic perfusion ,Other percutaneous cardiovascular procedures and hyperthermic perfusion ,5.0,est/swe/lat/ice/fin/nor
112B,Percutaneuous ablations for cardiac arrhytmia,Percutaneuous ablations for cardiac arrhytmia,5.0,est/lat/ice/fin/nor
112C,"PCI w/o myocardial infarction, w/o cc","PCI w/o myocardial infarction, w/o cc",5.0,est/lat/ice/fin/nor
112D,"PCI w/o myocardial infarction, w CC","PCI w/o myocardial infarction, w CC",5.0,est/lat/ice/fin/nor
112E,"PCI w myocardial infarction, w/o cc","PCI w myocardial infarction, w/o cc",5.0,est/lat/ice/fin/nor
112F,"PCI w myocardial infarction, w cc","PCI w myocardial infarction, w cc",5.0,est/lat/ice/fin/nor
112G,"Percutaneous ablations for cardiac arrhythmia, w CC","Percutaneous ablations for cardiac arrhythmia, w CC",5.0,swe
112H,"Percutaneous ablations for cardiac arrhythmia, w/o CC","Percutaneous ablations for cardiac arrhythmia, w/o CC",5.0,swe
112J,PCI with myocardial infarction,PCI with myocardial infarction,5.0,swe
112K,"PCI without myocardial infarction, w MCC","PCI without myocardial infarction, w MCC",5.0,swe
112L,"PCI without myocardial infarction, w/o CC","PCI without myocardial infarction, w/o CC",5.0,swe
112P,"Percutaneous ablations for cardiac arrhythmia, short therapy","Percutaneous ablations for cardiac arrhythmia, short therapy",5.0,swe/fin/ice/nor/est/lat
112Q,"Other percutaneous cardiovascular procedures, short therapy","Other percutaneous cardiovascular procedures, short therapy",5.0,swe/fin/ice/nor/est/lat
113FA,Amputation  for circulatory system disorders except upper limb and toe,Amput for circ syst disord except upp limb and toe,5.0,fin
113FB,Extensive corrective procedures after amputation for circulatory system disorders of lower limb except toe,Ext corr proc after amput for circ dis of lower limb,5.0,fin
113G,"Amputation  for circulatory system disorders except upper limb and toe, w MCC","Amputation  for circulatory system disorders except upper limb and toe, w MCC",5.0,swe
113H,"Amputation  for circulatory system disorders except upper limb and toe, w/o CC","Amputation  for circulatory system disorders except upper limb and toe, w/o CC",5.0,swe
113O,"Amputation  for circulatory system disorders except upper limb and toe, short therapy","Amputation  for circulatory system disorders except upper limb and toe, short therapy",5.0,est/swe/lat/ice/fin/nor
113X,Amputation  for circulatory system disorders except upper limb and toe,Amput for circ syst disord except upp limb and toe,5.0,est/lat/ice/nor
114C,"Upper limb & toe amputation for circulatory system disorders, w CC","Upper limb & toe amputation for circulatory system disorders, w CC",5.0,swe
114N,"Upper limb & toe amputation for circulatory system disorder, w/o CC","Upper limb & toe amputation for circulatory system disorder, w/o CC",5.0,swe
114O,"Upper limb & toe amputation for circulatory system disorder, short therapy","Upper limb & toe amputation for circulatory system disorder, short therapy",5.0,est/swe/lat/ice/fin/nor
114X,Upper limb & toe amputation for circulatory system disorder,Upper limb & toe amputation for circulatory system disorder,5.0,est/lat/ice/fin/nor
115A,Removal of permanent cardiac pacemaker or defibrillator,Removal of permanent cardiac pacemaker or defibrillator,5.0,est/lat/ice/fin/nor
115AM,"Removal of permanent cardiac pacemaker or defibrillator, w MCC","Removal of permanent cardiac pacemaker or defibrillator, w MCC",5.0,swe
115AN,"Removal of permanent cardiac pacemaker or defibrillator, w/o CC","Removal of permanent cardiac pacemaker or defibrillator, w/o CC",5.0,swe
115B,Revison of cardiac pacemaker or implantation or replacement of cardiac defibrillator,Revison of cardiac pacemaker or implantation or replacement,5.0,est/lat/ice/fin/nor
115C,Implantation or replacement of cardiac defibrillator,Implantation or replacement of cardiac defibrillator,5.0,est/lat/ice/fin/nor
115O,"Removal of permanent cardiac pacemaker or defibrillator, short therapy","Removal of permanent cardiac pacemaker or defibrillator, short therapy",5.0,est/swe/lat/ice/fin/nor
116C,"Insertion or replacement of permanent cardiac pacemaker or loop recorder, w CC","Insertion or replacement of permanent cardiac pacemaker or loop recorder, w CC",5.0,swe
116M,"Insertion or replacement of permanent cardiac pacemaker or loop recorder, w MCC","Insertion or replacement of permanent cardiac pacemaker or loop recorder, w MCC",5.0,swe
116N,"Insertion or replacement of permanent cardiac pacemaker or loop recorder, w/o CC","Insertion or replacement of permanent cardiac pacemaker or loop recorder, w/o CC",5.0,swe
116O,"Insertion or replacement of permanent cardiac pacemaker or loop recorder, short therapy","Insertion or replacement of permanent cardiac pacemaker or loop recorder, short therapy",5.0,est/swe/lat/ice/fin/nor
117G,"Implantation or replacement of cardiac defibrillator, w MCC","Implantation or replacement of cardiac defibrillator, w MCC",5.0,swe
117H,"Implantation or replacement of cardiac defibrillator, w/o CC","Implantation or replacement of cardiac defibrillator, w/o CC",5.0,swe
117O,"Insertion or replacement of internal defibrillator, short therapy                                  ","Insertion or replacement of internal defibrillator, short therapy                                  ",5.0,est/swe/lat/ice/fin/nor
119O,"Vein ligation & stripping, short therapy","Vein ligation & stripping, short therapy",5.0,est/swe/lat/ice/fin/nor
119P,"Vein ligation & stripping, bilateral, short therapy","Vein ligation & stripping, bilateral, sh. th.",5.0,fin
119X,Vein ligation & stripping,Vein ligation & stripping,5.0,est/swe/lat/ice/fin/nor
120C,"Other circulatory system OR procedures,  w CC","Other circulatory system OR procedures,  w CC",5.0,swe
120N,"Other circulatory system OR procedures, w/o CC","Other circulatory system OR procedures, w/o CC",5.0,swe
120O,"Other circulatory system OR procedures, short therapy","Other circulatory system OR procedures, short therapy",5.0,est/swe/lat/ice/fin/nor
120X,Other circulatory system o. r. procedures,Other circulatory system o. r. procedures,5.0,est/lat/ice/fin/nor
121G,"Other circulatory disorders with myocardial infarction and cardiovascular complication alive at 4th day of care, w MCC","Other circulatory disorders with myocardial infarction and cardiovascular complication alive at 4th day of care, w MCC",5.0,swe
121H,"Other circulatory disorders with myocardial infarction and cardiovascular complication, alive at 4th day of care, w/o CC    ","Other circulatory disorders with myocardial infarction and cardiovascular complication, alive at 4th day of care, w/o CC    ",5.0,swe
121X,Other circulatory disorders with ami and cardiovascular complication alive at 4th day of care,Other circulatory disorders with ami,5.0,est/lat/ice/fin/nor
122C,"Other circulatory diseases with acute myocardial infarction without cardiovascular complications, alive at 4th day of care,  w CC","Other circulatory diseases with acute myocardial infarction without cardiovascular complications, alive at 4th day of care,  w CC",5.0,swe
122M,"Other circulatory disorders with myocardial infarction, without cardiovascular complication, alive at 4th day of care, w MCC","Other circulatory disorders with myocardial infarction, without cardiovascular complication, alive at 4th day of care, w MCC",5.0,swe
122N,"Other circulatory diseases with acute myocardial infarction without cardiovascular complications, alive at 4th day of care, w/o CC","Other circulatory diseases with acute myocardial infarction without cardiovascular complications, alive at 4th day of care, w/o CC",5.0,swe
122O,Doctor visits for circulatory diseases with myocardial infarction,Doctor visits for circulatory diseases with myocardial infarction,5.0,swe
122X,"Other circulatory disorders with ami without cardiovascular complications, alive at 4th day of care","Oth circ dis w ami w/o c.v. compl, alive at 4th day of care",5.0,est/lat/ice/fin/nor
123X,"Other circulatory disorders with myocardial infarction, death within first 3 days of care","Other circulatory disorders with myocardial infarction, death within first 3 days of care",5.0,est/swe/lat/ice/fin/nor
124M,"Diagnostic percutaneous cardiac procedures with circulatory complex diagnosis,  w MCC ","Diagnostic percutaneous cardiac procedures with circulatory complex diagnosis,  w MCC ",5.0,swe
124N,"Diagnostic percutaneous cardiac procedures with circulatory complex diagnosis,  w/o CC ","Diagnostic percutaneous cardiac procedures with circulatory complex diagnosis,  w/o CC ",5.0,swe
124X,Diagnostic percutan cardiac procedure w circulatory complex dx,Diagnostic percutan cardiac procedure w complex dx,5.0,est/lat/ice/fin/nor
125G,"Circulatory diseases except acute myocardial infarction, with emergency cardiac catheterization, w MCC","Circulatory diseases except acute myocardial infarction, with emergency cardiac catheterization, w MCC",5.0,swe
125H,"Diagnostic percutaneous cardiac procedures without circulatory complex diagnosis, w/o CC","Diagnostic percutaneous cardiac procedures without circulatory complex diagnosis, w/o CC",5.0,swe
125O,"Diagnostic percutaneous cardiac procedures, short therapy","Diagnostic percutaneous cardiac procedures, short therapy",5.0,est/swe/lat/ice/fin/nor
125X,Diagnostic percutan cardiac procedure w/o circulatory complex dx,Diagnostic percutan cardiac procedure w/o complex dx,5.0,est/lat/ice/fin/nor
126C,"Acute & subacute endocarditis, w CC","Acute & subacute endocarditis, w CC",5.0,swe
126M,"Acute & subacute endocarditis, w MCC","Acute & subacute endocarditis, w MCC",5.0,swe
126N,"Acute & subacute endocarditis, w/o CC","Acute & subacute endocarditis, w/o CC",5.0,swe
126O,Doctor visits for acute & subacute endocarditis,Doctor visits for acute & subacute endocarditis,5.0,swe
126X,Acute & subacute endocarditis,Acute & subacute endocarditis,5.0,est/lat/ice/fin/nor
127G,"Heart failure & shock, w MCC","Heart failure & shock, w MCC",5.0,swe
127H,"Heart failure & shock, w/o CC","Heart failure & shock, w/o CC",5.0,swe
127O,"Doctor visits for heart failure & shock, short therapy","Doctor visits for heart failure & shock, short therapy",5.0,swe/nor
127X,Heart failure & shock,Heart failure & shock,5.0,est/lat/ice/fin/nor
128C,"Deep vein thrombophlebitis, w CC","Deep vein thrombophlebitis, w CC",5.0,swe
128N,"Deep vein thrombophlebitis, w/o CC","Deep vein thrombophlebitis, w/o CC",5.0,swe
128O,Doctor visits for deep vein thrombophlebitis,Doctor visits for deep vein thrombophlebitis,5.0,swe
128X,Deep vein thrombophlebitis,Deep vein thrombophlebitis,5.0,est/lat/ice/fin/nor
129M,"Cardiac arrest, unexplained, w MCC","Cardiac arrest, unexplained, w MCC",5.0,swe
129N,"Cardiac arrest, unexplained, w/o CC","Cardiac arrest, unexplained, w/o CC",5.0,swe
129O,"Doctor visits for cardiac arrest, unexplained","Doctor visits for cardiac arrest, unexplained",5.0,swe
129X,"Cardiac arrest, unexplained","Cardiac arrest, unexplained",5.0,est/lat/ice/fin/nor
130C,"Peripheral vascular disorders, w CC","Peripheral vascular disorders, w CC",5.0,swe
130M,"Peripheral vascular disorders, w MCC","Peripheral vascular disorders, w MCC",5.0,swe
130X,Peripheral vascular disorders w cc,Peripheral vascular disorders w cc,5.0,est/lat/ice/fin/nor
131O,"Peripheral vascular disorders, short therapy","Peripheral vascular disorders, short therapy",5.0,swe/nor
131X,"Peripheral vascular disorders, w/o CC","Peripheral vascular disorders, w/o CC",5.0,est/swe/lat/ice/fin/nor
132G,"Atherosclerotic heart disease, w MCC","Atherosclerotic heart disease, w MCC",5.0,swe
132H,"Atherosclerotic heart disease, w/o CC","Atherosclerotic heart disease, w/o CC",5.0,swe
132X,Atherosclerosis w cc,Atherosclerosis w cc,5.0,est/lat/ice/fin/nor
133O,"Doctor visits for heart diseseas due to atherosclerosis, short therapy ","Doctor visits for heart diseseas due to atherosclerosis, short therapy ",5.0,swe/nor
133X,Atherosclerosis w/o cc,Atherosclerosis w/o cc,5.0,est/lat/ice/fin/nor
134C,"Hypertension, w CC","Hypertension, w CC",5.0,swe
134M,"Hypertension, w MCC","Hypertension, w MCC",5.0,swe
134N,"Hypertension, w/o CC","Hypertension, w/o CC",5.0,swe
134O,"Doctor visits for hypertension, short therapy","Doctor visits for hypertension, short therapy",5.0,swe/nor
134X,Hypertension,Hypertension,5.0,est/lat/ice/fin/nor
135C,"Cardiac congenital & valvular disorders age, > 17,  w CC","Cardiac congenital & valvular disorders age, > 17,  w CC",5.0,swe
135M,"Cardiac congenital & valvular disorders age, > 17, w MCC","Cardiac congenital & valvular disorders age, > 17, w MCC",5.0,swe
135X,Cardiac congenital & valvular disorders age > 17 w cc,Cardiac congenital & valvular disorders age > 17 w cc,5.0,est/lat/ice/fin/nor
136O,"Doctor visits for cardiac congenital & valvular diseases, age > 17 ","Doctor visits for cardiac congenital & valvular diseases, age > 17 ",5.0,swe
136X,"Cardiac congenital & valvular disorders age, > 17, w/o CC","Cardiac congenital & valvular disorders age, > 17, w/o CC",5.0,est/swe/lat/ice/fin/nor
137C,"Cardiac congenital & valvular disorders, age 0-17, w CC","Cardiac congenital & valvular disorders, age 0-17, w CC",5.0,swe
137N,"Cardiac congenital & valvular disorders, age 0-17, w/o CC","Cardiac congenital & valvular disorders, age 0-17, w/o CC",5.0,swe
137P,"Doctor visits for cardiac congenital & valvular diseases, age 0-17, w CC","Doctor visits for cardiac congenital & valvular diseases, age 0-17, w CC",5.0,swe
137Q,"Doctor visits for cardiac congenital & valvular diseases, age 0-17, w/o CC","Doctor visits for cardiac congenital & valvular diseases, age 0-17, w/o CC",5.0,swe
137X,Cardiac congenital & valvular disorders age 0-17,Cardiac congenital & valvular disorders age 0-17,5.0,est/lat/ice/fin/nor
138X,"Cardiac arrhythmia & conduction disorders, w CC","Cardiac arrhythmia & conduction disorders, w CC",5.0,est/swe/lat/ice/fin/nor
139O,"Cardiac arrhythmia & conduction disorders, short therapy","Cardiac arrhythmia & conduction disorders, short therapy",5.0,swe/nor
139X,"Cardiac arrhythmia & conduction disorders, w/o CC","Cardiac arrhythmia & conduction disorders, w/o CC",5.0,est/swe/lat/ice/fin/nor
140C,"Angina pectoris, w cc","Angina pectoris, w cc",5.0,est/lat/fin
140N,"Angina pectoris, w/o cc","Angina pectoris, w/o cc",5.0,est/lat/fin
140O,Doctor visits for angina pectoris,Doctor visits for angina pectoris,5.0,swe
140X,Angina pectoris,Angina pectoris,5.0,ice/nor/swe
141G,"Syncope & collapse, w CC","Syncope & collapse, w CC",5.0,swe
141H,"Syncope & collapse, w/o CC","Syncope & collapse, w/o CC",5.0,swe
141X,Syncope & collapse w cc,Syncope & collapse w cc,5.0,est/lat/ice/fin/nor
142O,Doctor visits for syncope & collapse,Doctor visits for syncope & collapse,5.0,swe
142X,Syncope & collapse w/o cc,Syncope & collapse w/o cc,5.0,est/lat/ice/fin/nor
143G,"Chest pain, not angina pectoris, w MCC","Chest pain, not angina pectoris, w MCC",5.0,swe
143H,"Chest pain, not angina pectoris, w/o CC","Chest pain, not angina pectoris, w/o CC",5.0,swe
143O,"Doctor visits for chest pain, no angina pectoris","Doctor visits for chest pain, no angina pectoris",5.0,swe
143X,Chest pain,Chest pain,5.0,est/lat/ice/fin/nor
144C,"Other circulatory system diseases, w CC                ","Other circulatory system diseases, w CC                ",5.0,swe
144M,"Other circulatory system diseases, w MCC","Other circulatory system diseases, w MCC",5.0,swe
144X,Other circulatory system diagnoses w cc,Other circulatory system diagnoses w cc,5.0,est/lat/ice/fin/nor
145X,"Other circulatory system diseases, w/o CC","Other circulatory system diseases, w/o CC",5.0,est/swe/lat/ice/fin/nor
146C,"Rectal resection, w CC","Rectal resection, w CC",6.0,swe
146M,"Rectal resection, w MCC                                     ","Rectal resection, w MCC                                     ",6.0,swe
146X,Rectal resection w cc,Rectal resection w cc,6.0,est/lat/ice/fin/nor
147O,"Rectal resection, short therapy","Rectal resection, short therapy",6.0,est/swe/lat/ice/fin/nor
147X,"Rectal resection, w/o CC","Rectal resection, w/o CC",6.0,est/swe/lat/ice/fin/nor
148C,"Major small & large bowel procedures, w CC","Major small & large bowel procedures, w CC",6.0,swe
148M,"Major small & large bowel procedures, w MCC","Major small & large bowel procedures, w MCC",6.0,swe
148X,Major small & large bowel procedures w cc,Major small & large bowel procedures w cc,6.0,est/lat/ice/fin/nor
149O,"Major small & large bowel procedures, short therapy","Major small & large bowel procedures, short therapy",6.0,est/swe/lat/ice/fin/nor
149X,"Major small & large bowel procedures, w/o CC","Major small & large bowel procedures, w/o CC",6.0,est/swe/lat/ice/fin/nor
150C,"Peritoneal adhesiolysis, w CC","Peritoneal adhesiolysis, w CC",6.0,swe
150M,"Peritoneal adhesiolysis, w MCC","Peritoneal adhesiolysis, w MCC",6.0,swe
150X,Peritoneal adhesiolysis w cc,Peritoneal adhesiolysis w cc,6.0,est/lat/ice/fin/nor
151O,"Peritoneal adhesiolysis, short therapy","Peritoneal adhesiolysis, short therapy",6.0,est/swe/lat/ice/fin/nor
151X,"Peritoneal adhesiolysis, w/o CC","Peritoneal adhesiolysis, w/o CC",6.0,est/swe/lat/ice/fin/nor
152C,"Small & large bowel procedures, w CC","Small & large bowel procedures, w CC",6.0,swe
152M,"Small & large bowel procedures, w MCC","Small & large bowel procedures, w MCC",6.0,swe
152X,Small & large bowel procedures w cc,Small & large bowel procedures w cc,6.0,est/lat/ice/fin/nor
153O,"Small & large bowel procedures, short therapy","Small & large bowel procedures, short therapy",6.0,est/swe/lat/ice/fin/nor
153X,"Small & large bowel procedures, w/o CC","Small & large bowel procedures, w/o CC",6.0,est/swe/lat/ice/fin/nor
154A,"Major stomach, esophageal and duodenal procedures, age >17, w cc","Major stom, esoph & duod proc, age >17, w cc",6.0,est/lat/ice/fin/nor
154B,"Other stomach, esophageal and duodenal procedures, age > 17, w cc","Other stom, esoph & duod proc, age >17, w cc",6.0,est/lat/ice/fin/nor
154M,"Major stomach, esophageal and duodenal procedures, age >17, w MCC           ","Major stomach, esophageal and duodenal procedures, age >17, w MCC           ",6.0,swe
154N,"Major stomach, esophageal and duodenal procedures, w/o CC","Major stomach, esophageal and duodenal procedures, w/o CC",6.0,swe
155A,"Major stomach, esophageal and duodenal procedures, age >17, w/o cc","Major stom, esoph & duod proc, age >17, w/o cc",6.0,est/lat/ice/fin/nor
155B,"Other stomach, esophageal and duodenal procedures, age >17, w/o cc","Other stom, esoph & duod proc, age >17, w cc",6.0,est/lat/ice/fin/nor
155C,"Other stomach, esophageal and duodenal procedures, w CC","Other stomach, esophageal and duodenal procedures, w CC",6.0,swe
155N,"Other stomach, esophageal and duodenal procedures, w/o CC","Other stomach, esophageal and duodenal procedures, w/o CC",6.0,swe
156O,"Stomach, esophageal & duodenal procedures, short therapy","Stomach, esophageal & duodenal procedures, short therapy",6.0,est/swe/lat/ice/fin/nor
156X,"Stomach, esophageal & duodenal procedures, age 0-17","Stomach, esophageal & duodenal procedures, age 0-17",6.0,est/lat/ice/fin/nor
157C,"Minor intestinal procedure, w CC                                  ","Minor intestinal procedure, w CC                                  ",6.0,swe
157M,"Minor intestinal procedures, w MCC","Minor intestinal procedures, w MCC",6.0,swe
157X,Minor intestinal procedure w cc,Minor intestinal procedure w cc,6.0,est/lat/ice/fin/nor
158O,"Minor intestinal procedures, short therapy","Minor intestinal procedures, short therapy",6.0,est/swe/lat/ice/fin/nor
158X,"Minor intestinal procedures, w/o CC","Minor intestinal procedures, w/o CC",6.0,est/swe/lat/ice/fin/nor
159X,"Hernia procedures except inguinal & femoral, age > 17, w CC","Hernia procedures except inguinal & femoral, age > 17, w CC",6.0,est/swe/lat/ice/fin/nor
160O,"Hernia procedures except inguinal & femoral, short therapy","Hernia procedures except inguinal & femoral, short therapy",6.0,est/swe/lat/ice/fin/nor
160X,"Hernia procedures except inguinal & femoral, age > 17, w/o CC","Hernia procedures except inguinal & femoral, age > 17, w/o CC",6.0,est/swe/lat/ice/fin/nor
161X,"Inguinal & femoral hernia procedures, age > 17, w CC","Inguinal & femoral hernia procedures, age > 17, w CC",6.0,est/swe/lat/ice/fin/nor
162O,"Inguinal & femoral hernia procedures, short therapy","Inguinal & femoral hernia procedures, short therapy",6.0,est/swe/lat/ice/fin/nor
162P,"Inguinal and femoral hernia procedures, bilateral or combined with other hernia procedure, short therapy","Inguinal and femoral hernia procedures, bilateral or combined with other hernia procedure, short therapy",6.0,est/swe/lat/ice/fin/nor
162X,"Inguinal & femoral hernia procedures, age > 17, w/o CC","Inguinal & femoral hernia procedures, age > 17, w/o CC",6.0,est/swe/lat/ice/fin/nor
163C,"Hernia procedures, age 0-17, w CC","Hernia procedures, age 0-17, w CC",6.0,swe
163N,"Hernia procedures, age 0-17, w/o CC","Hernia procedures, age 0-17, w/o CC",6.0,swe
163X,"Hernia procedures, age 0-17","Hernia procedures, age 0-17",6.0,est/lat/ice/fin/nor
166C,"Appendectomy, w CC","Appendectomy, w CC",6.0,swe
166N,Appendectomy w complicated principal diagnosis,Appendectomy w complicated principal diag,6.0,est/lat/ice/fin/nor
167N,"Appendectomy, w/o CC","Appendectomy, w/o CC",6.0,swe
167O,"Appendectomy, short therapy","Appendectomy, short therapy",6.0,est/swe/lat/ice/fin/nor
167X,Appendectomy w/o complicated principal diag w/o cc,Appendectomy w/o complicated principal diag w/o cc,6.0,est/lat/ice/fin/nor
168X,Mouth procedures w cc,Mouth procedures w cc,3.0,est/lat/ice/fin/nor
169N,Mouth procedures,Mouth procedures,3.0,swe
169O,"Mouth procedures, short therapy","Mouth procedures, short therapy",3.0,est/swe/lat/ice/fin/nor
169X,Mouth procedures w/o cc,Mouth procedures w/o cc,3.0,est/lat/ice/fin/nor
170C,"Other digestive system OR procedures, w CC","Other digestive system OR procedures, w CC",6.0,swe
170M,"Other digestive system OR procedures, w MCC","Other digestive system OR procedures, w MCC",6.0,swe
170X,Other digestive system o. r. procedures w cc,Other digestive system o. r. procedures w cc,6.0,est/lat/ice/fin/nor
171O,"Other digestive system OR procedures, short therapy","Other digestive system OR procedures, short therapy",6.0,est/swe/lat/ice/fin/nor
171X,"Other digestive system OR procedures, w/o CC","Other digestive system OR procedures, w/o CC",6.0,est/swe/lat/ice/fin/nor
172C,"Digestive malignancy, w CC","Digestive malignancy, w CC",6.0,swe
172M,"Digestive malignancy, w MCC","Digestive malignancy, w MCC",6.0,swe
172X,Digestive malignancy w cc,Digestive malignancy w cc,6.0,est/lat/ice/fin/nor
173FA,"Digestive malignancy w/o cc, radiotherapy","Digestive malignancy w/o cc, radiotherapy",6.0,fin
173FB,"Digestive malignancy w/o cc, cytostatic therapy","Digestive malignancy w/o cc, cytostatic therapy",6.0,fin
173FE,Digestive malignancy w/o cc,Digestive malignancy w/o cc,6.0,fin
173O,"Digestive malignancy, short therapy","Digestive malignancy, short therapy",6.0,nor
173P,"Doctor visits for digestive malignancies, w CC","Doctor visits for digestive malignancies, w CC",6.0,swe
173Q,"Doctor visits for digestive malignancies, w/o CC","Doctor visits for digestive malignancies, w/o CC",6.0,swe
173X,"Digestive malignancy, w/o CC","Digestive malignancy, w/o CC",6.0,est/swe/lat/ice/nor
174C,"Peptic ulcer or GI-haemorrhage, w CC","Peptic ulcer or GI-haemorrhage, w CC",6.0,swe
174M,"Peptic ulcer or GI-haemorrhage, w MCC","Peptic ulcer or GI-haemorrhage, w MCC",6.0,swe
174N,Complex peptic ulcer or GI-haemorrhage,Complex peptic ulcer or GI-haemorrhage,6.0,est/lat/ice/fin/nor
175N,"Peptic ulcer or GI-haemorrhage, w/o CC","Peptic ulcer or GI-haemorrhage, w/o CC",6.0,est/swe/lat/ice/fin/nor
175O,Doctor visits for peptic ulcer and GI hemorrhage,Doctor visits for peptic ulcer and GI hemorrhage,6.0,swe
179C,"Inflammatory bowel disease, w CC","Inflammatory bowel disease, w CC",6.0,swe
179M,"Inflammatory bowel disease, w MCC","Inflammatory bowel disease, w MCC",6.0,swe
179N,"Inflammatory bowel disease, w/o CC","Inflammatory bowel disease, w/o CC",6.0,swe
179O,"Doctor visits for inflammatory bowel disease, short therapy","Doctor visits for inflammatory bowel disease, short therapy",6.0,swe/nor
179X,Inflammatory bowel disease,Inflammatory bowel disease,6.0,est/lat/ice/fin/nor
180X,"GI-obstruction, w CC","GI-obstruction, w CC",6.0,est/swe/lat/ice/fin/nor
181O,Doctor visits for GI obstruction,Doctor visits for GI obstruction,6.0,swe
181X,GI-obstruction w/o CC,GI-obstruction w/o CC,6.0,est/swe/lat/ice/fin/nor
182E,"Doctor visits for miscellaneous digestive disorders, age  >17","Doctor visits for miscellaneous digestive disorders, age  >17",6.0,swe
182F,"Doctor visits for miscellaneous digestive disorders, age  0-17, short therapy","Doctor visits for miscellaneous digestive disorders, age  0-17, short therapy",6.0,swe
182G,"Miscellaneous digestive disorders, age  >17, w CC","Miscellaneous digestive disorders, age  >17, w CC",6.0,fin/swe
182H,"Miscellaneous digestive disorders, age  >17, w/o CC","Miscellaneous digestive disorders, age  >17, w/o CC",6.0,fin/swe
182J,"Miscellaneous digestive disorders, age  >17, w MCC                                            ","Miscellaneous digestive disorders, age  >17, w MCC                                            ",6.0,fin/swe
182K,"Miscellaneous digestive disorders, age  0-17, w/o CC","Miscellaneous digestive disorders, age  0-17, w/o CC",6.0,fin/swe
182L,"Miscellaneous digestive disorders, age  0-17, w CC","Miscellaneous digestive disorders, age  0-17, w CC",6.0,fin/swe
182X,"Esophagitis, gastroent & misc digest disorders, age > 17 w cc","Esophagitis, gastroent & misc digest disorders, age > 17 w c",6.0,est/lat/ice/nor
183X,"Esophagitis, gastroent & misc digest disorders, age > 17 w/o cc","Esophagitis, gastroent & misc digest disorders, age > 17 w/o",6.0,est/lat/ice/nor
184A,"Esophagitis, gastroent & misc digest disorders, age 0-17, w cc","Esophagitis, gastroent & misc digest disorders, age 0-17, w",6.0,est/lat/ice/nor
184B,"Esophagitis, gastroent & misc digest disorders, age 0-17, w/o cc","Esophagitis, gastroent & misc digest disorders, age 0-17, w/o",6.0,est/lat/ice/nor
184E,"Doctor visits for gastroenteritis, age  >17, short therapy","Doctor visits for gastroenteritis, age  >17, short therapy",6.0,swe
184F,"Doctor visits for gastroenteritis, age 0-17, short therapy","Doctor visits for gastroenteritis, age 0-17, short therapy",6.0,swe
184G,"Gastroenteritis, age > 17, w CC","Gastroenteritis, age > 17, w CC",6.0,fin/swe
184H,"Gastroenteritis, age  >17, w/o CC","Gastroenteritis, age  >17, w/o CC",6.0,fin/swe
184J,"Gastroenteritis, age >17, w MCC","Gastroenteritis, age >17, w MCC",6.0,fin/swe
184K,"Gastroenteritis, age 0-17, w/o CC","Gastroenteritis, age 0-17, w/o CC",6.0,fin/swe
184L,"Gastroenteritis, age 0-17, w CC","Gastroenteritis, age 0-17, w CC",6.0,fin/swe
185O,"Dental & oral dis except extractions & restorations, short therapy","Dental & oral dis except extractions & restorations, short t",6.0,nor
185X,"Dental & oral dis except extractions & restorations, age > 17","Dental & oral dis except extractions & restorations, age > 1",3.0,est/lat/ice/nor
186C,"Dental & oral dis except extractions & restorations, w CC","Dental & oral dis except extractions & restorations, w CC",3.0,swe
186M,"Dental & oral dis except extractions & restorations, w MCC","Dental & oral dis except extractions & restorations, w MCC",3.0,swe
186N,"Dental & oral dis except extractions & restorations, w/o CC","Dental & oral dis except extractions & restorations, w/o CC",3.0,swe
186X,"Dental & oral dis except extractions & restorations, age 0-17","Dental & oral dis except extractions & restorations, age 0-1",3.0,est/lat/ice/nor
187O,"Dental extractions & restorations, short therapy","Dental extractions & restorations, short therapy",3.0,est/swe/lat/ice/nor
187X,Dental extractions & restorations,Dental extractions & restorations,3.0,est/swe/lat/ice/nor
188X,"Other digestive system diagnoses, age > 17 w cc","Other digestive system diagnoses, age > 17 w cc",6.0,est/lat/ice/fin/nor
189X,"Other digestive system diagnoses, age > 17 w/o cc","Other digestive system diagnoses, age > 17 w/o cc",6.0,est/lat/ice/fin/nor
190C,"Other digestive system diagnoses, w CC","Other digestive system diagnoses, w CC",6.0,swe
190M,"Other digestive system diagnoses, w MCC","Other digestive system diagnoses, w MCC",3.0,swe
190N,"Other digestive system diagnoses, w/o CC","Other digestive system diagnoses, w/o CC",6.0,swe
190P,"Gastrointestinal pain, short therapy","Gastrointestinal pain, short therapy",6.0,nor
190X,"Other digestive system diagnoses, age 0-17","Other digestive system diagnoses, age 0-17",6.0,est/lat/ice/fin/nor
191A,Pancreas transplantation with our without kidney transplantation,Pancreas transplantation with our without kidney transplantation,7.0,est/swe/lat/ice/fin/nor
191B,"Pancreas, liver & shunt procedures, w CC","Pancreas, liver & shunt procedures, w CC",7.0,est/swe/lat/ice/fin/nor
192M,"Pancreas, liver & shunt procedures, w MCC","Pancreas, liver & shunt procedures, w MCC",7.0,swe
192O,"Pancreas, liver & shunt procedures, short therapy","Pancreas, liver & shunt procedures, short therapy",7.0,est/swe/lat/ice/fin/nor
192X,"Pancreas, liver & shunt procedures, w/o CC","Pancreas, liver & shunt procedures, w/o CC",7.0,est/swe/lat/ice/fin/nor
193C,"Biliary tract procedures, cholecystectomy, w CC","Biliary tract procedures, cholecystectomy, w CC",7.0,swe
193M,"Biliary tract procedures, cholecystectomy, w MCC","Biliary tract procedures, cholecystectomy, w MCC",7.0,swe
193X,Biliary tract proc except only cholecys w or w/o c. d. e. w cc,Biliary tract proc except only cholecys w or w/o c. d. e. w,7.0,est/lat/ice/fin/nor
194X,"Biliary tract procedures, cholecystectomy, w/o CC","Biliary tract procedures, cholecystectomy, w/o CC",7.0,est/swe/lat/ice/fin/nor
195C,"Cholecystectomy with exploration of choledochus, w CC","Cholecystectomy with exploration of choledochus, w CC",7.0,swe
195X,Cholecystectomy w c. d. e. w cc,Cholecystectomy w c. d. e. w cc,7.0,est/lat/ice/fin/nor
196X,"Cholecystectomy with exploration of choledochus, w/o CC","Cholecystectomy with exploration of choledochus, w/o CC",7.0,est/swe/lat/ice/fin/nor
197C,"Open cholecystectomy without exploration of choledochus,  w CC","Open cholecystectomy without exploration of choledochus,  w CC",7.0,swe
197M,"Open cholecystectomy without exploration of choledochus,  w MCC","Open cholecystectomy without exploration of choledochus,  w MCC",7.0,swe
197X,Cholecystectomy except by laparoscope w/o cde w cc,Cholecystectomy except by laparoscope w/o cde w cc,7.0,est/lat/ice/fin/nor
198X,"Open cholecystectomy without exploration of choledochus,  w/o CC","Open cholecystectomy without exploration of choledochus,  w/o CC",7.0,est/swe/lat/ice/fin/nor
199M,"Hepatobiliary diagnostic procedures for malignancy, w MCC","Hepatobiliary diagnostic procedures for malignancy, w MCC",7.0,swe
199N,"Hepatobiliary diagnostic procedure for malignancy, w/o CC","Hepatobiliary diagnostic procedure for malignancy, w/o CC",7.0,swe
199X,Hepatobiliary diagnostic procedure for malignancy,Hepatobiliary diagnostic procedure for malignancy,7.0,est/lat/ice/fin/nor
200C,"Hepatobiliary diagnostic procedures for non-malignancy, w CC","Hepatobiliary diagnostic procedures for non-malignancy, w CC",7.0,swe
200M,"Hepatobiliary diagnostic procedures for non-malignancy, w MCC","Hepatobiliary diagnostic procedures for non-malignancy, w MCC",7.0,swe
200N,"Hepatobiliary diagnostic procedures for non-malignancy, w/o CC","Hepatobiliary diagnostic procedures for non-malignancy, w/o CC",7.0,swe
200O,"Hepatobiliary diagnostic procedures, short therapy","Hepatobiliary diagnostic procedures, short therapy",7.0,est/swe/lat/ice/fin/nor
200X,Hepatobiliary diagnostic procedure for non-malignancy,Hepatobiliary diagnostic procedure for non-malignancy,7.0,est/lat/ice/fin/nor
201C,"Other hepatobiliary or pancreas OR procedures, w CC","Other hepatobiliary or pancreas OR procedures, w CC",7.0,swe
201N,"Other hepatobiliary or pancreas OR procedures, w/o CC","Other hepatobiliary or pancreas OR procedures, w/o CC",7.0,swe
201O,"Other hepatobiliary or pancreas OR procedures, short therapy","Other hepatobiliary or pancreas OR procedures, short therapy",7.0,est/swe/lat/ice/fin/nor
201X,Other hepatobiliary or pancreas o. r. procedures,Other hepatobiliary or pancreas o. r. procedures,7.0,est/lat/ice/fin/nor
202C,"Cirrhosis & alcoholic hepatitis, w CC","Cirrhosis & alcoholic hepatitis, w CC",7.0,swe
202M,"Cirrhosis & alcoholic hepatitis, w MCC","Cirrhosis & alcoholic hepatitis, w MCC",7.0,swe
202N,"Cirrhosis & alcoholic hepatitis, w/o CC","Cirrhosis & alcoholic hepatitis, w/o CC",7.0,swe
202O,Doctor visits for cirrhosis & alcoholic hepatitis,Doctor visits for cirrhosis & alcoholic hepatitis,7.0,swe
202X,Cirrhosis & alcoholic hepatitis,Cirrhosis & alcoholic hepatitis,7.0,est/lat/ice/fin/nor
203A,"Malignancy of hepatobiliary system or pancreas, radiotherapy","Malignancy of hepatobiliary system or pancreas, radiotherapy",7.0,fin
203B,"Malignancy of hepatobiliary system or pancreas, cytostatic therapy","Malignancy of hepatobiliary system or pancreas, cytostatic t",7.0,fin
203C,"Malignancy of hepatobiliary system or pancreas, selective internal radiation therapy (SIRT), w CC","Malignancy of hepatobiliary system or pancreas, selective internal radiation therapy (SIRT), w CC",7.0,swe
203E,Malignancy of hepatobiliary system or pancreas,Malignancy of hepatobiliary system or pancreas,7.0,fin
203M,"Malignancy of hepatobiliary system or pancreas, w MCC","Malignancy of hepatobiliary system or pancreas, w MCC",7.0,swe
203N,"Malignancy of hepatobiliary system or pancreas, w/o CC","Malignancy of hepatobiliary system or pancreas, w/o CC",7.0,swe
203O,Doctor visits for malignancy of hepatobiliary system or pancreas,Doctor visits for malignancy of hepatobiliary system or pancreas,7.0,swe
203X,Malignancy of hepatobiliary system or pancreas,Malignancy of hepatobiliary system or pancreas,7.0,est/lat/ice/nor
204C,"Diseases of pancreas except malignancy, w CC","Diseases of pancreas except malignancy, w CC",7.0,swe
204M,"Diseases of pancreas except malignancy, w MCC                         ","Diseases of pancreas except malignancy, w MCC                         ",7.0,swe
204N,"Diseases in the pancreas except malignancy, w/o CC","Diseases in the pancreas except malignancy, w/o CC",7.0,swe
204O,Doctor visits for diseases of pancreas except malignancy,Doctor visits for diseases of pancreas except malignancy,7.0,swe
204X,Disorders of pancreas except malignancy,Disorders of pancreas except malignancy,7.0,est/lat/ice/fin/nor
205C,"Diseases in the liver except malignancy, cirrhosis and alcohol hepatitis, w CC","Diseases in the liver except malignancy, cirrhosis and alcohol hepatitis, w CC",7.0,swe
205M,"Diseases in the liver except malignancy, cirrhosis and alcohol hepatitis, w MCC","Diseases in the liver except malignancy, cirrhosis and alcohol hepatitis, w MCC",7.0,swe
205X,"Disorders of liver except malig, cirr, alc hepa w cc","Disorders of liver except malig, cirr, alc hepa w cc",7.0,est/lat/ice/fin/nor
206O,"Doctor visits for diseases in the liver except malignancy, cirrhosis and alcohol hepatitis, w/o CC","Doctor visits for diseases in the liver except malignancy, cirrhosis and alcohol hepatitis, w/o CC",7.0,swe/nor
206X,"Diseases in the liver except malignancy, cirrhosis and alcohol hepatitis, w/o CC","Diseases in the liver except malignancy, cirrhosis and alcohol hepatitis, w/o CC",7.0,est/swe/lat/ice/fin/nor
207C,"Diseases of biliary tract, w CC","Diseases of biliary tract, w CC",7.0,swe
207M,"Diseases of biliary tract, w MCC","Diseases of biliary tract, w MCC",7.0,swe
207X,Disorders of biliary tract w cc,Disorders of biliary tract w cc,7.0,est/lat/ice/fin/nor
208O,"Disorders of biliary tract, short therapy","Disorders of biliary tract, short therapy",7.0,nor
208X,"Diseases of biliary tract, w/o CC","Diseases of biliary tract, w/o CC",7.0,est/swe/lat/ice/fin/nor
209B,"Reoperation on prosthesis in pelvic, knee or ankle or lower limb reattachment","Reop on prosth in pelv, knee or ankle or lower limb reattach",8.0,nor
209C,Major joint secondary procedure on hip,Major joint secondary procedure on hip,8.0,est/lat/ice/fin/nor
209D,Major joint primary procedure on hip w cc,Major joint primary procedure on hip w cc,8.0,est/lat/fin
209E,Major joint primary procedure on hip w/o cc,Major joint primary procedure on hip w/o cc,8.0,est/lat/fin
209F,Major joint secondary procedure on knee/ankle,Major joint secondary procedure on knee/ankle,8.0,est/lat/ice/fin/nor
209G,Major joint primary procedure on knee/ankle,Major joint primary procedure on knee/ankle,8.0,est/lat/ice/fin
209H,Nor - Innsetting av protese i kne,Nor - Innsetting av protese i kne,8.0,nor
209I,Nor - Innsetting av protese i ankel,Nor - Innsetting av protese i ankel,8.0,nor
209J,Nor - Komplisert utskifting av protese i kne eller ankel,Nor - Komplisert utskifting av protese i kne eller ankel,8.0,nor
209O,"Major joint procedures of lower extremity, not reoperation, short therapy","Major joint procedures of lower extremity, not reoperation,",8.0,est/swe/lat/ice/fin/nor
209S,Major joint primary procedure on hip due to fracture w cc,Major joint primary procedure on hip due to fracture w cc,8.0,nor/ice
209T,Major joint primary procedure on hip due to fracture w/o cc,Major joint primary procedure on hip due to fracture w/o cc,8.0,nor/ice
209U,Major joint primary procedure on hip due to other reason than fracture w cc,Major joint primary procedure on hip due to other reason than fracture w cc,8.0,nor/ice
209V,Major joint primary procedure on hip due to other reason than fracture w/o cc,Major joint primary procedure on hip due to other reason than fracture w/o cc,8.0,nor/ice
210A,"Major pelvic, hip and femur procedures, except joint prostheses, age >17, w CC","Major pelvic, hip and femur procedures, except joint prostheses, age >17, w CC",8.0,est/swe/lat/ice/fin/nor
210N,"Pelvic, hip and femur procedures except major joint, age > 17, w CC","Pelvic, hip and femur procedures except major joint, age > 17, w CC",8.0,est/swe/lat/ice/fin/nor
211A,"Major pelvic, hip and femur procedures, age >17, w/o CC","Major pelvic, hip and femur procedures, age >17, w/o CC",8.0,est/swe/lat/ice/fin/nor
211N,"Pelvic, hip and femur procedures except major joint, age > 17, w/o CC","Pelvic, hip and femur procedures except major joint, age > 17, w/o CC",8.0,est/swe/lat/ice/fin/nor
212C,"Hip & femur procedures except major joint, age 0-17, w CC","Hip & femur procedures except major joint, age 0-17, w CC",8.0,swe
212N,"Hip & femur procedures except major joint, age 0-17, w/o CC","Hip & femur procedures except major joint, age 0-17, w/o CC",8.0,swe
212O,"Hip & femur procedures except major joint, short therapy","Hip & femur procedures except major joint, short therapy",8.0,est/swe/lat/ice/fin/nor
212X,"Hip & femur procedures except major joint, age 0-17","Hip & femur procedures except major joint, age 0-17",8.0,est/lat/ice/fin/nor
213O,"Amputation for musculoskeletal system & connective tissue disorder, short therapy","Amputation for musculoskeletal system & connective tissue disorder, short therapy",8.0,est/swe/lat/ice/fin/nor
213X,Amputation for musculoskeletal system & connective tissue disorders,Amputation for musculoskeletal system & connective tissue disorders,8.0,est/swe/lat/ice/fin/nor
214A,Combined anterior/posterior spinal fusion,Combined anterior/posterior spinal fusion,8.0,est/lat/ice/fin/nor
214B,Spinal fusion with cc,Spinal fusion with cc,8.0,est/lat/ice/fin/nor
214C,"Other spinal fusion, w CC","Other spinal fusion, w CC",8.0,est/swe/lat/ice/fin/nor
214N,"Other spinal fusion, w/o CC","Other spinal fusion, w/o CC",8.0,swe
215B,"Anterior or posterior spinal fusion, w/o cc","Anterior or posterior spinal fusion, w/o cc",8.0,est/lat/ice/fin/nor
215C,"Back & neck procedures except spinal fusion, w CC","Back & neck procedures except spinal fusion, w CC",8.0,est/swe/lat/ice/fin/nor
215N,"Back & neck procedures except spinal fusion, w/o CC","Back & neck procedures except spinal fusion, w/o CC",8.0,swe
215O,"Back & neck procedures, short therapy","Back & neck procedures, short therapy",8.0,est/swe/lat/ice/fin/nor
216C,"Biopsies of musculoskeletal system & connective tissue, w CC","Biopsies of musculoskeletal system & connective tissue, w CC",8.0,swe
216N,"Biopsies of musculoskeletal system & connective tissue, w/o CC","Biopsies of musculoskeletal system & connective tissue, w/o CC",8.0,swe
216O,"Biopsies of musculoskeletal system & connective tissue, short therapy","Biopsies of musculoskeletal system & connective tissue, short therapy",8.0,est/swe/lat/ice/fin
216X,Biopsies of musculosceletal system & connective tissue,Biopsies of musculosceletal system & connective tissue,8.0,est/lat/ice/fin/nor
217C,"Wound debridement & skin graft except hand, for musculoskeletal & connective tissue diseases, w CC","Wound debridement & skin graft except hand, for musculoskeletal & connective tissue diseases, w CC",8.0,swe
217M,"Wound debridement & skin graft except hand, for musculoskeletal & connective tissue diseases, w MCC","Wound debridement & skin graft except hand, for musculoskeletal & connective tissue diseases, w MCC",8.0,swe
217N,"Wound debridement & skin graft except hand, for musculoskeletal & connective tissue diseases, w/o CC","Wound debridement & skin graft except hand, for musculoskeletal & connective tissue diseases, w/o CC",8.0,swe
217O,"Wound debridement & skin graft except hand, for musculoskeletal & connective tissue diseases, short therapy","Wound debridement & skin graft except hand, for musculoskeletal & connective tissue diseases, short therapy",8.0,est/swe/lat/ice/fin/nor
217X,"Wnd debrid & skn grft except hand, for muscscelet & conn tissue disease","Wnd debrid & skn grft except hand, for muscscelet & conn tis",8.0,est/lat/ice/fin/nor
218C,"Lower extremity & humerus procedures except hip, foot, femur, age > 17, w CC","Lower extremity & humerus procedures except hip, foot, femur, age > 17, w CC",8.0,swe
218M,"Lower extremity & humerus procedures except hip, foot, femur, age >17, w MCC","Lower extremity & humerus procedures except hip, foot, femur, age >17, w MCC",8.0,swe
218X,"Lower extrem & humer proc except hip, foot, femur age > 17, with cc","Lower extrem & humer proc except hip, foot, femur age > 17,",8.0,est/lat/ice/fin/nor
219X,"Lower extremity & humerus procedures except hip, foot, femur, age > 17, w/o CC","Lower extremity & humerus procedures except hip, foot, femur, age > 17, w/o CC",8.0,est/swe/lat/ice/fin/nor
220C,"Lower extremity & humerus procedures except hip, foot, femur, age 0-17, w CC","Lower extremity & humerus procedures except hip, foot, femur, age 0-17, w CC",8.0,swe
220N,"Lower extremity & humerus procedures except hip, foot, femur, age 0-17, w/o CC","Lower extremity & humerus procedures except hip, foot, femur, age 0-17, w/o CC",8.0,swe
220O,"Lower extremity & humerus procedures except hip, foot, femur, short therapy","Lower extremity & humerus procedures except hip, foot, femur, short therapy",8.0,est/swe/lat/ice/fin/nor
220X,"Lower extrem & humer proc except hip, foot, femur age 0-17","Lower extrem & humer proc except hip, foot, femur age 0-17",8.0,est/lat/ice/fin/nor
221C,"Other knee procedures except diagnostic arthroscopies, w CC","Other knee procedures except diagnostic arthroscopies, w CC",8.0,swe
221M,"Knee procedures except diagnostic arthroscopies, w MCC","Knee procedures except diagnostic arthroscopies, w MCC",8.0,swe
221X,Knee procedures w cc,Knee procedures w cc,8.0,est/lat/ice/fin/nor
222O,"Other knee procedures, short therapy               ","Other knee procedures, short therapy               ",8.0,est/swe/lat/ice/fin/nor
222P,"Major knee procedures, short therapy","Major knee procedures, short therapy",8.0,est/swe/lat/ice/fin/nor
222X,"Knee procedures except diagnostic arthroscopies, w/o CC","Knee procedures except diagnostic arthroscopies, w/o CC",8.0,est/swe/lat/ice/fin/nor
223C,"Major shoulder/elbow procedures, or other upper extremity procedures,  w CC","Major shoulder/elbow procedures, or other upper extremity procedures,  w CC",8.0,swe
223O,"Major shoulder/elbow procedures, or other upper extremity procedures, short therapy           ","Major shoulder/elbow procedures, or other upper extremity procedures, short therapy           ",8.0,est/swe/lat/ice/fin/nor
223X,"Major shoulder/elbow proc, or other upper extremity proc w cc","Major shoulder/elbow proc, or other upper extremity proc w c",8.0,est/lat/ice/fin/nor
224A,"Shoulder, elbow or forearm procedrus, except major joint procedurs, w/o cc, age 0-17 yrs","Should/elb/forearm proc, exc maj joint proc, w/o cc, 0-17",8.0,nor
224B,"Shoulder, elbow or forearm procedrus, except major joint procedurs, w/o cc, age >17 yrs","Should/elb/forearm proc, exc maj joint proc, w/o cc, >17",8.0,nor
224O,"Shoulder, elbow or forearm procedures, except major joint procedures, short therapy","Shoulder, elbow or forearm procedures, except major joint procedures, short therapy",8.0,est/swe/lat/ice/fin
224P,"Brudd op på humerus/albue/underarm ekskl skulderprotese, dagkirurgisk behandling",,8.0,nor
224Q,"Op på humerus/albue/underarm ekskl skulderprotese og op bruddbehandling, dagkirurgisk behandling",,8.0,nor
224X,"Shoulder, elbow or forearm procedures, except major joint procedures, w/o CC                                  ","Shoulder, elbow or forearm procedures, except major joint procedures, w/o CC                                  ",8.0,est/swe/lat/ice/fin
225A,"Other foot procedures, age 0-17 yrs","Other foot procedures, age 0-17 yrs",8.0,fin
225B,"Other foot procedures, age >17 yrs","Other foot procedures, age >17 yrs",8.0,fin
225N,Foot procedures,Foot procedures,8.0,swe
225O,"Foot procedures, short therapy","Foot procedures, short therapy",8.0,est/swe/lat/ice/fin/nor
225P,"Foot procedure for fracture, short therapy","Foot procedure for fracture, short therapy",8.0,fin
225X,Foot procedures,Foot procedures,8.0,est/lat/ice/nor
226X,"Soft tissue procedures, w CC","Soft tissue procedures, w CC",8.0,est/swe/lat/ice/fin/nor
227O,"Soft tissue procedures, short therapy","Soft tissue procedures, short therapy",8.0,est/swe/lat/ice/fin/nor
227X,"Soft tissue procedures, w/o CC","Soft tissue procedures, w/o CC",8.0,est/swe/lat/ice/fin/nor
228C,"Hand or wrist procedures, w CC","Hand or wrist procedures, w CC",8.0,swe
228N,"Hand or wrist procedures except major joint procedures, w/o CC","Hand or wrist procedures except major joint procedures, w/o CC",8.0,swe
228O,"Major thumb or joint procedures, or other hand or wrist procedures, short therapy","Major thumb or joint procedures, or other hand or wrist procedures, short therapy",8.0,est/swe/lat/ice/fin/nor
228X,"Major thumb or joint proc, or oth hand or wrist proc w cc","Major thumb or joint proc, or oth hand or wrist proc w cc",8.0,est/lat/ice/fin/nor
229O,"Hand or wrist procedures, except major joint procedures, short therapy","Hand or wrist procedures, except major joint procedures, short therapy",8.0,est/swe/lat/ice/fin/nor
229X,"Hand or wrist proc, except major joint proc, w/o cc","Hand or wrist proc, except major joint proc, w/o cc",8.0,est/lat/ice/fin/nor
230C,"Local excision & removal of internal fixation devices of hip & femur, w CC","Local excision & removal of internal fixation devices of hip & femur, w CC",8.0,swe
230N,"Local excision & removal of internal fixation devices of hip & femur, w/o CC","Local excision & removal of internal fixation devices of hip & femur, w/o CC",8.0,swe
230O,"Local excision & removal of internal fixing devices of hip & femur, short therapy","Local excision & removal of internal fixing devices of hip & femur, short therapy",8.0,est/swe/lat/ice/fin/nor
230X,Local excision & removal of int fix devices of hip & femur,Local excision & removal of int fix devices of hip & femur,8.0,est/lat/ice/fin/nor
231O,"Local excision & removal of internal fixing devices except hip & femur, short therapy","Local excision & removal of internal fixing devices except hip & femur, short therapy",8.0,est/swe/lat/ice/fin/nor
231X,Local excision & removal of internal fixing devices except hip & femur,Local excision & removal of internal fixing devices except hip & femur,8.0,est/swe/lat/ice/fin/nor
232C,"Diagnostic arthroscopy, w CC","Diagnostic arthroscopy, w CC",8.0,swe
232N,"Diagnostic arthroscopy, w/o CC","Diagnostic arthroscopy, w/o CC",8.0,swe
232O,"Arthroscopy, short therapy","Arthroscopy, short therapy",8.0,est/swe/lat/ice/fin/nor
232X,Arthroscopy,Arthroscopy,8.0,est/lat/ice/fin/nor
233X,"Other musculoskeletal system & connective tissue OR procedures,  w CC","Other musculoskeletal system & connective tissue OR procedures,  w CC",8.0,est/swe/lat/ice/fin/nor
234O,"Other musculoskeletal system & connective tissue OR procedures, short therapy","Other musculoskeletal system & connective tissue OR procedures, short therapy",8.0,est/swe/lat/ice/fin/nor
234X,"Other musculoskeletal system & connective tissue OR procedures, w/o CC","Other musculoskeletal system & connective tissue OR procedures, w/o CC",8.0,est/swe/lat/ice/fin/nor
235N,Fractures of femur,Fractures of femur,8.0,swe
235O,Doctor visits for fractures of femur,Doctor visits for fractures of femur,8.0,swe
235X,Fractures of femur,Fractures of femur,8.0,est/lat/ice/fin/nor
236C,"Fractures of hip and pelvis, w CC","Fractures of hip and pelvis, w CC",8.0,swe/fin
236M,"Fractures of hip and pelvis, w MCC","Fractures of hip and pelvis, w MCC",8.0,swe/fin
236N,"Fractures of hip and pelvis, w/o CC","Fractures of hip and pelvis, w/o CC",8.0,swe/fin
236O,Doctor visits for fractures of hip and pelvis ,Doctor visits for fractures of hip and pelvis ,8.0,swe
236X,Fractures of hip & pelvis,Fractures of hip & pelvis,8.0,est/lat/ice/nor
237C,"Sprains, strains, & dislocations of hip, pelvis & thigh, w CC","Sprains, strains, & dislocations of hip, pelvis & thigh, w CC",8.0,swe
237N,"Sprains, strains, & dislocations of hip, pelvis & thigh, w/o CC","Sprains, strains, & dislocations of hip, pelvis & thigh, w/o CC",8.0,swe
237O,"Doctor visits for sprains, strains, & dislocations of hip, pelvis & thigh","Doctor visits for sprains, strains, & dislocations of hip, pelvis & thigh",8.0,swe
237X,"Sprains, strains, & dislocations of hip, pelvis & thigh","Sprains, strains, & dislocations of hip, pelvis & thigh",8.0,est/lat/ice/fin/nor
238C,"Osteomyelitis, w CC","Osteomyelitis, w CC",8.0,swe
238M,"Osteomyelitis, w MCC","Osteomyelitis, w MCC",8.0,swe
238N,"Osteomyelitis, w/o CC","Osteomyelitis, w/o CC",8.0,swe
238O,Doctor visits for osteomyelitis,Doctor visits for osteomyelitis,8.0,swe
238X,Osteomyelitis,Osteomyelitis,8.0,est/lat/ice/fin/nor
239A,"Pathological fractures & musculosceletal & conn tiss malign, radiotherapy","Pathological fractures & musculosceletal & conn tiss malign,",8.0,fin
239B,"Musculosceletal & conn tiss malign, cytostatic therapy","Musculosceletal & conn tiss malign, cytostatic therapy",8.0,fin
239C,"Pathological fractures & musculoskeletal & connective tissue malignancies, w CC","Pathological fractures & musculoskeletal & connective tissue malignancies, w CC",8.0,swe
239E,Pathological fractures & musculosceletal & conn tiss malign,Pathological fractures & musculosceletal & conn tiss malign,8.0,fin
239M,"Pathological fractures & musculoskeletal & connective tissue malignancy, w MCC","Pathological fractures & musculoskeletal & connective tissue malignancy, w MCC",8.0,swe
239N,"Pathological fractures & musculoskeletal & connective tissue malignancy, w/o CC","Pathological fractures & musculoskeletal & connective tissue malignancy, w/o CC",8.0,swe
239O,Doctor visits for pathological fractures & musculoskeletal & connective tissue malignancies  ,Doctor visits for pathological fractures & musculoskeletal & connective tissue malignancies  ,8.0,swe
239X,Pathological fractures & musculosceletal & conn tiss malign,Pathological fractures & musculosceletal & conn tiss malign,8.0,est/lat/ice/nor
240N,"Connective tissue disorders or vasculitis, w CC","Connective tissue disorders or vasculitis, w CC",8.0,est/swe/lat/ice/fin/nor
241N,"Connective tissue disorders or vasculitis, w/o CC","Connective tissue disorders or vasculitis, w/o CC",8.0,est/swe/lat/ice/fin/nor
241O,Doctor visits for connective tissue disorders or vasculitis,Doctor visits for connective tissue disorders or vasculitis,8.0,swe
242A,Infectious arthritis or bursitis,Infectious arthritis or bursitis,8.0,est/lat/ice/fin/nor
242B,Specific inflammatory arthropathy w cc,Specific inflammatory arthropathy w cc,8.0,est/lat/ice/fin/nor
242C,Specific inflammatory arthropathy w/o cc,Specific inflammatory arthropathy w/o cc,8.0,est/lat/ice/fin/nor
242D,Other arthritis,Other arthritis,8.0,est/lat/ice/fin/nor
242E,"Arthrosis, w CC","Arthrosis, w CC",8.0,est/swe/lat/ice/fin/nor
242F,"Arthrosis, w/o CC","Arthrosis, w/o CC",8.0,est/swe/lat/ice/fin/nor
242O,"Doctor visits for specific inflammatory arthropathy, short therapy  ","Doctor visits for specific inflammatory arthropathy, short therapy  ",8.0,swe/nor
242P,"Connective tissue disorders or vasculitis, short therapy","Connective tissue disorders or vasculitis, short therapy",8.0,nor
242Q,"Arthrosis, short therapy","Arthrosis, short therapy",8.0,nor
243C,"Medical back problems, w CC","Medical back problems, w CC",8.0,swe/fin
243M,"Medical back problems, w MCC","Medical back problems, w MCC",8.0,swe
243N,"Medical back problems, w/o CC","Medical back problems, w/o CC",8.0,swe/fin
243NO,"Medical back problems, short therapy","Medical back problems, short therapy",8.0,nor
243O,Doctor visits for medical back problems,Doctor visits for medical back problems,8.0,swe
243X,Medical back problems,Medical back problems,8.0,est/lat/ice/nor
244X,"Other bone diseases & specific arthropathies, w CC","Other bone diseases & specific arthropathies, w CC",8.0,est/swe/lat/ice/fin/nor
245O,Doctor visits for bone diseases & specific arthropathies,Doctor visits for bone diseases & specific arthropathies,8.0,swe
245X,"Other bone diseases & specific arthropathies, w/o CC           ","Other bone diseases & specific arthropathies, w/o CC           ",8.0,est/swe/lat/ice/fin/nor
247N,Signs & symptoms of musculoskeletal system & connective tissue,Signs & symtoms of musculosceleteal system & conn tissue,8.0,swe
247O,Doctor visits for signs & symptoms from musculoskeletal system & connective tissue,Doctor visits for signs & symptoms from musculoskeletal system & connective tissue,8.0,swe
247X,Signs & symtoms of musculosceleteal system & conn tissue,Signs & symtoms of musculosceleteal system & conn tissue,8.0,est/lat/ice/fin/nor
248C,"Tendonitis, myositis & bursitis, w CC","Tendonitis, myositis & bursitis, w CC",8.0,swe
248N,"Tendonitis, myositis & bursitis, w/o CC","Tendonitis, myositis & bursitis, w/o CC",8.0,swe
248O,"Tendonitis, myositis & bursitis, short therapy","Tendonitis, myositis & bursitis, short therapy",8.0,swe/nor
248X,"Tendonitis, myositis & bursitits","Tendonitis, myositis & bursitits",8.0,est/lat/ice/fin/nor
249C,"Aftercare for musculoskeletal system & connective tissue diseases, w CC","Aftercare for musculoskeletal system & connective tissue diseases, w CC",8.0,swe
249N,"Aftercare for musculoskeletal system & connective tissue diseases, w/o CC","Aftercare for musculoskeletal system & connective tissue diseases, w/o CC",8.0,swe
249O,Doctor visits for aftercare of musculoskeletal system & connective tissue diseases,Doctor visits for aftercare of musculoskeletal system & connective tissue diseases,8.0,swe
249X,"Aftercare, musculoskeletal system & connective tissue","Aftercare, musculoskeletal system & connective tissue",8.0,est/lat/ice/fin/nor
250C,"Fracture, sprain, strain or dislocation of forearm, hand or foot, w CC","Fracture, sprain, strain or dislocation of forearm, hand or foot, w CC",8.0,swe
250X,"Fracture, sprain, strain or dislocation of forearm, hand or foot, age >17, w cc","Fx/sprn/strn/disl of forearm/hand/foot,age >17,w cc",8.0,est/lat/ice/fin/nor
251N,"Fracture, sprain, strain or dislocation of forearm, hand or foot, w/o CC","Fracture, sprain, strain or dislocation of forearm, hand or foot, w/o CC",8.0,swe
251O,"Doctor visits for fracture, sprain, strain or dislocation of forearm, hand or foot","Doctor visits for fracture, sprain, strain or dislocation of forearm, hand or foot",8.0,swe
251X,"Fracture, sprain, strain or dislocation of forearm, hand or foot, age >17 w/o cc","Fx/sprn/strn/disl of forearm/hand/foot,age >17,w/o cc",8.0,est/lat/ice/fin/nor
252X,"Fracture, sprain, strain or dislocation of forearm, hand or foot, age 0-17","Fx/sprn/strn/disl of forearm/hand/foot,age 0-17",8.0,est/lat/ice/fin/nor
253X,"Fracture, sprain, strain or dislocation of  upper arm or lower leg excluding foot, age > 17, w CC","Fracture, sprain, strain or dislocation of  upper arm or lower leg excluding foot, age > 17, w CC",8.0,est/swe/lat/ice/fin/nor
254P,"Doctor visits for fracture, sprain, strain or dislocation of  upper arm or lower leg excluding foot, age > 17, w CC","Doctor visits for fracture, sprain, strain or dislocation of  upper arm or lower leg excluding foot, age > 17, w CC",8.0,swe
254Q,"Doctor visits for fracture, sprain, strain or dislocation of  upper arm or lower leg excluding foot, age > 17, w/o CC","Doctor visits for fracture, sprain, strain or dislocation of  upper arm or lower leg excluding foot, age > 17, w/o CC",8.0,swe
254X,"Fracture, sprain, strain or dislocation of  upper arm or lower leg excluding foot, age > 17, w/o CC","Fracture, sprain, strain or dislocation of  upper arm or lower leg excluding foot, age > 17, w/o CC",8.0,est/swe/lat/ice/fin/nor
255C,"Fracture, sprain, strain or dislocation of  upper arm or lower leg excluding foot, age 0-17, w CC","Fracture, sprain, strain or dislocation of  upper arm or lower leg excluding foot, age 0-17, w CC",8.0,swe
255N,"Fracture, sprain, strain or dislocation of  upper arm or lower leg excluding foot, age 0-17,w/o CC","Fracture, sprain, strain or dislocation of  upper arm or lower leg excluding foot, age 0-17,w/o CC",8.0,swe
255O,"Doctor visits for fracture, sprain, strain or dislocation of  upper arm or lower leg excluding foot, age 0-17","Doctor visits for fracture, sprain, strain or dislocation of  upper arm or lower leg excluding foot, age 0-17",8.0,swe
255X,"Fracture, sprain, strain or dislocation of  upper arm or lower leg excluding foot, age 0-17","Fx/sprn/strn/disl of uparm/lowleg ex foot,age 0-17",8.0,est/lat/ice/fin/nor
256C,"Other musculoskeletal system & connective tissue diseases, w CC","Other musculoskeletal system & connective tissue diseases, w CC",8.0,swe
256N,"Other musculoskeletal system & connective tissue diseases, w/o CC","Other musculoskeletal system & connective tissue diseases, w/o CC",8.0,swe
256O,"Other musculosceletal system & connective tissue diagnosis , short therapy","Other musculosceletal system & connective tissue dg, sh th",8.0,nor
256X,Other musculosceletal system & connective tissue diagnosis,Other musculosceletal system & connective tissue diagnosis,8.0,est/lat/ice/fin/nor
257X,Total mastectomy for malignancy w cc,Total mastectomy for malignancy w cc,30.0,est/lat/ice/fin/nor
258O,"Total mastectomy for malignancy, short therapy","Total mastectomy for malignancy, short therapy",30.0,est/swe/lat/ice/fin/nor
258X,"Total mastectomy for malignancy, w/o CC","Total mastectomy for malignancy, w/o CC",30.0,est/swe/lat/ice/fin/nor
259A,Subtotal mastectomy for malignancy w cc,Subtotal mastectomy for malignancy w cc,9.0,fin
259B,Subtotal mastectomy and reconstruction of breast for malignancy,Subtotal mastectomy and reconstruction for malignancy,9.0,fin
259X,Subtotal mastectomy for malignancy w cc,Subtotal mastectomy for malignancy w cc,30.0,est/lat/ice/nor
260O,"Subtotal mastectomy for malignancy, short therapy","Subtotal mastectomy for malignancy, short therapy",30.0,est/swe/lat/ice/fin/nor
260X,"Subtotal mastectomy for malignancy, w/o CC","Subtotal mastectomy for malignancy, w/o CC",9.0,est/swe/lat/ice/fin/nor
261O,"Breast procedures for non-malignancy except biopsy & local excision, short therapy","Breast procedures for non-malignancy except biopsy & local excision, short therapy",9.0,est/swe/lat/ice/fin/nor
261X,Breast procedures for non-malignancy except biopsy & local excision,Breast procedures for non-malignancy except biopsy & local excision,9.0,est/swe/lat/ice/fin/nor
262O,"Breast biopsy & local excision for non-malignancy, short therapy","Breast biopsy & local excision for non-malignancy, short therapy",30.0,est/swe/lat/ice/fin/nor
262X,Breast biopsy & local excision for non-malignancy,Breast biopsy & local excision for non-malignancy,9.0,est/swe/lat/ice/fin/nor
263X,"Skin graft &/or debridement for skin ulcer or cellulitis, w CC","Skin graft &/or debridement for skin ulcer or cellulitis, w CC",9.0,est/swe/lat/ice/fin/nor
264X,"Skin graft &/or debridement for skin ulcer or cellulitis, w/o CC","Skin graft &/or debridement for skin ulcer or cellulitis, w/o CC",9.0,est/swe/lat/ice/fin/nor
265X,"Skin graft &/or debridement except for skin ulcer or cellulitis, w CC","Skin graft &/or debridement except for skin ulcer or cellulitis, w CC",9.0,est/swe/lat/ice/fin/nor
266O,"Skin graft &/or debridement for skin ulcer or cellulitis, short therapy","Skin graft &/or debridement for skin ulcer or cellulitis, short therapy",9.0,est/swe/lat/ice/fin/nor
266X,"Skin graft &/or debridement except for skin ulcer or cellulitis, w/o CC","Skin graft &/or debridement except for skin ulcer or cellulitis, w/o CC",9.0,est/swe/lat/ice/fin/nor
267O,"Perianal & pilonidal procedures, short therapy","Perianal & pilonidal procedures, short therapy",9.0,est/swe/lat/ice/fin/nor
267X,Perianal & pilonidal procedures,Perianal & pilonidal procedures,9.0,est/swe/lat/ice/fin/nor
268C,"Skin & subcutaneous tissue plastic procedures, w CC","Skin & subcutaneous tissue plastic procedures, w CC",9.0,swe
268N,"Skin & subcutaneous tissue plastic procedures, w/o CC","Skin & subcutaneous tissue plastic procedures, w/o CC",9.0,swe
268O,"Skin & subcutaneous tissue plastic procedures, short therapy","Skin & subcutaneous tissue plastic procedures, short therapy",9.0,est/swe/lat/ice/fin/nor
268X,Skin & subcutaneus tissue plastic procedures,Skin & subcutaneus tissue plastic procedures,9.0,est/lat/ice/fin/nor
269C,"Other skin & subcutaneous tissue procedures, w CC","Other skin & subcutaneous tissue procedures, w CC",9.0,swe
269M,"Other skin & subcutaneous tissue procedures, w MCC","Other skin & subcutaneous tissue procedures, w MCC",9.0,swe
269X,Other skin & subcut tiss proc w cc,Other skin & subcut tiss proc w cc,9.0,est/lat/ice/fin/nor
270O,"Other skin & subcutaneous tissue procedures, short therapy","Other skin & subcutaneous tissue procedures, short therapy",9.0,est/swe/lat/ice/fin/nor
270X,"Other skin & subcutaneous tissue procedures, w/o CC","Other skin & subcutaneous tissue procedures, w/o CC",9.0,est/swe/lat/ice/fin/nor
271C,"Chronic skin ulcers, w CC","Chronic skin ulcers, w CC",9.0,swe
271N,"Chronic skin ulcers, w/o CC","Chronic skin ulcers, w/o CC",9.0,swe
271O,"Chronic skin ulcers, short therapy","Chronic skin ulcers, short therapy",9.0,swe/nor
271X,Skin ulcers,Skin ulcers,9.0,est/lat/ice/fin/nor
272C,"Major skin disorders including malignant melanoma, w CC","Major skin disorders including malignant melanoma, w CC",9.0,swe
272M,"Major skin disorders including malignant melanoma, w MCC","Major skin disorders including malignant melanoma, w MCC",9.0,swe
272X,Major skin disorders w cc,Major skin disorders w cc,9.0,est/lat/ice/fin/nor
273O,Doctor visits for major skin disreases including malignant melanoma,Doctor visits for major skin disreases including malignant melanoma,9.0,swe
273X,"Major skin disorders including malignant melanoma, w/o CC","Major skin disorders including malignant melanoma, w/o CC",9.0,est/swe/lat/ice/fin/nor
274X,"Malignant breast diseases,  w CC","Malignant breast diseases,  w CC",9.0,est/swe/lat/ice/fin/nor
275FA,"Malignant breast disorders w/o cc, radiotherapy","Malignant breast disorders w/o cc, radiotherapy",9.0,fin
275FB,"Malignant breast disorders w/o cc, cytostatic therapy","Malignant breast disorders w/o cc, cytostatic therapy",9.0,fin
275FE,Malignant breast disorders w/o cc,Malignant breast disorders w/o cc,9.0,fin
275O,"Malignant breast diseases, short therapy","Malignant breast diseases, short therapy",9.0,swe/nor
275X,"Malignant breast diseases, w/o CC                                        ","Malignant breast diseases, w/o CC                                        ",9.0,est/swe/lat/ice/nor
276X,Non-malignant breast diseases,Non-malignant breast diseases,9.0,est/swe/lat/ice/fin/nor
277C,"Cellulitis, w CC","Cellulitis, w CC",9.0,swe
277M,"Cellulitis, w MCC","Cellulitis, w MCC",9.0,swe
277X,Cellulitis age > 17 w cc,Cellulitis age > 17 w cc,9.0,est/lat/ice/fin/nor
278N,"Cellulitis, w/o CC","Cellulitis, w/o CC",9.0,swe
278O,Doctor visits for cellulitis,Doctor visits for cellulitis,9.0,swe
278X,Cellulitis age > 17 w/o cc,Cellulitis age > 17 w/o cc,9.0,est/lat/ice/fin/nor
279X,Cellulitis age 0-17,Cellulitis age 0-17,9.0,est/lat/ice/fin/nor
280C,"Trauma to the skin & subcutaneous tissue, age >17, w CC","Trauma to the skin & subcutaneous tissue, age >17, w CC",9.0,swe
280M,"Trauma to the skin & subcutaneous tissue, w MCC","Trauma to the skin & subcutaneous tissue, w MCC",9.0,swe
280X,Trauma to the skin & subcut tiss age > 17 w cc,Trauma to the skin & subcut tiss age > 17 w cc,9.0,est/lat/ice/fin/nor
281N,"Trauma to the skin & subcutaneous tissue, age > 17, w/o CC","Trauma to the skin & subcutaneous tissue, age > 17, w/o CC",9.0,swe
281O,"Doctor visits for trauma to the skin & subcutaneous tissue, age >17","Doctor visits for trauma to the skin & subcutaneous tissue, age >17",9.0,swe/nor
281X,"Trauma to the skin & subcut tiss, age > 17 w/o cc","Trauma to the skin & subcut tiss, age > 17 w/o cc",9.0,est/lat/ice/fin/nor
282N,"Trauma to the skin and subcutaneous tissue, age 0-17, w/o CC","Trauma to the skin and subcutaneous tissue, age 0-17, w/o CC",9.0,swe
282O,"Doctor visits for trauma to the skin and subcutaneous tissue, age  0-17","Doctor visits for trauma to the skin and subcutaneous tissue, age  0-17",9.0,swe
282X,"Trauma to the skin and subcutaneous tissue, age 0-17","Trauma to the skin, subcut tiss & breast, age 0-17",9.0,est/lat/ice/fin/nor
283C,"Minor skin disorders, skin tumours including squamous cell carcinoma, w CC","Minor skin disorders, skin tumours including squamous cell carcinoma, w CC",9.0,swe
283M,"Minor skin disorders, skin tumours including squamous cell carcinoma,  w MCC","Minor skin disorders, skin tumours including squamous cell carcinoma,  w MCC",9.0,swe
283X,Minor skin disorders w cc,Minor skin disorders w cc,9.0,est/lat/ice/fin/nor
284A,"Minor skin disorders w/o cc, age > 16 years","Minor skin disorders w/o cc, age > 16 years",9.0,fin
284B,"Minor skin disorders w/o cc, age 0-15 years","Minor skin disorders w/o cc, age 0-15 yrs",9.0,fin
284O,"Tumour of skin, short therapy","Tumour of skin, short therapy",9.0,nor
284P,"Papulosquamous skin disorder, short therapy","Papulosquamous skin disorder, short therapy",9.0,nor
284Q,"Dermatitis and eczema, short therapy","Dermatitis and eczema, short therapy",9.0,nor
284X,"Minor skin disorders, skin tumours including squamous cell carcinoma, w/o CC","Minor skin disorders, skin tumours including squamous cell carcinoma, w/o CC",9.0,est/swe/lat/ice/fin/nor
285C,"Amputation of lower limb for endocrine, nutritional, & metabolic diseases, w CC","Amputation of lower limb for endocrine, nutritional, & metabolic diseases, w CC",10.0,swe
285N,"Amputation of lower limb for endocrine, nutritional, & metabolic diseases, w/o CC","Amputation of lower limb for endocrine, nutritional, & metabolic diseases, w/o CC",10.0,swe
285O,"Amputation of lower limb for endocrine, nutritional & metabolic diseases, short therapy","Amputation of lower limb for endocrine, nutritional & metabolic diseases, short therapy",10.0,est/swe/lat/ice/fin/nor
285X,"Amputat of lower limb for endocrine, nutrit, & metabol disorders","Amputat of lower limb for endocrine, nutrit, & metabol disor",10.0,est/lat/ice/fin/nor
286O,"Adrenal & pituitary procedures, short therapy","Adrenal & pituitary procedures, short therapy",10.0,swe
286X,Adrenal & pituitary gland procedures,Adrenal & pituitary gland procedures,10.0,est/swe/lat/ice/fin/nor
287O,"Other procedures of endocrine organ, short therapy","Other procedures of endocrine organ, short therapy",10.0,fin/est/nor/ice/lat
288A,Gastroinstestinal procedure for obesity,Gastroinstestinal procedure for obesity,10.0,est/lat/ice/fin/nor
288B,Other procedures for obesity,Other procedures for obesity,10.0,est/swe/lat/ice/fin/nor
288C,"Gastrointestinal procedures for obesity, w CC","Gastrointestinal procedures for obesity, w CC",10.0,swe
288M,"Gastrointestinal procedures for obesity, w MCC","Gastrointestinal procedures for obesity, w MCC",10.0,swe
288N,"Gastrointestinal procedures for obesity, w/o CC","Gastrointestinal procedures for obesity, w/o CC",10.0,swe
288O,"Gastrointestinal procedures for obesity, short therapy","Gastrointestinal procedures for obesity, short therapy",10.0,est/swe/lat/ice/fin/nor
288P,"Other procedures for obesity, short therapy","Other procedures for obesity, short therapy",10.0,est/swe/lat/ice/fin/nor
289C,"Parathyroid procedures, w CC","Parathyroid procedures, w CC",10.0,swe
289N,"Parathyroid procedures, w/o CC","Parathyroid procedures, w/o CC",10.0,swe
289O,"Parathyroid procedures, short therapy","Parathyroid procedures, short therapy",10.0,swe
289X,Parathyroid procedures,Parathyroid procedures,10.0,est/lat/ice/fin/nor
290C,"Thyroid procedures, w CC","Thyroid procedures, w CC",10.0,swe
290N,"Thyroid procedures, w/o CC","Thyroid procedures, w/o CC",10.0,swe
290O,"Thyroid procedures, short therapy","Thyroid procedures, short therapy",10.0,est/swe/lat/ice/fin/nor
290X,Thyroid procedures,Thyroid procedures,10.0,est/lat/ice/fin/nor
291,Diabetes age 0-17,Diabetes age 0-17,10.0,est/ice/fin/lat/nor/swe
291C,"Diabetes, age  > 17, w CC","Diabetes, age  > 17, w CC",10.0,est/ice/fin/lat/nor/swe
291M,"Diabetes, age > 17, w MCC","Diabetes, age > 17, w MCC",10.0,est/fin/lat/swe
291N,"Diabetes, age  > 17, w/o CC","Diabetes, age  > 17, w/o CC",10.0,est/ice/fin/lat/nor/swe
291P,"Doctor visits for diabetes, age > 17, short therapy","Doctor visits for diabetes, age > 17, short therapy",10.0,swe
291Q,"Doctor visits for diabetes, age 0-17, short therapy","Doctor visits for diabetes, age 0-17, short therapy",10.0,swe
292X,"Other endocrine, nutritional or metabolic disease OR procedures, w CC","Other endocrine, nutritional or metabolic disease OR procedures, w CC",10.0,est/swe/lat/ice/fin/nor
293O,"Other endocrine, nutritional & metabolic disease OR procedures, short therapy","Other endocrine, nutritional & metabolic disease OR procedures, short therapy",10.0,est/swe/lat/ice/fin/nor
293X,"Other endocrine, nutritional & metabolic disease OR procedures, w/o CC","Other endocrine, nutritional & metabolic disease OR procedures, w/o CC",10.0,est/swe/lat/ice/fin/nor
295O,"Diabetes, short therapy","Diabetes, short therapy",10.0,fin/nor/ice
296C,"Nutritional & misc metabolic disorders, age > 17, w cc","Nutritional & misc metabolic disorders, age > 17, w cc",10.0,est/fin
296M,"Nutritional & misc metabolic disorders, age > 17, w mcc","Nutritional & misc metabolic disorders, age > 17, w mcc",10.0,est/fin
296X,"Nutritional & misc metabolic disorders, age > 17 w cc","Nutritional & misc metabolic disorders, age > 17 w cc",10.0,lat/ice/nor
297C,"Nutritional & miscellaneous metabolic diseases, w CC","Nutritional & miscellaneous metabolic diseases, w CC",10.0,swe
297M,"Nutritional & miscellaneous metabolic diseases, w MCC","Nutritional & miscellaneous metabolic diseases, w MCC",10.0,swe
297N,"Nutritional & miscellaneous metabolic diseases, w/o CC","Nutritional & miscellaneous metabolic diseases, w/o CC",10.0,swe
297O,Doctor visits for nutritional & miscellaneous metabolic disorders,Doctor visits for nutritional & miscellaneous metabolic disorders,10.0,swe
297X,"Nutritional & misc metabolic disorders, age > 17 w/o cc","Nutritional & misc metabolic disorders, age > 17 w/o cc",10.0,est/lat/ice/fin/nor
298X,"Nutritional & misc metabolic disorders, age 0-17","Nutritional & misc metabolic disorders, age 0-17",10.0,est/lat/ice/fin/nor
299O,Doctor visits for inborn errors of metabolism,Doctor visits for inborn errors of metabolism,10.0,swe
299X,Inborn errors of metabolism,Inborn errors of metabolism,10.0,est/swe/lat/ice/nor/fin
300C,"Endocrine disorders, w CC","Endocrine disorders, w CC",10.0,swe
300M,"Endocrine disorders, w MCC","Endocrine disorders, w MCC",10.0,swe
300X,Endocrine disorders w cc,Endocrine disorders w cc,10.0,est/lat/ice/fin/nor
301A,"Endocrine malignancy w/o cc, isotope or other radiontherapy","Endocrine malignancy w/o cc, isotope or other radiontherapy",10.0,fin
301B,"Endocrine malignancy w/o cc, demanding isotope therapy","Endocrine malignancy w/o cc, demanding isotope therapy",10.0,fin
301C,"Endocrine malignancy w/o cc, cytostatic therapy","Endocrine malignancy w/o cc, cytostatic therapy",10.0,fin
301F,Endocrine disorders w/o cc,Endocrine disorders w/o cc,10.0,fin
301O,"Thyroid dysfunction, short therapy","Thyroid dysfunction, short therapy",10.0,nor
301P,"Obesity, short therapy","Obesity, short therapy",10.0,nor
301X,"Endocrine disorders, w/o CC","Endocrine disorders, w/o CC",10.0,est/swe/lat/ice/nor
302C,"Kidney transplantation, w CC","Kidney transplantation, w CC",11.0,swe
302N,"Kidney transplantation, w/o CC","Kidney transplantation, w/o CC",11.0,swe
302X,Kidney transplant,Kidney transplant,11.0,est/lat/ice/fin/nor
303C,"Kidney, ureter & major bladder procedures for neoplasms, w CC","Kidney, ureter & major bladder procedures for neoplasms, w CC",11.0,swe
303M,"Kidney, ureter & major bladder procedures for neoplasms, w MCC","Kidney, ureter & major bladder procedures for neoplasms, w MCC",11.0,swe
303N,"Kidney, ureter & major bladder procedures for neoplasms, w/o CC","Kidney, ureter & major bladder procedures for neoplasms, w/o CC",11.0,swe
303X,"Kidney, ureter & major bladder procedures for neoplasm","Kidney, ureter & major bladder procedures for neoplasm",11.0,est/lat/ice/fin/nor
304X,"Kidney, ureter & major bladder procedures for non-neoplasms, w CC","Kidney, ureter & major bladder procedures for non-neoplasms, w CC",11.0,est/swe/lat/ice/fin/nor
305O,"Kidney, ureter & major bladder procedures, short therapy","Kidney, ureter & major bladder procedures, short therapy",11.0,est/swe/lat/ice/fin/nor
305X,"Kidney, ureter & major bladder procedures for non-neoplasms, w/o CC","Kidney, ureter & major bladder procedures for non-neoplasms, w/o CC",11.0,est/swe/lat/ice/fin/nor
307N,Artificial urethral sphincter procedure,Artificial urethral sphincter procedure,11.0,est/swe/lat/ice/fin/nor
307P,Artificial urethra sphincter procedures,Artificial urethra sphincter procedures,11.0,fin/nor
308X,"Minor bladder procedures, w CC","Minor bladder procedures, w CC",11.0,est/swe/lat/ice/fin/nor
309O,"Minor bladder procedures, short therapy","Minor bladder procedures, short therapy",11.0,est/swe/lat/ice/fin/nor
309X,"Minor bladder procedures, w/o CC","Minor bladder procedures, w/o CC",11.0,est/swe/lat/ice/fin/nor
310X,"Transurethral procedures, w CC","Transurethral procedures, w CC",11.0,est/swe/lat/ice/fin/nor
311O,"Transurethral procedures, short therapy","Transurethral procedures, short therapy",11.0,est/swe/lat/ice/fin/nor
311P,"Transurethral incision of prostate, TIUP, short therapy",,11.0,fin
311X,"Transurethral procedures, w/o CC","Transurethral procedures, w/o CC",11.0,est/swe/lat/ice/fin/nor
312X,"Urethral procedures, age > 17 w cc","Urethral procedures, age > 17 w cc",11.0,est/lat/ice/fin/nor
313X,"Urethral procedures, age > 17 w/o cc","Urethral procedures, age > 17 w/o cc",11.0,est/lat/ice/fin/nor
314N,Urethral procedures,Urethral procedures,11.0,swe
314O,"Urethral procedures, short therapy","Urethral procedures, short therapy",12.0,est/swe/lat/ice/fin/nor
314X,"Urethral procedures, age  0-17","Urethral procedures, age  0-17",11.0,est/lat/ice/fin/nor
315A,Insertion of catheter for hemodialysis,Insertion of catheter for hemodialysis,11.0,est/swe/lat/ice/fin
315B,Other kidney and urinary tract o. r. procedures,Other kidney and urinary tract o. r. procedures,11.0,est/lat/ice/fin
315C,"Other kidney & urinary tract OR procedures, w CC","Other kidney & urinary tract OR procedures, w CC",11.0,swe
315D,Construction of arteriovenous fistula for hemodialysis,Construction of arteriovenous fistula for hemodialysis,11.0,est/swe/lat/ice/fin
315E,Insertion of catheter for peritoneal dialysis,Insertion of catheter for peritoneal dialysis,11.0,est/swe/lat/ice/fin
315M,"Other kidney & urinary tract OR procedures,  w MCC","Other kidney & urinary tract OR procedures,  w MCC",11.0,swe
315N,"Other kidney & urinary tract OR procedures, w/o CC","Other kidney & urinary tract OR procedures, w/o CC",11.0,swe
315O,"Other kidney & urinary tract OR procedures, short therapy","Other kidney & urinary tract OR procedures, short therapy",11.0,est/swe/lat/ice/fin/nor
315P,"Access procedures for dialysis, short therapy","Access procedures for dialysis, short therapy",11.0,swe
315X,Other kidney & urinary tract o. r. procedures,Other kidney & urinary tract o. r. procedures,11.0,nor
316A,Kidney failure and dialysis with cc,Kidney failure and dialysis with cc,11.0,fin
316B,"Kidney failure, other","Kidney failure, other",11.0,fin
316C,"Kidney failure, w CC","Kidney failure, w CC",11.0,swe
316M,"Kidney failure, w MCC","Kidney failure, w MCC",11.0,swe
316N,"Kidney failure, w/o CC","Kidney failure, w/o CC",11.0,swe
316O,Doctor visits for kidney failure,Doctor visits for kidney failure,11.0,swe/nor
316X,Kidney failure,Kidney failure,11.0,est/lat/ice/nor
317O,"Renal dialysis, including preparations, short therapy","Renal dialysis, including preparations, short therapy",11.0,est/swe/lat/ice/fin/nor
317X,"Renal dialysis, including preparations","Renal dialysis, including preparations",11.0,est/swe/lat/ice/fin/nor
318C,"Kidney & urinary tract neoplasms, w CC","Kidney & urinary tract neoplasms, w CC",11.0,swe
318M,"Kidney & urinary tract neoplasms, w MCC","Kidney & urinary tract neoplasms, w MCC",11.0,swe
318X,Kidney & urinary tract neoplasms w cc,Kidney & urinary tract neoplasms w cc,11.0,est/lat/ice/fin/nor
319A,"Kidney & urinary tract neoplasms w/o cc, radiotherapy","Kidney & urinary tract neoplasms w/o cc, radiotherapy",11.0,fin
319B,"Kidney & urinary tract neoplasms w/o cc, cytostatic therapy","Kidney & urinary tract neoplasms w/o cc, cytostatic therapy",11.0,fin
319E,Kidney & urinary tract neoplasms w/o cc,Kidney & urinary tract neoplasms w/o cc,11.0,fin
319O,"Kidney & urinary tract neoplasms, short therapy","Kidney & urinary tract neoplasms, short therapy",11.0,swe/nor
319X,"Kidney & urinary tract neoplasms, w/o CC","Kidney & urinary tract neoplasms, w/o CC",11.0,est/swe/lat/ice/nor
320C,"Kidney & urinary tract infections, w CC","Kidney & urinary tract infections, w CC",11.0,swe
320M,"Kidney & urinary tract infections, w MCC","Kidney & urinary tract infections, w MCC",11.0,swe
320X,Kidney & urinary tract infections age > 17 w cc,Kidney & urinary tract infections age > 17 w cc,11.0,est/lat/ice/fin/nor
321N,"Kidney & urinary tract infections, w/o CC","Kidney & urinary tract infections, w/o CC",11.0,swe
321O,Doctor visits for kidney & urinary tract infections,Doctor visits for kidney & urinary tract infections,11.0,swe
321X,Kidney & urinary tract infections age > 17 w/o cc,Kidney & urinary tract infections age > 17 w/o cc,11.0,est/lat/ice/fin/nor
322X,Kidney & urinary tract infections age 0-17,Kidney & urinary tract infections age 0-17,11.0,est/lat/ice/fin/nor
323O,"Lithotripsy, short therapy","Lithotripsy, short therapy",11.0,est/swe/lat/ice/fin/nor
323X,"Urinary stones w CC, &/or Extracorporeal Shock Wave Lithotripsy (ESWL) ","Urinary stones w CC, &/or Extracorporeal Shock Wave Lithotripsy (ESWL) ",11.0,est/swe/lat/ice/fin/nor
324O,Doctor visits for urinary stones,Doctor visits for urinary stones,11.0,swe
324X,"Urinary stones, w/o CC","Urinary stones, w/o CC",11.0,est/swe/lat/ice/fin/nor
325C,"Kidney & urinary tract signs & symptoms, w CC","Kidney & urinary tract signs & symptoms, w CC",11.0,swe
325X,Kidney & urinary tract signs & symptoms age > 17 w cc,Kidney & urinary tract signs & symptoms age > 17 w cc,11.0,est/lat/ice/fin/nor
326N,"Kidney & urinary tract signs & symptoms, w/o CC","Kidney & urinary tract signs & symptoms, w/o CC",11.0,swe
326O,Doctor visits for kidney & urinary tract signs & symptoms,Doctor visits for kidney & urinary tract signs & symptoms,11.0,swe
326X,Kidney & urinary tract signs & symptoms age > 17 w/o cc,Kidney & urinary tract signs & symptoms age > 17 w/o cc,11.0,est/lat/ice/fin/nor
327X,Kidney & urinary tract signs & symptoms age 0-17,Kidney & urinary tract signs & symptoms age 0-17,11.0,est/lat/ice/fin/nor
329N,Urethral stricture,Urethral stricture,11.0,est/swe/lat/ice/fin/nor
329O,Doctor visits for urethral stricture,Doctor visits for urethral stricture,11.0,swe
331C,"Other kidney & urinary tract diagnoses, age > 17,  w CC","Other kidney & urinary tract diagnoses, age > 17,  w CC",11.0,swe
331M,"Other kidney & urinary tract diagnoses, age > 17, w MCC","Other kidney & urinary tract diagnoses, age > 17, w MCC",11.0,swe
331X,Other kidney & urinary tract diagnoses age > 17 w cc,Other kidney & urinary tract diagnoses age > 17 w cc,11.0,est/lat/ice/fin/nor
332X,"Other kidney & urinary tract diagnoses, age > 17, w/o CC","Other kidney & urinary tract diagnoses, age > 17, w/o CC",11.0,est/swe/lat/ice/fin/nor
333P,"Kidney transplant aftercare, short therapy","Kidney transplant aftercare, short therapy",11.0,nor
333X,Other kidney & urinary tract diagnoses age 0-17,Other kidney & urinary tract diagnoses age 0-17,11.0,est/swe/lat/ice/fin/nor
334X,Major male pelvic procedure w cc,Major male pelvic procedure w cc,12.0,est/lat/ice/fin/nor
335N,Major male pelvic procedure,Major male pelvic procedure,12.0,swe
335O,"Major male pelvic procedure, short therapy","Major male pelvic procedure, short therapy",12.0,est/swe/lat/ice/fin/nor
335X,Major male pelvic procedure w/o cc,Major male pelvic procedure w/o cc,12.0,est/lat/ice/fin/nor
336X,Transurethral prostatectomy w cc,Transurethral prostatectomy w cc,12.0,est/lat/ice/fin/nor
337N,Transurethral prostatectomy,Transurethral prostatectomy,12.0,swe
337O,"Transurethral prostatectomy, short therapy","Transurethral prostatectomy, short therapy",12.0,est/swe/lat/ice/fin/nor
337X,Transurethral prostatectomy w/o cc,Transurethral prostatectomy w/o cc,12.0,est/lat/ice/fin/nor
338C,"Testes procedures for malignancy, w CC","Testes procedures for malignancy, w CC",12.0,swe
338N,"Testes procedures for malignancy, w/o CC","Testes procedures for malignancy, w/o CC",12.0,swe
338X,Testes procedures for malignancy,Testes procedures for malignancy,12.0,est/lat/ice/fin/nor
339X,"Testes procedures for non-malignancy, age > 17","Testes procedures for non-malignancy, age > 17",12.0,est/lat/ice/fin/nor
340C,"Testes procedures for non-malignancy, w CC","Testes procedures for non-malignancy, w CC",12.0,swe
340N,"Testes procedures for non-malignancy, w/o CC","Testes procedures for non-malignancy, w/o CC",12.0,swe
340O,"Testes procedures, short therapy","Testes procedures, short therapy",12.0,est/swe/lat/ice/fin/nor
340X,"Testes procedures for non-malignancy, age 0-17","Testes procedures for non-malignancy, age 0-17",12.0,est/lat/ice/fin/nor
341O,"Penis procedures, short therapy","Penis procedures, short therapy",12.0,est/swe/lat/ice/fin/nor
341X,Penis procedures,Penis procedures,12.0,est/swe/lat/ice/fin/nor
342N,Circumcision,Circumcision,12.0,est/lat/ice/fin/nor
343O,"Circumcision, short therapy","Circumcision, short therapy",12.0,est/swe/lat/ice/fin/nor
343X,"Circumcision, age 0-17","Circumcision, age 0-17",12.0,swe
344C,"Other male reproductive system OR procedures for malignancy,  w CC","Other male reproductive system OR procedures for malignancy,  w CC",12.0,swe
344N,"Other male reproductive system OR procedures for malignancy, w/o CC","Other male reproductive system OR procedures for malignancy, w/o CC",12.0,swe
344X,Other male reproductive system o. r. procedures for malignancy,Other male reproductive system o. r. procedures for malignan,12.0,est/lat/ice/fin/nor
345O,"Other male reproductive system OR procedures, short therapy","Other male reproductive system OR procedures, short therapy",12.0,est/swe/lat/ice/fin/nor
345X,Other male reproductive system OR procedures except for malignancy,Other male reproductive system OR procedures except for malignancy,12.0,est/swe/lat/ice/fin/nor
346X,"Malignancy in the male reproductive system, w CC","Malignancy in the male reproductive system, w CC",12.0,est/swe/lat/ice/fin/nor
347A,"Malignancy, male reprocuctive system, w/o cc, radiontherapy","Malignancy, male reprocuctive system, w/o cc, radiontherapy",12.0,fin
347B,"Malignancy, male reprocuctive system, w/o cc, demanding radiontherapy","Malignancy, male reprocuctive system, w/o cc, demanding radi",12.0,fin
347C,"Malignancy, male reprocuctive system, w/o cc, special demanding radiontherapy","Male repr syst malign w/o cc, spec dem rad.ther",12.0,fin
347D,"Malignancy, male reprocuctive system, w/o cc, cytostatic therapy","Malignancy, male reprocuctive system, w/o cc, cytostatic the",12.0,fin
347G,"Malignancy, male reprocuctive system, w/o cc","Malignancy, male reprocuctive system, w/o cc",12.0,fin
347O,"Doctor visits for malignancy in the male reproductive system, short therapy","Doctor visits for malignancy in the male reproductive system, short therapy",12.0,swe/nor
347X,"Malignancy in the male reproductive system, w/o CC","Malignancy in the male reproductive system, w/o CC",12.0,est/swe/lat/ice/nor
348X,Benign prostatic hypertrophy w cc,Benign prostatic hypertrophy w cc,12.0,est/lat/ice/fin/nor
349N,Benign prostatic hypertrophy,Benign prostatic hypertrophy,12.0,swe
349O,Doctor visits for benign prostatic hypertrophy,Doctor visits for benign prostatic hypertrophy,12.0,swe
349X,Benign prostatic hypertrophy w/o cc,Benign prostatic hypertrophy w/o cc,12.0,est/lat/ice/fin/nor
350C,"Inflammation of the male reproductive system,  w CC","Inflammation of the male reproductive system,  w CC",12.0,swe
350N,"Inflammation of the male reproductive system,  w/o CC","Inflammation of the male reproductive system,  w/o CC",12.0,swe
350O,Doctor visits for inflammation of the male reproductive system,Doctor visits for inflammation of the male reproductive system,12.0,swe
350X,Inflammation of the male reproductive system,Inflammation of the male reproductive system,12.0,est/lat/ice/fin/nor
351O,"Sterilization, male , short therapy","Sterilization, male , short therapy",12.0,est/swe/lat/ice/fin/nor
351X,"Sterilization, male","Sterilization, male",12.0,est/swe/lat/ice/fin/nor
352X,Other male reproductive system diagnoses,Other male reproductive system diagnoses,12.0,est/swe/lat/ice/fin/nor
353N,"Pelvic evisceration, radical hysterectomy & radical vulvectomy, w/o CC","Pelvic evisceration, radical hysterectomy & radical vulvectomy, w/o CC",13.0,swe
353O,"Pelvic evisceration, radical hysterectomy & radical vulvectomy, short therapy","Pelvic evisceration, radical hysterectomy & radical vulvectomy, short therapy",13.0,est/swe/lat/ice/fin/nor
353X,"Pelvic evisceration, radical hysterectomy & radical vulvectomy","Pelvic evisceration, radical hysterectomy & radical vulvecto",13.0,est/lat/ice/fin/nor
354C,"Uterine & adnexa procedures for non-ovarian/adnexal malignancies, w CC","Uterine & adnexa procedures for non-ovarian/adnexal malignancies, w CC",13.0,swe
354M,"Uterine and adnexal procedures for non-ovarian/adnexal malignancy, w MCC","Uterine and adnexal procedures for non-ovarian/adnexal malignancy, w MCC",13.0,swe
354X,"Uterine, adnexa proc for non-ovarian/adnexal malig w cc","Uterine, adnexa proc for non-ovarian/adnexal malig w cc",13.0,est/lat/ice/fin/nor
355O,"Uterine and adnexal procedures for non-ovarian/adnexal malignancy, short therapy","Uterine and adnexal procedures for non-ovarian/adnexal malignancy, short therapy",13.0,est/swe/lat/ice/fin/nor
355X,"Uterine & adnexa procedures for non-ovarian/adnexal malignancies,  w/o CC","Uterine & adnexa procedures for non-ovarian/adnexal malignancies,  w/o CC",13.0,est/swe/lat/ice/fin/nor
356O,"Reconstructive, or other female reproductive system procedures, short therapy  ","Reconstructive, or other female reproductive system procedures, short therapy  ",13.0,est/swe/lat/ice/fin/nor
356X,"Reconstructive, or other female reproductive system procedures  ","Reconstructive, or other female reproductive system procedures  ",13.0,est/swe/lat/ice/fin/nor
357C,"Uterine & adnexa procedures for ovarian or adnexal malignancies,  w CC","Uterine & adnexa procedures for ovarian or adnexal malignancies,  w CC",13.0,swe
357M,"Uterine & adnexa procedures for ovarian or adnexal malignancies, w MCC","Uterine & adnexa procedures for ovarian or adnexal malignancies, w MCC",13.0,swe
357N,"Uterine & adnexa procedures for ovarian or adnexal malignancies, w/o CC","Uterine & adnexa procedures for ovarian or adnexal malignancies, w/o CC",13.0,swe
357O,"Uterine & adnexal procedures for ovarian or adnexal non-malignancy, short therapy","Uterine & adnexal procedures for ovarian or adnexal non-malignancy, short therapy",13.0,est/swe/lat/ice/fin/nor
357X,Uterine & adnexa proc for ovarian or adnexal malignancy,Uterine & adnexa proc for ovarian or adnexal malignancy,13.0,est/lat/ice/fin/nor
358C,"Uterine & adnexa procedures for ovarian or adnexal non-malignancies,  w CC","Uterine & adnexa procedures for ovarian or adnexal non-malignancies,  w CC",13.0,swe
358X,Uterine & adnexa proc for ovarian or adnexal non-malignancy w cc,Uterine & adnexa proc for ovarian or adnexal non-malignancy,13.0,est/lat/ice/fin/nor
359O,"Uterine and adnexa procedure for ovarian or adnexal non-malignancy, short therapy","Uterine and adnexa proc for ovarian or adnexal non-malign, sho the",13.0,est/lat
359P,"Excision or reconstructive operation on female reproductive organs, short therapy ","Excision or reconstructive operation on female reproductive organs, short therapy ",13.0,swe/fin/ice
359Q,"Intervention on embryo or ICSI, short therapy","Intervention on embryo or ICSI, short therapy",13.0,swe/fin/ice/nor
359R,"Other uterine and adnexal procedures for non-malignancy, short therapy","Other uterine and adnexal procedures for non-malignancy, sho",13.0,swe/fin/ice
359X,"Uterine & adnexa procedures for ovarian or adnexal non-malignancies, w/o CC","Uterine & adnexa procedures for ovarian or adnexal non-malignancies, w/o CC",13.0,est/swe/lat/ice/fin/nor
360C,"Vagina, cervix & vulva procedures, w CC","Vagina, cervix & vulva procedures, w CC",13.0,swe
360N,"Vagina, cervix & vulva procedures","Vagina, cervix & vulva procedures",13.0,swe
360O,"Vagina, cervix & vulva procedures , short therapy","Vagina, cervix & vulva procedures , short therapy",13.0,est/swe/lat/ice/fin/nor
360X,"Vagina, cervix & vulva procedures","Vagina, cervix & vulva procedures",13.0,est/lat/ice/fin/nor
361N,Gynecological laparoscopy or sterilization in laparatomy,Gynecological laparoscopy or sterilization in laparatomy,13.0,swe
361O,"Gynecological laparoscopy or  sterilization in laparatomy, short therapy","Gynecological laparoscopy or  sterilization in laparatomy, short therapy",13.0,est/swe/lat/ice/fin/nor
361X,Gynecological laparoscopy or sterilization in laparatomy,Gynecological laparoscopy or sterilization in laparatomy,13.0,est/lat/ice/fin/nor
362O,"Laparoscopic or other endoscopic sterilization, short therapy","Laparoscopic or other endoscopic sterilization, short therapy",13.0,est/swe/lat/ice/fin/nor
362X,Laparoscopic or other endoscopic sterilization,Laparoscopic or other endoscopic sterilization,13.0,est/swe/lat/ice/fin/nor
363C,"D&C, conization & radio-implant, for malignancy, w CC","D&C, conization & radio-implant, for malignancy, w CC",13.0,swe
363N,"D&C, conization & radio-implant, for malignancy, w/o CC","D&C, conization & radio-implant, for malignancy, w/o CC",13.0,swe
363X,"D&c, conization & radio-implant, for malignancy","D&c, conization & radio-implant, for malignancy",13.0,est/lat/ice/fin/nor
364N,"D&C, conization, for non-malignancy","D&c, conization, for non-malignancy",13.0,swe
364O,"D&C, conization, for non-malignancy , short therapy","D&C, conization, for non-malignancy , short therapy",13.0,est/swe/lat/ice/fin/nor
364X,"D&c, conization, for non-malignancy","D&c, conization, for non-malignancy",13.0,est/lat/ice/fin/nor
365A,Explorative laparatomy in gynecology,Explorative laparatomy in gynecology,13.0,fin
365B,Other female reproductive system o. r. procedures,Other female reproductive system o. r. procedures,13.0,fin
365C,"Other female reproductive system OR procedures, w CC","Other female reproductive system OR procedures, w CC",13.0,swe
365N,"Other female reproductive system OR procedures, w/o CC","Other female reproductive system OR procedures, w/o CC",13.0,swe
365O,"Other female reproductive system OR procedures, short therapy","Other female reproductive system OR procedures, short therapy",13.0,est/swe/lat/ice/fin/nor
365X,Other female reproductive system o. r. procedures,Other female reproductive system o. r. procedures,13.0,est/lat/ice/nor
366C,"Malignancy, female reproductive system, w CC","Malignancy, female reproductive system, w CC",13.0,swe
366M,"Malignancy, female reproductive  system, w MCC","Malignancy, female reproductive  system, w MCC",13.0,swe
366X,"Malignancy, female reproductive  system w cc","Malignancy, female reproductive  system w cc",13.0,est/lat/ice/fin/nor
367A,Radiotherapy for malignancy of female reproductive  system w/o cc,Radioth for malign of fema reprod  syst w/o cc,13.0,fin
367B,Standard cytostatic therapy for recidive of malignancy in female reproductive  system w/o cc,Stand cytost ther for recid of mal in fem repr syst w/o cc,13.0,fin
367E,"Malignancy, female reproductive  system w/o cc","Malignancy, female reproductive  system w/o cc",13.0,fin
367O,"Malignancy, female reproductive  system, short therapy","Malignancy, female reproductive  system, short therapy",13.0,nor
367X,"Malignancy, female reproductive  system, w/o CC","Malignancy, female reproductive  system, w/o CC",13.0,est/swe/lat/ice/nor
368C,"Infections, female reproductive system, w CC","Infections, female reproductive system, w CC",13.0,swe
368N,"Infections, female reproductive system, w/o CC","Infections, female reproductive system, w/o CC",13.0,swe
368O,Doctor visits for infections in the area of ​​adnexa-vulva,Doctor visits for infections in the area of ​​adnexa-vulva,13.0,swe
368X,"Infections, female reproductive system","Infections, female reproductive system",13.0,est/lat/ice/fin/nor
369C,"Menstrual  & other female reproductive system disorders,  including endometriosis, w CC    ","Menstrual  & other female reproductive system disorders,  including endometriosis, w CC    ",13.0,swe
369N,"Menstrual & other female reproductive system disorders, including endometriosis, w/o CC               ","Menstrual & other female reproductive system disorders, including endometriosis, w/o CC               ",13.0,swe
369P,"Infertility, short therapy","Infertility, short therapy",98.0,nor
369X,Menstrual & other female reproductive system disorders,Menstrual & other female reproductive system disorders,13.0,est/lat/ice/fin/nor
370B,Cesarean section with complicating preeclampsia,Cesarean section with complicating preeclampsia,14.0,ice/nor
370C,"Cesarean section, w CC","Cesarean section, w CC",14.0,swe/fin
370M,"Cesarean section, w MCC","Cesarean section, w MCC",14.0,swe/fin
370X,Cesarean section w cc,Cesarean section w cc,14.0,est/lat/ice/nor
371O,"Cesarean section, short therapy","Cesarean section, short therapy",14.0,est/swe/lat/ice/fin/nor
371X,"Cesarean section, w/o CC","Cesarean section, w/o CC",14.0,est/swe/lat/ice/fin/nor
372B,Vaginal delivery with complicating preeclampsia,Vaginal delivery with complicating preeclampsia,14.0,ice/nor
372C,"Vaginal delivery, w CC","Vaginal delivery, w CC",14.0,swe/fin
372M,"Vaginal delivery, w MCC","Vaginal delivery, w MCC",14.0,swe/fin
372X,Vaginal delivery w complicating diagnoses,Vaginal delivery w complicating diagnoses,14.0,est/lat/ice/nor
373O,"Vaginal delivery, short therapy","Vaginal delivery, short therapy",14.0,est/swe/lat/ice/fin/nor
373X,"Vaginal delivery, w/o CC","Vaginal delivery, w/o CC",14.0,est/swe/lat/ice/fin/nor
374X,Vaginal delivery with sterilization &/or D&C,Vaginal delivery with sterilization &/or D&C,14.0,est/swe/lat/ice/fin/nor
375X,Vaginal delivery w o. r. proc except steril &/or d&c,Vaginal delivery w o. r. proc except steril &/or d&c,14.0,est/lat/ice/fin/nor
376C,"Postpartum & post abortion diagnoses without OR procedures,  w CC","Postpartum & post abortion diagnoses without OR procedures,  w CC",14.0,swe
376N,"Postpartum & post abortion diagnoses without OR procedures, w/o CC","Postpartum & post abortion diagnoses without OR procedures, w/o CC",14.0,swe
376O,"Doctor visits for postpartum & post abortion diagnoses, without OR procedure","Doctor visits for postpartum & post abortion diagnoses, without OR procedure",14.0,swe
376P,"Doctor visits for malignancy in the area of ​​adnexa-vulva, w CC","Doctor visits for malignancy in the area of ​​adnexa-vulva, w CC",14.0,swe
376Q,"Doctor visits for malignancy in the area of ​​adnexa-vulva, w/o CC","Doctor visits for malignancy in the area of ​​adnexa-vulva, w/o CC",14.0,swe
376X,Postpartum & post abortion diagnoses w/o o. r. procedure,Postpartum & post abortion diagnoses w/o o. r. procedure,14.0,est/lat/ice/fin/nor
377N,Obstetrical problem with other OR procedure,Obstetrical problem with other OR procedure,14.0,est/lat/ice/fin/nor
377O,"Obstetrical problems with other OR procedures or other procedures in general anaesthesia, short therapy              ","Obstetrical problems with other OR procedures or other procedures in general anaesthesia, short therapy              ",14.0,est/swe/lat/ice/fin/nor
377X,Obstetrical problems with other OR procedures or other procedures in general anaesthesia,Obstetrical problems with other OR procedures or other procedures in general anaesthesia,14.0,swe
378N,Operation for ectopic pregnancy,Operation for ectopic pregnancy,14.0,est/swe/lat/ice/fin/nor
379C,"Threatened abortion or premature delivery,  w CC","Threatened abortion or premature delivery,  w CC",14.0,swe
379N,"Threatened abortion or premature delivery, w/o CC","Threatened abortion or premature delivery, w/o CC",14.0,swe
379O,Doctor visits for threatened abortion or premature delivery,Doctor visits for threatened abortion or premature delivery,14.0,swe
379X,Threatened abortion,Threatened abortion,14.0,est/lat/ice/fin/nor
380C,"Abortion without D&C,  w CC                                                                                                    ","Abortion without D&C,  w CC                                                                                                    ",14.0,swe
380N,"Abortion without D&C,  w/o CC                                                                                                    ","Abortion without D&C,  w/o CC                                                                                                    ",14.0,swe
380O,"Abortion without D&C, short therapy                                                                                                  ","Abortion without D&C, short therapy                                                                                                  ",14.0,swe
380X,Abortion w/o d&c,Abortion w/o d&c,14.0,est/lat/ice/fin/nor
381C,"Abortion with D&C, aspiration curettage or hysterotomy,  w CC","Abortion with D&C, aspiration curettage or hysterotomy,  w CC",14.0,swe
381N,"Abortion with D&C, aspiration curettage or hysterotomy, w/o CC","Abortion with D&C, aspiration curettage or hysterotomy, w/o CC",14.0,swe
381O,"Surgery after abortion or child birth, short therapy","Surgery after abortion or child birth, short therapy",14.0,est/swe/lat/ice/fin/nor
381X,"Abortion w d&c, aspiration curettage or hysterotomy","Abortion w d&c, aspiration curettage or hysterotomy",14.0,est/lat/ice/fin/nor
382O,Doctor visits for false labor,Doctor visits for false labor,14.0,swe
382X,False labor,False labor,14.0,est/swe/lat/ice/fin/nor
383N,"Other antepartum diagnoses with medical complications, w/o CC","Other antepartum diagnoses with medical complications, w/o CC",14.0,swe
383O,Doctor visits for antepartum diagnoses with medical complications,Doctor visits for antepartum diagnoses with medical complications,14.0,swe
383X,Other antepartum diagnoses w medical complications,Other antepartum diagnoses w medical complications,14.0,est/lat/ice/fin/nor
384C,"Other antepartum diagnoses, w CC","Other antepartum diagnoses, w CC",14.0,swe
384N,"Other antepartum diagnoses, w/o CC","Other antepartum diagnoses, w/o CC",14.0,swe
384X,Other antepartum diagnoses w/o medical complications,Other antepartum diagnoses w/o medical complications,14.0,est/lat/ice/fin/nor
385A,"Neonate, died within 2 days or transferred to other unit within 5 days","Neonate, died within 2 days or transferred to other unit within 5 days",15.0,est/swe/lat/ice/fin/nor
385B,"Follow-up care of neonatal problems or delayed neonatal problem, birth weight 1000 g or more",Follow-up care of neonatal problems or delayed neonatal prob,15.0,est/swe/lat/ice/fin/nor
385C,"Neonate, arrived during first two days of life, not treated in a NICU, remitted to other hospital with duration of treatment less than 5 days","Neonate, arrived during first two days of life, not treated",15.0,est/swe/lat/ice/fin/nor
386N,"Neonate, birthweight  under 1000 g","Neonate, birthweight  under 1000 g",15.0,est/swe/lat/ice/fin/nor
387N,"Neonate, birthweight 1000-1499 g","Neonate, birthweight 1000-1499 g",15.0,est/swe/lat/fin/nor
388A,"Neonate, birthweight 1500-2499 g or other immaturity with multiple problems","Neonate, birthweight 1500-2499 g or other immaturity with multiple problems",15.0,est/swe/lat/ice/fin/nor
388B,"Neonate, birthweight 1500-2499 g or other immaturity without multiple problems","Neonate, birthweight 1500-2499 g or other immaturity without multiple problems",15.0,est/swe/lat/ice/fin/nor
388C,Respiratory distress syndrome of premature infant                  ,Respiratory distress syndrome of premature infant                  ,15.0,est/swe/lat/ice/fin/nor
389A,"Neonate, birthweight 1500 g or more,  with major operation","Neonate, birthweight 1500 g or more,  with major operation",15.0,est/swe/lat/ice/fin/nor
389B,"Neonate, birthweight 2500 g or more, with multiple problems","Neonate, birthweight 2500 g or more, with multiple problems",15.0,est/swe/lat/ice/fin/nor
389C,Respiratory distress syndrome of mature infant                  ,Respiratory distress syndrome of mature infant                  ,15.0,est/swe/lat/ice/fin/nor
390X,"Neonate, birthweight 2500 g or more, with other significant problem","Neonate, birthweight 2500 g or more, with other significant problem",15.0,est/swe/lat/ice/fin/nor
391O,Normal  newborn discharged home same day,Normal  newborn discharged home same day,15.0,nor
391X,Normal newborn,Normal newborn,15.0,est/swe/lat/ice/fin/nor
392X,Splenectomy age > 17,Splenectomy age > 17,16.0,est/lat/ice/fin/nor
393N,Splenectomy,Splenectomy,16.0,swe
393O,"Splenectomy, short therapy","Splenectomy, short therapy",16.0,nor
393X,Splenectomy age 0-17,Splenectomy age 0-17,16.0,est/lat/ice/fin/nor
394O,"Other OR procedures of the blood and blood forming organs, short therapy   ","Other OR procedures of the blood and blood forming organs, short therapy   ",16.0,est/swe/lat/ice/fin/nor
394X,Other OR procedures of the blood and blood forming organs         ,Other OR procedures of the blood and blood forming organs         ,16.0,est/swe/lat/ice/fin/nor
395C,"Anemia and other red blood cell disorders, age >17,  w CC","Anemia and other red blood cell disorders, age >17,  w CC",16.0,swe
395M,"Anemia and other red blood cell disorders, age >17,  w MCC","Anemia and other red blood cell disorders, age >17,  w MCC",16.0,swe
395N,"Anemia and other red blood cell disorders, age >17,  w/o CC","Anemia and other red blood cell disorders, age >17,  w/o CC",16.0,swe
395O,"Doctor visits for anemia and other red blood cell disorders, age >17","Doctor visits for anemia and other red blood cell disorders, age >17",16.0,swe
395X,Red blood cell disorders > 17,Red blood cell disorders > 17,16.0,est/lat/ice/fin/nor
396O,"Doctor visits for anemia and other red blood cell disorders, age 0-17 ","Doctor visits for anemia and other red blood cell disorders, age 0-17 ",16.0,swe
396X,"Anemia and other red blood cell disorders, age 0-17","Anemia and other red blood cell disorders, age 0-17",16.0,est/swe/lat/ice/fin/nor
397C,"Coagulation disorders, w CC","Coagulation disorders, w CC",16.0,swe
397N,"Coagulation disorders, w/o CC","Coagulation disorders, w/o CC",16.0,swe
397O,Doctor visits for coagulation disorders,Doctor visits for coagulation disorders,16.0,swe
397X,Coagulation disorders,Coagulation disorders,16.0,est/lat/ice/fin/nor
398C,"Reticuloendothelial & immunity disorders, w CC","Reticuloendothelial & immunity disorders, w CC",16.0,swe
398M,"Reticuloendothelial & immunity disorders, w MCC","Reticuloendothelial & immunity disorders, w MCC",16.0,swe
398X,Reticuloendothelial & immunity disorders w cc,Reticuloendothelial & immunity disorders w cc,16.0,est/lat/ice/fin/nor
399X,"Reticuloendothelial & immunity disorders, w/o CC","Reticuloendothelial & immunity disorders, w/o CC",16.0,est/swe/lat/ice/fin/nor
400C,"Lymphoma & leukemia with major OR procedure, w CC","Lymphoma & leukemia with major OR procedure, w CC",17.0,swe
400N,"Lymphoma & leukemia with major OR procedure, w/o CC","Lymphoma & leukemia with major OR procedure, w/o CC",17.0,swe
400X,Lymphoma & leukemia w major o. r. procedure,Lymphoma & leukemia w major o. r. procedure,17.0,est/lat/ice/fin/nor
401X,"Lymphoma & non-acute leukemia with other OR procedure, w CC","Lymphoma & non-acute leukemia with other OR procedure, w CC",17.0,est/swe/lat/ice/fin/nor
402O,"Lymphoma & non-acute leukemia with OR procedures, short therapy","Lymphoma & non-acute leukemia with OR procedures, short therapy",17.0,est/swe/lat/ice/fin/nor
402X,"Lymphoma & non-acute leukemia with other OR procedure, w/o CC","Lymphoma & non-acute leukemia with other OR procedure, w/o CC",17.0,est/swe/lat/ice/fin/nor
403C,"Lymphoma & non-acute leukemia, w CC","Lymphoma & non-acute leukemia, w CC",17.0,swe
403M,"Lymphoma & non-acute leukemia, w MCC","Lymphoma & non-acute leukemia, w MCC",17.0,swe
403X,Lymphoma & non-acute leukemia w cc,Lymphoma & non-acute leukemia w cc,17.0,est/lat/ice/fin/nor
404A,"Lymphoma & non-acute leukemia w/o cc, radationtherapy","Lymphoma & non-acute leukemia w/o cc, radationtherapy",17.0,fin
404B,"Lymphoma & non-acute leukemia w/o cc, isotope therapy","Lymphoma & non-acute leukemia w/o cc, isotope therapy",17.0,fin
404C,"Lymphoma & non-acute leukemia w/o cc, cytostatic therapy","Lymphoma & non-acute leukemia w/o cc, cytostatic therapy",17.0,fin
404F,Lymphoma & non-acute leukemia w/o cc,Lymphoma & non-acute leukemia w/o cc,17.0,fin
404O,"Lymphoma & leukemia, short therapy","Lymphoma & leukemia, short therapy",17.0,swe/nor
404X,Lymphoma & non-acute leukemia w/o cc,Lymphoma & non-acute leukemia w/o cc,17.0,est/swe/lat/ice/nor
405C,"Acute leukemia without major OR procedure, age 0-17,  w CC","Acute leukemia without major OR procedure, age 0-17,  w CC",17.0,swe
405N,"Acute leukemia without major OR procedure, age 0-17,  w/o CC","Acute leukemia without major OR procedure, age 0-17,  w/o CC",17.0,swe
405O,"Doctor visits for acute leukemia without major OR procedure, age 0-17","Doctor visits for acute leukemia without major OR procedure, age 0-17",17.0,swe
405X,Acute leukemia w/o major o. r. procedure age 0-17,Acute leukemia w/o major o. r. procedure age 0-17,17.0,est/lat/ice/fin/nor
406X,Myeloprolif disord or poorly diff neopl w major o. r. procedures and w cc,Myeloprolif disord or poorly diff neopl w major o. r. proced,17.0,est/lat/ice/fin/nor
407N,Myeloproliferative diseases and unspecified neoplasms with major OR procedure   ,Myeloproliferative diseases and unspecified neoplasms with major OR procedure   ,17.0,swe
407O,"Myeloproliferative diseases and unspecified neoplasms with major OR procedure, short therapy     ","Myeloproliferative diseases and unspecified neoplasms with major OR procedure, short therapy     ",17.0,est/swe/lat/ice/fin/nor
407X,Myeloprolif disord or poorly diff neopl w major o. r. proc but w/o cc,Myeloprolif disord or poorly diff neopl w major o. r. proc b,17.0,est/lat/ice/fin/nor
408C,"Myeloproliferative diseases and unspecified neoplasms with other OR procedure, w CC    ","Myeloproliferative diseases and unspecified neoplasms with other OR procedure, w CC    ",17.0,swe
408N,"Myeloproliferative diseases and unspecified neoplasms with other OR procedure, w/o CC","Myeloproliferative diseases and unspecified neoplasms with other OR procedure, w/o CC",17.0,swe
408O,"Myeloproliferative diseases and unspecified neoplasms with other OR procedure in general anaesthesia, short therapy   ","Myeloproliferative diseases and unspecified neoplasms with other OR procedure in general anaesthesia, short therapy   ",17.0,est/swe/lat/ice/fin/nor
408X,Myeloprolif disord or poorly diff neopl w other o. r. proc,Myeloprolif disord or poorly diff neopl w other o. r. proc,17.0,est/lat/ice/fin/nor
409C,"Radiotherapy, w CC","Radiotherapy, w CC",17.0,swe
409N,"Radiotherapy, w/o CC","Radiotherapy, w/o CC",17.0,swe
409O,"Radiotherapy, short therapy","Radiotherapy, short therapy",17.0,est/lat/ice/fin
409X,Radiotherapy,Radiotherapy,17.0,est/lat/ice/fin
410O,"Chemotherapy without acute leukemia as secondary diagnosis, short therapy","Chemotherapy without acute leukemia as secondary diagnosis, short therapy",17.0,swe/ice/fin
410X,Chemotherapy w/o acute leukemia as secondary diagnosis,Chemotherapy w/o acute leukemia as secondary diagnosis,17.0,est/swe/lat/ice/fin/nor
411N,"History of malignancy without endoscopy, w/o CC           ","History of malignancy without endoscopy, w/o CC           ",17.0,est/swe/lat/ice/fin/nor
411O,Doctor visits for malignancy investigation,Doctor visits for malignancy investigation,17.0,swe
413C,"Myeloproliferative diseases and unspecified neoplasms, w CC","Myeloproliferative diseases and unspecified neoplasms, w CC",17.0,swe
413M,"Myeloproliferative diseases and unspecified neoplasms, w MCC","Myeloproliferative diseases and unspecified neoplasms, w MCC",17.0,swe
413X,Other myeloprolif dis of poorly diff neopl diag w cc,Other myeloprolif dis of poorly diff neopl diag w cc,17.0,est/lat/ice/fin/nor
414X,"Myeloproliferative diseases and unspecified neoplasms, w/o CC    ","Myeloproliferative diseases and unspecified neoplasms, w/o CC    ",17.0,est/swe/lat/ice/fin/nor
415C,"Procedures for infectious & parasitic diseases, w CC","Procedures for infectious & parasitic diseases, w CC",18.0,swe
415M,"Procedures for infectious & parasitic diseases,  w MCC  ","Procedures for infectious & parasitic diseases,  w MCC  ",18.0,swe
415N,"Procedures for infectious & parasitic diseases, w/o CC  ","Procedures for infectious & parasitic diseases, w/o CC  ",18.0,swe
415O,"Procedures for infectious & parasitic diseases, short therapy","Procedures for infectious & parasitic diseases, short therapy",18.0,est/swe/lat/ice/fin/nor
415X,Procedure for infectious & parasitic diseases,Procedure for infectious & parasitic diseases,18.0,est/lat/ice/fin/nor
416C,"Septicemia, age > 17, w CC","Septicemia, age > 17, w CC",18.0,swe
416M,"Septicemia, age > 17, w MCC","Septicemia, age > 17, w MCC",18.0,swe
416N,"Septicemia, age > 17, w/o CC","Septicemia, age > 17, w/o CC",18.0,est/swe/lat/ice/fin/nor
416O,Doctor visits for septicemia,Doctor visits for septicemia,18.0,swe
417N,"Septicemia, age  0-17, w/o CC","Septicemia, age  0-17, w/o CC",18.0,est/swe/lat/ice/fin/nor
418C,"Postoperative & post-traumatic infections, w CC","Postoperative & post-traumatic infections, w CC",18.0,swe
418M,"Postoperative & post-traumatic infections, w MCC","Postoperative & post-traumatic infections, w MCC",18.0,swe
418N,"Postoperative & post-traumatic infections, w/o CC","Postoperative & post-traumatic infections, w/o CC",18.0,swe
418O,Doctor visits for postoperative & post-traumatic infections,Doctor visits for postoperative & post-traumatic infections,18.0,swe
418X,Postoperative & post-traumatic infections,Postoperative & post-traumatic infections,18.0,est/lat/ice/fin/nor
419X,Fever of unknown origin age > 17 w cc,Fever of unknown origin age > 17 w cc,18.0,est/lat/ice/fin/nor
420C,"Fever of unknown origin, w CC","Fever of unknown origin, w CC",18.0,swe
420M,"Fever of unknown origin, w MCC","Fever of unknown origin, w MCC",18.0,swe
420N,"Fever of unknown origin, w/o CC","Fever of unknown origin, w/o CC",18.0,swe
420O,Doctor visits for fever of unknown origin,Doctor visits for fever of unknown origin,18.0,swe
420X,Fever of unknown origin age > 17 w/o cc,Fever of unknown origin age > 17 w/o cc,18.0,est/lat/ice/fin/nor
421C,"Viral infections, w CC","Viral infections, w CC",18.0,swe
421M,"Viral infections, w MCC","Viral infections, w MCC",18.0,swe
421N,"Viral infections, w/o CC","Viral infections, w/o CC",18.0,swe
421O,Doctor visits for viral infections,Doctor visits for viral infections,18.0,swe
421X,"Viral illness, age >17","Viral illness, age >17",18.0,est/lat/ice/fin/nor
422X,Viral illness & fever of unknown origin age 0-17,Viral illness & fever of unknown origin age 0-17,18.0,est/lat/ice/fin/nor
423C,"Other infectious & parasitic diseases,  w CC","Other infectious & parasitic diseases,  w CC",18.0,swe
423M,"Other infectious & parasitic diseases, w MCC","Other infectious & parasitic diseases, w MCC",18.0,swe
423N,"Other infectious & parasitic diseases, w/o CC","Other infectious & parasitic diseases, w/o CC",18.0,swe
423X,Other infectious & parasitic diseases diagnoses,Other infectious & parasitic diseases diagnoses,18.0,est/lat/ice/fin/nor
424N,OR procedures with principal diagnos of mental illness or abuse,OR procedures with principal diagnos of mental illness or abuse,19.0,est/swe/lat/ice/fin/nor
424O,"O. r. procedure w principal diagnosis of mental illness, short therapy","O. r. procedure w principal dx of mental illness, sh th",19.0,est/swe/lat/ice/nor/fin
426A,"Bipolar disorders, age <60 yrs","Bipolar disorders, age <60 yrs",19.0,est/lat/ice/nor
426B,"Bipolar disorders, age >59 yrs","Bipolar disorders, age >59 yrs",19.0,est/lat/ice/nor
426C,"Other mood disorders, age <60 yrs","Other mood disorders, age <60 yrs",19.0,est/lat/ice/nor
426D,"Other mood disorders, age >59 yrs","Other mood disorders, age >59 yrs",19.0,est/lat/ice/nor
427A,Anxiety disorders,Anxiety disorders,19.0,est/lat/ice/nor
427B,Enduring personality changes,Enduring personality changes,19.0,est/lat/ice/nor
427C,Acute stress reaction,Acute stress reaction,19.0,est/lat/ice/nor
427D,Other neuroses,Other neuroses,19.0,est/lat/ice/nor
428N,Disorders of personality,Disorders of personality,19.0,est/lat/ice/nor
429A,Organic disturbances w cc,Organic disturbances w cc,19.0,est/swe/lat/ice/nor
429B,Organic disturbances w/o cc,Organic disturbances w/o cc,19.0,est/swe/lat/ice/nor
430A,"Schizophrenia, age < 30 yrs","Schizophrenia, age < 30 yrs",19.0,est/swe/lat/ice/nor
430B,"Schizophrenia, age  30-59 yrs","Schizophrenia, age  30-59 yrs",19.0,est/lat/ice/nor
430C,"Schizophrenia, > 59 yrs","Schizophrenia, > 59 yrs",19.0,est/lat/ice/nor
430D,Chronic non-schizophrenic psychosis,Chronic non-schizophrenic psychosis,19.0,est/lat/ice/nor
430E,Short term non-scizophrenic psychosis,Short term non-scizophrenic psychosis,19.0,est/lat/ice/nor
430F,Other psychotic syndromes,Other psychotic syndromes,19.0,est/lat/ice/nor
431A,Mental retardation,Mental retardation,19.0,est/lat/ice/nor
431B,Neuropsychiatric disorders,Neuropsychiatric disorders,19.0,est/lat/ice/nor
431C,Other childhood mental disorders,Other childhood mental disorders,19.0,est/lat/ice/nor
432A,Eating disorders,Eating disorders,19.0,est/lat/ice/fin/nor
432B,Other specific mental disorders,Other specific mental disorders,19.0,est/lat/ice/nor
432C,Other unspecific mental disorders,Other unspecific mental disorders,19.0,est/lat/ice/fin/nor
432M,Psychiatric inpatient rehabilitation,Psychiatric inpatient rehabilitation,19.0,est/lat/ice
432N,Psychiatric longterm care,Psychiatric longterm care,19.0,est/lat/ice/fin
432O,"Eating disorders, short therapy","Eating disorders, short therapy",19.0,fin
436A,Other abuse disorders with cc,Other abuse disorders with cc,19.0,est/lat/ice/nor
436B,Other abuse disorders w/o cc,Other abuse disorders w/o cc,19.0,est/lat/ice/nor
436C,Abuse psychosis,Abuse psychosis,19.0,est/lat/ice/nor
436M,"Abuse or dependency of alcohol/drugs without psychosis, w MCC","Abuse or dependency of alcohol/drugs without psychosis, w MCC",19.0,swe
436N,"Abuse or dependency of alcohol/drugs without psychosis, w/o CC","Abuse or dependency of alcohol/drugs without psychosis, w/o CC",19.0,swe
439O,"Skin grafts for injuries, short therapy","Skin grafts for injuries, short therapy",21.0,est/swe/lat/ice/fin/nor
439X,Skin grafts for injuries,Skin grafts for injuries,21.0,est/swe/lat/ice/fin/nor
441NA,Other hand procedures for injuries,Other hand procedures for injuries,21.0,nor
441NB,Replantation procedures for hand injury,Replantation procedures for hand injury,21.0,nor
441O,"Hand procedures for injuries, short therapy","Hand procedures for injuries, short therapy",21.0,est/swe/lat/ice/fin/nor
441X,Hand procedures for injuries,Hand procedures for injuries,21.0,est/swe/lat/ice/fin
442O,"Other major OR procedures  after injuries, short therapy","Other major OR procedures  after injuries, short therapy",21.0,est/swe/lat/ice/fin/nor
442X,Other o. r. procedures for injuries w cc,Other o. r. procedures for injuries w cc,21.0,est/lat/ice/fin/nor
443C,"Other major OR procedures in general anaesthesia for injuries,  w CC","Other major OR procedures in general anaesthesia for injuries,  w CC",21.0,swe
443M,"Other major OR procedures after injuries,  w MCC ","Other major OR procedures after injuries,  w MCC ",21.0,swe
443N,"Other major OR procedures in general anaesthesia for injuries, w/o CC","Other major OR procedures in general anaesthesia for injuries, w/o CC",21.0,swe
443O,"Other major OR procedures in general anaesthesia for injuries,  short therapy","Other major OR procedures in general anaesthesia for injuries,  short therapy",21.0,est/swe/lat/ice/fin/nor
443X,Other o. r. procedures for injuries w/o cc,Other o. r. procedures for injuries w/o cc,21.0,est/lat/ice/fin/nor
444X,"Traumatic injury, age > 17 w cc","Traumatic injury, age > 17 w cc",21.0,est/lat/ice/fin/nor
445C,"Traumatic injuries, w CC","Traumatic injuries, w CC",21.0,swe
445M,"Traumatic injuries, w MCC","Traumatic injuries, w MCC",21.0,swe
445N,"Traumatic injuries, w/o CC","Traumatic injuries, w/o CC",21.0,swe
445O,Doctor visits for injuries,Doctor visits for injuries,21.0,swe
445X,"Traumatic injury, age > 17 w/o cc","Traumatic injury, age > 17 w/o cc",21.0,est/lat/ice/fin/nor
446X,"Traumatic injury, age 0-17","Traumatic injury, age 0-17",21.0,est/lat/ice/fin/nor
447X,"Allergic reactions, age > 17","Allergic reactions, age > 17",21.0,est/lat/ice/fin/nor
448C,"Allergic reactions, w CC","Allergic reactions, w CC",21.0,swe
448N,"Allergic reactions,  w/o CC","Allergic reactions,  w/o CC",21.0,swe
448O,Doctor visits for allergic reactions,Doctor visits for allergic reactions,21.0,swe
448X,"Allergic reactions, age 0-17","Allergic reactions, age 0-17",21.0,est/lat/ice/fin/nor
449X,"Poisoning & toxic effects of drugs, age > 17 w cc","Poisoning & toxic effects of drugs, age > 17 w cc",21.0,est/lat/ice/fin/nor
450C,"Poisoning & toxic effects of drugs,  w CC","Poisoning & toxic effects of drugs,  w CC",21.0,swe
450M,"Poisoning & toxic effects of drugs, w MCC","Poisoning & toxic effects of drugs, w MCC",21.0,swe
450N,"Poisoning & toxic effects of drugs, w/o CC","Poisoning & toxic effects of drugs, w/o CC",21.0,swe
450O,Doctor visits for poisonings & toxic effects of drugs,Doctor visits for poisonings & toxic effects of drugs,21.0,swe
450X,"Poisoning & toxic effects of drugs, age > 17 w/o cc","Poisoning & toxic effects of drugs, age > 17 w/o cc",21.0,est/lat/ice/fin/nor
451X,"Poisoning & toxic effects of drugs, age 0-17","Poisoning & toxic effects of drugs, age 0-17",21.0,est/lat/ice/fin/nor
452A,Complications of treatment w surgery w cc,Complications of treatment w surgery w cc,21.0,est/lat/fin/nor
452B,Complications of treatment w/o surgery w cc,Complications of treatment w/o surgery w cc,21.0,est/lat/ice/fin/nor
452C,"Complications of treatment with surgery or other procedure, in general anaesthesia, w CC","Complications of treatment with surgery or other procedure, in general anaesthesia, w CC",21.0,swe
452M,"Complications of treatment with surgery or other procedure, in general anaesthesia, w MCC","Complications of treatment with surgery or other procedure, in general anaesthesia, w MCC",21.0,swe
452N,"Complications of treatment with surgery or other procedure, in general anaesthesia, w/o CC","Complications of treatment with surgery or other procedure, in general anaesthesia, w/o CC",21.0,swe
453A,Complications of treatment w surgery w/o cc,Complications of treatment w surgery w/o cc,21.0,est/lat/fin/nor
453B,Complications of treatment w/o surgery w/o cc,Complications of treatment w/o surgery w/o cc,21.0,est/lat/fin/nor
453C,"Complications of treatment without  surgery,  w CC","Complications of treatment without  surgery,  w CC",21.0,swe
453M,"Complications of treatment without surgery, w MCC","Complications of treatment without surgery, w MCC",21.0,swe
453N,"Complications of treatment without surgery,  w/o CC","Complications of treatment without surgery,  w/o CC",21.0,swe
453O,Doctor visits for complications of treatment without surgery ,Doctor visits for complications of treatment without surgery ,21.0,swe
454C,"Other diseases after injuries, poisoningings & toxic effects,  w CC","Other diseases after injuries, poisoningings & toxic effects,  w CC",21.0,swe
454M,"Other diseases after injuries, poisonings and & toxic effects, w MCC","Other diseases after injuries, poisonings and & toxic effects, w MCC",21.0,swe
454X,"Other injury, poisoning & toxic effect diag w cc","Other injury, poisoning & toxic effect diag w cc",21.0,est/lat/ice/fin/nor
455X,"Other diseases after injuries, poisoningings & toxic effects,  w/o CC","Other diseases after injuries, poisoningings & toxic effects,  w/o CC",21.0,est/swe/lat/ice/fin/nor
456X,"Burns transferred to another acute care facility, duration of care < 6 days","Burns transferred to another acute care facility, duration of care < 6 days",22.0,est/swe/lat/ice/nor
457O,"Doctor visits for extensive burns, without OR procedure","Doctor visits for extensive burns, without OR procedure",22.0,swe
457X,Extensive burns without OR procedure,Extensive burns without OR procedure,22.0,est/swe/lat/ice/fin/nor
458A,Non-extensive burns with skin graft with general anesthesia,Non-extensive burns with skin graft with general anesthesia,22.0,fin
458B,Non-extensive burns with skin graft without general anesthesia,Non-extensive burns with skin graft without general anesthes,22.0,fin
458O,"Non-extensive burns with skin graft, short therapy","Non-extensive burns with skin graft, short therapy",22.0,est/swe/lat/ice/fin/nor
458X,Non-extensive burns with skin graft,Non-extensive burns with skin graft,22.0,est/swe/lat/ice/nor
459O,"Burns with wound debridement or other OR procedures, short therapy","Burns with wound debridement or other OR procedures, short therapy",22.0,est/swe/lat/ice/fin/nor
459X,Non-extensive burns with wound debridement or other OR procedures,Non-extensive burns with wound debridement or other OR procedures,22.0,est/swe/lat/ice/fin/nor
460X,Non-extensive burns without OR procedure,Non-extensive burns without OR procedure,22.0,est/swe/lat/ice/fin/nor
461C,"Other contacts with health services for other diagnoses, with OR procedures, w CC","Other contacts with health services for other diagnoses, with OR procedures, w CC",23.0,swe
461M,"OR procedures performed  during other contacts with health services,  w MCC    ","OR procedures performed  during other contacts with health services,  w MCC    ",23.0,swe
461N,"Other contacts with health services for other diagnoses, with OR procedures, w/o CC","Other contacts with health services for other diagnoses, with OR procedures, w/o CC",23.0,swe
461O,"Other contacts with health services for other diagnoses, with OR procedures or general anaesthesia, short therapy","Other contacts with health services for other diagnoses, with OR procedures or general anaesthesia, short therapy",23.0,est/swe/lat/ice/fin/nor
461X,O. r. proc w diagnoses of other contact w health services,O. r. proc w diagnoses of other contact w health services,23.0,est/lat/ice/fin/nor
462A,Complex rehabilitation,Complex rehabilitation,23.0,nor
462B,Usual rehabilitation,Usual rehabilitation,23.0,nor
462O,"Rehabilitation, short therapy","Rehabilitation, short therapy",23.0,est/swe/lat/ice/fin
462X,"Rehabilitation, unspecified","Rehabilitation, unspecified",23.0,swe/nor
463C,"Signs & symptoms,  w CC","Signs & symptoms,  w CC",23.0,swe
463M,"Signs & symptoms, w MCC","Signs & symptoms, w MCC",23.0,swe
463X,Signs & symptoms w cc,Signs & symptoms w cc,23.0,est/lat/ice/fin/nor
464P,"Pain, short therapy","Pain, short therapy",23.0,nor
464X,"Signs & symptoms, w/o CC","Signs & symptoms, w/o CC",23.0,est/swe/lat/ice/fin/nor
465C,"Aftercare of malignant conditions, w CC","Aftercare of malignant conditions, w CC",23.0,swe
465N,"Aftercare of malignant conditions, w/o CC","Aftercare of malignant conditions, w/o CC",23.0,swe
465X,Aftercare of malignant conditions,Aftercare of malignant conditions,23.0,est/lat/ice/fin/nor
466C,"Aftercare for other conditions, w CC","Aftercare for other conditions, w CC",23.0,swe
466N,"Aftercare for other conditions, w/o CC","Aftercare for other conditions, w/o CC",23.0,swe
466X,Aftercare of other conditions,Aftercare of other conditions,23.0,est/lat/ice/fin/nor
467A,"Other factors influencing health status, age 0-17","Other factors influencing health status, age 0-17",23.0,lat/est
467B,"Other factors influencing health status, age >17","Other factors influencing health status, age >17",23.0,lat/est
467C,"Other factors influencing health status,  w CC","Other factors influencing health status,  w CC",23.0,swe/fin
467M,"Other factors influencing health status, w MCC","Other factors influencing health status, w MCC",23.0,swe
467N,"Other factors influencing health status, w/o CC","Other factors influencing health status, w/o CC",23.0,swe/fin
467X,Other factors influencing health status,Other factors influencing health status,23.0,ice/nor
468C,"Rare or incorrect combination of diagnosis and extensive procedure,  w CC","Rare or incorrect combination of diagnosis and extensive procedure,  w CC",99.0,swe
468M,"Rare or incorrect combination of diagnosis and extensive procedure, w MCC","Rare or incorrect combination of diagnosis and extensive procedure, w MCC",99.0,swe
468N,"Rare or incorrect combination of diagnosis and extensive procedure, w/o CC","Rare or incorrect combination of diagnosis and extensive procedure, w/o CC",99.0,swe
468O,"Rare or incorrect combination of diagnosis and procedure, short therapy","Rare or incorrect combination of diagnosis and procedure, short therapy",99.0,est/swe/lat/ice/fin/nor
468X,Rare or incorrect combination of diagnosis and extensive procedure,extensive rare or wrong comb,99.0,est/lat/ice/fin/nor
470B,Patient is too old for the diagnosis or the intervention,Patient is too old for the diagnosis or the intervention,99.0,swe/ice/fin/est
470C,Patient is too young for the diagnosis or the intervention,Patient is too young for the diagnosis or the intervention,99.0,swe/ice/fin/est
470D,Error in patient age (>125 yrs),Error in patient age (>125 yrs),99.0,swe/ice/fin/est
470E,Principal diagnosis code is invalid,Principal diagnosis code is invalid,99.0,swe/ice/fin/est
470G,Information about gender is missing,Information about gender is missing,99.0,est/swe/lat/ice/fin/nor
470H,False combination of diagnosis and intervention,False combination of diagnosis and intervention,99.0,swe/ice/fin/est
470I,False combination of diagnoses,False combination of diagnoses,99.0,swe/ice/fin/est
470J,New principal diagnosis without specified grouping,New principal diagnosis without specified grouping,99.0,swe/ice/lat/fin
470K,"New principal diagnosis without specified grouping, visit","New principal diagnosis without specified grouping, visit",99.0,swe/ice/fin
470L,Unplanned hospitalisation from planned visit,Unplanned hospitalisation from planned visit,99.0,swe/ice
470M,Administrative intervention without direct contact with patient,Administrative intervention without direct contact with patient,99.0,swe
470O,"Principal diagnosis is missing, visit","Principal diagnosis is missing, visit",99.0,est/swe/lat/ice/fin
470P,"Impossible or unspecified intervention, short therapy","Impossible or unspecified intervention, short therapy",99.0,lat/ice/nor
470Q,"Patient is too old for the diagnosis or intervention, visit","Patient is too old for the diagnosis or intervention, visit",99.0,swe/ice/fin/est
470R,"Patient is too young for the diagnosis or intervention, visit","Patient is too young for the diagnosis or intervention, visit",99.0,swe/ice/fin/nor/est
470S,"Error in patient age (>125 yrs), visit","Error in patient age (>125 yrs), visit",99.0,swe/ice/fin/est
470SN,"Error in age, inpatients","Error in age, inpatients",99.0,swe
470SO,"Error in age, outpatients","Error in age, outpatients",99.0,swe
470U,"Principal diagnosis code is invalid, visit","Principal diagnosis code is invalid, visit",99.0,swe/ice/fin/est
470V,"Information about gender is missing, short therapy","Information about gender is missing, short therapy",99.0,est/swe/lat/ice/fin/nor
470W,"False combination of diagnoses, visit","False combination of diagnoses, visit",99.0,swe/ice/fin/est
470X,Principal diagnosis is missing,Principal diagnosis is missing,99.0,swe/lat/ice/fin/nor/est
470Y,"False combination of diagnosis and intervention, visit","False combination of diagnosis and intervention, visit",99.0,swe/ice/fin/est
470Z,"Contact type or professional category is missing, visit","Contact type or professional category is missing, visit",99.0,swe/ice
471N,Bilateral or multiple major joint procedures of extremities,Bilateral or multiple major joint procedures of extremities,8.0,est/swe/lat/ice/nor
471O,"Intervention not possible for day surgery, short therapy","Intervention not possible for day surgery, short therapy",99.0,swe
471X,Bilateral or multiple major joint procs of lower extremities,Bilateral or multiple major joint procs of lower extremit,8.0,fin
472O,"Extensive burns with OR procedure, short therapy","Extensive burns with OR procedure, short therapy",22.0,est/swe/lat/ice/nor
472X,Extensive burns with OR procedure,Extensive burns with OR procedure,22.0,est/swe/lat/ice/fin/nor
473C,"Acute leukemia without major OR procedure, age, > 17,  w CC","Acute leukemia without major OR procedure, age, > 17,  w CC",17.0,swe
473M,"Acute leukemia without major OR procedure,  age > 17, w MCC","Acute leukemia without major OR procedure,  age > 17, w MCC",17.0,swe
473N,"Acute leukemia without major OR procedure, age, > 17, w/o CC","Acute leukemia without major OR procedure, age, > 17, w/o CC",17.0,swe
473O,"Doctor visits for acute leukemia without major OR procedure, age >17","Doctor visits for acute leukemia without major OR procedure, age >17",17.0,swe
473X,Acute leukemia w/o major o. r. procedure age > 17,Acute leukemia w/o major o. r. procedure age > 17,17.0,est/lat/ice/fin/nor
474N,"Respiratory system diagnosis with PEEP therapy, w/o CC    ","Respiratory system diagnosis with PEEP therapy, w/o CC    ",4.0,swe
475A,Respiratory system diagnosis with respirator therapy,Respiratory system diagnosis with respirator therapy,4.0,lat/ice/fin/nor
475B,Respiratory system diagnosis with PEEP support,Respiratory system diagnosis with PEEP support,4.0,lat/ice/fin/nor
475N,"Respiratory system diagnosis with respirator therapy, w/o CC","Respiratory system diagnosis with respirator therapy, w/o CC",4.0,swe
475O,"Respiratory system diagnosis with respirator therapy, short therapy ","Respiratory system diagnosis with respirator therapy, short therapy ",4.0,swe/lat/ice/fin/nor
477N,Other rare or incorrect combination of principal diagnosis and procedure,Other rare or incorrect combination of principal diagnosis and procedure,99.0,swe
477O,"Other rare or incorrect combination of principal diagnosis and procedure, short therapy","Other rare or incorrect combination of principal diagnosis and procedure, short therapy",14.0,est/swe/lat/ice/fin/nor
477X,Rare or incorrect combination of diagnosis and other procedure,Other rare or wrong comb,99.0,est/lat/ice/fin/nor
478A,Other vascular procedures,Other vascular procedures,5.0,swe
478X,Other vascular procedures w cc,Other vascular procedures w cc,5.0,est/lat/ice/fin/nor
479O,"Other vascular procedures, short therapy","Other vascular procedures, short therapy",5.0,est/swe/lat/ice/fin/nor
479X,Other vascular procedures w/o cc,Other vascular procedures w/o cc,5.0,est/lat/ice/fin/nor
480X,Liver transplantation,Liver transplantation,7.0,est/swe/lat/ice/fin/nor
481A,Other stem cell transfer,Other stem cell transfer,17.0,lat/ice/fin/nor
481B,"Allogenic stem cell transfer, age >18","Allogenic stem cell transfer, age >18",17.0,lat/ice/fin/nor
481C,"Other stem cell transfer, w CC","Other stem cell transfer, w CC",17.0,swe/lat/ice/fin/nor
481N,"Other stem cell transfer, w/o CC","Other stem cell transfer, w/o CC",17.0,swe
481O,"Other stem cell transfer, short therapy","Other stem cell transfer, short therapy",17.0,swe/lat/ice/fin/nor
481P,"Allogenic stem cell transfer, short therapy","Allogenic stem cell transfer, short therapy",17.0,swe/lat/ice/fin/nor
482C,"Tracheostomy for face, mouth & throat diagnoses,  w CC or laryngectomy","Tracheostomy for face, mouth & throat diagnoses,  w CC or laryngectomy",3.0,swe
482N,"Tracheostomy for face, mouth & throat diagnoses, w/o CC","Tracheostomy for face, mouth & throat diagnoses, w/o CC",3.0,swe
482X,"Tracheostomy for face, mouth & neck diagnoses","Tracheostomy for face, mouth & neck diagnoses",3.0,lat/ice/fin/nor
483B,Intensive circulatory support without heart- or lung transplantation,Intensive circulatory support without heart- or lung transplantation,23.0,est/swe/lat/ice/fin/nor
483M,"Tracheostomy except for face, mouth & throat diagnoses, w MCC        ","Tracheostomy except for face, mouth & throat diagnoses, w MCC        ",23.0,swe
483N,"Tracheostomy except for ear, mouth and throat diagnoses, w/o CC","Tracheostomy except for ear, mouth and throat diagnoses, w/o CC",23.0,swe
483X,"Tracheostomy except for face, mouth & neck diagnoses","Tracheostomy except for face, mouth & neck diagnoses",23.0,est/lat/ice/fin/nor
484N,Kraniotomi vid multipelt trauma - new,,24.0,fin
484X,Craniotomy for multiple significant trauma,Craniotomy for multiple significant trauma,24.0,est/swe/lat/ice/nor
485X,"Limb reattachment, hip and femur procedures for multiple significant trauma","Limb reattachment, hip and femur procedures for multiple significant trauma",24.0,est/swe/lat/ice/nor
486A,"Fin - Monivamma, murtuma selkärangassa ja lannerangan, lantion tai reisiluun murtuman vuoksi tehty toimenpide",,21.0,fin
486B,Fin - Monivamma rintakehän ja vatsan alueella ja trauman aiheuttaman vamman edellyttämä kirurginen toimenpide,,21.0,fin
486N,"Fin - Muu monivamma, trauman aiheuttaman vamman edellyttämä kirurginen toimenpide",,21.0,fin
486O,"Reimplantation and other OR procedures for multiple significant trauma, short therapy","Reimplantation and other OR procedures for multiple significant trauma, short therapy",24.0,est/swe/lat/ice/nor
486X,Extensive OR procedures for multiple significant trauma,Extensive OR procedures for multiple significant trauma,24.0,est/swe/lat/ice/nor
487O,Doctor visits for conservative treatment of multiple significant trauma,Doctor visits for conservative treatment of multiple significant trauma,24.0,swe
487X,Other treatment for multiple significant trauma,Other treatment for multiple significant trauma,24.0,est/swe/lat/ice/nor
489X,HIV w major related condition,HIV w major related condition,18.0,est/lat/ice/fin/nor
490A,HIV,HIV,18.0,swe
490O,Doctor visit for hiv,Doctor visit for hiv,18.0,swe
490X,HIV w or w/o other related condition,HIV w or w/o other related condition,18.0,est/lat/ice/fin/nor
491M,"Major joint & limb reattachment procedures of upper extremities, w MCC               ","Major joint & limb reattachment procedures of upper extremities, w MCC               ",8.0,swe
491N,"Major joint & limb reattachment procedures of upper extremities, w/o CC","Major joint & limb reattachment procedures of upper extremities, w/o CC",8.0,swe
491O,"Major joint & limb reattachment procedures of upper extremities, short therapy","Major joint & limb reattachment procedures of upper extremities, short therapy",8.0,est/swe/lat/ice/fin/nor
491X,Major joint & limb reattachment procedures of upper extremitates,Major joint & limb reattachment procedures of upper extremie,8.0,est/lat/ice/fin/nor
492O,"Chemotherapy with acute leukemia as secondary diagnosis, short therapy","Chemotherapy with acute leukemia as secondary diagnosis, short therapy",17.0,est/swe/lat/ice/fin
492X,Chemotherapy w acute leukemia as secondary diagnosis,Chemotherapy w acute leukemia as secondary diagnosis,17.0,est/swe/lat/ice/fin
493C,"Endoscopic or laparoscopic procedures on bilary tract, w CC                                 ","Endoscopic or laparoscopic procedures on bilary tract, w CC                                 ",7.0,swe
493M,"Endoscopic or laparoscopic procedures on bilary tract, w MCC","Endoscopic or laparoscopic procedures on bilary tract, w MCC",7.0,swe
493X,Endoscopic or laparoscopic operation on gallblader with cc,Endoscopic or laparoscopic operation on gallblader with cc,7.0,est/lat/ice/fin/nor
494O,"Endoscopic or laparoscopic procedures on biliary tract, short therapy","Endoscopic or laparoscopic procedures on biliary tract, short therapy",7.0,est/swe/lat/ice/fin/nor
494X,"Endoscopic or laparoscopic procedures on biliary tract, w/o CC","Endoscopic or laparoscopic procedures on biliary tract, w/o CC",7.0,est/swe/lat/ice/fin/nor
495X,Lung transplantation,Lung transplantation,4.0,est/swe/lat/ice/fin/nor
501A,Reconstruction of breast with cc,Reconstruction of breast with cc,30.0,est/lat
501B,Reconstruction of breast w/o cc,Reconstruction of breast w/o cc,30.0,est/lat
501O,"Reconstruction of breast, short therapy","Reconstruction of breast, short therapy",30.0,est/swe/lat/ice/fin/nor
502X,Mastectomy and other reconstruction of breast,Mastectomy and other reconstruction of breast,30.0,est/swe/lat/ice/fin/nor
505,Complicated reconstruction of breast with or without mastectomy,Complicated reconstruction of breast with or without mastectomy,30.0,fin/ice/nor/swe
506,Other reconstruction of breast,Other reconstruction of breast,30.0,fin/ice/nor/swe
509O,"Other procedure for mammary gland diseases, short therapy","Other procedure for mammary gland diseases, short therapy",30.0,est/swe/lat/ice/fin/nor
509X,Other procedures for mammary gland diseases,Other procedures for mammary gland diseases,30.0,est/swe/lat/ice/fin/nor
511A,Knee/ankle primary prosthesis procedures,Knee/ankle primary prosthesis procedures,8.0,swe
511B,Knee/ankle secondary prosthesis procedures,Knee/ankle secondary prosthesis procedures,8.0,swe
512C,"Hip primary prosthesis procedures or with fracture, w CC","Hip primary prosthesis procedures or with fracture, w CC",8.0,swe
512N,"Hip primary prosthesis procedure, w/o CC","Hip primary prosthesis procedure, w/o CC",8.0,swe
513N,"Hip secondary prosthesis procedures, w/o CC                                                                                ","Hip secondary prosthesis procedures, w/o CC                                                                                ",8.0,swe
514C,"Combined anterior/posterior spinal fusion, w CC","Combined anterior/posterior spinal fusion, w CC",8.0,swe
514N,"Combined anterior/posterior spinal fusion, w/o CC","Combined anterior/posterior spinal fusion, w/o CC",8.0,swe
515C,"Infectious arthritis or bursitis, w CC","Infectious arthritis or bursitis, w CC",8.0,swe
515M,"Infectious arthritis or bursitis, w MCC","Infectious arthritis or bursitis, w MCC",8.0,swe
515N,"Infectious arthritis or bursitis, w/o CC","Infectious arthritis or bursitis, w/o CC",8.0,swe
515O,Doctor visits for infectious arthritis or bursitis,Doctor visits for infectious arthritis or bursitis,8.0,swe
516C,"Specific inflammatory arthropathy, w CC","Specific inflammatory arthropathy, w CC",8.0,swe
516M,"Specific inflammatory arthropathy, w MCC","Specific inflammatory arthropathy, w MCC",8.0,swe
516N,"Specific inflammatory arthropathy, w/o CC","Specific inflammatory arthropathy, w/o CC",8.0,swe
516O,Doctor visits for specific inflammatory arthropathy,Doctor visits for specific inflammatory arthropathy,8.0,swe
517C,"Other arthritis, w CC","Other arthritis, w CC",8.0,swe
517N,"Other arthritis, w/o CC","Other arthritis, w/o CC",8.0,swe
517O,Doctor visits for other arthritis,Doctor visits for other arthritis,8.0,swe
518B,"Allogenic stem cell transfer, age 0-17, w/o CC","Allogenic stem cell transfer, age 0-17, w/o CC",17.0,swe
518N,"Allogenic stem cell transfer, age >17, w/o CC","Allogenic stem cell transfer, age >17, w/o CC",17.0,swe
520C,"Obstructive sleep apnoea syndrom, w CC","Obstructive sleep apnoea syndrom, w CC",3.0,swe
520N,"Obstructive sleep apnoea syndrom, w/o CC","Obstructive sleep apnoea syndrom, w/o CC",3.0,swe
520NO,Nor - Poliklinisk konsultasjon vedr søvnapne,Poliklinisk konsultasjon vedrørende søvnapne,3.0,nor
520O,Doctor visits for sleep disorders,Doctor visits for sleep disorders,3.0,swe
520X,Obstructive sleep apnoe syndrom,Obstructive sleep apnoe syndrom,3.0,est/lat/ice/fin/nor
521O,Simple correction of obstructive apnoea,Simple correction of obstructive apnoea,3.0,est/swe/lat/ice/fin/nor
521X,Simple correction of obstructive apnoea,Simple correction of obstructive apnoea,3.0,est/swe/lat/ice/fin/nor
530NX,Major plastic surgery after excessive weight loss (incl post bariatric surgery),Major plastic surgery after excessive weight loss (incl post,9.0,nor
530O,"Plastic surgery after excessive weight loss (incl post bariatric surgery), day surgery",Plastic surgery after excessive weight loss (incl post baria,9.0,nor
530X,General anaesthesia for other problem,General anaesthesia for other problem,23.0,est/lat
531N,"General anaesthesia for neurological problem, except infections and tumours",General anaesthesia for neurological problem,1.0,swe
531NX,Other plastic surgery after excessive weight loss (incl post bariatric surgery),Other plastic surgery after excessive weight loss (incl post,9.0,nor
531X,General anaesthesia for neurological problem,General anaesthesia for neurological problem,1.0,est/lat/ice/fin
550A,"Stroke rehabilitation, patient able to go to tub with help, able to groom, able to wheelchair with help","Stroke rehabilitation, patient able to go to tub with help,",23.0,est/swe/lat/ice/fin
550B,"Stroke rehabilitation, patient able to go to tub with help, able to groom, not able to wheelchair","Stroke rehabilitation, patient able to go to tub with help,",23.0,est/swe/ice/fin
550C,"Stroke rehabilitation, patient able to go to tub with help, at least helped to groom, able to wheelchair with help","Stroke rehabilitation, patient able to go to tub with help,",23.0,est/swe/ice/fin
550D,"Stroke rehabilitation, patient able to go to tub with help, at least helped to groom, not able to wheelchair","Stroke rehabilitation, patient able to go to tub with help,",23.0,est/swe/ice/fin
550E,"Stroke rehabilitation, patient not able to go to tub","Stroke rehabilitation, patient not able to go to tub",23.0,est/swe/ice/fin
551A,"Demyelization disease rehabilitation, patient wheelchair with help","Demyelization disease rehabilitation, patient wheelchair wit",23.0,est/swe/lat/ice/fin
551B,"Demyelization disease rehabilitation, patient not able to wheelchair","Demyelization disease rehabilitation, patient not able to wh",23.0,est/swe/ice/fin
552A,"Spinal cord problem rehabilitation, patient able to wheelchair","Spinal cord problem rehabilitation, patient able to wheelcha",23.0,est/swe/lat/ice/fin
552B,"Spinal cord problem rehabilitation, patient needing at least help to wheelchair, able to eat with help","Spinal cord problem rehabilitation, patient needing at least",23.0,est/swe/ice/fin
552C,"Spinal cord problem rehabilitation, patient needing at least help to wheelchair, not able to eat","Spinal cord problem rehabilitation, patient needing at least",23.0,est/swe/ice/fin
553A,"Brain injury rehabilitation, patient able to go to tub","Brain injury rehabilitation, patient able to go to tub",23.0,est/swe/lat/ice/fin
553B,"Brain injury rehabilitation, patient needing at least help to go to tub","Brain injury rehabilitation, patient needing at least help t",23.0,est/swe/ice/fin
554A,"Brain tumour rehabilitation, patient able to wheelchair with help","Brain tumour rehabilitation, patient able to wheelchair with",23.0,est/swe/lat/ice/fin
554B,"Brain tumour rehabilitation, patient not able to wheelchair","Brain tumour rehabilitation, patient not able to wheelchair",23.0,est/swe/ice/fin
555A,"Other neurological problem rehabilitation, patient able to wheelchair with help","Other neurological problem rehabilitation, patient able to w",23.0,est/swe/lat/ice/fin
555B,"Other neurological problem rehabilitation, patient not able to wheelchair","Other neurological problem rehabilitation, patient not able",23.0,est/swe/ice/fin
556A,"Circulatory or respiratory problem rehabilitation, patient able to wheelchair","Circulatory or respiratory problem rehabilitation, patient a",23.0,est/swe/lat/ice/fin
556B,"Circulatory or respiratory problem rehabilitation, patient needing at least help to wheelchair","Circulatory or respiratory problem rehabilitation, patient n",23.0,est/swe/ice/fin
557A,"CTD rehabilitation, patient able to toilet at least with help, no bowel problems, wheelchair with help","CTD rehabilitation, patient able to toilet at least with hel",23.0,est/swe/lat/ice/fin
557B,"CTD rehabilitation, patient able to toilet at least with help, no bowel problems, not able to wheelchair","CTD rehabilitation, patient able to toilet at least with hel",23.0,est/swe/ice/fin
557C,"CTD rehabilitation, patient able to toilet at least with help, bowel problems","CTD rehabilitation, patient able to toilet at least with hel",23.0,est/swe/ice/fin
557D,"CTD rehabilitation, patient not able to toilet, no bowel problem","CTD rehabilitation, patient not able to toilet, no bowel pro",23.0,est/swe/ice/fin
557E,"CTD rehabilitation, patient not able to toilet, bowel problems","CTD rehabilitation, patient not able to toilet, bowel proble",23.0,est/swe/ice/fin
558A,"Other trauma rehabilitation, toilet at least with help, able to walk","Other trauma reh, toilet at least with help, able to walk",23.0,est/swe/lat/ice/fin
558B,"Other trauma rehabilitation, toilet at least with help, at least help to walk","Oth tr reh, toilet at least with help, at least help to walk",23.0,est/swe/ice/fin
558C,"Other trauma rehabilitation, not able to toilet","Other trauma reh, not able to toilet",23.0,est/swe/ice/fin
559A,"Amputation rehabilitation, able to wheelchair with help","Amputation reh, able to wheelchair with help",23.0,est/swe/lat/ice/fin
559B,"Amputation rehabilitation, not able to wheelchair","Amputation reh, not able to wheelchair",23.0,est/swe/ice/fin
560A,"Other rehabilitation, able to toilet, able to socialize, able to walk with help                                                                              ","Other rehabilitation, able to toilet, able to socialize, able to walk with help                                                                              ",23.0,est/swe/lat/ice/fin
560B,"Other rehabilitation, able to toilet, able to socialize, not able to walk","Other rehabilitation, able to toilet, able to socialize, not able to walk",23.0,est/swe/ice/fin
560C,"Other rehabilitation, able to toilet, socialize needing at least help","Other rehabilitation, able to toilet, socialize needing at least help",23.0,est/swe/ice/fin
560D,"Other rehabilitation, toilet needing at least help, able socialize","Other rehabilitation, toilet needing at least help, able socialize",23.0,est/swe/ice/fin
560E,"Other rehabilitation, toilet needing at least help, socialize needing at least help","Other rehabilitation, toilet needing at least help, socialize needing at least help",23.0,est/swe/ice/fin
570O,"Insertion or replacement of nervous system central stimulation device, short therapy","Insertion or replacement of nervous system central stimulation device, short therapy",1.0,est/swe/lat/ice/fin/nor
570X,Insertion or replacement of nervous system central stimulation device,Insertion or replacement of nervous system central stimulation device,1.0,est/swe/lat/ice/fin/nor
571X,Insertion of intracranial or vagal nerve stimulator,Insertion of intracranial or vagal nerve stimulator,1.0,est/swe/lat/ice/fin
580A,"Fin - Suun alueen ongelma, vuodeosastohoito",,3.0,fin
580B,Fin - Suun alueen tutkimus ilman anestesiaa ja merkittävää kuvantamista,,3.0,fin
580C,Fin - Merkittävä suun alueen kuvantaminen ilman anestesiaa,,3.0,fin
580D,Fin - Laaja suun alueen tutkimus ilman anestesiaa ja merkittävää kuvantamista,,3.0,fin
580E,Fin - Laaja suun alueen tutkimus ilman anestesiaa ja merkittävä kuvantaminen,,3.0,fin
580F,Fin - Suun ja leuan alueen toimenpide ilman anestesiaa ja merkittävää kuvantamista,,3.0,fin
580G,Fin - Suun alueen ongelman hoito yleisanestesiassa,,3.0,fin
580H,Fin - Suun ja leuan alueen toimenpide anestesiassa tai merkittävän kuvantamisen kanssa,,3.0,fin
580K,Fin - Laaja suun ja leuan alueen toimenpide,,3.0,fin
580O,"Fin - Suun alueen ongelma, lyhyt hoito",,3.0,fin
601A,"Bipolar syndrome, age <60, w CC","Bipolar syndrome, age <60, w CC",19.0,swe
601B,"Bipolar syndrome, age <60, w/o CC, primary care","Bipolar syndrome, age <60, w/o CC, primary care",19.0,swe
601C,"Visits for bipolar syndrome, age <60, w CC","Visits for bipolar syndrome, age <60, w CC",19.0,swe
601D,"Visits for bipolar syndrome, age <60, w/o CC","Visits for bipolar syndrome, age <60, w/o CC",19.0,swe
601E,"Bipolar syndrome, age >59, w CC","Bipolar syndrome, age >59, w CC",19.0,swe
601F,"Bipolar syndrome, age >59, w/o CC","Bipolar syndrome, age >59, w/o CC",19.0,swe
601G,"Visits for bipolar syndrome, age >59, w CC","Visits for bipolar syndrome, age >59, w CC",19.0,swe
601H,"Visits for bipolar syndrome, age >59, w/o CC","Visits for bipolar syndrome, age >59, w/o CC",19.0,swe
602A,"Other affective disorders, age <60, w CC","Other affective disorders, age <60, w CC",19.0,swe
602B,"Other affective disorders, age <60, w/o CC","Other affective disorders, age <60, w/o CC",19.0,swe
602C,"Visits for other affective disorders, age <60, w CC","Visits for other affective disorders, age <60, w CC",19.0,swe
602D,"Visits for other affective disorders, age <60, w/o CC","Visits for other affective disorders, age <60, w/o CC",19.0,swe
602E,"Other affective disorders, age >59, w MCC","Other affective disorders, age >59, w MCC",19.0,swe
602F,"Other affective disorders, age >59, w CC","Other affective disorders, age >59, w CC",19.0,swe
602G,"Other affective disorders, age >59, w/o CC","Other affective disorders, age >59, w/o CC",19.0,swe
602H,"Visits for other affective disorders, age >59, w CC","Visits for other affective disorders, age >59, w CC",19.0,swe
602I,"Visits for other affective disorders, age >59, w/o CC","Visits for other affective disorders, age >59, w/o CC",19.0,swe
603A,"Anxiety syndrome, w CC","Anxiety syndrome, w CC",19.0,swe
603B,"Anxiety syndrome, w/o CC","Anxiety syndrome, w/o CC",19.0,swe
603C,"Visits for anxiety syndrome, w CC","Visits for anxiety syndrome, w CC",19.0,swe
603D,"Visits for anxiety syndrome, w/o CC","Visits for anxiety syndrome, w/o CC",19.0,swe
604A,"Maladaptive stress reactions, non-acute, w CC","Maladaptive stress reactions, non-acute, w CC",19.0,swe
604B,"Maladaptive stress reactions, non-acute, w/o CC","Maladaptive stress reactions, non-acute, w/o CC",19.0,swe
604C,"Visits for maladaptive stress reactions, non-acute, w CC","Visits for maladaptive stress reactions, non-acute, w CC",19.0,swe
604D,"Visits for maladaptive stress reactions, non-acute, w/o CC","Visits for maladaptive stress reactions, non-acute, w/o CC",19.0,swe
604E,"Maladaptive stress reactions, acute, w CC","Maladaptive stress reactions, acute, w CC",19.0,swe
604F,"Maladaptive stress reactions, acute, w/o CC","Maladaptive stress reactions, acute, w/o CC",19.0,swe
604G,"Visits for maladaptive stress reactions, acute, w CC","Visits for maladaptive stress reactions, acute, w CC",19.0,swe
604H,"Visits for maladaptive stress reactions, acute, w/o CC","Visits for maladaptive stress reactions, acute, w/o CC",19.0,swe
605A,"Somatoform and dissociative syndromes, w CC","Somatoform and dissociative syndromes, w CC",19.0,swe
605B,"Somatoform and dissociative syndromes, w/o CC","Somatoform and dissociative syndromes, w/o CC",19.0,swe
605C,"Visits for somatoform and dissociative syndromes, w CC","Visits for somatoform and dissociative syndromes, w CC",19.0,swe
605D,"Visits for somatoform and dissociative syndromes, w/o CC","Visits for somatoform and dissociative syndromes, w/o CC",19.0,swe
606A,"Personality disorders, w CC","Personality disorders, w CC",19.0,swe
606B,"Personality disorders, w/o CC","Personality disorders, w/o CC",19.0,swe
606C,"Visits for personality disorders, w CC, short therapy","Visits for personality disorders, w CC, short therapy",19.0,swe
606D,"Visits for personality disorders, w/o CC, short therapy","Visits for personality disorders, w/o CC, short therapy",19.0,swe
607A,"Organic cerebral syndromes, w MCC","Organic cerebral syndromes, w MCC",19.0,swe
607B,"Visits for organic cerebral syndromes, w CC","Visits for organic cerebral syndromes, w CC",19.0,swe
607C,"Visits for organic cerebral syndromes, w/o CC","Visits for organic cerebral syndromes, w/o CC",19.0,swe
608A,"Visits for schizophrenia, age <30, w CC, short therapy ","Visits for schizophrenia, age <30, w CC, short therapy ",19.0,swe
608B,"Visits for schizophrenia, age <30, w/o CC, short therapy ","Visits for schizophrenia, age <30, w/o CC, short therapy ",19.0,swe
608C,"Schizophrenia, age 30-59, w CC","Schizophrenia, age 30-59, w CC",19.0,swe
608D,"Schizophrenia, age 30-59, w/o CC","Schizophrenia, age 30-59, w/o CC",19.0,swe
608F,"Visits for schizophrenia, age 30-59, w CC, short therapy","Visits for schizophrenia, age 30-59, w CC, short therapy",19.0,swe
608G,"Visits for schizophrenia, age 30-59, w/o CC, short therapy","Visits for schizophrenia, age 30-59, w/o CC, short therapy",19.0,swe
608I,"Schizophrenia, age >59, w CC","Schizophrenia, age >59, w CC",19.0,swe
608J,"Schizophrenia, age >59, w/o CC","Schizophrenia, age >59, w/o CC",19.0,swe
608K,"Visits for schizophrenia, age >59, w CC, short therapy","Visits for schizophrenia, age >59, w CC, short therapy",19.0,swe
608L,"Visits for schizophrenia, age >59, w/o CC, short therapy","Visits for schizophrenia, age >59, w/o CC, short therapy",19.0,swe
609A,"Persistent psychoses, without symptoms of schizophrenia, w CC","Persistent psychoses, without symptoms of schizophrenia, w CC",19.0,swe
609B,"Persistent psychoses, without symptoms of schizophrenia, w/o CC","Persistent psychoses, without symptoms of schizophrenia, w/o CC",19.0,swe
609C,"Visits for persistent psychoses, without symptoms of schizophrenia, w CC","Visits for persistent psychoses, without symptoms of schizophrenia, w CC",19.0,swe
609D,"Visits for persistent psychoses, without symptoms of schizophrenia, w/o CC","Visits for persistent psychoses, without symptoms of schizophrenia, w/o CC",19.0,swe
610A,"Acute psychoses without symptoms of schizophrenia, w CC","Acute psychoses without symptoms of schizophrenia, w CC",19.0,swe
610B,"Acute psychoses without symptoms of schizophrenia, w/o CC","Acute psychoses without symptoms of schizophrenia, w/o CC",19.0,swe
610C,"Visits for acute psychoses without symptoms of schizophrenia, w CC","Visits for acute psychoses without symptoms of schizophrenia, w CC",19.0,swe
610D,"Visits for acute psychoses without symptoms of schizophrenia, w/o CC","Visits for acute psychoses without symptoms of schizophrenia, w/o CC",19.0,swe
611A,"Other psychotic syndromes, w CC","Other psychotic syndromes, w CC",19.0,swe
611B,"Other psychotic syndromes, w/o CC","Other psychotic syndromes, w/o CC",19.0,swe
611C,"Visits for other psychotic syndromes, w CC, short therapy","Visits for other psychotic syndromes, w CC, short therapy",19.0,swe
611D,"Visits for other psychotic syndromes, w/o CC, short therapy","Visits for other psychotic syndromes, w/o CC, short therapy",19.0,swe
612A,"Intellectual disability, w CC","Intellectual disability, w CC",19.0,swe
612B,"Intellectual disability, w/o CC","Intellectual disability, w/o CC",19.0,swe
612C,"Visits for intellectual disability, w CC","Visits for intellectual disability, w CC",19.0,swe
612D,"Visits for intellectual disability, w/o CC","Visits for intellectual disability, w/o CC",19.0,swe
613A,"Neuropsychiatric disorders, w CC","Neuropsychiatric disorders, w CC",19.0,swe
613B,"Neuropsychiatric disorders, w/o CC","Neuropsychiatric disorders, w/o CC",19.0,swe
613C,"Visits for neuropsychiatric disorders, w CC, short therapy","Visits for neuropsychiatric disorders, w CC, short therapy",19.0,swe
613D,"Visits for neuropsychiatric disorders, w/o CC, short therapy","Visits for neuropsychiatric disorders, w/o CC, short therapy",19.0,swe
614A,"Other psychiatric disorders with debut in childhood or adolescence, w CC","Other psychiatric disorders with debut in childhood or adolescence, w CC",19.0,swe
614B,"Visits for other psychiatric disorders with debut in childhood or adolescence, w CC, short therapy","Visits for other psychiatric disorders with debut in childhood or adolescence, w CC, short therapy",19.0,swe
614C,"Visits for other psychiatric disorders with debut in childhood or adolescence, w/o CC, short therapy","Visits for other psychiatric disorders with debut in childhood or adolescence, w/o CC, short therapy",19.0,swe
614D,"Other psychiatric disorders with debut in childhood or adolescence, w/o CC","Other psychiatric disorders with debut in childhood or adolescence, w/o CC",19.0,swe
615A,"Eating disorders, w CC","Eating disorders, w CC",19.0,swe
615B,"Eating disorders, w/o CC","Eating disorders, w/o CC",19.0,swe
615C,"Visits for eating disorders, w CC, short therapy","Visits for eating disorders, w CC, short therapy",19.0,swe
615D,"Visits for eating disorders, w/o CC, short therapy","Visits for eating disorders, w/o CC, short therapy",19.0,swe
616A,"Other specified psychiatric problems, w CC","Other specified psychiatric problems, w CC",19.0,swe
616B,"Other specified psychiatric problems, w/o CC","Other specified psychiatric problems, w/o CC",19.0,swe
616C,"Visits for other specified psychiatric problems, w CC, short therapy","Visits for other specified psychiatric problems, w CC, short therapy",19.0,swe
616D,"Visits for other specified psychiatric problems, w/o CC, short therapy","Visits for other specified psychiatric problems, w/o CC, short therapy",19.0,swe
617A,"Unspecified psychiatric problems, w CC","Unspecified psychiatric problems, w CC",19.0,swe
617B,"Unspecified psychiatric problems, w/o CC","Unspecified psychiatric problems, w/o CC",19.0,swe
618A,"Psychiatric care 29-90 days, w MCC","Psychiatric care 29-90 days, w MCC",19.0,swe
618B,"Psychiatric care 29-90 days, w CC","Psychiatric care 29-90 days, w CC",19.0,swe
618C,"Psychiatric care 29-90 days, w/o CC","Psychiatric care 29-90 days, w/o CC",19.0,swe
618D,"Psychiatric care >90 days, w MCC","Psychiatric care >90 days, w MCC",19.0,swe
618E,"Psychiatric care >90 days, w CC","Psychiatric care >90 days, w CC",19.0,swe
618F,"Psychiatric care >90 days, w/o CC","Psychiatric care >90 days, w/o CC",19.0,swe
619A,"Abuse or dependency of alcohol/drugs with psychosis or personality disorder, w CC","Abuse or dependency of alcohol/drugs with psychosis or personality disorder, w CC",19.0,swe
619B,"Abuse or dependency of alcohol/drugs with psychosis or personality disorder, w/o CC","Abuse or dependency of alcohol/drugs with psychosis or personality disorder, w/o CC",19.0,swe
619C,"Visits for abuse or dependency of alcohol/drugs with psychosis or personality disorder, w CC, short therapy","Visits for abuse or dependency of alcohol/drugs with psychosis or personality disorder, w CC, short therapy",19.0,swe
619D,"Visits for abuse or dependency of alcohol/drugs with psychosis or personality disorder, w/o CC, short therapy","Visits for abuse or dependency of alcohol/drugs with psychosis or personality disorder, w/o CC, short therapy",19.0,swe
620A,"Abuse or dependency of alcohol/drugs without psychosis, w CC","Abuse or dependency of alcohol/drugs without psychosis, w CC",19.0,swe
620B,"Visits for abuse or dependency of alcohol/drugs without psychosis, w CC, short therapy","Visits for abuse or dependency of alcohol/drugs without psychosis, w CC, short therapy",19.0,swe
620C,"Abuse or dependency of alcohol/drugs without psychosis, w/o CC","Abuse or dependency of alcohol/drugs without psychosis, w/o CC",19.0,swe
621A,"Home visits for psychological/behavioural disorders and alcohol/drug abuse, w CC, short therapy","Home visits for psychological/behavioural disorders and alcohol/drug abuse, w CC, short therapy",19.0,swe
621B,"Home visits for psychological/behavioural disorders and alcohol/drug abuse, w/o CC, short therapy","Home visits for psychological/behavioural disorders and alcohol/drug abuse, w/o CC, short therapy",19.0,swe
621C,"Other visits for psychological disorders and drug abuse, w CC, short therapy","Other visits for psychological disorders and drug abuse, w CC, short therapy",19.0,swe
621D,"Other visits for psychological disorders and drug abuse, w/o CC, short therapy","Other visits for psychological disorders and drug abuse, w/o CC, short therapy",19.0,swe
701O,"Endoscopy of upper respiratory tract, short therapy","Endoscopy of upper respiratory tract, short therapy",3.0,est/swe/lat/ice/fin/nor
702O,"Endoscopy of lower respiratory tract, short therapy","Endoscopy of lower respiratory tract, short therapy",3.0,est/swe/lat/ice/fin/nor
703O,"Endoscopic insertion of stent to gastrointestinal tract, short therapy","Endoscopic insertion of stent to gastrointestinal tract, short therapy",6.0,est/swe/lat/ice/fin/nor
704O,"Therapeutic enteroscopy, short therapy","Therapeutic enteroscopy, short therapy",6.0,est/swe/lat/ice/fin/nor
706O,"Therapeutic endoscopy of upper gastrointestinal tract, short therapy","Therapeutic endoscopy of upper gastrointestinal tract, short",7.0,est/swe/lat/ice/fin/nor
707O,"Therapeutic rectoscopy, short therapy","Therapeutic rectoscopy, short therapy",6.0,est/swe/lat/ice/fin/nor
707P,"Sclerotherapy/ligature of haemorrhoids, short therapy","Sclerotherapy/ligature of haemorrhoids, short therapy",6.0,est/swe/lat/ice/fin/nor
709O,"Enteroscopy, short therapy","Enteroscopy, short therapy",6.0,est/swe/lat/ice/fin/nor
710O,"Colonoscopy, short therapy","Colonoscopy, short therapy",6.0,est/lat/ice/nor
710P,"Colonoscopy, w CC, short therapy","Colonoscopy, w CC, short therapy",6.0,fin/swe
710Q,"Colonoscopy, w/o CC, short therapy","Colonoscopy, w/o CC, short therapy",6.0,fin/swe
711O,"Endoscopy of upper gastrointestinal tract, short therapy","Endoscopy of upper gastrointestinal tract, short therapy",3.0,est/lat/ice/nor
711P,"Endoscopy of upper gastrointestinal tract, w CC, short therapy","Endoscopy of upper gastrointestinal tract, w CC, short therapy",6.0,fin/swe
711Q,"Endoscopy of upper gastrointestinal tract, w/o CC, short therapy","Endoscopy of upper gastrointestinal tract, w/o CC, short therapy",6.0,fin/swe
712O,"Rectosigmoideoscopy, short therapy","Rectosigmoideoscopy, short therapy",6.0,est/swe/lat/ice/fin/nor
713O,"Endoscopic insertion of stent to biliary tract, short therapy","Endoscopic insertion of stent to biliary tract, short therap",7.0,est/swe/lat/ice/fin/nor
714O,"Therapeutic endoscopy of biliary tract, short therapy","Therapeutic endoscopy of biliary tract, short therapy",7.0,est/swe/lat/ice/fin/nor
715O,"Endoscopy of biliary tract, short therapy","Endoscopy of biliary tract, short therapy",7.0,est/swe/lat/ice/fin/nor
716O,"Therapeutic endoscopy of urinary tract, short therapy","Therapeutic endoscopy of urinary tract, short therapy",11.0,est/swe/lat/ice/fin/nor
717O,"Endoscopy of upper urinary tract, short therapy","Endoscopy of upper urinary tract, short therapy",11.0,est/swe/lat/ice/fin/nor
718O,"Endoscopy of lower urinary tract, short therapy","Endoscopy of lower urinary tract, short therapy",13.0,est/swe/lat/ice/fin/nor
719O,"Endoscopy of female genital tract, short therapy","Endoscopy of female genital tract, short therapy",13.0,est/swe/lat/ice/fin/nor
720O,"Combined gastrointestinal endoscopy, short therapy","Combined gastrointestinal endoscopy, short therapy",6.0,est/lat/ice/nor
720P,"Combined gastrointestinal endoscopy, w CC, short therapy","Combined gastrointestinal endoscopy, w CC, short therapy",6.0,fin/swe
720Q,"Combined gastrointestinal endoscopy, w/o CC, short therapy","Combined gastrointestinal endoscopy, w/o CC, short therapy",6.0,fin/swe
750V,"CNS catheter procedure, short therapy","CNS catheter procedure, short therapy",1.0,swe
751V,"Blockade of nerve for pain, short therapy ","Blockade of nerve for pain, short therapy ",1.0,swe
751W,"Demanding blockade of nerve for pain, short therapy        ","Demanding blockade of nerve for pain, short therapy        ",1.0,swe
753V,"Direct CNS medication, short therapy","Direct CNS medication, short therapy",1.0,swe
754V,"Lumbal puncture, short therapy","Lumbal puncture, short therapy",1.0,swe
755V,"EEG, short therapy","EEG, short therapy",1.0,swe
756V,"EMG or ENG, short therapy","EMG or ENG, short therapy",1.0,swe
757V,"Adjustment of implanted CNS stimulator or shunt, short therapy","Adjustment of implanted CNS stimulator or shunt, short thera",1.0,swe
758P,"Other doctor visits for diseases in the nervous system, w CC","Other doctor visits for diseases in the nervous system, w CC",1.0,swe
758Q,"Other doctor visits for diseases in the nervous system, w/o CC","Other doctor visits for diseases in the nervous system, w/o CC",1.0,swe
758T,"Doctor letters or telephone contacts for neurological diseases, primary care","Doctor letters or telephone contacts for neurological diseases, primary care",1.0,swe
758W,Team visits/conferences for diseases in the nervous system,Team visits/conferences for diseases in the nervous system,1.0,swe
759V,"Major diagnostic ophtalmologic test, short therapy","Major diagnostic ophtalmologic test, short therapy",2.0,swe
760V,"Medication to eye, short therapy","Medication to eye, short therapy",2.0,swe
761V,"Eye biopsy, short therapy","Eye biopsy, short therapy",2.0,swe
762V,"Therapeutic eye procedure, short therapy","Therapeutic eye procedure, short therapy",2.0,swe
762W,"Photodynamic therapy of macular degeneration, short therapy","Photodynamic therapy of macular degeneration, short therapy",2.0,swe
763V,"Other diagnostic ophtalmologic test, short therapy","Other diagnostic ophtalmologic test, short therapy",2.0,swe
764V,"Eye photography, short therapy","Eye photography, short therapy",2.0,swe
765T,Letters or telephone contacts for ophtalmological diseases,Letters or telephone contacts for ophtalmological diseases,2.0,swe
765V,"Other doctors visits for diseases in the eye region, short therapy","Other doctors visits for diseases in the eye region, short therapy",2.0,swe
765W,"Team visits/conferences for ophtalmological diseases, short therapy","Team visits/conferences for ophtalmological diseases, short therapy",2.0,swe
766V,"Major ear, nose and throat procedure, short therapy      ","Major ear, nose and throat procedure, short therapy      ",3.0,swe
767V,"Sleep apnoea examination, short therapy","Sleep apnoea examination, short therapy",3.0,swe
768V,"Examination of mouth and throat motor functions, short therapy","Examination of mouth and throat motor functions, short thera",3.0,swe
769V,"Ear, nose and mouth biopsy, short therapy","Ear, nose and mouth biopsy, short therapy",3.0,swe
770V,"Incisions and sutures for ear, nose and throat lesions, short therapy","Incisions and sutures for ear, nose and throat lesions, short therapy",3.0,swe
771V,"Other ear, nose and throat procedures, short therapy","Other ear, nose and throat procedures, short therapy",3.0,swe
772V,"Hearing improving intervention, short therapy","Hearing improving intervention, short therapy",3.0,swe
773V,"Major audiometry, short therapy","Major audiometry, short therapy",3.0,swe
774V,"Assisting procedure for cochlear implant, short therapy","Assisting procedure for cochlear implant, short therapy",3.0,swe
775V,"Minor audiometry, short therapy","Minor audiometry, short therapy",3.0,swe
776T,Doctor letters or telephone contacts for diseases in the ENT region,Doctor letters or telephone contacts for diseases in the ENT region,3.0,swe
776V,"Other doctor visits  for ear, nose and throat problems, short therapy","Other doctor visits  for ear, nose and throat problems, short therapy",3.0,swe
776W,"Team visits/conferences with team of care providers for diseases in the ENT region, short therapy","Team visits/conferences with team of care providers for diseases in the ENT region, short therapy",3.0,swe
778V,"Thorax puncture, short therapy","Thorax puncture, short therapy",4.0,swe
779V,"Minor lung function investigations, short therapy","Minor lung function investigations, short therapy",4.0,swe
780V,"Other respiratory system interventions, short therapy","Other respiratory system interventions, short therapy",4.0,swe
781T,Doctor letters or telephone contacts for respiratory diseases,Doctor letters or telephone contacts for respiratory diseases,4.0,swe
781V,"Doctor visits for respiratory diseases, short therapy","Doctor visits for respiratory diseases, short therapy",4.0,swe
781W,"Team visits/conferences for respiratory diseases, short therapy","Team visits/conferences for respiratory diseases, short therapy",4.0,swe
783V,"Cardioversion, short therapy","Cardioversion, short therapy",5.0,swe
784V,"Closure of other minor blood vessels, short therapy","Closure of other minor blood vessels, short therapy",5.0,swe
785V,"Transesophageal cardiac stimulation, short therapy","Transesophageal cardiac stimulation, short therapy",5.0,swe
786V,"Combined cardiac examination, short therapy","Combined cardiac examination, short therapy",5.0,swe
787V,"Long term blood pressure and ECG monitoring, short therapy","Long term blood pressure and ECG monitoring, short therapy",5.0,swe
789V,"Cardiac ergometry, short therapy","Cardiac ergometry, short therapy",5.0,swe
790V,"Cardiac ultrasonography, short therapy","Cardiac ultrasonography, short therapy",5.0,swe
791V,"Examination of circulatory physiology, short therapy","Examination of circulatory physiology, short therapy",5.0,swe
793V,"Blood vessel biopsy, short therapy","Blood vessel biopsy, short therapy",5.0,swe
794V,"Blood vessel ultrasonography, short therapy","Blood vessel ultrasonography, short therapy",5.0,swe
795T,Doctor letters or telephone contacts for diseaes in the circulatory organs,Doctor letters or telephone contacts for diseaes in the circulatory organs,5.0,swe
795V,"Other doctor visits for diseaes in the circulatory organs, short therapy","Other doctor visits for diseaes in the circulatory organs, short therapy",5.0,swe
795W,"Team visits/conferences for diseaes in the circulatory organs, short therapy","Team visits/conferences for diseaes in the circulatory organs, short therapy",5.0,swe
797V,"Minor intestinal or abdominal intervention, short therapy","Minor intestinal or abdominal intervention, short therapy",99.0,swe
798V,"Gastrointestinal physiologic test, short therapy","Gastrointestinal physiologic test, short therapy",6.0,swe
799V,"Puncture or biopsy of abdominal organ without endoscopy, short therapy","Puncture or biopsy of abdominal organ without endoscopy, short therapy",6.0,swe
799W,"Punction/biopsy of liver/bile ducts/pancreas, short therapy ","Punction/biopsy of liver/bile ducts/pancreas, short therapy ",7.0,swe
801NH,Nor - Poliklinisk behandling av nevrologiske lidelser med infusjon av særskilte legemidler,,1.0,nor
801NJ,Nor - Poliklinisk kontakt med påfyll av baklofen ved ITB-behandling av dystoni og spastisitet,,1.0,nor
801NP,"CNS cathetrisation, short therapy","CNS cathetrisation, short therapy",1.0,ice
801NR,"Anesthesia for pain, short therapy","Anesthesia for pain, short therapy",1.0,ice/nor
801NS,"Diagnostic interventions for CNS problems, short therapy","Diagnostic interventions for CNS problems, short therapy",1.0,ice
801NT,"Adjustment of inoperated infusion device or shunt, short therapy","Adjustment of inoperated infusion device or shunt, short the",1.0,ice/nor
801NU,"Neuropsychological diagnostic interventions, short therapy","Neuropsychological diagnostic interventions, short therapy",1.0,ice/nor
801NV,"Minor neurological diagnostic intervention, short hterapy","Minor neurological diagnostic intervention, short hterapy",1.0,ice
801NW,Treatment wiht botulinus short therapy,Treatment wiht botulinus short therapy,1.0,nor
801O,"Non-extensive procedure of nervous system, short therapy","Non-extensive procedure of nervous system, short therapy",1.0,est/lat/ice/fin
802FP,"Major diagnostic intervention of the eye, short therapy",,2.0,fin
802NP,"Major diagnostic intervention of the eye, short therapy","Major diagnostic intervention of the eye, short therapy",2.0,ice/nor
802NR,"Biopsy or other minor diagnostic procedure for eye problem, short therapy","Biopsy or other minor diagnostic procedure for eye problem,",2.0,ice
802NS,"Minor outpatient eye therapeutic intervention, short therapy","Minor outpatient eye therapeutic intervention, short therapy",2.0,ice
802NT,"Medication to eye, short therapy","Medication to eye, short therapy",2.0,ice
802NU,Nor - Poliklinisk behandling av AMD og makulaødem med lokal medikamentinjeksjon eller fotodynamisk metode,,2.0,nor
802O,"Non-extensive procedure of eye, short therapy","Non-extensive procedure of eye, short therapy",2.0,est/lat/ice/fin
802V,"Gastrointestinal tube or catheter interventions, short therapy ","Gastrointestinal tube or catheter interventions, short therapy ",6.0,swe
803N,Nor - Annen poliklinisk utredning og behandling av ØNH-tilstander med spesifiserte tiltak,,3.0,nor
803NP,"Major outpatient procedures for ENM problems, short therapy","Major outpatient procedures for ENM problems, short therapy",3.0,ice
803NR,"Diagnostic intervention for sleep apnoe, short therapy","Diagnostic intervention for sleep apnoe, short therapy",3.0,ice/nor
803NS,"ENM biopsy, short therapy","ENM biopsy, short therapy",3.0,ice
803NT,"Other ENM interventions, short therapy","Other ENM interventions, short therapy",3.0,ice/nor
803NU,"Hearing improving interventions, short therapy","Hearing improving interventions, short therapy",3.0,ice/nor
803NV,"Other medical contact for gastrointesteinal problem, short therapy","Other medical contact for gastrointesteinal problem, sh ther",6.0,ice
803NW,"Medical contact with team of care providers for gastrointesteinal problem, short therapy","Medical contact with team of care providers g-i, sh th",6.0,ice
803NY,"Local diagnostic procedures for ENM problems, short therapy","Local diagnostic procedures for ENM problems, short therapy",6.0,ice
803O,"Non-extensive procedure of ear, nose, mouth and throat, short therapy","Non-extensive procedure of ear, nose, mouth and throat, shor",3.0,est/lat/ice/fin
803P,"Other doctor visits for digestive system diseases, w CC","Other doctor visits for digestive system diseases, w CC",3.0,swe
803Q,"Other doctor visits for digestive system diseases, w/o CC","Other doctor visits for digestive system diseases, w/o CC",6.0,swe
803T,Doctor letters or telephone contacts for gastrointestinal diseases,Doctor letters or telephone contacts for gastrointestinal diseases,6.0,swe
803W,Team visits/conferences for gastrointestinal  diseases,Team visits/conferences for gastrointestinal  diseases,6.0,swe
804NP,"Intrathoracal local intervetion, short therapy","Intrathoracal local intervetion, short therapy",4.0,ice/nor
804NR,"Respiratory function measurement, short therapy","Respiratory function measurement, short therapy",4.0,ice/nor
804O,"Non-extensive procedure of respiratory system, short therapy","Non-extensive procedure of respiratory system, short therapy",4.0,est/lat/ice/fin
805NP,"Cardioversion, short therapy","Cardioversion, short therapy",5.0,ice/nor/est/fin/lat
805NR,"Peripheral circulation diagnostic test, short therapy","Peripheral circulation diagnostic test, short therapy",5.0,ice
805NS,"Physiological cardiac diagnostic test, short therapy","Physiological cardiac diagnostic test, short therapy",5.0,ice
805NT,"Oedema therapy, short therapy","Oedema therapy, short therapy",5.0,ice
805O,"Non-extensive procedure of circulatory system, short therapy","Non-extensive procedure of circulatory system, short therapy",5.0,est/lat/ice/fin
805T,Doctor letters or telephone contacts for heptobiliary and pancreatic diseases,Doctor letters or telephone contacts for heptobiliary and pancreatic diseases,7.0,swe
805V,"Other doctor visits for hepatobiliary and pancreatic diseases, short therapy","Other doctor visits for hepatobiliary and pancreatic diseases, short therapy",7.0,swe
805W,"Team visits/conferences for heptobiliary and pancreatic diseases, short therapy","Team visits/conferences for heptobiliary and pancreatic diseases, short therapy",7.0,swe
806NH,Nor - Poliklinisk behandling av mage-tarmlidelser med infusjon av særskilte legemidler,,6.0,nor
806NP,"Minor abdominal procedure in gastroenterology, short therapy","Minor abdominal procedure in gastroenterology, short therapy",6.0,ice/nor
806NR,Gastrointestinal physiological tests,Gastrointestinal physiological tests,6.0,ice/nor
806NS,"Gastrointestinal minor invasive biopsy, short therapy","Gastrointestinal minor invasive biopsy, short therapy",6.0,ice
806O,"Non-extensive procedure of gastrointestinal system and abdomen, short therapy",Non-extensive procedure of gastrointestinal system and abdom,6.0,est/lat/ice/fin
807NP,"Gastrointestinal biopsy for hepatobiliary problem, short therapy","Gastrointestinal biopsy for hepatobiliary problem, short the",7.0,ice/nor
807O,"Non-extensive procedure of liver, biliary system or pancreas, short therapy","Non-extensive procedure of liver, biliary system or pancreas",7.0,est/lat/ice/fin
807V,"Closed intervention on joint or reposition of fracture, short therapy","Closed intervention on joint or reposition of fracture, short therapy",8.0,swe
808NH,Nor - Polikl behandling av revmatologiske lidelser med infusjon av særskilte legemidler,,8.0,nor
808NI,Nor - Ikke-kirurgisk behandling av Dupuytrens kontraktur,,8.0,nor
808NP,"Implantation of sceletal marker, short therapy","Implantation of sceletal marker, short therapy",8.0,ice
808NR,"Intra-articular medication, short therapy","Intra-articular medication, short therapy",8.0,ice
808NS,"Application of prefabricated orthosis, short therapy","Application of prefabricated orthosis, short therapy",8.0,ice
808NT,"Simple incisons and foreign body removals in orthopedics, short therapy","Simple incisons and foreign body removals in orthopedics, sh",8.0,ice
808NU,"Muscle and sceletal biopsies, short therapy","Muscle and sceletal biopsies, short therapy",8.0,ice/nor
808NV,"Puncture of joint, short therapy","Puncture of joint, short threapy",8.0,ice
808NW,"Closed joint or fracture reduction or joint mobilisation, short therapy","Closed joint or fracture reduction or joint mobilisation, sh",8.0,ice/nor
808NY,"Othopaedic bandage, short therapy","Othopaedic bandage, short therapy",8.0,ice/nor
808NZ,"Othopaedic prosthesis testing and check-up, short threapy","Othopaedic prosthesis testing and check-up, short threapy",8.0,ice
808O,"Non-extensive procedure of musculosceletal system & connective tissue, short therapy",Non-extensive procedure of musculosceletal system & connecti,8.0,est/lat/ice/fin/nor
809NH,Nor - Poliklinisk behandling av hudlidelser med infusjon av særskilte legemidler,,9.0,nor
809NJ,Excision or destruction of skin lesion,Excision or destruction of skin lesion,9.0,nor
809NP,"Photodynamic procedure, short therapy","Photodynamic procedure, short therapy",9.0,ice/nor
809NR,"Other procedure with application of light, short therapy","Other procedure with application of light, short therapy",9.0,ice/nor
809NS,"Major wound treatment, short therapy","Major wound treatment, short therapy",9.0,ice/nor
809NT,"Minor skin procedure, short therapy","Minor skin procedure, short therapy",9.0,ice/nor
809O,"Non-extensive procedure of skin or subcutaneous tissue, short therapy","Non-extensive procedure of skin or subcutaneous tissue, shor",9.0,est/lat/ice/fin
809V,"Puncture of deep joint or rinsing of joint, short therapy","Puncture of deep joint or rinsing of joint, short therapy",8.0,swe
810NP,"Liposuction, short therapy","Liposuction, short therapy",10.0,ice
810NR,"Hormone profile registration, short therapy","Hormone profile registration, short therapy",10.0,ice/nor
810NS,"Puncture of endocrine organ, short threrapy","Puncture of endocrine organ, short threrapy",10.0,ice
810O,"Non-extensive procedures of endocrine, nutritional & metabolic disorders, short therapy","Non-extensive procedures of endocrine, nutritional & metabol",10.0,est/lat/ice/fin
810V,"Musculoskeletal puncture for biopsy, short therapy                              ","Musculoskeletal puncture for biopsy, short therapy                              ",8.0,swe
811NP,"Puncture of kidney or retroperitoneum, short therapy","Puncture of kidney or retroperitoneum, short therapy",11.0,ice/nor
811NR,"Urological fysiological examination, short therapy","Urological fysiological examination, short therapy",11.0,ice/nor
811NS,"Minor lower urinary tract procedures, short therapy","Minor lower urinary tract procedures, short therapy",11.0,ice/nor
811O,"Non-extensive procedure of urinary tract, short therapy","Non-extensive procedure of urinary tract, short therapy",11.0,est/lat/ice/fin
811V,"Minor incision of musculoskeletal soft tissue, short therapy","Minor incision of musculoskeletal soft tissue, short therapy",8.0,swe
812NP,"Minor lower urinary tract procedure, short therapy","Minor lower urinary tract procedure, short therapy",12.0,ice/nor
812O,"Non-extensive procedure of male reproductive system, short therapy","Non-extensive procedure of male reproductive system, short t",12.0,est/lat/ice/fin
812V,"Intra articular medication, short therapy","Intra articular medication, short therapy",8.0,swe
813NR,"Minor reproductive medicine outpatient procedure, short therapy","Minor reproductive medicine outpatient procedure, short ther",13.0,ice/nor
813NS,"Gynegologic biopsy, short therapy","Gynegologic biopsy, short therapy",13.0,ice/nor
813NT,"Other minor gynecologic outpatient procedure, short therapy","Other minor gynecologic outpatient procedure, short therapy",13.0,ice/nor
813O,"Non-extensive procedure of female reproductive system, short therapy","Non-extensive procedure of female reproductive system, short",13.0,est/lat/ice/fin
813V,"Orthopedic bandage of extremity, short therapy","Orthopedic bandage of extremity, short therapy",8.0,swe
814NR,"Other delivery related procedure, short therapy","Other delivery related procedure, short therapy",14.0,ice/nor
814NS,Induced abortion,Induced abortion,14.0,fin/nor
814O,"Non-extensive obstetric procedures, short therapy","Non-extensive obstetric procedures, short therapy",14.0,est/lat/ice/fin
814P,Spontaneous or drug induced abortion,Spontaneous or drug induced abortion,14.0,swe/ice/fin/nor
814V,"Extraction of external fixation, short therapy","Extraction of external fixation, short therapy",8.0,swe
815O,"Non-extensive neonatal procedure, short therapy","Non-extensive neonatal procedure, short therapy",15.0,est/lat/ice/fin
815V,"Orthopedic bandage with custom molded splint, short therapy","Orthopedic bandage with custom molded splint, short therapy",8.0,swe
816NP,"Transfusion of other blood components or aferes, short therapy","Transfusion of other blood components or aferes, short thera",16.0,ice/nor
816NR,"Transfusion of erythrocytes or whole blood, short therapy","Transfusion of erythrocytes or whole blood, short therapy",16.0,ice/nor
816O,"Non-extensive procedure of blood and immunological disease, short therapy","Non-extensive procedure of blood and immunological disease,",16.0,est/lat/ice/fin
816V,"Implantation of skeletal marker, short therapy","Implantation of skeletal marker, short therapy",8.0,swe
817NS,"Phlebotomy or rone marrow aspiration or biopsy, short therapy","Phlebotomy or rone marrow aspiration or biopsy, short therap",17.0,ice/nor
817O,"Non-extensive procedure of myeloproliferative disease, short therapy","Non-extensive procedure of myeloproliferative disease, short",17.0,est/lat/ice/fin
817V,"Puncture of other joint, short therapy","Puncture of other joint, short therapy",8.0,swe
818O,"Non-extensive procedure of infectious diseases, short therapy","Non-extensive procedure of infectious diseases, short therap",18.0,est/lat/ice/fin
819O,"Non-extensive procedure of mental illness, short therapy","Non-extensive procedure of mental illness, short therapy",19.0,est/lat/ice/fin
819V,"Other orthopedic bandage, no plaster cast, short therapy","Other orthopedic bandage, no plaster cast, short therapy",8.0,swe
820V,"Orthosis of other joint, short therapy","Orthosis of other joint, short therapy",8.0,swe
821O,"Non-extensive procedure for trauma, short therapy","Non-extensive procedure for trauma, short therapy",21.0,est/lat/ice/fin
821P,"Other doctor visits for diseases of muscles, bones and connective tissue, w CC","Other doctor visits for diseases of muscles, bones and connective tissue, w CC",8.0,swe
821Q,"Other doctor visits for diseases of muscles, bones and connective tissue, w/o CC","Other doctor visits for diseases of muscles, bones and connective tissue, w/o CC",8.0,swe
821T,"Doctor letters and telephone contacts for diseases of muscles, bones and connective tissue","Doctor letters and telephone contacts for diseases of muscles, bones and connective tissue",8.0,swe
821W,"Team visits/conferences for diseases of muscles, bones and connective tissue, short therapy","Team visits/conferences for diseases of muscles, bones and connective tissue, short therapy",8.0,swe
822O,"Non-extensive procedure of burn, short therapy","Non-extensive procedure of burn, short therapy",22.0,est/lat/ice/fin
822P,"Dressing of major burn, short therapy","Dressing of major burn, short therapy",22.0,fin
822V,"Liposuction, short therapy","Liposuction, short therapy",10.0,swe
823NP,"Rehabilitation procedure, short therapy","Rehabilitation procedure, short therapy",23.0,ice
823NR,"Medical analysis of environment, short therapy","Medical analysis of environment, short therapy",23.0,ice
823NS,"Allergy provocation test, short therapy","Allergy provocation test,short therapy",23.0,ice/nor
823NT,"Implantantion of injection gate or pumping device, short therapy","Implantantion of injection gate or pumping device, short the",23.0,ice
823NU,"Hyperbaric oxygen therapy, short therapy","Hyperbaric oxygen therapy, short therapy",23.0,ice/nor
823O,"Non-extensive procedure of other problems, short therapy","Non-extensive procedure of other problems, short therapy",23.0,est/lat/ice/fin
823P,"Non extensive procedure, short therapy","Non extensive procedure, short therapy",23.0,nor
823T,"Desensitization to allergens, short therapy","Desensitization to allergens, short therapy",23.0,nor/swe/fin
823TP,"Desensitization to allergens, primary care","Desensitization to allergens, primary care",23.0,swe
823V,"Diagnostic or therapeutic major intervention using light, short therapy","Diagnostic or therapeutic major intervention using light, short therapy",9.0,swe
824O,"Non-extensive procedure for multiple trauma, short therapy","Non-extensive procedure for multiple trauma, short therapy",24.0,est/lat/ice
824V,"Major dermatologic intervention, except excision/biopsy, short therapy","Major dermatologic intervention, except excision/biopsy, short therapy",9.0,swe
825V,"Skin excision and biopsy, short therapy","Skin excision and biopsy, short therapy",9.0,swe
825W,"Extended skin excision in the head and neck region, short therapy","Extended skin excision in the head and neck region, short therapy",9.0,swe
826V,"Other minor dermatologic interventions, short therapy","Other minor dermatologic interventions, short therapy",9.0,swe
826W,"Medical bath therapy and lubrication of skin, short therapy","Medical bath therapy and lubrication of skin, short therapy",9.0,swe
827V,"Diagnostic or therapeutic minor intervention using light, short therapy","Diagnostic or therapeutic minor intervention using light, short therapy",23.0,swe
828V,"Dressing of wound of skin, short therapy","Dressing of wound of skin, short therapy",9.0,swe
829P,"Other doctor visits for diseases of the skin and subcutaneous tissue, w CC","Other doctor visits for diseases of the skin and subcutaneous tissue, w CC",8.0,swe
829Q,"Other doctor visits for diseases of the skin and subcutaneous tissue, w/o CC","Other doctor visits for diseases of the skin and subcutaneous tissue, w/o CC",8.0,swe
829T,Doctor letters or telephone contacts for dermatologic diseases,Doctor letters or telephone contacts for dermatologic diseases,9.0,swe
829W,"Team visits/conferences for dermatologic diseases, short therapy","Team visits/conferences for dermatologic diseases, short therapy",9.0,swe
830NP,"Incision or puncture of breast, short therapy","Incision or puncture of breast, short therapy",30.0,ice
830O,"Non-extensive procedure of breast, short therapy","Non-extensive procedure of breast, short therapy",30.0,est/lat/ice/fin
830V,"Hormone profile determination, short therapy","Hormone profile determination, short therapy",10.0,swe
831V,"Puncture of endocrine organ, short therapy","Puncture of endocrine organ, short therapy",10.0,swe
832V,"Metabolic examination, short therapy","Metabolic examination, short therapy",10.0,swe
833V,"Diagnostic major endocrine test, short therapy","Diagnostic major endocrine test, short therapy",10.0,swe
834V,"Diagnostic minor endocrine test, short therapy","Diagnostic minor endocrine test, short therapy",10.0,swe
835V,"Nutritional intervention, short therapy","Nutritional intervention, short therapy",10.0,swe
836T,Doctor letters or telephone contacts for endocrine and metabolic diseases,Doctor letters or telephone contacts for endocrine and metabolic diseases,10.0,swe
836V,"Other doctor visits for endocrine and metabolic diseases, short therapy","Other doctor visits for endocrine and metabolic diseases, short therapy",10.0,swe
836W,"Team visits/conferences for endocrine and metabolic diseases, short therapy","Team visits/conferences for endocrine and metabolic diseases, short therapy",10.0,swe
838V,"Puncture of kidney and retroperitoneal space, short therapy","Puncture of kidney and retroperitoneal space, short therapy",11.0,swe
839V,"Major urogenital intervention, short therapy","Major urogenital intervention, short therapy",11.0,swe
840V,"Physiological urinary tract investigations, short therapy    ","Physiological urinary tract investigations, short therapy    ",11.0,swe
841V,"Minor urogenital intervention, short therapy","Minor urogenital intervention, short therapy",11.0,swe
842T,Doctor letters or telephone contacts for diseases in the kidneys and urinary tract  ,Doctor letters or telephone contacts for diseases in the kidneys and urinary tract  ,11.0,swe
842V,Other doctor visits for urinary tract diseases           ,Other doctor visits for urinary tract diseases           ,11.0,swe
842W,Team visits/conferences for diseases in the kidneys and urinary tract  ,Team visits/conferences for diseases in the kidneys and urinary tract  ,11.0,swe
843V,"Biopsy of male genital organs, short therapy","Biopsy of male genital organs, short therapy",12.0,swe/fin
845P,"Doctor visits for other diseases in the male reproductive system, w CC","Doctor visits for other diseases in the male reproductive system, w CC",12.0,swe
845Q,"Doctor visits for male reproductive system diseases, w/o CC ","Doctor visits for male reproductive system diseases, w/o CC ",12.0,swe
845T,Doctor letters or telephone contacts for male reproductive system diagnoses,Doctor letters or telephone contacts for male reproductive system diagnoses,12.0,swe
845W,Team visits/conferences for male reproductive system diagnoses,Team visits/conferences for male reproductive system diagnoses,12.0,swe
846V,"Major reproductive medicine interventions, short therapy","Major reproductive medicine interventions, short therapy",13.0,swe
847V,"Insemination, short therapy","Insemination, short therapy",13.0,swe
848V,"Gynecological biopsy with ultrasound quidance, short therapy","Gynecological biopsy with ultrasound quidance, short therapy",13.0,swe
850A,Nor - Poliklinisk kontakt for ordinær planlegging av stråleterapi,,17.0,nor
850B,Nor - Poliklinisk kontakt for kompleks planlegging av stråleterapi,,17.0,nor
850C,Nor - Poliklinisk kontakt for simulering og annen enklere planlegging av stråleterapi,,17.0,nor
851A,Nor - Poliklinisk ekstern strålebehandling ved svulst i sentralnervesystemet,,1.0,nor
851C,"Nor - Poliklinisk ekstern strålebehandling ved svulst i øre, nese, hals, øye og ansikt",,2.0,nor
851D,Nor - Poliklinisk ekstern strålebehandling ved lungekreft,,4.0,nor
851F,Nor - Poliklinisk ekstern strålebehandling ved kreft i fordøyelsesorganer,,6.0,nor
851J,Nor - Poliklinisk ekstern strålebehandling ved hudkreft,,9.0,nor
851K,Nor - Poliklinisk ekstern strålebehandling ved brystkreft,,1.0,nor
851N,Nor - Poliklinisk ekstern strålebehandling ved svulst i mannlige kjønnsorganer,,12.0,nor
851R,Nor - Poliklinisk ekstern strålebehandling ved kreft i bloddannende organer og lymfatisk vev,,17.0,nor
851V,"Other gynecological interventions, short therapy","Other gynecological interventions, short therapy",13.0,swe
851X,Nor - Poliklinisk ekstern strålebehandling ved andre tilstander,,40.0,nor
852N,Nor - Brakyterapi ved prostatakreft,,12.0,nor
852P,"Other doctor visits for diseases in the area of ​​adnexa-vulva, w CC","Other doctor visits for diseases in the area of ​​adnexa-vulva, w CC",13.0,swe
852Q,"Other doctor visits for diseases in the area of ​​adnexa-vulva, w/o CC","Other doctor visits for diseases in the area of ​​adnexa-vulva, w/o CC",13.0,swe
852T,"Doctor letters or telephone contacts for diseases in the female reproductive system, short therapy","Doctor letters or telephone contacts for diseases in the female reproductive system, short therapy",13.0,swe
852W,"Team visits/conferences for diseases in the female reproductive system, short therapy","Team visits/conferences for diseases in the female reproductive system, short therapy",13.0,swe
852X,Nor - Poliklinisk brakyterapi ved svulst,,40.0,nor
853V,"Puncture of fetus and placenta, short therapy               ","Puncture of fetus and placenta, short therapy               ",14.0,swe
856D,Nor - Poliklinisk medikamentell behandling av lungekreft,,4.0,nor
856F,Nor - Poliklinisk medikamentell behandling av kreft i fordøyelsesorganer,,6.0,nor
856G,"Nor - Poliklinisk medikamentell behandling av kreft i lever, galleveier og bukspyttkjertel",,7.0,nor
856J,Nor - Poliklinisk medikamentell behandling av malignt melanom,,9.0,nor
856K,Nor - Poliklinisk medikamentell behandling av brystkreft,,30.0,nor
856M,Nor - Poliklinisk medikamentell behandling av kreft i nyre og urinveier,,11.0,nor
856N,Nor - Poliklinisk medikamentell behandling av svulst i mannlige kjønnsorganer,,12.0,nor
856O,"Gastrointestinal problem, short observation w/o signifikant procedure","Gastrointestinal problem, short observation w/o sign proc",6.0,nor
856R,Nor - Poliklinisk medikamentell behandling av kreft i bloddannende organer og lymfatisk vev,,17.0,nor
856V,"Obstetric ultrasonography, short therapy","Obstetric ultrasonography, short therapy",14.0,swe
856X,Nor - Poliklinisk medikamentell behandling av andre kreftformer,,40.0,nor
857T,Doctor letters or telephone contacts for obstetrical problems,Doctor letters or telephone contacts for obstetrical problems,14.0,swe
857V,"Other doctor visits during pregnancy, childbirth and puerperium, short therapy","Other doctor visits during pregnancy, childbirth and puerperium, short therapy",14.0,swe
857W,"Team visits/conferences for obstetrical problems, short therapy","Team visits/conferences for obstetrical problems, short therapy",14.0,swe
858T,Doctor letters or telephone contacts for neonatal diseases,Doctor letters or telephone contacts for neonatal diseases,15.0,swe
858V,"Other doctor visits for neonatal diseases, short therapy  ","Other doctor visits for neonatal diseases, short therapy  ",15.0,swe
858W,Team visits/conferences for neonatal diseases,Team visits/conferences for neonatal diseases,15.0,swe
860V,"Other transfusion and coagulation tests, short therapy","Other transfusion and coagulation tests, short therapy",16.0,swe
862B,Dagrehabilitering,,23.0,nor
862O,"Male reproductive problem, short observation w/o signifikant procedure","Male reproductive problem, short observation w/o signifikant",12.0,nor
862V,"Transfusion of erythrocytes or blood, short therapy","Transfusion of erythrocytes or blood, short therapy",16.0,swe
863T,Doctor letters or telephone contacts for hematological diseases,Doctor letters or telephone contacts for hematological diseases,16.0,swe
863V,"Other doctor visits for hematological diseases, short therapy","Other doctor visits for hematological diseases, short therapy",16.0,swe
863W,"Team visits/conferences for hematological diseases, short therapy","Team visits/conferences for hematological diseases, short therapy",16.0,swe
864V,"Major aferesis or blood cell separation, short therapy","Major aferesis or blood cell separation, short therapy",17.0,swe
866V,"Major radiotherapy, short therapy","Major radiotherapy, short therapy",23.0,swe
867V,"Radiotherapy with preparations, short therapy","Radiotherapy with preparations, short therapy",23.0,swe
869V,"Brachytherapy and isotope therapy, short therapy","Brachytherapy and isotope therapy, short therapy",23.0,swe
870V,"Minor aferesis and blood cell separation, short therapy","Minor aferesis and blood cell separation, short therapy",17.0,swe
871V,"Biopsy of bone and bone marrow, short therapy","Biopsy of bone and bone marrow, short therapy",17.0,swe
872V,"Minor radiotherapy, short therapy","Minor radiotherapy, short therapy",23.0,swe
873V,"Preparation for radiotherapy, short therapy","Preparation for radiotherapy, short therapy",23.0,swe
874T,Doctor letters or telephone contacts for unspecified neoplasms and hematologic malignancies,Doctor letters or telephone contacts for unspecified neoplasms and hematologic malignancies,17.0,swe
874V,"Other doctor visits for unspecified neoplasms and hematologic malignancies, short therapy","Other doctor visits for unspecified neoplasms and hematologic malignancies, short therapy",17.0,swe
874W,"Team visits/conferences for unspecified neoplasms and hematologic malignancies, short therapy","Team visits/conferences for unspecified neoplasms and hematologic malignancies, short therapy",17.0,swe
875T,Doctor letters or telephone contacts for infectious diseases,Doctor letters or telephone contacts for infectious diseases,18.0,swe
875V,"Other doctor visits for infectious diseases, short therapy","Other doctor visits for infectious diseases, short therapy",18.0,swe
875W,"Team visits/conferences for infectious diseases, short therapy","Team visits/conferences for infectious diseases, short therapy",18.0,swe
876V,"Psychosocial examination, short therapy","Psychosocial examination, short therapy",19.0,swe
877V,"Electroconvulsive therapy, short therapy","Electroconvulsive therapy, short therapy",19.0,swe
879V,"Psychological light therapy, short therapy ","Psychological light therapy, short therapy ",19.0,swe
880T,Letters or telephone contacts for psychiatric problems and  dependency of drugs,Letters or telephone contacts for psychiatric problems and  dependency of drugs,19.0,swe
880W,"Medical contacts with team of care providers for psychiatric problems and dependency of drugs, short therapy","Medical contacts with team of care providers for psychiatric problems and dependency of drugs, short therapy",19.0,swe
881V,"Forensic examination, short therapy","Forensic examination, short therapy",21.0,swe
882T,Doctor letters or telephone contacts for accidents and poisonings,Doctor letters or telephone contacts for accidents and poisonings,21.0,swe
882V,"Other doctor visits for accidents and intoxikations, short therapy","Other doctor visits for accidents and intoxikations, short therapy",21.0,swe
882W,"Team visits/conferences  for accidents and intoxikations, short therapy","Team visits/conferences  for accidents and intoxikations, short therapy",21.0,swe
883T,Doctor letters or telephone contacts for burns,Doctor letters or telephone contacts for burns,22.0,swe
883V,"Other doctor visits for burns, short therapy","Other doctor visits for burns, short therapy",22.0,swe
883W,"Team visits/conferences for burns, short therapy","Team visits/conferences for burns, short therapy",22.0,swe
884O,Other doctor visits for pain problems,Other doctor visits for pain problems,23.0,swe
884P,Team visits/conferences for pain problems,Team visits/conferences for pain problems,23.0,swe
884T,Doctor letters or telephone contacts for other problems,Doctor letters or telephone contacts for other problems,23.0,swe
884V,"Other medical contact for other problems, short therapy","Other medical contact for other problems, short therapy",23.0,swe
884W,"Team visits/conferences for other problems, short therapy","Team visits/conferences for other problems, short therapy",23.0,swe
884Z,Doctor letters or telephone contacts for pain problems,Doctor letters or telephone contacts for pain problems,23.0,swe
886V,"Incision and puncture of breast, short therapy","Incision and puncture of breast, short therapy",30.0,swe
887T,Doctor letters or telephone contacts for mammary gland diseases,Doctor letters or telephone contacts for mammary gland diseases,30.0,swe
887V,"Other doctor visits for mammary gland diseases, short therapy","Other doctor visits for mammary gland diseases, short therapy",30.0,swe
887W,"Team visits/conferences for mammary gland diseases, short therapy","Team visits/conferences for mammary gland diseases, short therapy",30.0,swe
888V,"Intensive care interventions, short therapy","Intensive care interventions, short therapy",23.0,swe
888W,"Observation at intensive care unit, short therapy","Observation at intensive care unit, short therapy",23.0,swe
890V,"Implantation of pumping device or injection gate, short therapy","Implantation of pumping device or injection gate, short therapy",23.0,swe
891V,"Scintigraphies, short therapy","Scintigraphies, short therapy",40.0,swe
892V,"Check-up before and after bone marrow or stem cell transplantation, short therapy","Check-up before and after bone marrow or stem cell transplantation, short therapy",23.0,swe
893V,Positron emission tomography (PET),Positron emission tomography (PET),40.0,swe
894V,"Allergy or immunodeficiency examination with provocation, short therapy","Allergy or immunodeficiency examination with provocation, short therapy",23.0,swe
895V,"Occupational and environmental examination, short therapy","Occupational and environmental examination, short therapy",23.0,swe
898V,"Cannulation and catheterization of vein, short therapy","Cannulation and catheterization of vein, short therapy",23.0,swe
899V,"Rinsing or removal of drainage, short therapy","Rinsing or removal of drainage, short therapy",23.0,swe
900V,"Major examination of body composition, short therapy","Major examination of body composition, short therapy",23.0,swe
901FA,"Neurologic disease, radiation therapy, short therapy","Neurologic disease, radiation therapy, short therapy",1.0,fin
901FB,"Neurologic disease, stereotactic radiation therapy or isotope therapy, short therapy","Neurologic disease, ster radi ther or isot ther, sh th",1.0,fin
901FD,"Neurologic disease, cytostatic therapy, short therapy","Neurologic disease, cytostatic therapy, short therapy",1.0,fin
901FG,"Neurologic disease, special medical therapy","Neurologic disease, special medical therapy",1.0,fin
901FP,"Diagnostic procedure of central nervous system, head and neck, short therapy","Dx proc of central nervous system, head and neck, short th",1.0,fin
901FQ,"Demanding diagnostic procedure of central nervous system, head and neck, short therapy","Dem dx proc of centr nerv syst, head and neck, sh th",1.0,fin
901O,"Disease of nervous system, short therapy w/o significant procedure","Disease of nervous system, short therapy w/o significant pro",1.0,est/lat/ice/fin/nor
901V,"Ultrasonography, short therapy","Ultrasonography, short therapy",23.0,swe
902FG,"Disease or disorder of the eye, special medical therapy, short therapy","Disease or disorder of the eye, special medical therapy, short th",2.0,fin
902O,"Disease or disorder of the eye, short therapy w/o significant procedure","Disease or disorder of the eye, short therapy w/o significan",2.0,est/lat/ice/fin/nor
902V,"Allergy or immunodeficiency examination, short therapy","Allergy or immunodeficiency examination, short therapy",23.0,swe
903FA,"Disease and disorder of ear, nose, mouth and throat, radiation therapy, short therapy","Disease and disorder of ENMT, rad ther, sh th",3.0,fin
903FB,"Malignancy of ear, nose, mouth and throat, cytostatic therapy, short therapy","Malign of ENMT, cyt ther, sh th",3.0,fin
903FE,"Special medical therapy of ear, nose, moth or throat","Special medical therapy of ear, nose, moth or throat",3.0,fin
903O,"Disease and disorder of ear, nose, mouth and throat, short therapy w/o significant procedure","Disease and disorder of ear, nose, mouth and throat, sho",3.0,est/lat/ice/fin/nor
904FA,"Malignancy of respiratory system, radiation therapy, short therapy","Malign of respiratory system, rad ther, sh th",4.0,fin
904FB,"Malignancy of respiratory system, cytostatic therapy, short therapy","Malign of respiratory system, cytost ther, sh th",4.0,fin
904FE,"Disease or disorder of respiratory system, special medical therapy, short therapy","Dis/disord of respiratory system, spec med ther, sh th",4.0,fin
904O,"Disease and disorder of the respiratory system, short therapy w/o significant procedure","Disease and disorder of the  respiratory system,, sho",4.0,est/lat/ice/fin/nor
905FG,"Fin - Verenkiertosairaus, erityislääkehoito",,5.0,fin
905FP,"Diagnostic procedure of heart, large vessels and other intrathoracal organs, short therapy","Dx invest of heart, large vessels and thor org, sh th",5.0,fin
905FQ,"Demanding diagnostic procedure of heart, large vessels and other intrathoracal organs, short therapy","Demand dx proc of heart, large vessels and thor org, sh th",5.0,fin
905FR,"Diagnostic procedure of periferal vascular system, short therapy","Dx proc of periferal vascular system, sh th",5.0,fin
905FS,"Demanding diagnostic procedure of periferal vascular system, short therapy","Demand dx proc of periferal vascular system, sh th",5.0,fin
905FT,"Diagnostic procedure of lymfatic system, short therapy","Diagnostic procedure of lymfatic system, short therapy",5.0,fin
905O,"Disease or disorder of the circulatory system, short therapy w/o significant procedure","Disease or disorder of the circulatory system, short therapy",5.0,est/lat/ice/fin/nor
905V,"Pacemaker/ICD-check-up, short therapy ","Pacemaker/ICD-check-up, short therapy ",23.0,swe
905W,Check-up on dialysis treatment,Check-up on dialysis treatment,40.0,swe
906FA,"Malignancy of digestive system, radiation therapy, short therapy","Malign of digest syst, rad ther, sh th",6.0,fin
906FB,"Malignancy of digestive system, cytostatic therapy, short therapy","Malign of digest syst, cytost ther, sh th",6.0,fin
906FG,"Disease or disorder of digestive system, special medical therapy, short therapy","Dis/disord of digest syst, spec medic ther",6.0,fin
906FP,"Diagnostic procedure of abdominal, retroperitoneal and pelvic organs, short therapy","Dx proc of abd, retroperit and pelvis, sh th",6.0,fin
906FQ,"Demanding diagnostic procedure of abdominal, retroperitoneal and pelvic organs, short therapy","Demand dx proc of abd, retroperit and pelvis, sh th",6.0,fin
906O,"Disease or disorder of the digestive system, short therapy w/o significant procedure","Disease or disorder of the digestive system, short therapy",6.0,est/lat/ice/fin/nor
907FA,"Malignancy of hepatobiliary system, radiation therapy, short therapy","Malign of hepatobil syst, rad ther, sh th",7.0,fin
907FB,"Malignancy of hepatobiliary system, cytostatic therapy, short therapy","Malign of hepatobil syst, cytost ther, sh th",7.0,fin
907O,"Disease or disorder of the hepatobiliary system, short therapy w/o significant procedure","Disease or disorder of the hepatobiliary system, short thera",7.0,est/lat/ice/fin/nor
907V,"Intravascular medication, short therapy","Intravascular medication, short therapy",23.0,swe
908FA,"Malignancy of musculosceletal system, radiation therapy, short therapy","Malign of musculoscel syst, rad ther, sh th",8.0,fin
908FB,"Malignancy of musculosceletal system, cytostatic therapy, short therapy","Malign of musculoscel syst, cytostat ther, sh th",8.0,fin
908FE,"Disease or disorder of the musculosceletal system, special medical therapy, short therapy","Dis/disord of musculoscel syst, spec med ther, sh th",8.0,fin
908FP,"Diagnostic procedure of musculosceletal system, short therapy","Dx proc of musculosceletal system, short ther",8.0,fin
908FQ,"Demanding diagnostic procedure of musculosceletal system, short therapy","Dem dx proc of musculosceletal system, short ther",8.0,fin
908NR,"Orthopaedic diagnostic ultrasound, short therapy","Orthopaedic diagnostic ultrasound, short therapy",8.0,ice
908O,"Disease or disorder of the musculosceletal system, short therapy w/o significant procedure","Disease or disorder of the musculosceletal system, sh th",8.0,est/lat/ice/fin/nor
908V,"Information and education, short therapy","Information and education, short therapy",23.0,swe
909FA,"Malignancy of skin and subcutaneous tissue, radiation therapy, short therapy","Malign of skin, rad ther, sh th",9.0,fin
909FB,"Malignancy of skin and subcutaneous tissue, cytostatic therapy, short therapy","Malign of skin, cytost ther, sh th",9.0,fin
909FF,"Disease or disorder of skin and subcutaneous tissue, demanding medical therapy, short therapy","Dis/disord of skin & sudcut, dem med ther, sh th",9.0,fin
909O,"Disease or disorder of the skin and subcutaneous tissue system, short therapy w/o significant procedure","Disease or disorder of the skin and subcut tiss syst, sh th",9.0,est/lat/ice/fin/nor
909V,"Picture and sound recording, no radiology, short therapy","Picture and sound recording, no radiology, short therapy",23.0,swe
910FA,"Endocrine malignancy, radiation therapy, short therapy","Endocr malign, rad ther, sh th",10.0,fin
910FB,"Endocrine malignancy, sterotactic or isotope radiation therapy, short therapy","Endocr malign, ster/isotope rad ther, sh th",10.0,fin
910FD,"Endocrine malignancy, cytostatic therapy, short therapy","Endocr malign, cytost ther, sh th",10.0,fin
910FI,"Endocrine, nutritional and metabolic disease or disorder, special demanding medical therapy, short therapy","Enocr/nutr/metab dis/disord, spec dem med ther, sh th",10.0,fin
910FP,"Diagnostic investigation of endocrine system, short therapy","Diagnostic investigation of endocrine system, short therapy",10.0,fin
910O,"Endocrine, nutritional and metabolic disease or disorder, short therapy w/o significant procedure","Endocr, nutr and metab disease or disorder, sh th",10.0,est/lat/ice/fin/nor
910V,"Pharmacologic test of pain reaction, short therapy","Pharmacologic test of pain reaction, short therapy",23.0,swe
910W,"Sensoric test of pain reaction, short therapy","Sensoric test of pain reaction, short therapy",23.0,swe
911FA,"Malignancy of kidney and urinary tract, radiation therapy, short therapy","Malign of kidn & urin tract, rad ther, sh th",11.0,fin
911FB,"Malignancy of kidney and urinary tract, cytostatic therapy, short therapy","Malign of kidn & urin tract, cyt ther, sh th",11.0,fin
911FE,"Disease or disorder of kidney or urinary tract, special medical therapy, short therapy","Dis/disord of kidney/urin tract, spec med ther, sh th",11.0,fin
911FG,"Disease or disorder of kidney or urinary tract, special demanding medical therapy, short therapy","Dis/disord of kidney/urin tract, spec dem med ther, sh th",11.0,fin
911O,"Disease or disorder of the kidney and urinary tract, short therapy w/o significant procedure","Disease or disorder of the kidney and urinary tract, sh th",11.0,est/lat/ice/fin/nor
911V,"Maintenance of medication pump or injection gate, short therapy","Maintenance of medication pump or injection gate, short therapy",23.0,swe
912FA,"Malignancy of male reproductive system, radiation therapy, short therapy","Malign of male reprod syst, rad ther, sh th",12.0,fin
912FB,"Malignancy of male reproductive system, cytostatic therapy, short therapy","Malign of male reprod syst, cytost ther, sh th",12.0,fin
912FC,"Male reproductive system tumor, stereotactic radiotherapy or demanding isotope therapy, short therapy",,12.0,fin
912FE,"Disease or disorder of male reproductive system, special medcial therapy, short therapy","Dis/disord of male reprod syst, spec med ther, sh th",12.0,fin
912FF,"Disease or disorder of male reproductive system, demanding medcial therapy, short therapy","Dis/disord of male reprod syst, dem med ther, sh th",12.0,fin
912O,"Disease or disorder of the male reproductive system, short therapy w/o significant procedure","Disease or disorder of the male reproductive system, sh th",12.0,est/lat/ice/fin/nor
912V,"Other major intervention for medication, short therapy","Other major intervention for medication, short therapy",23.0,swe
913FA,"Malignancy of female reproductive system, radiation therapy, short therapy","Malign of female reprod syst, rad ther, sh th",13.0,fin
913FB,"Malignancy of female reproductive system, cytostat therapy, short therapy","Malign of female reprod syst, cytost ther, sh th",13.0,fin
913O,"Disease or disorder of the female reproductive system, short therapy w/o significant procedure","Disease or disorder of the female reprod syst, sh th",13.0,est/lat/ice/fin/nor
913V,"Arterial catheterization, short therapy","Arterial catheterization, short therapy",23.0,swe
914FP,"Diagnostic obstetric investigation, short therapy","Diagnostic obstetric investigation, short therapy",14.0,ice/fin/nor
914FQ,Fosterdiagnostiske undersøkelser,,14.0,nor
914O,"Pregnancy, childbirth and puerperium, short therapy w/o significant procedure","Pregnancy, childbirth and puerperium, sh th",14.0,est/lat/ice/fin/nor
915O,"Newborns and other neonates with conditions originating in the perinatal period, short therapy w/o significant procedure","Newb and neon with conditions orig perin, sh th",15.0,est/lat/ice/fin/nor
915V,"Other minor intervention, short therapy","Other minor intervention, short therapy",23.0,swe
916FE,"Koagulation disorder, special medical therapy, short therapy","Koag dis, spec med ther, sh th",16.0,fin
916O,"Disease or disorder of blood forming organs or immunological disorder, short therapy w/o significant procedure","Disease or disorder of blood form org or immun dis, sh th",16.0,est/lat/ice/fin/nor
917FA,"Leuchamia or lymphoma, radiation therapy, short therapy","Leuch / lymph, rad ther, sh th",17.0,fin
917FB,"Leuchamia or lymphoma, cytostatic therapy, short therapy","Leuch / lymph, cytostat ther, sh th",17.0,fin
917FE,"Myeloproliferative disease or disorder or poorly differentietad neoplasms, special medical therapy, short therapy","Myeloprol dis / poorly diff neopl, spec med ther, sh th",17.0,fin
917FU,Radiotherapy for malignancy,Radiotherapy for malignancy,17.0,fin
917FV,"Dose design of radiotherapy with imaging, short therapy","Dose design of radiotherapy with imaging, short therapy",17.0,fin
917FW,"Demanding dose design of radiotherapy with MRI, short therapy","Demanding dose design of radiotherapy with MRI, short ther",17.0,fin
917O,"Myeloproliferative disease or disorder or poorly differentietad neoplasms, short therapy w/o significant procedure","Myeloprol disease or disorder or poor diff neopl, sh th",17.0,est/lat/ice/fin/nor
918FA,"Infectious and parasitic disease, special medical therapy, short therapy","Inf & paras dis, spec med ther, sh th",18.0,fin
918O,"Infectious and parasitic disease, short therapy w/o significant procedure","Infectious and parasitic disease, sh th",18.0,est/lat/ice/fin/nor
918V,"Check-up and maintenance of stomy, short therapy","Check-up and maintenance of stomy, short therapy",23.0,swe
919O,"Mental disease or disorder, short therapy w/o significant procedure","Mental disease or disorder, sh th",19.0,est/lat/ice/nor
920V,"Examination of communication, language, voice and speech, short therapy","Examination of communication, language, voice and speech, short therapy",23.0,swe
921O,"Injuries, poisonings and toxic effects of drugs, short therapy w/o significant procedure","Inj, pois and tox eff of drugs, sh th",21.0,est/lat/ice/fin/nor
921V,"Oedema therapy, short therapy                         ","Oedema therapy, short therapy                         ",23.0,swe
922O,"Burns, short therapy w/o significant procedure","Burns, sh th",22.0,est/lat/ice/fin/nor
922V,"Other neuromuscular diagnostic and therapeutic interventions,  short therapy","Other neuromuscular diagnostic and therapeutic interventions,  short therapy",23.0,swe
923O,"Factors influencing health status and other contacts with health services, short therapy w/o significant procedure","Fact influenc health status and other, sh th",23.0,est/lat/ice/fin/nor
923V,"Medical aid interventions, short therapy","Medical aid interventions, short therapy",23.0,swe
924O,"Multiple significant trauma, short therapy w/o significant procedure","Multiple significant trauma, sh th",24.0,est/lat/ice
924V,"Prosthesis testing and check-up, short therapy","Prosthesis testing and check-up, short therapy",23.0,swe
925V,"Motor function training, short therapy","Motor function training, short therapy",23.0,swe
926V,"Administration of care, short therapy","Administration of care, short therapy",23.0,swe
927V,Bio-feedback and suggestion therapy short therapy,Bio-feedback and suggestion therapy short therapy,23.0,swe
928O,Genetic counselling,Genetic counselling,23.0,fin/ice/nor
928V,"Other physiological and functional examinations, short therapy","Other physiological and functional examinations, short therapy",23.0,swe
929W,"Other letters or telephone contacts, specialised short therapy  ","Other letters or telephone contacts, specialised short therapy  ",23.0,swe
930FA,"Breast malignancy, radiation therapy, short therapy","Breast malign, rad ther, sh th",30.0,fin
930FB,"Breast malignancy, cytostatic therapy, short therapy","Breast malign, cytost ther, sh th",30.0,fin
930FP,"Diagnostic procedure of breast, short therapy","Diagnostic procedure of breast, short therapy",30.0,fin
930FQ,"Demanding diagnostic procedure of breast, short therapy","Demanding diagnostic procedure of breast, short therapy",30.0,fin
930O,"Breast problem, short therapy w/o significant procedure","Breast problem, short therapy w/o significant procedure",30.0,est/lat/ice/fin/nor
930V,"Evaluation of pain, short therapy","Evaluation of pain, short therapy",23.0,swe
931V,"Sensoric stimulation for pain, short therapy","Sensoric stimulation for pain, short therapy",23.0,swe
933A,"Intravascular drug administration for diseases in the nervous system, short therapy","Intravascular drug administration for diseases in the nervous system, short therapy",1.0,swe
933D,"Intravascular drug administration for respiratory diseases, short therapy ","Intravascular drug administration for respiratory diseases, short therapy ",4.0,swe
933F,"Intravascular administration of drugs for digestive system diseases, short therapy","Intravascular administration of drugs for digestive system diseases, short therapy",6.0,swe
933H,"Intravascular drug administration for diseases of muscles, bones and connective tissue, short therapy","Intravascular drug administration for diseases of muscles, bones and connective tissue, short therapy",8.0,swe
933K,"Intravascular drug administration for mammary gland diseases, short therapy","Intravascular drug administration for mammary gland diseases, short therapy",30.0,swe
933M,"Intravascular drug administration for kidney & urinary tract diseases, short therapy","Intravascular drug administration for kidney & urinary tract diseases, short therapy",11.0,swe
933N,"Intravascular drug administration for male reproductive system diseases, short therapy","Intravascular drug administration for male reproductive system diseases, short therapy",12.0,swe
933O,"Intravascular administration of drugs for diseases in the area of ​​adnexa-vulva, short therapy","Intravascular administration of drugs for diseases in the area of ​​adnexa-vulva, short therapy",13.0,swe
933R,"Intravascular drug administration for blood diseases, short therapy","Intravascular drug administration for blood diseases, short therapy",16.0,swe
933S,"Intravascular drug administration for myeloproliferative diseases, short therapy","Intravascular drug administration for myeloproliferative diseases, short therapy",19.0,swe
951V,"Other psychologist contacts, short therapy","Other psychologist contacts, short therapy",23.0,swe
953V,Doctor visits in group or group with team of care providers,Doctor visits in group or group with team of care providers,23.0,swe
955V,"Other logopedist contacts, short therapy","Other logopedist contacts, short therapy",23.0,swe
959V,"Other social worker contact, short therapy","Other social worker contact, short therapy",23.0,swe
959W,Palliativ dagbehandling i regi av palliativt senter,,23.0,nor
960R,Nurse visits for blood diseases ,Nurse visits for blood diseases ,16.0,swe
960V,Psychologist contacts in group or group with team of care providers ,Psychologist contacts in group or group with team of care providers ,23.0,swe
962V,"Other orthoptist contacts, short therapy","Other orthoptist contacts, short therapy",23.0,swe
965V,Other occupational therapist contacts,Other occupational therapist contacts,23.0,swe
966V,"Other dietician contacts, short therapy","Other dietician contacts, short therapy",23.0,swe
967V,"Other audiotherapist contacts, short therapy","Other audiotherapist contacts, short therapy",23.0,swe
968V,"Other logopedist contacts in group or group with team of care providers, short therapy","Other logopedist contacts in group or group with team of care providers, short therapy",23.0,swe
969V,"Other physiotherapist contacts, short therapy","Other physiotherapist contacts, short therapy",23.0,swe
970A,Nurse visits for diseases in the nervous system,Nurse visits for diseases in the nervous system,23.0,swe
970B,"Nurse visits for diseases in the eye region, primary care","Nurse visits for diseases in the eye region, primary care",2.0,swe
970C,Nurse visits for diseases in the ENT region,Nurse visits for diseases in the ENT region,3.0,swe
970D,Nurse visits for respiratory diseases,Nurse visits for respiratory diseases,4.0,swe
970E,Nurse visits for diseases in the circulatory organs,Nurse visits for diseases in the circulatory organs,5.0,swe
970F,Nurse visits for digestive system diseases ,Nurse visits for digestive system diseases ,6.0,swe
970G,"Nurse visits for diseases of the liver, bile ducts and pancreas","Nurse visits for diseases of the liver, bile ducts and pancreas",7.0,swe
970H,"Nurse visits for diseases of muscles, bones and connective tissue","Nurse visits for diseases of muscles, bones and connective tissue",8.0,swe
970J,Nurse visits for diseases of the skin and subcutaneous tissue,Nurse visits for diseases of the skin and subcutaneous tissue,9.0,swe
970K,Nurse visit for mammary gland diseases,Nurse visit for mammary gland diseases,30.0,swe
970L,Nurse visits for endocrine and metabolic diseases,Nurse visits for endocrine and metabolic diseases,10.0,swe
970M,Nurse visits for kidney & urinary tract diseases,Nurse visits for kidney & urinary tract diseases,11.0,swe
970N,Nurse visits for male reproductive system diseases,Nurse visits for male reproductive system diseases,12.0,swe
970P,"Nurse visits during pregnancy, childbirth and puerperium","Nurse visits during pregnancy, childbirth and puerperium",14.0,swe
970Q,Nurse visits for diseases in newborns,Nurse visits for diseases in newborns,15.0,swe
970R,Nurse visits for non-specific tumour diseases and blood cancer,Nurse visits for non-specific tumour diseases and blood cancer,17.0,swe
970S,Nurse visits for infectious diseases,Nurse visits for infectious diseases,18.0,swe
970SO,Nurse visits for diseases in the area of ​​adnexa-vulva,Nurse visits for diseases in the area of ​​adnexa-vulva,13.0,swe
970SV,Nurse visits for other problems ,Nurse visits for other problems ,23.0,swe
970U,Nurse visits for injuries and poisonings,Nurse visits for injuries and poisonings,21.0,swe
970V,"Other nurse contacts, short therapy","Other nurse contacts, short therapy",23.0,swe
970W,Nurse visits for pain problems ,Nurse visits for pain problems ,23.0,swe
970Y,Nurse visits for burns,Nurse visits for burns,22.0,swe
971V,Social worker contact in group or group with team of care providors,Social worker contact in group or group with team of care pr,23.0,swe
972V,"Other contacts with psychiatric nurses, short therapy","Other contacts with psychiatric nurses, short therapy",23.0,swe
972Y,Psychiatric nurse visits in group or group with team of care providers,Psychiatric nurse visits in group or group with team of care providers,50.0,swe
973V,Orthoptist contacts in group or group with team of care providers,Orthoptist contacts in group or group with team of care providers,23.0,swe
974V,"Other contacts with other health care provider, short therapy","Other contacts with other health care provider, short therapy",23.0,swe
975V,Occupational therapist contacts in group or group with team of care providers,Occupational therapist contacts in group or group with team of care providers,23.0,swe
976V,Dietician contacts in group or group with team of care providers,Dietician contacts in group or group with team of care providers,23.0,swe
977V,"Other nurse assistant contacts, short therapy","Other nurse assistant contacts, short therapy",23.0,swe
977Y,Nurse assistant visits in group or group with team of care providers,Nurse assistant visits in group or group with team of care providers,50.0,swe
978V,Audiotherapist contacts in group or group with team of  care providers,Audiotherapist contacts in group or group with team of  care providers,23.0,swe
979V,Physiotherapist contacts in group or group with team of care providers,Physiotherapist contacts in group or group with team of care providers,23.0,swe
980A,Nor - Innleggelse uten overnatting for ØH-relaterte tilstander i nervesystemet,,1.0,nor
980C,Nor - Innleggelse uten overnatting for ØH-relaterte øre-nese-hals-tilstander,,3.0,nor
980D,Nor - Innleggelse uten overnatting for ØH-relaterte tilstander i nedre luftveier,,4.0,nor
980E,Nor - Innleggelse uten overnatting for ØH-relaterte hjerte- og kartilstander,,5.0,nor
980F,Nor - Innleggelse uten overnatting for ØH-relaterte tilstander i fordøyelsessystemet,,6.0,nor
980H,Nor - Innleggelse uten overnatting for ØH-relaterte muskel- og skjelettilstander,,8.0,nor
980T,Nor - Innleggelse uten overnatting for ØH-relaterte rusmiddelfremkalte og psykiatriske tilstander som krever somatisk behandling,,19.0,nor
980U,"Nor - Innleggelse uten overnatting for skader, forgiftninger og utilsiktede medikamentvirkninger",,21.0,nor
980V,Nurse visits in group or group with team of care providers,Nurse visits in group or group with team of care providers,23.0,swe
980X,Nor - Innleggelse uten overnatting for andre ØH-relaterte tilstander,,40.0,nor
981V,Other midwife visits,Other midwife visits,50.0,swe
981X,Nor - Innleggelse uten overnatting for andre tilstander,,40.0,nor
983V,Midwife visits in group or  group with team of care providers,Midwife visits in group or  group with team of care providers,50.0,swe
996NP,Group of patients with specified MDC’s,,,nor
997NO,Nor - Tverrfaglig utredning,,23.0,nor
998NO,Group therapy,Group therapy,99.0,ice/nor
999O,"Indirect contact or contact w/o diagnosis, short therapy",Short therapy w/o diagnosis,99.0,est/lat
A40S,"Doctor visits for spinal disorders & injuries, w CC, primary care","Doctor visits for spinal disorders & injuries, w CC, primary care",1.0,swe
A40T,"Doctor visits for spinal disorders & injuries, w/o CC, primary care","Doctor visits for spinal disorders & injuries, w/o CC, primary care",1.0,swe
A43S,"Doctor visits for neoplasms in the nervous system, w CC, primary care","Doctor visits for neoplasms in the nervous system, w CC, primary care",1.0,swe
A43T,"Doctor visits for neoplasms in the nervous system, w/o CC, primary care","Doctor visits for neoplasms in the nervous system, w/o CC, primary care",1.0,swe
A44S,"Doctor visits for degenerative nervous system disorders, w CC, primary care","Doctor visits for degenerative nervous system disorders, w CC, primary care",1.0,swe
A44T,"Doctor visits for degenerative nervous system disorders, w/o CC, primary care","Doctor visits for degenerative nervous system disorders, w/o CC, primary care",1.0,swe
A45S,"Doctor visits for multiple sclerosis and cerebellar ataxia, w CC, primary care","Doctor visits for multiple sclerosis and cerebellar ataxia, w CC, primary care",1.0,swe
A45T,"Doctor visits for multiple sclerosis and cerebellar ataxia, w/o CC, primary care","Doctor visits for multiple sclerosis and cerebellar ataxia, w/o CC, primary care",1.0,swe
A46S,"Doctor visits for specific cerebrovascular disorders except TIA, w CC, primary care","Doctor visits for specific cerebrovascular disorders except TIA, w CC, primary care",1.0,swe
A46T,"Doctor visits for specific cerebrovascular disorders except TIA, w/o CC, primary care","Doctor visits for specific cerebrovascular disorders except TIA, w/o CC, primary care",1.0,swe
A47R,"Doctor visits for transient ischemic attack & precerebral occlusion, primary care","Doctor visits for transient ischemic attack & precerebral occlusion, primary care",1.0,swe
A50R,"Doctor visits for nonspecific cerebrovascular disorders, primary care","Doctor visits for nonspecific cerebrovascular disorders, primary care",1.0,swe
A51S,"Doctor visits for cranial & peripheral nerve diseases, w CC, primary care","Doctor visits for cranial & peripheral nerve diseases, w CC, primary care",1.0,swe
A51T,"Doctor visits for cranial & peripheral nerve diseases, w/o CC, primary care","Doctor visits for cranial & peripheral nerve diseases, w/o CC, primary care",1.0,swe
A52S,"Doctor visits for nervous system infections except viral meningitis, w CC, primary care","Doctor visits for nervous system infections except viral meningitis, w CC, primary care",1.0,swe
A52T,"Doctor visits for nervous system infections except viral meningitis, w/o CC, primary care","Doctor visits for nervous system infections except viral meningitis, w/o CC, primary care",1.0,swe
A53S,"Doctor visits for viral meningitis, w CC, primary care","Doctor visits for viral meningitis, w CC, primary care",1.0,swe
A53T,"Doctor visits for viral meningitis, w/o CC, primary care","Doctor visits for viral meningitis, w/o CC, primary care",1.0,swe
A55S,"Doctor visits for nontraumatic stupor & coma, w CC, primary care","Doctor visits for nontraumatic stupor & coma, w CC, primary care",1.0,swe
A55T,"Doctor visits for nontraumatic stupor & coma, w/o CC, primary care","Doctor visits for nontraumatic stupor & coma, w/o CC, primary care",1.0,swe
A57R,"Doctor visits for seizures, primary care","Doctor visits for seizures, primary care",1.0,swe
A58R,"Doctor visits for headache and migraine, primary care","Doctor visits for headache and migraine, primary care",1.0,swe
A60S,"Doctor visits for severe traumatic brain injury, w CC, primary care","Doctor visits for severe traumatic brain injury, w CC, primary care",1.0,swe
A60T,"Doctor visits for severe traumatic brain injury, w/o CC, primary care","Doctor visits for severe traumatic brain injury, w/o CC, primary care",1.0,swe
A61S,"Doctor visits for traumatic brain injury, w CC, primary care","Doctor visits for traumatic brain injury, w CC, primary care",1.0,swe
A61T,"Doctor visits for traumatic brain injury, w/o CC, primary care","Doctor visits for traumatic brain injury, w/o CC, primary care",1.0,swe
A62S,"Doctor visits for concussion, w CC, primary care","Doctor visits for concussion, w CC, primary care",1.0,swe
A62T,"Doctor visits for concussion, w/o CC, primary care","Doctor visits for concussion, w/o CC, primary care",1.0,swe
A69L,"Inpatient care for diseases in the nervous system, primary care","Inpatient care for diseases in the nervous system, primary care",1.0,swe
A89R,"Intravascular drug administration for diseases in the nervous system, primary care","Intravascular drug administration for diseases in the nervous system, primary care",1.0,swe
A92R,"Home visits for dementia and cognitive impairment, primary care","Home visits for dementia and cognitive impairment, primary care",1.0,swe
A93R,"Other home visits for diseases in the nervous system, primary care","Other home visits for diseases in the nervous system, primary care",1.0,swe
A97R,"Nurse visits for diseases of the nervous system, primary care","Nurse visits for diseases of the nervous system, primary care",1.0,swe
A99R,"Other doctor visits for diseases in the nervous system, primary care","Other doctor visits for diseases in the nervous system, primary care",1.0,swe
A99U,"Team visits/conferences for diseases in the nervous system, primary care","Team visits/conferences for diseases in the nervous system, primary care",1.0,swe
A99W,"Doctor letters or telephone contacts for neurological diseases, primary care","Doctor letters or telephone contacts for neurological diseases, primary care",1.0,swe
B35R,"Doctor visits for neurological eye diseases, primary care","Doctor visits for neurological eye diseases, primary care",2.0,swe
B69L,"Inpatient care for diseases in the eye region, primary care","Inpatient care for diseases in the eye region, primary care",2.0,swe
B77R,"Other diagnostic ophtalmological test, primary care","Other diagnostic ophtalmological test, primary care",2.0,swe
B80R,"Therapeutic eye procedures, primary care","Therapeutic eye procedures, primary care",2.0,swe
B93R,"Home visits for diseases in the eye region, primary care","Home visits for diseases in the eye region, primary care",2.0,swe
B97R,"Nurse visits for diseases in the eye region, primary care","Nurse visits for diseases in the eye region, primary care",2.0,swe
B99R,"Other doctor visits for diseases in the eye region, primary care","Other doctor visits for diseases in the eye region, primary care",2.0,swe
B99U,"Team visits/conferences  for diseases in the eye region, primary care","Team visits/conferences  for diseases in the eye region, primary care",2.0,swe
B99W,"Letters or telephone contacts for ophtalmological problems, primary care","Letters or telephone contacts for ophtalmological problems, primary care",2.0,swe
C30S,"Doctor visits for ear, nose, mouth & throat malignancies, w CC, primary care","Doctor visits for ear, nose, mouth & throat malignancies, w CC, primary care",3.0,swe
C30T,"Doctor visits for ear, nose, mouth & throat malignancies, w/o CC, primary care","Doctor visits for ear, nose, mouth & throat malignancies, w/o CC, primary care",3.0,swe
C31S,"Doctor visits for dysequilibrium, w CC, primary care","Doctor visits for dysequilibrium, w CC, primary care",3.0,swe
C31T,"Doctor visits for dysequilibrium, w/o CC, primary care","Doctor visits for dysequilibrium, w/o CC, primary care",3.0,swe
C32R,"Doctor visits for epistaxis, primary care","Doctor visits for epistaxis, primary care",3.0,swe
C36R,"Doctor visits for viral croup and laryngothracheitis, primary care","Doctor visits for viral croup and laryngothracheitis, primary care",3.0,swe
C37S,"Doctor visits for obstructive sleep apnoea syndrome, w CC, primary care","Doctor visits for obstructive sleep apnoea syndrome, w CC, primary care",3.0,swe
C37T,"Doctor visits for obstructive sleep apnoea syndrome, w/o CC, primary care","Doctor visits for obstructive sleep apnoea syndrome, w/o CC, primary care",3.0,swe
C40S,"Doctor visits for nasal trauma & deformity, w CC, primary care","Doctor visits for nasal trauma & deformity, w CC, primary care",3.0,swe
C40T,"Doctor visits for nasal trauma & deformity, w/o CC, primary care","Doctor visits for nasal trauma & deformity, w/o CC, primary care",3.0,swe
C41R,"Doctor visits for infections in upper respiratory tract, age >17 år, primary care","Doctor visits for infections in upper respiratory tract, age >17 år, primary care",3.0,swe
C42R,"Doctor visits for infections in upper respiratory tract, age 0-17 år, primary care","Doctor visits for infections in upper respiratory tract, age 0-17 år, primary care",3.0,swe
C43R,"Doctor visits for ear infections, age >17 år, primary care","Doctor visits for ear infections, age >17 år, primary care",3.0,swe
C44R,"Doctor visits for ear infections, age 0-17 år, primary care","Doctor visits for ear infections, age 0-17 år, primary care",3.0,swe
C51R,"Doctor visits for ear diseases, age >17, primary care ","Doctor visits for ear diseases, age >17, primary care ",3.0,swe
C52R,"Doctor visits for ear diseases, age 0-17, primary care ","Doctor visits for ear diseases, age 0-17, primary care ",3.0,swe
C53R,"Doctor visits for nose, mouth & throat diseases, age >17, primary care ","Doctor visits for nose, mouth & throat diseases, age >17, primary care ",3.0,swe
C54R,"Doctor visits for nose, mouth & throat diseases, age 0-17, primary care ","Doctor visits for nose, mouth & throat diseases, age 0-17, primary care ",3.0,swe
C69L,"Inpatient care for diseases in ear, nose, mouth & throat, primary care","Inpatient care for diseases in ear, nose, mouth & throat, primary care",3.0,swe
C70R,"Endoscopy of upper respiratory tract, primary care","Endoscopy of upper respiratory tract, primary care",3.0,swe
C79R,"Incisions and sutures for ear, nose and throat lesions, short therapy ","Incisions and sutures for ear, nose and throat lesions, short therapy ",3.0,swe
C80R,"Other ear, nose and throat procedures, short therapy                      ","Other ear, nose and throat procedures, short therapy                      ",3.0,swe
C81R,"Hearing improving interventions, primary care","Hearing improving interventions, primary care",3.0,swe
C82R,"Assisting procedures for cochlear implant, primary care","Assisting procedures for cochlear implant, primary care",3.0,swe
C93R,"Home visits for diseases in ear, nose, mouth & throat, primary care","Home visits for diseases in ear, nose, mouth & throat, primary care",3.0,swe
C97R,"Nurse visits for diseases in the ENT region, primary care","Nurse visits for diseases in the ENT region, primary care",3.0,swe
C99R,"Other doctor visits for diseases in the ENT region, primary care","Other doctor visits for diseases in the ENT region, primary care",3.0,swe
C99U,"Team visits/conferences for diseases in the ENT region, primary care","Team visits/conferences for diseases in the ENT region, primary care",3.0,swe
C99W,"Doctor letters or telepohone contacts for diseases in the ENT region, primary care","Doctor letters or telepohone contacts for diseases in the ENT region, primary care",3.0,swe
D30S,"Doctor visits for pulmonary embolism, w CC, primary care","Doctor visits for pulmonary embolism, w CC, primary care",4.0,swe
D30T,"Doctor visits for pulmonary embolism, w/o CC, primary care","Doctor visits for pulmonary embolism, w/o CC, primary care",4.0,swe
D31S,"Doctor visits for respiratory infections & inflammations, w CC, age >17, primary care","Doctor visits for respiratory infections & inflammations, w CC, age >17, primary care",4.0,swe
D31T,"Doctor visits for respiratory infections & inflammations, age >17, w/o CC, primary care","Doctor visits for respiratory infections & inflammations, age >17, w/o CC, primary care",4.0,swe
D32S,"Doctor visits for respiratory infections & inflammations, age 0-17, w CC, primary care","Doctor visits for respiratory infections & inflammations, age 0-17, w CC, primary care",4.0,swe
D32T,"Doctor visits for respiratory infections & inflammations, age 0-17, w/o CC, primary care","Doctor visits for respiratory infections & inflammations, age 0-17, w/o CC, primary care",4.0,swe
D35S,"Doctor visits for respiratory neoplasms, w CC, primary care","Doctor visits for respiratory neoplasms, w CC, primary care",4.0,swe
D35T,"Doctor visits for respiratory neoplasms, w/o CC, primary care","Doctor visits for respiratory neoplasms, w/o CC, primary care",4.0,swe
D40S,"Doctor visits for major thorax trauma, w CC, primary care","Doctor visits for major thorax trauma, w CC, primary care",4.0,swe
D40T,"Doctor visits for major thorax trauma, w/o CC, primary care","Doctor visits for major thorax trauma, w/o CC, primary care",4.0,swe
D41S,"Doctor visits for pleural effusion, w CC, primary care","Doctor visits for pleural effusion, w CC, primary care",4.0,swe
D41T,"Doctor visits for pleural effusion, w/o CC, primary care","Doctor visits for pleural effusion, w/o CC, primary care",4.0,swe
D42S,"Doctor visits for pneumothorax, w CC, primary care","Doctor visits for pneumothorax, w CC, primary care",4.0,swe
D42T,"Doctor visits for pneumothorax, w/o CC, primary care","Doctor visits for pneumothorax, w/o CC, primary care",4.0,swe
D45S,"Doctor visits for pulmonary edema & respiratory failure, w CC, primary care","Doctor visits for pulmonary edema & respiratory failure, w CC, primary care",4.0,swe
D45T,"Doctor visits for pulmonary edema & respiratory failure, w/o CC, primary care","Doctor visits for pulmonary edema & respiratory failure, w/o CC, primary care",4.0,swe
D46S,"Doctor visits for chronic obstructive pulmonary diseases, w CC, primary care","Doctor visits for chronic obstructive pulmonary diseases, w CC, primary care",4.0,swe
D46T,"Doctor visits for chronic obstructive pulmonary diseases, w/o CC, primary care","Doctor visits for chronic obstructive pulmonary diseases, w/o CC, primary care",4.0,swe
D47S,"Doctor visits for simple pneumonia & pleurisy, w CC, primary care","Doctor visits for simple pneumonia & pleurisy, w CC, primary care",4.0,swe
D47T,"Doctor visits for simple pneumonia & pleurisy, w/o CC, primary care","Doctor visits for simple pneumonia & pleurisy, w/o CC, primary care",4.0,swe
D48S,"Doctor visits for interstitial lung diseases, w CC, primary care","Doctor visits for interstitial lung diseases, w CC, primary care",4.0,swe
D48T,"Doctor visits for interstitial lung diseases, w/o CC,  primary care","Doctor visits for interstitial lung diseases, w/o CC,  primary care",4.0,swe
D49S,"Doctor visits for bronchitis & asthma, w CC, primary care","Doctor visits for bronchitis & asthma, w CC, primary care",4.0,swe
D49T,"Doctor visits for bronchitis & asthma, w/o CC, primary care","Doctor visits for bronchitis & asthma, w/o CC, primary care",4.0,swe
D50S,"Doctor visits for respiratory signs & symptoms, w CC, primary care","Doctor visits for respiratory signs & symptoms, w CC, primary care",4.0,swe
D50T,"Doctor visits for respiratory signs & symptoms, w/o CC, primary care","Doctor visits for respiratory signs & symptoms, w/o CC, primary care",4.0,swe
D68L,"Inpatient care for pneumonia or chronic obstructive pulmonary disease (COPD), primary care","Inpatient care  pneumonia/COPD, primary care",4.0,swe
D69L,"Inpatient care for respiratory system diseases, primary care","Inpatient care for respiratory system diseases, primary care",4.0,swe
D75R,"Minor spirometry, primary care","Minor spirometry, primary care",4.0,swe
D89R,"Intravascular drug administration for respiratory diseases, primary care ","Intravascular drug administration for respiratory diseases, primary care ",4.0,swe
D93R,"Home visits for respiratory diseases, primary care","Home visits for respiratory diseases, primary care",4.0,swe
D97R,"Nurse visits for respiratory diseases, primary care","Nurse visits for respiratory diseases, primary care",4.0,swe
D99R,"Other doctor visits for respiratory diseases, primary care","Other doctor visits for respiratory diseases, primary care",4.0,swe
D99U,"Team visits/conferences for respiratory diseases, primary care","Team visits/conferences for respiratory diseases, primary care",4.0,swe
D99W,"Doctor letters or telephone contacts for respiratory diseases, primary care","Doctor letters or telephone contacts for respiratory diseases, primary care",4.0,swe
E41S,"Doctor visits for circulatory diseases with myocardial infarction, without cardiovascular complication, w CC, primary care","Doctor visits for circulatory diseases with myocardial infarction, without cardiovascular complication, w CC, primary care",5.0,swe
E41T,"Doctor visits for circulatory diseases with myocardial infarction, without cardiovascular complication, w/o CC, primary care","Doctor visits for circulatory diseases with myocardial infarction, without cardiovascular complication, w/o CC, primary care",5.0,swe
E47S,"Heart failure & shock,  w CC, primary care","Heart failure & shock,  w CC, primary care",5.0,swe
E47T,"Heart failure & shock,  w/o CC, primary care","Heart failure & shock,  w/o CC, primary care",5.0,swe
E48R,"Doctor visits for cardiac arrest, unexplained, primary care","Doctor visits for cardiac arrest, unexplained, primary care",5.0,swe
E50R,"Doctor visits for deep vein thrombophlebitis, primary care","Doctor visits for deep vein thrombophlebitis, primary care",5.0,swe
E51S,"Doctor visits for peripheral vascular disorders, w CC, primary care","Doctor visits for peripheral vascular disorders, w CC, primary care",5.0,swe
E51T,"Doctor visits for peripheral vascular disorders, w/o CC, primary care","Doctor visits for peripheral vascular disorders, w/o CC, primary care",5.0,swe
E52S,"Doctor visits for atherosclerotic heart disease, w CC, primary care ","Doctor visits for atherosclerotic heart disease, w CC, primary care ",5.0,swe
E52T,"Doctor visits for atherosclerotic heart disease, w/o CC, primary care ","Doctor visits for atherosclerotic heart disease, w/o CC, primary care ",5.0,swe
E53S,"Doctor visits for hypertension, w CC, primary care","Doctor visits for hypertension, w CC, primary care",5.0,swe
E53T,"Doctor visits for hypertension, w/o CC, primary care","Doctor visits for hypertension, w/o CC, primary care",5.0,swe
E60S,"Doctor visits for cardiac congenital & valvular diseases, age > 17, w CC, primary care","Doctor visits for cardiac congenital & valvular diseases, age > 17, w CC, primary care",5.0,swe
E60T,"Doctor visits for cardiac congenital & valvular diseases, age > 17, w/o CC, primary care","Doctor visits for cardiac congenital & valvular diseases, age > 17, w/o CC, primary care",5.0,swe
E61S,"Doctor visits for cardiac congenital & valvular diseases, age 0-17, w CC, primary care","Doctor visits for cardiac congenital & valvular diseases, age 0-17, w CC, primary care",5.0,swe
E61T,"Doctor visits for cardiac congenital & valvular diseases, age 0-17, w/o CC, primary care","Doctor visits for cardiac congenital & valvular diseases, age 0-17, w/o CC, primary care",5.0,swe
E63Z,Cardiovascular procedure without patient contact,Cardiovasc proc w/o pat contact O,5.0,swe
E65S,"Doctor visits for cardiac arrhythmia & conduction disorders, w CC, primary care","Doctor visits for cardiac arrhythmia & conduction disorders, w CC, primary care",5.0,swe
E65T,"Doctor visits for cardiac arrhythmia & conduction disorders, w/o CC, primary care","Doctor visits for cardiac arrhythmia & conduction disorders, w/o CC, primary care",5.0,swe
E66S,"Doctor visits for angina pectoris, w CC, primary care","Doctor visits for angina pectoris, w CC, primary care",5.0,swe
E66T,"Doctor visits for angina pectoris, w/o CC, primary care","Doctor visits for angina pectoris, w/o CC, primary care",5.0,swe
E67S,"Doctor visits for syncope & collapse, w CC, primary care","Doctor visits for syncope & collapse, w CC, primary care",5.0,swe
E67T,"Doctor visits for syncope & collapse, w/o CC, primary care","Doctor visits for syncope & collapse, w/o CC, primary care",5.0,swe
E68R,"Doctor visits for chest pain, no angina pectoris, primary care","Doctor visits for chest pain, no angina pectoris, primary care",5.0,swe
E69L,"Inpatient care for circulatory system diseases, primary care","Inpatient care for circulatory system diseases, primary care",5.0,swe
E74L,"Inpatient care for heart failure, primary care","Inpatient care heart failure, primary care",5.0,swe
E80R,"Long term blood pressure and ECG monitoring, primary care","Long term blood pressure and ECG monitoring, primary care",5.0,swe
E84R,"Examination of circulatory physiology, primary care","Examination of circulatory physiology, primary care",5.0,swe
E90R,"Home visits for arrhythmia, primary care","Home visits for arrhythmia, primary care",5.0,swe
E91R,"Home visits for hypertension, primary care","Home visits for hypertension, primary care",5.0,swe
E92R,"Home visits for heart failure, primary care","Home visits for heart failure, primary care",5.0,swe
E93R,"Other home visits for diseases in the circulatory system, primary care","Other home visits for diseases in the circulatory system, primary care",5.0,swe
E97R,"Nurse visits for diseases of the circulatory organs, primary care","Nurse visits for diseases of the circulatory organs, primary care",5.0,swe
E99R,"Other doctor visits for diseases in the circulatory organs, primary care","Other doctor visits for diseases in the circulatory organs, primary care",5.0,swe
E99U,"Team visits/conferences for diseases in the circulatory organs, primary care","Team visits/conferences for diseases in the circulatory organs, primary care",5.0,swe
E99W,"Doctor letters or telephone contacts for diseaes in the circulatory organs, primary care","Doctor letters or telephone contacts for diseaes in the circulatory organs, primary care",5.0,swe
F39S,"Doctor visits for digestive malignancies, w CC, primary care","Doctor visits for digestive malignancies, w CC, primary care",6.0,swe
F39T,"Doctor visits for digestive malignancies, w/o CC, primary care","Doctor visits for digestive malignancies, w/o CC, primary care",6.0,swe
F40S,"Doctor visits for peptic ulcer and GI hemorrhage, w CC, primary care","Doctor visits for peptic ulcer and GI hemorrhage, w CC, primary care",6.0,swe
F40T,"Doctor visits for peptic ulcer and GI hemorrhage, w/o CC, primary care","Doctor visits for peptic ulcer and GI hemorrhage, w/o CC, primary care",6.0,swe
F43S,"Doctor visits for inflammatory bowel disease,  w CC, primary care","Doctor visits for inflammatory bowel disease,  w CC, primary care",6.0,swe
F43T,"Doctor visits for inflammatory bowel disease,  w/o CC, primary care","Doctor visits for inflammatory bowel disease,  w/o CC, primary care",6.0,swe
F45S,"Doctor visits for GI obstruction, w CC, primary care","Doctor visits for GI obstruction, w CC, primary care",6.0,swe
F45T,"Doctor visits for GI obstruction, w/o CC, primary care","Doctor visits for GI obstruction, w/o CC, primary care",6.0,swe
F50R,"Doctor visits for miscellaneous digestive disorders, age  >17, primary care","Doctor visits for miscellaneous digestive disorders, age  >17, primary care",6.0,swe
F51R,"Doctor visits for miscellaneous digestive disorders, age 0-17, primary care","Doctor visits for miscellaneous digestive disorders, age 0-17, primary care",6.0,swe
F52R,"Doctor visits for gastroenteritis, age >17, primary care","Doctor visits for gastroenteritis, age >17, primary care",6.0,swe
F53R,"Doctor visits for gastroenteritis, age 0-17, primary care","Doctor visits for gastroenteritis, age 0-17, primary care",6.0,swe
F68R,"Sclerotherapy/ligature of haemorrhoids, primary care","Sclerotherapy/ligature of haemorrhoids, primary care",6.0,swe
F69L,"Inpatient care for digestive system diseases, primary care","Inpatient care for digestive system diseases, primary care",6.0,swe
F79R,"Gastrointestinal tubes and catheteters, primary care","Gastrointestinal tubes and catheteters, primary care",6.0,swe
F89R,"Intravascular administration of drugs for digestive system diseases, primary care","Intravascular administration of drugs for digestive system diseases, primary care",6.0,swe
F93R,"Home visits for digestive system diseases, primary care","Home visits for digestive system diseases, primary care",6.0,swe
F97R,"Nurse visits for digestive system diseases, primary care","Nurse visits for digestive system diseases, primary care",6.0,swe
F99R,"Other doctor visits for digestive system diseases, primary care","Other doctor visits for digestive system diseases, primary care",6.0,swe
F99U,"Team visits/conferences for digestive system diseases, primary care","Team visits/conferences for digestive system diseases, primary care",6.0,swe
F99W,"Doctor letters or telephone contacts for digestive system diseases, primary care","Doctor letters or telephone contacts for digestive system diseases, primary care",6.0,swe
G30S,"Doctor visits for cirrhosis & alcoholic hepatitis, w CC,  primary care","Doctor visits for cirrhosis & alcoholic hepatitis, w CC,  primary care",7.0,swe
G30T,"Doctor visits for cirrhosis & alcoholic hepatitis, w/o CC, primary care","Doctor visits for cirrhosis & alcoholic hepatitis, w/o CC, primary care",7.0,swe
G33S,"Doctor visits for malignancy of hepatobiliary system or pancreas, w CC, primary care","Doctor visits for malignancy of hepatobiliary system or pancreas, w CC, primary care",7.0,swe
G33T,"Doctor visits for malignancy of hepatobiliary system or pancreas, w/o CC, primary care","Doctor visits for malignancy of hepatobiliary system or pancreas, w/o CC, primary care",7.0,swe
G35R,"Doctor visits for diseases of pancreas except malignancy, primary care","Doctor visits for diseases of pancreas except malignancy, primary care",7.0,swe
G38R,"Doctor visits for diseases of liver except malignancy, cirrhosis and alcohol hepatitis, primary care","Doctor visits for diseases of liver except malignancy, cirrhosis and alcohol hepatitis, primary care",7.0,swe
G69L,"Inpatient care for diseases of the liver, bile ducts and pancreas, primary care","Inpatient care for diseases of the liver, bile ducts and pancreas, primary care",7.0,swe
G93R,"Home visits for diseases of the liver, bile ducts and pancreas, primary care","Home visits for diseases of the liver, bile ducts and pancreas, primary care",7.0,swe
G97R,"Nurse visits for diseases of the liver, bile ducts and pancreas, primary care","Nurse visits for diseases of the liver, bile ducts and pancreas, primary care",7.0,swe
G99R,"Other doctor visits for diseases of the liver, bile ducts and pancreas, primary care","Other doctor visits for diseases of the liver, bile ducts and pancreas, primary care",7.0,swe
G99U,"Team visits/conferences for diseases of the liver, bile ducts and pancreas, primary care","Team visits/conferences for diseases of the liver, bile ducts and pancreas, primary care",7.0,swe
G99W,"Doctor letters or telephone conctact for diseases of the liver, bile ducts and pancreas, primary care","Doctor letters or telephone conctact for diseases of the liver, bile ducts and pancreas, primary care",7.0,swe
H50R,"Doctor visits for fractures of femur, primary care","Doctor visits for fractures of femur, primary care",8.0,swe
H51S,"Doctor visits for fractures of hip and pelvis, w CC, primary care","Doctor visits for fractures of hip and pelvis, w CC, primary care",8.0,swe
H51T,"Doctor visits for fractures of hip and pelvis, w/o CC, primary care","Doctor visits for fractures of hip and pelvis, w/o CC, primary care",8.0,swe
H52S,"Doctor visits for sprains, strains, & dislocations of hip, pelvis & thigh, w CC, primary care","Doctor visits for sprains, strains, & dislocations of hip, pelvis & thigh, w CC, primary care",8.0,swe
H52T,"Doctor visits for sprains, strains, & dislocations of hip, pelvis & thigh, w/o CC, primary care","Doctor visits for sprains, strains, & dislocations of hip, pelvis & thigh, w/o CC, primary care",8.0,swe
H53S,"Doctor visits for osteomyelitis, w CC, primary care","Doctor visits for osteomyelitis, w CC, primary care",8.0,swe
H53T,"Doctor visits for osteomyelitis, w/o CC, primary care","Doctor visits for osteomyelitis, w/o CC, primary care",8.0,swe
H54S,"Doctor visits for pathological fractures & musculoskeletal & connective tissue malignancies , w CC, primary care","Doctor visits for pathological fractures & musculoskeletal & connective tissue malignancies , w CC, primary care",8.0,swe
H54T,"Doctor visits for pathological fractures & musculoskeletal & connective tissue malignancies. w/o CC, primary care","Doctor visits for pathological fractures & musculoskeletal & connective tissue malignancies. w/o CC, primary care",8.0,swe
H55S,"Connective tissue disorders or vasculitis, w CC, primary care","Connective tissue disorders or vasculitis, w CC, primary care",8.0,swe
H55T,"Connective tissue disorders or vasculitis, w/o CC, primary care","Connective tissue disorders or vasculitis, w/o CC, primary care",8.0,swe
H56S,"Doctor visits for infectious arthritis or bursitis, w CC, primary care","Doctor visits for infectious arthritis or bursitis, w CC, primary care",8.0,swe
H56T,"Doctor visits for infectious arthritis or bursitis, w/o CC, primary care","Doctor visits for infectious arthritis or bursitis, w/o CC, primary care",8.0,swe
H57S,"Doctor visits for specific inflammatory arthropathy,  w CC, primary care","Doctor visits for specific inflammatory arthropathy,  w CC, primary care",8.0,swe
H57T,"Doctor visits for specific inflammatory arthropathy, w/o CC, primary care","Doctor visits for specific inflammatory arthropathy, w/o CC, primary care",8.0,swe
H58S,"Doctor visits for other arthritis,  w CC, primary care","Doctor visits for other arthritis,  w CC, primary care",8.0,swe
H58T,"Doctor visits for other arthritis, w/o CC, primary care","Doctor visits for other arthritis, w/o CC, primary care",8.0,swe
H59S,"Doctor visits for arthrosis, w CC, primary care","Doctor visits for arthrosis, w CC, primary care",8.0,swe
H59T,"Doctor visits for arthrosis, w/o CC, primary care","Doctor visits for arthrosis, w/o CC, primary care",8.0,swe
H60S,"Doctor visits for medical back problems, w CC, primary care","Doctor visits for medical back problems, w CC, primary care",8.0,swe
H60T,"Doctor visits for medical back problems, w/o CC, primary care","Doctor visits for medical back problems, w/o CC, primary care",8.0,swe
H61S,"Doctor visits for bone diseases & specific arthropathies, w CC, primary care","Doctor visits for bone diseases & specific arthropathies, w CC, primary care",8.0,swe
H61T,"Doctor visits for bone diseases & specific arthropathies, w/o CC, primary care","Doctor visits for bone diseases & specific arthropathies, w/o CC, primary care",8.0,swe
H62R,"Doctor visits for signs & symptoms of musculoskeletal system & connective tissue, primary care","Doctor visits for signs & symptoms of musculoskeletal system & connective tissue, primary care",8.0,swe
H63S,"Doctor visits for tendonitis, myositis and bursitis, w CC, primary care","Doctor visits for tendonitis, myositis and bursitis, w CC, primary care",8.0,swe
H63T,"Doctor visits for tendonitis, myositis and bursitis, w/o CC, primary care","Doctor visits for tendonitis, myositis and bursitis, w/o CC, primary care",8.0,swe
H64S,"Doctor visits for aftercare of musculoskeletal system & connective tissue diseases, w CC, primary care","Doctor visits for aftercare of musculoskeletal system & connective tissue diseases, w CC, primary care",8.0,swe
H64T,"Doctor visits for aftercare of musculoskeletal system & connective tissue diseases, w/o CC, primary care","Doctor visits for aftercare of musculoskeletal system & connective tissue diseases, w/o CC, primary care",8.0,swe
H65S,"Doctor visits for fracture, sprain, strain or dislocation of forearm, hand or foot, w CC, primary care","Doctor visits for fracture, sprain, strain or dislocation of forearm, hand or foot, w CC, primary care",8.0,swe
H65T,"Doctor visits for fracture, sprain, strain or dislocation of forearm, hand or foot, w/o CC, primary care","Doctor visits for fracture, sprain, strain or dislocation of forearm, hand or foot, w/o CC, primary care",8.0,swe
H66S,"Doctor visits for fracture, sprain, strain or dislocation of  upper arm or lower leg excluding foot, age > 17, w CC, primary care","Doctor visits for fracture, sprain, strain or dislocation of  upper arm or lower leg excluding foot, age > 17, w CC, primary care",8.0,swe
H66T,"Doctor visits for fracture, sprain, strain or dislocation of  upper arm or lower leg excluding foot, age > 17,w/o CC, primary care","Doctor visits for fracture, sprain, strain or dislocation of  upper arm or lower leg excluding foot, age > 17,w/o CC, primary care",8.0,swe
H67S,"Doctor visits for fracture, sprain, strain or dislocation of  upper arm or lower leg excluding foot, age 0-17, w CC, primary care","Doctor visits for fracture, sprain, strain or dislocation of  upper arm or lower leg excluding foot, age 0-17, w CC, primary care",8.0,swe
H67T,"Doctor visits for fracture, sprain, strain or dislocation of  upper arm or lower leg excluding foot, age 0-17, w/o CC, primary care","Doctor visits for fracture, sprain, strain or dislocation of  upper arm or lower leg excluding foot, age 0-17, w/o CC, primary care",8.0,swe
H68L,"Inpatient care for osteoporotic or traumatic fractures, primary care","Inpatient care osteoporotic/trauma fractures, primary care",0.0,swe
H69L,"Inpatient care for musculoskeletal system & connective tissue diseases, primary care","Inpatient care for musculoskeletal system & connective tissue diseases, primary care",8.0,swe
H75R,"Closed intervention on joint or reposition of fracture, primary care","Closed intervention on joint or reposition of fracture, primary care",8.0,swe
H80R,"Intraarticular medication, primary care","Intraarticular medication, primary care",8.0,swe
H81R,"Orthopedic bandage of extremity with custom molded cast, primary care","Orthopedic bandage of extremity with custom molded cast, primary care",8.0,swe
H83R,"Orthopedic bandage with custom molded splint, primary care","Orthopedic bandage with custom molded splint, primary care",8.0,swe
H87R,"Other orthopedic bandage, no plaster cast, primary care","Other orthopedic bandage, no plaster cast, primary care",8.0,swe
H88R,"Orthosis of other joint, primary care","Orthosis of other joint, primary care",8.0,swe
H89R,"Intravascular drug administration for diseases of muscles, bones and connective tissue, primary care","Intravascular drug administration for diseases of muscles, bones and connective tissue, primary care",8.0,swe
H93R,"Home visits for diseases of muscles, bones and connective tissue, primary care","Home visits for diseases of muscles, bones and connective tissue, primary care",8.0,swe
H97R,"Nurse visits for diseases of muscles, bones and connective tissue, primary care","Nurse visits for diseases of muscles, bones and connective tissue, primary care",8.0,swe
H99R,"Other doctor visits for diseases of muscles, bones and connective tissue, primary care","Other doctor visits for diseases of muscles, bones and connective tissue, primary care",8.0,swe
H99U,"Team visits/conferences for diseases of muscles, bones and connective tissue, primary care","Team visits/conferences for diseases of muscles, bones and connective tissue, primary care",8.0,swe
H99W,"Doctor letters or telephone contacts for diseases of muscles, bones and connective tissue, primary care","Doctor letters or telephone contacts for diseases of muscles, bones and connective tissue, primary care",8.0,swe
J40S,"Doctor visits for chronic skin ulcers, w CC, primary care","Doctor visits for chronic skin ulcers, w CC, primary care",9.0,swe
J40T,"Doctor visits for chronic skin ulcers, w/o CC, primary care","Doctor visits for chronic skin ulcers, w/o CC, primary care",9.0,swe
J45S,"Doctor visits for major skin diseases including malignant melanoma, w CC, primary care","Doctor visits for major skin diseases including malignant melanoma, w CC, primary care",9.0,swe
J45T,"Doctor visits for major skin diseases including malignant melanoma, w/o CC, primary care","Doctor visits for major skin diseases including malignant melanoma, w/o CC, primary care",9.0,swe
J50S,"Doctor visits for cellulitis, w CC, primary care","Doctor visits for cellulitis, w CC, primary care",9.0,swe
J50T,"Doctor visits for cellulitis, w/o CC, primary care","Doctor visits for cellulitis, w/o CC, primary care",9.0,swe
J55S,"Doctor visits for trauma to the skin and subcutaneous tissue, age >17, w CC, primary care","Doctor visits for trauma to the skin and subcutaneous tissue, age >17, w CC, primary care",9.0,swe
J55T,"Doctor visits for trauma to the skin and subcutaneous tissue, age >17, w/o CC, primary care","Doctor visits for trauma to the skin and subcutaneous tissue, age >17, w/o CC, primary care",9.0,swe
J56S,"Doctor visits for trauma to the skin and subcutaneous tissue, age  0-17, w CC, primary care","Doctor visits for trauma to the skin and subcutaneous tissue, age  0-17, w CC, primary care",9.0,swe
J56T,"Doctor visits for trauma to the skin and subcutaneous tissue, age  0-17, w/o CC, primary care","Doctor visits for trauma to the skin and subcutaneous tissue, age  0-17, w/o CC, primary care",9.0,swe
J69L,"Inpatient care for skin and subcutaneous tissue diseases, primary care","Inpatient care for skin and subcutaneous tissue diseases, primary care",9.0,swe
J79R,"Other minor dermatological intervention, primary care","Other minor dermatological intervention, primary care",9.0,swe
J80R,"Medical bath therapy and lubrication of skin, primary care","Medical bath therapy and lubrication of skin, primary care",9.0,swe
J81R,"Dressing of wound of skin, primary care","Dressing of wound of skin, primary care",9.0,swe
J93R,"Home visits for diseases of the skin and subcutaneous tissue, primary care","Home visits for diseases of the skin and subcutaneous tissue, primary care",9.0,swe
J97R,"Nurse visits for diseases of the skin and subcutaneous tissue, primary care","Nurse visits for diseases of the skin and subcutaneous tissue, primary care",9.0,swe
J99R,"Other doctor visits for diseases of the skin and subcutaneous tissue, primary care","Other doctor visits for diseases of the skin and subcutaneous tissue, primary care",9.0,swe
J99U,"Team visits/conferences for diseases of the skin and subcutaneous tissue, primary care","Team visits/conferences for diseases of the skin and subcutaneous tissue, primary care",9.0,swe
J99W,"Doctor letters or telephone contacts for diseases of the skin and subcutaneous tissue, primary care","Doctor letters or telephone contacts for diseases of the skin and subcutaneous tissue, primary care",9.0,swe
K20S,"Doctor visits for malignant breast diseases, w CC, primary care","Doctor visits for malignant breast diseases, w CC, primary care",30.0,swe
K20T,"Doctor visits for malignant breast diseases, w/o CC, primary care","Doctor visits for malignant breast diseases, w/o CC, primary care",30.0,swe
K69L,"Inpatient care for mammary gland diseases, primary care","Inpatient care for mammary gland diseases, primary care",30.0,swe
K89R,"Intravascular drug administration for mammary gland diseases, primary care","Intravascular drug administration for mammary gland diseases, primary care",30.0,swe
K93R,"Home visits for mammary gland diseases, primary care","Home visits for mammary gland diseases, primary care",30.0,swe
K97R,"Nurse visits for mammary gland diseases, primary care","Nurse visits for mammary gland diseases, primary care",30.0,swe
K99R,"Other doctor visits for mammary gland diseases, primary care","Other doctor visits for mammary gland diseases, primary care",30.0,swe
K99U,"Team visits/conferences for mammary gland diseases, primary care","Team visits/conferences for mammary gland diseases, primary care",30.0,swe
K99W,"Doctor letters or telephone contacts for mammary gland diseases, primary care","Doctor letters or telephone contacts for mammary gland diseases, primary care",30.0,swe
L41S,"Doctor visits for diabetes, age > 17, w CC, primary care","Doctor visits for diabetes, age > 17, w CC, primary care",10.0,swe
L41T,"Doctor visits for diabetes, age > 17, w/o CC,  primary care","Doctor visits for diabetes, age > 17, w/o CC,  primary care",10.0,swe
L42S,"Doctor visits for diabetes, age 0-17, w CC, primary care","Doctor visits for diabetes, age 0-17, w CC, primary care",10.0,swe
L42T,"Doctor visits for diabetes, age 0-17, w/o CC, primary care","Doctor visits for diabetes, age 0-17, w/o CC, primary care",10.0,swe
L50S,"Doctor visits for nutritional & miscellaneous metabolic disorders, w CC, primary care","Doctor visits for nutritional & miscellaneous metabolic disorders, w CC, primary care",10.0,swe
L50T,"Doctor visits for nutritional & miscellaneous metabolic disorders, w/o CC, primary care","Doctor visits for nutritional & miscellaneous metabolic disorders, w/o CC, primary care",10.0,swe
L55S,"Doctor visits for inborn errors of metabolism, w CC, primary care","Doctor visits for inborn errors of metabolism, w CC, primary care",10.0,swe
L55T,"Doctor visits for inborn errors of metabolism, w/o CC, primary care","Doctor visits for inborn errors of metabolism, w/o CC, primary care",10.0,swe
L69L,"Inpatient care for endocrine diseases, primary care","Inpatient care for endocrine diseases, primary care",10.0,swe
L78R,"Metabolic examinations, primary care","Metabolic examinations, primary care",10.0,swe
L81R,"Nutritional interventions, primary care","Nutritional interventions, primary care",10.0,swe
L93R,"Home visits for endocrine diseases, primary care","Home visits for endocrine diseases, primary care",10.0,swe
L97R,"Nurse visits for endocrine and metabolic diseases, primary care","Nurse visits for endocrine and metabolic diseases, primary care",10.0,swe
L99R,"Other doctor visits for endocrine and metabolic diseases, primary care","Other doctor visits for endocrine and metabolic diseases, primary care",10.0,swe
L99U,"Team visits/conferences for endocrine and metabolic diseases, primary care","Team visits/conferences for endocrine and metabolic diseases, primary care",10.0,swe
L99W,"Doctor letters or telephone contacts for endocrine and metabolic diseases, primary care","Doctor letters or telephone contacts for endocrine and metabolic diseases, primary care",10.0,swe
M31S,"Doctor visits for kidney failure, w CC, primary care","Doctor visits for kidney failure, w CC, primary care",11.0,swe
M31T,"Doctor visits for kidney failure, w/o CC, primary care","Doctor visits for kidney failure, w/o CC, primary care",11.0,swe
M32R,"Renal dialysis, including preparations, primary care","Renal dialysis, including preparations, primary care",11.0,swe
M35S,"Doctor visits for kidney & urinary tract neoplasms, w CC, primary care","Doctor visits for kidney & urinary tract neoplasms, w CC, primary care",11.0,swe
M35T,"Doctor visits for kidney & urinary tract neoplasms, w/o CC, primary care","Doctor visits for kidney & urinary tract neoplasms, w/o CC, primary care",11.0,swe
M40L,"Inpatient care for urinary tract infection, primary care","Inpatient care urinary tract infection, primary care",11.0,swe
M40S,"Doctor visits for kidney & urinary tract infections, w CC, primary care","Doctor visits for kidney & urinary tract infections, w CC, primary care",11.0,swe
M40T,"Doctor visits for kidney & urinary tract infections, w/o CC, primary care","Doctor visits for kidney & urinary tract infections, w/o CC, primary care",11.0,swe
M45S,"Doctor visits for urinary stones, w CC, primary care","Doctor visits for urinary stones, w CC, primary care",11.0,swe
M45T,"Doctor visits for urinary stones, w/o CC, primary care","Doctor visits for urinary stones, w/o CC, primary care",11.0,swe
M50S,"Doctor visits for kidney & urinary tract signs & symptoms, w CC, primary care","Doctor visits for kidney & urinary tract signs & symptoms, w CC, primary care",11.0,swe
M50T,"Doctor visits for kidney & urinary tract signs & symptoms, w/o CC, primary care","Doctor visits for kidney & urinary tract signs & symptoms, w/o CC, primary care",11.0,swe
M55R,"Doctor visits for urethral stricture, primary care","Doctor visits for urethral stricture, primary care",11.0,swe
M69L,"Inpatient care for kidney & urinary tract diseases, primary care","Inpatient care for kidney & urinary tract diseases, primary care",11.0,swe
M76R,"Physiological urinary tract investigations, primary care   ","Physiological urinary tract investigations, primary care   ",11.0,swe
M77R,"Major urogenital intervention, primary care","Major urogenital intervention, primary care",11.0,swe
M78R,"Minor urogenital interventions, primary care","Minor urogenital interventions, primary care",11.0,swe
M89R,"Intravascular drug administration for kidney & urinary tract diseases, primary care","Intravascular drug administration for kidney & urinary tract diseases, primary care",11.0,swe
M93R,"Home visits for kidney & urinary tract diseases, primary care","Home visits for kidney & urinary tract diseases, primary care",11.0,swe
M97R,"Nurse visits for diseases of the kidneys and urinary tract, primary care","Nurse visits for diseases of the kidneys and urinary tract, primary care",11.0,swe
M99R,"Home visits for kidney & urinary tract diseases, primary care","Home visits for kidney & urinary tract diseases, primary care",11.0,swe
M99U,"Team visits/conferences for kidney & urinary tract diseases, primary care","Team visits/conferences for kidney & urinary tract diseases, primary care",11.0,swe
M99W,"Doctor letters or telephone contacts for kidney & urinary tract diseases, primary care","Doctor letters or telephone contacts for kidney & urinary tract diseases, primary care",11.0,swe
N20R,"Circumcision, primary care","Circumcision, primary care",12.0,swe
N40S,"Doctor visits for malignancy in the male reproductive system, w CC, primary care","Doctor visits for malignancy in the male reproductive system, w CC, primary care",12.0,swe
N40T,"Doctor visits for malignancy in the male reproductive system, w/o CC, primary care","Doctor visits for malignancy in the male reproductive system, w/o CC, primary care",12.0,swe
N45R,"Doctor visits for benign prostatic hypertrophy, primary care","Doctor visits for benign prostatic hypertrophy, primary care",12.0,swe
N50S,"Doctor visits for inflammation of the male reproductive system, w CC, primary care","Doctor visits for inflammation of the male reproductive system, w CC, primary care",12.0,swe
N50T,"Doctor visits for inflammation of the male reproductive system, w/o CC, primary care","Doctor visits for inflammation of the male reproductive system, w/o CC, primary care",12.0,swe
N69L,"Inpatient care for male reproductive system diseases, primary care","Inpatient care for male reproductive system diseases, primary care",12.0,swe
N89R,"Intravascular drug administration for male reproductive system diseases, primary care","Intravascular drug administration for male reproductive system diseases, primary care",12.0,swe
N93R,"Home visits for for male reproductive system diseases, primary care","Home visits for for male reproductive system diseases, primary care",12.0,swe
N97R,"Nurse visits for male reproductive system diagnoses, primary care ","Nurse visits for male reproductive system diagnoses, primary care ",12.0,swe
N99R,"Doctor visits for male reproductive system diseases, primary care ","Doctor visits for male reproductive system diseases, primary care ",12.0,swe
N99U,"Team visits/conferences for male reproductive system diagnoses, primary care ","Team visits/conferences for male reproductive system diagnoses, primary care ",12.0,swe
N99W,"Doctor letters or telephone contacts for male reproductive system diagnoses, primary care ","Doctor letters or telephone contacts for male reproductive system diagnoses, primary care ",12.0,swe
O40S,"Doctor visits for malignancy in the area of ​​adnexa-vulva, w CC, primary care","Doctor visits for malignancy in the area of ​​adnexa-vulva, w CC, primary care",13.0,swe
O40T,"Doctor visits for malignancy in the area of ​​adnexa-vulva, w/o CC, primary care","Doctor visits for malignancy in the area of ​​adnexa-vulva, w/o CC, primary care",13.0,swe
O45S,"Doctor visits for infections in the area of ​​adnexa-vulva, w CC, primary care","Doctor visits for infections in the area of ​​adnexa-vulva, w CC, primary care",13.0,swe
O45T,"Doctor visits for infections in the area of ​​adnexa-vulva, w/o CC, primary care","Doctor visits for infections in the area of ​​adnexa-vulva, w/o CC, primary care",13.0,swe
O69L,"Inpatient care for menstrual & other female reproductive system disorders, primary care","Inpatient care for menstrual & other female reproductive system disorders, primary care",13.0,swe
O89R,"Intravascular administration of drugs for diseases in the area of ​​adnexa-vulva, primary care","Intravascular administration of drugs for diseases in the area of ​​adnexa-vulva, primary care",13.0,swe
O93R,"Home visits for diseases in the area of ​​adnexa-vulva, primary care","Home visits for diseases in the area of ​​adnexa-vulva, primary care",13.0,swe
O97R,"Nurse visits for diseases in the area of ​​adnexa-vulva, primary care","Nurse visits for diseases in the area of ​​adnexa-vulva, primary care",13.0,swe
O99R,"Other doctor visits for diseases in the area of ​​adnexa-vulva, primary care","Other doctor visits for diseases in the area of ​​adnexa-vulva, primary care",13.0,swe
O99U,"Team visits/conferences for diseases in the area of ​​adnexa-vulva, primary care","Team visits/conferences for diseases in the area of ​​adnexa-vulva, primary care",13.0,swe
O99W,"Doctor letters and telephone contacts for diseases in the area of ​​adnexa-vulva, primary care","Doctor letters and telephone contacts for diseases in the area of ​​adnexa-vulva, primary care",13.0,swe
P01,OR procedure due to gender-identity related contact,OR procedure due to gender-identity related contact,19.0,fin
P01O,"OR procedure due to gender-identity related contact, short therapy","OR procedure due to gender-identity related contact, short therapy",19.0,fin
P02,Neuromodulation,Neuromodulation,19.0,fin
P02O,"Neuromodulation, short therapy","Neuromodulation, short therapy",19.0,fin
P03,Bipolar disorders,Bipolar disorders,19.0,fin
P03O,"Bipolar disorders, short therapy","Bipolar disorders, short therapy",19.0,fin
P04A,"Anxiety disorders, age >=18","Anxiety disorders, age >=18",19.0,fin
P04B,"Anxiety disorders, age 0-17","Anxiety disorders, age 0-17",19.0,fin
P04O,"Anxiety disorders, short therapy","Anxiety disorders, short therapy",19.0,fin
P05,Disorders of personality,Disorders of personality,19.0,fin
P05O,"Disorders of personality, short therapy","Disorders of personality, short therapy",19.0,fin
P05S,"Vaginal delivery, w CC, primary care","Vaginal delivery, w CC, primary care",14.0,swe
P05T,"Vaginal delivery, w/o CC, primary care","Vaginal delivery, w/o CC, primary care",14.0,swe
P06,Schizophrenia,Schizophrenia,19.0,fin
P06O,"Schizophrenia, short therapy","Schizophrenia, short therapy",19.0,fin
P07C,"Alcohol and drug abuse, w CC","Alcohol and drug abuse, w CC",19.0,fin
P07N,"Alcohol and drug abuse, w/o CC","Alcohol and drug abuse, w/o CC",19.0,fin
P07O,"Alcohol and drug abuse, short therapy","Alcohol and drug abuse, short therapy",19.0,fin
P08,Mental retardation,Mental retardation,19.0,fin
P08O,"Mental retardation, short therapy","Mental retardation, short therapy",19.0,fin
P09,Neuropsychiatric disorders,Neuropsychiatric disorders,19.0,fin
P09O,"Neuropsychiatric disorders, short therapy","Neuropsychiatric disorders, short therapy",19.0,fin
P10C,"Alchohol addiction, w CC","Alchohol addiction, w CC",19.0,fin
P10N,"Alchohol addiction, w/o CC","Alchohol addiction, w/o CC",19.0,fin
P10O,"Alchohol addiction, short therapy","Alchohol addiction, short therapy",19.0,fin
P11,Psychatric examination and observation,Psychatric examination and observation,19.0,fin
P11O,"Psychatric examination and observation, short therapy","Psychatric examination and observation, short therapy",19.0,fin
P12,Delirium,Delirium,19.0,fin
P12O,"Delirium, short therapy","Delirium, short therapy",19.0,fin
P13,Dementia,Dementia,19.0,fin
P13O,"Dementia, short therapy","Dementia, short therapy",19.0,fin
P14A,"Depression, age >=18","Depression, age >=18",19.0,fin
P14B,"Depression, age 0-17","Depression, age 0-17",19.0,fin
P14O,"Depression, short therapy","Depression, short therapy",19.0,fin
P15,Other addiction,Other addiction,19.0,fin
P15O,"Other addiction, short therapy","Other addiction, short therapy",19.0,fin
P16,Organic brain disorders,Organic brain disorders,19.0,fin
P16O,"Organic brain disorders, short therapy","Organic brain disorders, short therapy",19.0,fin
P17A,"Neurocognitive disorders, age  >=25","Neurocognitive disorders, age  >=25",19.0,fin
P17B,"Neurocognitive disorders, age <25 ","Neurocognitive disorders, age <25 ",19.0,fin
P17O,"Neurocognitive disorders, short therapy","Neurocognitive disorders, short therapy",19.0,fin
P18,Opiod addiction,Opiod addiction,19.0,fin
P18O,"Opiod addiction, short therapy","Opiod addiction, short therapy",19.0,fin
P19,Neurotic disorders,Neurotic disorders,19.0,fin
P19O,"Neurotic disorders, short therapy","Neurotic disorders, short therapy",19.0,fin
P19R,"Doctor visits for threatened abortion or premature delivery, primary care","Doctor visits for threatened abortion or premature delivery, primary care",14.0,swe
P20A,"Psychosis, age >=18","Psychosis, age >=18",19.0,fin
P20B,"Psychosis, age 0-17","Psychosis, age 0-17",19.0,fin
P20O,"Psychosis, short therapy","Psychosis, short therapy",19.0,fin
P21,Abuse psychosis,Abuse psychosis,19.0,fin
P21O,"Abuse psychosis, short therapy","Abuse psychosis, short therapy",19.0,fin
P22O,"Gender-identity related contacts, short therapy","Gender-identity related contacts, short therapy",19.0,fin
P23,Behavioural and emotional disorders,Behavioural and emotional disorders,19.0,fin
P23O,"Behavioural and emotional disorders, short therapy","Behavioural and emotional disorders, short therapy",19.0,fin
P23R,"Pharmacological or spontaneous abortion, primary care","Pharmacological or spontaneous abortion, primary care",14.0,swe
P24O,"Severe organic disturbances, short therapy","Severe organic disturbances, short therapy",19.0,fin
P25O,"Other mental disorder diagnoses, short therapy","Other mental disorder diagnoses, short therapy",19.0,fin
P26O,"Ketamine therapy, short therapy","Ketamine therapy, short therapy",19.0,fin
P27O,"Organic disturbances, short therapy","Organic disturbances, short therapy",19.0,fin
P28O,"Tic disorder, short therapy","Tic disorder, short therapy",19.0,fin
P29O,"Congenital disorder, short therapy","Congenital disorder, short therapy",19.0,fin
P30O,"Sleeping disorders, short therapy","Sleeping disorders, short therapy",19.0,fin
P31O,"Impairment of mental functions, short therapy","Impairment of mental functions, short therapy",19.0,fin
P69L,"Inpatient care for pregnancy, childbirth and puerperium, primary care","Inpatient care for pregnancy, childbirth and puerperium, primary care",14.0,swe
P76R,"Obstetric ultrasonography, primary care","Obstetric ultrasonography, primary care",14.0,swe
P93R,"Home visits during pregnancy, childbirth and puerperium, primary care","Home visits during pregnancy, childbirth and puerperium, primary care",14.0,swe
P97R,"Nurse visits during pregnancy, childbirth and puerperium, primary care    ","Nurse visits during pregnancy, childbirth and puerperium, primary care    ",14.0,swe
P99R,"Other doctor visits during pregnancy, childbirth and puerperium, primary care","Other doctor visits during pregnancy, childbirth and puerperium, primary care",14.0,swe
P99U,"Team visits/conferences during during pregnancy, childbirth and puerperium, primary care","Team visits/conferences during during pregnancy, childbirth and puerperium, primary care",14.0,swe
P99W,"Doctor letters or telephone contacts during pregnancy, childbirth and puerperium, primary care","Doctor letters or telephone contacts during pregnancy, childbirth and puerperium, primary care",14.0,swe
Q69L,"Inpatient care for newborns and some perinatal conditions, primary care","Inpatient care for newborns and some perinatal conditions, primary care",15.0,swe
Q93R,"Home visits for newborns and some perinatal conditions, primary care","Home visits for newborns and some perinatal conditions, primary care",15.0,swe
Q97R,"Nurse visits for diseases in newborns, primary care","Nurse visits for diseases in newborns, primary care",15.0,swe
Q99R,"Other doctor visits for diseases in newborns, primary care","Other doctor visits for diseases in newborns, primary care",15.0,swe
Q99U,"Team visits/conferences for diseases in newborns, primary care","Team visits/conferences for diseases in newborns, primary care",15.0,swe
Q99W,"Doctor letters or telephone contacts for diseases in newborns, primary care","Doctor letters or telephone contacts for diseases in newborns, primary care",15.0,swe
R06L,"Inpatient care for anaemia, primary care","Inpatient care anaemia, primary care",16.0,swe
R06S,"Doctor visits for anemia and other red blood cell disorders, age >17, w CC, primary care","Doctor visits for anemia and other red blood cell disorders, age >17, w CC, primary care",16.0,swe
R06T,"Doctor visits for anemia and other red blood cell disorders, age >17, w/o CC, primary care","Doctor visits for anemia and other red blood cell disorders, age >17, w/o CC, primary care",16.0,swe
R07R,"Doctor visits for anemia and other red blood cell disorders, age 0-17, primary care","Doctor visits for anemia and other red blood cell disorders, age 0-17, primary care",16.0,swe
R08S,"Doctor visits for coagulation disorders, w CC, primary care","Doctor visits for coagulation disorders, w CC, primary care",16.0,swe
R08T,"Doctor visits for coagulation disorders, w/o CC, primary care","Doctor visits for coagulation disorders, w/o CC, primary care",16.0,swe
R29S,"Doctor visits for lymphoma  & non-acute leukemia, w CC, primary care","Doctor visits for lymphoma  & non-acute leukemia, w CC, primary care",17.0,swe
R29T,"Doctor visits for lymphoma  & non-acute leukemia, w/o CC, primary care","Doctor visits for lymphoma  & non-acute leukemia, w/o CC, primary care",17.0,swe
R30S,"Doctor visits for acute leukemia, age >17, w CC, primary care","Doctor visits for acute leukemia, age >17, w CC, primary care",17.0,swe
R30T,"Doctor visits for acute leukemia, age >17, w/o CC, primary care","Doctor visits for acute leukemia, age >17, w/o CC, primary care",17.0,swe
R31S,"Doctor visits for acute leukemia, age 0-17, w CC, primary care","Doctor visits for acute leukemia, age 0-17, w CC, primary care",17.0,swe
R31T,"Doctor visits for acute leukemia, age 0-17, w/o CC, primary care","Doctor visits for acute leukemia, age 0-17, w/o CC, primary care",17.0,swe
R60R,"Doctor visits for malignancy investigation, primary care","Doctor visits for malignancy investigation, primary care",17.0,swe
R69L,"Inpatient care for blood diseases & immunological disorders, primary care","Inpatient care for blood diseases & immunological disorders, primary care",16.0,swe
R70L,"Inpatient care for blood diseases and unspecified neoplasms , primary care  ","Inpatient care for blood diseases and unspecified neoplasms , primary care  ",17.0,swe
R78R,"Transfusion of erythrocytes or blood, primary care","Transfusion of erythrocytes or blood, primary care",16.0,swe
R89R,"Intravascular drug administration for blood diseases, primary care","Intravascular drug administration for blood diseases, primary care",16.0,swe
R91R,"Intravascular drug administration for myeloproliferative diseases, primary care","Intravascular drug administration for myeloproliferative diseases, primary care",17.0,swe
R93R,"Home visits for blood diseases and immunological disorders, primary care","Home visits for blood diseases and immunological disorders, primary care",16.0,swe
R94R,"Home visits for blood diseases and unspecified neoplasms , primary care  ","Home visits for blood diseases and unspecified neoplasms , primary care  ",17.0,swe
R96R,"Nurse visits for blood diseases, primary care","Nurse visits for blood diseases, primary care",16.0,swe
R97R,"Nurse visits for non-specific tumor diseases and blood cancers, primary care","Nurse visits for non-specific tumor diseases and blood cancers, primary care",17.0,swe
R98R,"Other doctor visits for blood diseases, primary care","Other doctor visits for blood diseases, primary care",16.0,swe
R98U,"Team visits/conferences for blood diseases, primary care","Team visits/conferences for blood diseases, primary care",16.0,swe
R98W,"Doctor letters or telephone contacts for blood diseases, primary care","Doctor letters or telephone contacts for blood diseases, primary care",16.0,swe
R99R,"Other doctor visits for non-specific tumour diseases and blood cancer, primary care","Other doctor visits for non-specific tumour diseases and blood cancer, primary care",17.0,swe
R99U,"Team visits/conferences for non-specific tumour diseases and blood cancer, primary care","Team visits/conferences for non-specific tumour diseases and blood cancer, primary care",17.0,swe
R99W,"Doctor letters or telephone contacts for non-specific tumour diseases and blood cancer, primary care","Doctor letters or telephone contacts for non-specific tumour diseases and blood cancer, primary care",17.0,swe
S10S,"Doctor visits for septicemia, age >17, w CC, primary care","Doctor visits for septicemia, age >17, w CC, primary care",18.0,swe
S10T,"Doctor visits for septicemia, age >17, w/o CC, primary care","Doctor visits for septicemia, age >17, w/o CC, primary care",18.0,swe
S11S,"Septicemia, age 0-17, w CC, primary care","Septicemia, age 0-17, w CC, primary care",18.0,swe
S11T,"Septicemia, age 0-17, w/o CC, primary care","Septicemia, age 0-17, w/o CC, primary care",18.0,swe
S20S,"Doctor visits for postoperative & post-traumatic infections, w CC, primary care","Doctor visits for postoperative & post-traumatic infections, w CC, primary care",18.0,swe
S20T,"Doctor visits for postoperative & post-traumatic infections, w/o CC, primary care","Doctor visits for postoperative & post-traumatic infections, w/o CC, primary care",18.0,swe
S30S,"Doctor visits for fever of unknown origin, w CC, primary care","Doctor visits for fever of unknown origin, w CC, primary care",18.0,swe
S30T,"Doctor visits for fever of unknown origin, w/o CC, primary care","Doctor visits for fever of unknown origin, w/o CC, primary care",18.0,swe
S41R,Doctor visits for influenza,Doctor visits for influenza,18.0,swe
S42R,"Doctor visits for common cold, primary care","Doctor visits for common cold, primary care",18.0,swe
S43R,"Doctor visits for other viral infections, primary care","Doctor visits for other viral infections, primary care",18.0,swe
S69L,"Inpatient care for other infectious & parasitic diseases, primary care","Inpatient care for other infectious & parasitic diseases, primary care",18.0,swe
S93R,"Home visits for  other infectious & parasitic diseases, primary care","Home visits for  other infectious & parasitic diseases, primary care",18.0,swe
S97R,"Nurse visits for infectious diseases, primary care","Nurse visits for infectious diseases, primary care",18.0,swe
S99R,"Other doctor visits for infectious diseases, primary care","Other doctor visits for infectious diseases, primary care",18.0,swe
S99U,"Team visits/conferences for  infectious diseases, primary care","Team visits/conferences for  infectious diseases, primary care",18.0,swe
S99W,"Doctor letters or telephone contacts for infectious diseases, primary care","Doctor letters or telephone contacts for infectious diseases, primary care",18.0,swe
T10S,"Bipolar syndrome, age <60, w CC, primary care","Bipolar syndrome, age <60, w CC, primary care",19.0,swe
T10T,"Bipolar syndrome, age <60, w/o CC, primary care","Bipolar syndrome, age <60, w/o CC, primary care",19.0,swe
T11S,"Bipolar syndrome, age >59, w CC, primary care","Bipolar syndrome, age >59, w CC, primary care",19.0,swe
T11T,"Bipolar syndrome, age >59, w/o CC, primary care","Bipolar syndrome, age >59, w/o CC, primary care",19.0,swe
T12S,"Other affective disorders, age <60, w CC, primary care","Other affective disorders, age <60, w CC, primary care",19.0,swe
T12T,"Other affective disorders, age <60, w/o CC, primary care","Other affective disorders, age <60, w/o CC, primary care",19.0,swe
T13S,"Other affective disorders, age >59, w CC, primary care","Other affective disorders, age >59, w CC, primary care",19.0,swe
T13T,"Other affective disorders, age >59, w/o CC, primary care","Other affective disorders, age >59, w/o CC, primary care",19.0,swe
T15S,"Anxiety syndrome, w CC, primary care","Anxiety syndrome, w CC, primary care",19.0,swe
T15T,"Anxiety syndrome, w/o CC, primary care","Anxiety syndrome, w/o CC, primary care",19.0,swe
T16S,"Maladaptive stress reactions, non-acute, w CC, primary care","Maladaptive stress reactions, non-acute, w CC, primary care",19.0,swe
T16T,"Maladaptive stress reactions, non-acute, w/o CC, primary care","Maladaptive stress reactions, non-acute, w/o CC, primary care",19.0,swe
T17S,"Maladaptive stress reactions, acute, w CC, primary care","Maladaptive stress reactions, acute, w CC, primary care",19.0,swe
T17T,"Maladaptive stress reactions, acute, w/o CC, primary care","Maladaptive stress reactions, acute, w/o CC, primary care",19.0,swe
T18S,"Somatoform and dissociative syndromes, w CC, primary care","Somatoform and dissociative syndromes, w CC, primary care",19.0,swe
T18T,"Somatoform and dissociative syndromes, w/o CC, primary care","Somatoform and dissociative syndromes, w/o CC, primary care",19.0,swe
T25S,"Organic cerebral syndromes, w CC, primary care","Organic cerebral syndromes, w CC, primary care",19.0,swe
T25T,"Organic cerebral syndromes, w/o CC, primary care","Organic cerebral syndromes, w/o CC, primary care",19.0,swe
T33S,"Schizophrenia, w CC, primary care","Schizophrenia, w CC, primary care",19.0,swe
T33T,"Schizophrenia, w/o CC, primary care","Schizophrenia, w/o CC, primary care",19.0,swe
T40S,"Intellectual disability, w CC, primary care","Intellectual disability, w CC, primary care",19.0,swe
T40T,"Intellectual disability, w/o CC, primary care","Intellectual disability, w/o CC, primary care",19.0,swe
T41S,"Neuropsychiatric disorders, w CC, primary care","Neuropsychiatric disorders, w CC, primary care",19.0,swe
T41T,"Neuropsychiatric disorders, w/o CC, primary care","Neuropsychiatric disorders, w/o CC, primary care",19.0,swe
T47S,"Eating disorders, w CC, primary care","Eating disorders, w CC, primary care",19.0,swe
T47T,"Eating disorders, w/o CC, primary care","Eating disorders, w/o CC, primary care",19.0,swe
T60S,"Abuse or dependency of alcohol/drugs with psychosis or personality disorder, w CC, primary care","Abuse or dependency of alcohol/drugs with psychosis or personality disorder, w CC, primary care",19.0,swe
T60T,"Abuse or dependency of alcohol/drugs with psychosis or personality disorder, w/o CC, primary care","Abuse or dependency of alcohol/drugs with psychosis or personality disorder, w/o CC, primary care",19.0,swe
T61S,"Abuse or dependency of alcohol/drugs without psychosis, w CC, primary care","Abuse or dependency of alcohol/drugs without psychosis, w CC, primary care",19.0,swe
T61T,"Abuse or dependency of alcohol/drugs without psychosis, w/o CC, primary care","Abuse or dependency of alcohol/drugs without psychosis, w/o CC, primary care",19.0,swe
T69L,"Inpatient care for psychological/behavioural disorders and alcohol/drug abuse, primary care","Inpatient care for psychological/behavioural disorders and alcohol/drug abuse, primary care",19.0,swe
T79R,"Psychiatric light therapy, primary care","Psychiatric light therapy, primary care",19.0,swe
T93R,"Home visits for psychological/behavioural disorders and alcohol/drug abuse, primary care","Home visits for psychological/behavioural disorders and alcohol/drug abuse, primary care",19.0,swe
T99R,"Other visits for psychological disorders and drug abuse, primary care","Other visits for psychological disorders and drug abuse, primary care",19.0,swe
T99U,"Team visits/conferences for psychological disorders and drug abuse, primary care","Team visits/conferences for psychological disorders and drug abuse, primary care",19.0,swe
T99W,"Doctor letters or telephone contacts for psychological disorders and drug abuse, primary care","Doctor letters or telephone contacts for psychological disorders and drug abuse, primary care",19.0,swe
U29S,"Doctor visits for injuries, w CC, primary care","Doctor visits for injuries, w CC, primary care",21.0,swe
U29T,"Doctor visits for injuries, w/o CC, primary care","Doctor visits for injuries, w/o CC, primary care",21.0,swe
U30S,"Doctor visits for allergic reactions, w CC, primary care","Doctor visits for allergic reactions, w CC, primary care",21.0,swe
U30T,"Doctor visits for allergic reactions, w/o CC, primary care","Doctor visits for allergic reactions, w/o CC, primary care",21.0,swe
U35S,"Doctor visits for poisonings & toxic effects of drugs, w CC, primary care","Doctor visits for poisonings & toxic effects of drugs, w CC, primary care",21.0,swe
U35T,"Doctor visits for poisonings & toxic effects of drugs, w/o CC, primary care","Doctor visits for poisonings & toxic effects of drugs, w/o CC, primary care",21.0,swe
U42S,"Doctor visits for complications of treatment without surgery, w CC, primary care","Doctor visits for complications of treatment without surgery, w CC, primary care",21.0,swe
U42T,"Doctor visits for complications of treatment without surgery, w/o CC, primary care","Doctor visits for complications of treatment without surgery, w/o CC, primary care",21.0,swe
U69L,"Inpatient care for injuries, poisonings and toxic effects, primary care","Inpatient care for injuries, poisonings and toxic effects, primary care",21.0,swe
U93R,"Home visits for injuries, poisonings and toxic effects, primary care ","Home visits for injuries, poisonings and toxic effects, primary care ",21.0,swe
U97R,"Nurse visits in case of injuries and poisonings, primary care","Nurse visits in case of injuries and poisonings, primary care",21.0,swe
U98R,"Other doctor visits for injuries and poisonings, primary care","Other doctor visits for injuries and poisonings, primary care",21.0,swe
U98U,"Team visits/conferences for injuries and poisonings, primary care","Team visits/conferences for injuries and poisonings, primary care",21.0,swe
U98W,"Doctor letters or telephone contacts for injuries and poisonings, primary care","Doctor letters or telephone contacts for injuries and poisonings, primary care",21.0,swe
V30R,"Doctor visits for extensive burns, without OR procedure, primary care","Doctor visits for extensive burns, without OR procedure, primary care",22.0,swe
V69L,"Inpatient care for burns, primary care","Inpatient care for burns, primary care",22.0,swe
V93R,"Home visits for burns, primary care","Home visits for burns, primary care",22.0,swe
V97R,"Nurse visits for burns, primary care","Nurse visits for burns, primary care",22.0,swe
V99R,"Other doctor visits for burns, primary care","Other doctor visits for burns, primary care",22.0,swe
V99U,"Team visits/conferences for burns, primary care","Team visits/conferences for burns, primary care",22.0,swe
W21C,"Aftercare for cardiovascular disease,  w CC","Aftercare for cardiovascular disease,  w CC",23.0,swe
W21E,"Aftercare for cardiovascular disease, w/o CC","Aftercare for cardiovascular disease, w/o CC",23.0,swe
W63R,"Fitting and adjustment of other external prosthetic devices, primary care","Fitting and adjustment of other external prosthetic devices, primary care",23.0,swe
W69L,"Inpatient care for other and unspecified health problems, primary care","Inpatient care for other and unspecified health problems, primary care",23.0,swe
W92R,"Home visits for vaccination, primary care","Home visits for vaccination, primary care",23.0,swe
W93R,"Other home visits for care for other and unspecified health problems, primary care","Other home visits for care for other and unspecified health problems, primary care",23.0,swe
W95N,Healthy person accompanying sick person,Healthy person accompanying sick person,23.0,swe
W96R,"Nurse visits for pain problems, primary care","Nurse visits for pain problems, primary care",23.0,swe
W97R,"Nurse visits for other problems, primary care","Nurse visits for other problems, primary care",23.0,swe
W98R,"Other doctor visits for pain problems, primary care","Other doctor visits for pain problems, primary care",23.0,swe
W98U,"Team visits/conferences for pain problems, primary care","Team visits/conferences for pain problems, primary care",23.0,swe
W98W,"Doctor letters or telephone contacts for pain problems, primary care","Doctor letters or telephone contacts for pain problems, primary care",23.0,swe
W99R,"Other doctor visits for other problems, primary care","Other doctor visits for other problems, primary care",23.0,swe
W99U,"Team visits/conferences for other problems, primary care","Team visits/conferences for other problems, primary care",23.0,swe
W99W,"Doctor letters or telephone contacts for other problems, primary care","Doctor letters or telephone contacts for other problems, primary care",23.0,swe
X06R,"Maintenance of medication pump or injection gate, primary care","Maintenance of medication pump or injection gate, primary care",40.0,swe
X09O,Deceased during short therapy O,Deceased during short therapy O,40.0,swe
X09R,"Deceased during short therapy, primary care","Deceased during short therapy, primary care",40.0,swe
X23R,"Sensoric stimulation for pain, primary care","Sensoric stimulation for pain, primary care",40.0,swe
X24R,"Biofeedback and suggestion therapy, primary care                          ","Biofeedback and suggestion therapy, primary care                          ",40.0,swe
X35R,"Allergy and immunodeficiency examination with provocation, primary care","Allergy and immunodeficiency examination with provocation, primary care",40.0,swe
X36R,"Allergy and immunodeficiency examination, primary care","Allergy and immunodeficiency examination, primary care",40.0,swe
X42R,"Major examination of body composition, primary care","Major examination of body composition, primary care",40.0,swe
X43R,"Ultrasonography, primary care","Ultrasonography, primary care",40.0,swe
X44R,"Other neuromuscular diagnostic and therapeutic interventions, primary care","Other neuromuscular diagnostic and therapeutic interventions, primary care",40.0,swe
X46R,"Occupational and environmental examination, primary care","Occupational and environmental examination, primary care",40.0,swe
X53R,"Rinsing or removal of drainage, primary care","Rinsing or removal of drainage, primary care",40.0,swe
X54R,"Oedema treatment, primary care                                                        ","Oedema treatment, primary care                                                        ",40.0,swe
X55R,"Medical aid interventions, primary care","Medical aid interventions, primary care",40.0,swe
X57R,"Motor function training, primary care","Motor function training, primary care",40.0,swe
X60R,"Examination of communication, language, voice and speech, primary care","Examination of communication, language, voice and speech, primary care",40.0,swe
X61R,"Picture and sound recording, no radiology, short therapy","Picture and sound recording, no radiology, short therapy",40.0,swe
X62R,"Information and education, primary care","Information and education, primary care",40.0,swe
X63R,"Administration of care, primary care","Administration of care, primary care",40.0,swe
X69L,"Inpatient care for other care, primary care","Inpatient care for other care, primary care",40.0,swe
X70R,"Intravascular medication, primary care","Intravascular medication, primary care",40.0,swe
X71R,"Other major intervention for medication, primary care","Other major intervention for medication, primary care",40.0,swe
X75R,"Evaluation of functioning, primary care","Evaluation of functioning, primary care",40.0,swe
X81R,"In-depth drug evaluation, primary care","In-depth drug evaluation, primary care",40.0,swe
X82R,"Targeted health examinations, primary care","Targeted health examinations, primary care",40.0,swe
X83R,"Contact with preventive child health clinic, primary care","Contact with preventive child health clinic, primary care",40.0,swe
X90W,"Other distance healtcare, primary care","Other distance healtcare, primary care",40.0,swe
X93R,"Home visits for other care, primary care","Home visits for other care, primary care",40.0,swe
X96R,"Sjuksköterskebesök blodtryckskontroll, primärvård",Ssk besök blodtryckskontroll P,40.0,swe
X97O,Visit for vaccination,Visit for vaccination,40.0,swe
X97R,"Visit for vaccination, primary care",Visit for vaccination P,40.0,swe
Y14W,"Nurse letters or telephone contacts, primary care","Nurse letters or telephone contacts, primary care",50.0,swe
Y75R,"Other psychologist contacts, primary care","Other psychologist contacts, primary care",50.0,swe
Y75V,"Psychologist contacts in group or group with team of care providers, primary care","Psychologist contacts in group or group with team of care providers, primary care",50.0,swe
Y76R,"Other logopedist contacts, primary care","Other logopedist contacts, primary care",50.0,swe
Y77R,"Other social worker visits, primary care","Other social worker visits, primary care",50.0,swe
Y77V,"Social worker visits in group or group with team of care providers, primary care","Social worker visits in group or group with team of care providers, primary care",50.0,swe
Y78R,"Other orthoptist contacts, primary care","Other orthoptist contacts, primary care",50.0,swe
Y79R,"Other occupational therapist contacts, primary care","Other occupational therapist contacts, primary care",50.0,swe
Y79V,"Occupational therapist contacts in group or group with team of care providers, primary care","Occupational therapist contacts in group or group with team of care providers, primary care",50.0,swe
Y80R,"Other dietician contacts, primary care","Other dietician contacts, primary care",50.0,swe
Y80V,"Dietician contacts  in group or group with team of care providers, primary care","Dietician contacts  in group or group with team of care providers, primary care",50.0,swe
Y82R,"Other physiotherapist contacts, primary care","Other physiotherapist contacts, primary care",50.0,swe
Y82V,"Physiotherapist contacts in group or group with team of care providers, primary care","Physiotherapist contacts in group or group with team of care providers, primary care",50.0,swe
Y83R,"Other nurse visits, primary care","Other nurse visits, primary care",50.0,swe
Y83V,"Nurse visits  in group or group with team of care providers, primary care","Nurse visits  in group or group with team of care providers, primary care",50.0,swe
Y85R,"Other nurse assistant visits, primary care","Other nurse assistant visits, primary care",50.0,swe
Y85V,"Nurse assistant visits in group or group with team of care providers, primary care","Nurse assistant visits in group or group with team of care providers, primary care",50.0,swe
Y86R,"Other midwife visits, primary care","Other midwife visits, primary care",50.0,swe
Y86V,"Midwife visits in group or group with team of care providers, primary care","Midwife visits in group or group with team of care providers, primary care",50.0,swe
Y90R,Other visits with other health care workers,Other visits with other health care workers,50.0,swe
Y99V,"Doctor visits in group or group with  team of care providers, primary care","Doctor visits in group or group with  team of care providers, primary care",50.0,swe
Z40R,"New principal diagnosis without specified grouping, primary care","New principal diagnosis without specified grouping, primary care",99.0,swe
Z50R,"Rare or incorrect combination of diagnosis and procedure, primary care","Rare or incorrect combination of diagnosis and procedure, primary care",99.0,swe
Z60L,"Other rare or incorrect combination of principal diagnosis and procedure, incare, primary care","Other rare or incorrect combination of principal diagnosis and procedure, incare, primary care",99.0,swe
Z60R,"Other rare or incorrect combination of principal diagnosis and procedure,  primary care","Other rare or incorrect combination of principal diagnosis and procedure,  primary care",99.0,swe
Z63W,"Administrative intervention without direct contact to patient, primary care",Adm proc w/o pat contact P,99.0,swe
Z70L,"Principal diagnosis is missing, incare, primary care","Principal diagnosis is missing, incare, primary care",99.0,swe
Z70R,"Principal diagnosis is missing, primary care","Principal diagnosis is missing, primary care",99.0,swe
Z71L,"Principal diagnosis code is invalid, incare, primary care","Principal diagnosis code is invalid, incare, primary care",99.0,swe
Z71R,"Principal diagnosis code is invalid, primary care","Principal diagnosis code is invalid, primary care",99.0,swe
Z73L,"Information about gender is missing, primary care","Information about gender is missing, primary care",99.0,swe
Z73R,"Swe - Patientens kön fattas, primärvård",Gender of patient is missing P,99.0,swe
Z75R,"Patient is too young for the diagnosis or intervention, primary care","Patient is too young for the diagnosis or intervention, primary care",99.0,swe
Z76R,"Patient is too old for the diagnosis or intervention, primary care","Patient is too old for the diagnosis or intervention, primary care",99.0,swe
Z77R,"Error in patient age (>125), primary care","Error in patient age (>125), primary care",99.0,swe
Z78R,"False combination of diagnosis and intervention, primary care","False combination of diagnosis and intervention, primary care",99.0,swe
Z79R,"False combination of diagnoses, primary care","False combination of diagnoses, primary care",99.0,swe
Z80R,"Contact type or professional category is missing, primary care","Contact type or professional category is missing, primary care",99.0,swe
Z82R,"Unplanned hospitalisation from planned visit, primary care","Unplanned hospitalisation from planned visit, primary care",99.0,swe
Z83O,"Åtgärden är inte förenlig med besökstypen, besök",Åtgärd & besök ej förenliga O,99.0,swe
Z83R,"Åtgärden är inte förenlig med besökstypen, primärvård",Åtgärd & besök ej förenliga P,99.0,swe
Z90R,"Error in age, primary care","Error in age, primary care",99.0,swe
