ord,id,drg_comb,rtc,icd,mdc,dgcat,pdgprop,compl,or_proc,procpro,secpro,dgprop1,dgprop2,dgprop3,dgprop4,agelim,sex,dur,disch,nat_ver
25,#00D000002,X09R,0,+,,,,,,40V62,,99X50,40X00,,,,,<1,,swe
37,#00D000003,X09R,0,+,,,,,,,,99X50,40X00,,,,,<1,,swe
43,#00D000004,X09R,0,,,,,,N,,,99X50,,,,,,<1,E,swe
50,#00D000005,Z82R,0,,,,,,,,,99X50,00X90,,,,,<1,N,swe
100,#00D000010,Z70R,1,-,,,,,,99V35,,99X50,,,,,,<1,N,swe
150,#00D000015,Z70R,1,-,,,,,,99V22,,99X50,,,,,,<1,N,swe
160,#00D0000157,Z70L,1,-,,,,,,,,99X50,,,,,,>0,N,swe
165,#00D0000164,Z70L,1,-,,,,,,,,99X50,,,,,,,E,swe
170,#00D000017,Z90R,9,+,15.0,,,,,,,99X50,,,,<0,,,,swe
250,#00D000025,Z76R,5,+,,,00P02,,,,,99X50,,,,>6574,,<1,,swe
300,#00D000030,Z75R,4,+,,,00P01,,,,,99X50,,,,<5114,,<1,,swe
350,#00D000035,Z77R,6,+,,,,,,,,99X50,,,,>45654,,<1,,swe
375,#00D000038,Z71R,8,+,,99M02,,,,,,99X50,99X35,,,,,<1,N,swe
400,#00D000040,Z71R,8,+,99.0,99M00,,,,,,99X50,,,,,,<1,,swe
410,#00D000041,Z71R,8,+,,00M00,,,,,,99X50,,,,,,<1,,swe
420,#00D000042,Z71R,8,+,,,23P07,,,,,99X50,,,,,,<1,,swe
427,#00D000039,Z71L,8,+,,99M02,,,,,,99X50,,,,,,>0,N,swe
435,#00D000043,Z71L,8,+,99.0,99M00,,,,,,99X50,,,,,,>0,,swe
442,#00D000044,Z71L,8,+,,00M00,,,,,,99X50,,,,,,>0,,swe
450,#00D000045,Z40R,0,+,99.0,99M01,,,,,,99X50,,,,,,<1,,swe
500,#00D000050,Z75R,4,+,14.0,,,,,,,99X50,,,,<4018,,<1,,swe
550,#00D000055,Z76R,5,+,14.0,,,,,,,99X50,,,,>21915,,<1,,swe
600,#00D000060,Z75R,4,+,,,,,,,,99X50,14X03,,,<4018,,<1,,swe
650,#00D000065,Z76R,5,+,,,,,,,,99X50,14X03,,,>21915,,<1,,swe
700,#00D000070,Z75R,4,+,,,,,S,14S01,,99X50,,,,<4018,,<1,,swe
750,#00D000075,Z76R,5,+,,,,,S,14S01,,99X50,,,,>21915,,<1,,swe
800,#00D000080,Z75R,4,+,13.0,,,,,,,99X50,14X01,,,<4018,,<1,,swe
850,#00D000085,Z76R,5,+,13.0,,,,,,,99X50,14X01,,,>21915,,<1,,swe
900,#00D000090,Z79R,9,+,14.0,,,,,,,99X50,14X04,14X01,,,,<1,,swe
950,#00D000095,Z79R,9,+,14.0,,,,,,,99X50,14X05,14X01,,,,<1,,swe
1000,#00D000100,Z79R,9,+,13.0,,,,,,,99X50,14X04,14X01,,,,<1,,swe
1050,#00D000105,Z79R,9,+,13.0,,,,,,,99X50,14X05,14X01,,,,<1,,swe
1200,#00D000120,Z76R,5,+,15.0,,,,,,,99X50,,,,>365,,<1,,swe
1250,#00D000125,Z71R,8,+,15.0,15M01,,,,,,99X50,,,,,,<1,,swe
1262,#00D000128,Z78R,9,+,23.0,23M04,,,,40V78,,99X50,,,,,,<1,,swe
1268,#00D000131,Z78R,9,+,,,99P78,,,40V78,,99X50,,,,,,<1,,swe
1275,#00D000129,Z83R,9,,,,,,S,99V24,,99X50,,,,,,<1,,swe
1300,#00D000130,Z78R,9,+,15.0,15M02,,,,15S02,,99X50,,,,,,<1,,swe
1350,#00D000135,Z79R,9,+,15.0,15M02,,,,,,99X50,15X40,,,,,<1,,swe
1400,#00D000140,Z78R,9,+,,,,,S,14S01,,99X50,14X31,,,,,<1,N,swe
1440,#00D000144,P05S,0,+,,,14P01,,,,,99X50,50X55,,,,,<1,N,swe
1450,#00D000145,P05S,0,+,,,14P01,1.0,,,,99X50,,,,,,<1,N,swe
1500,#00D000150,P05T,0,+,,,14P01,,,,,99X50,,,,,,<1,N,swe
1650,#00D000165,C70R,0,+,3.0,,,,P,03E01,,99X50,,,,,,<1,N,swe
1700,#00D000170,C70R,0,+,3.0,,,,,03E01,,99X50,00X10,,,,,<1,N,swe
1750,#00D000175,Z60R,7,+,5.0,,,,S,05S21,,99X50,,,,,,<1,N,swe
1800,#00D000180,F68R,0,+,6.0,,,,P,06E08,,99X50,,,,,,<1,N,swe
1850,#00D000185,M32R,0,+,11.0,11M02,,,,,,99X50,,,,,,<1,N,swe
1910,#00D000191,M32R,0,+,11.0,,,,,11S09,,99X50,,,,,,<1,N,swe
1930,#00D000192,M32R,0,+,,,11P01,,,11S09,,99X50,,,,,,<1,N,swe
1950,#00D000195,N20R,0,+,12.0,,,,S,12S05,,99X50,,,,,,<1,N,swe
2000,#00D000200,C70R,0,+,17.0,,,,P,17E01,,99X50,,,,,,<1,N,swe
2050,#00D000205,W63R,0,+,23.0,23M01,,,,,,99X50,,,,,,<1,N,swe
2100,#00D000210,Z50R,7,+,,,,,S,99S90,,99X50,,,,,,<1,N,swe
2150,#00D000215,X23R,0,,,,,,,40V54,,99X50,90X11,,,,,<1,N,swe
2175,#00D000217,A92R,0,+,,,01P02,,,,,99X50,93X93,,,,,<1,N,swe
2200,#00D000220,A93R,0,+,1.0,,,,,,,99X50,93X93,,,,,<1,N,swe
2250,#00D000225,B93R,0,+,2.0,,,,,,,99X50,93X93,,,,,<1,N,swe
2300,#00D000230,C93R,0,+,3.0,,,,,,,99X50,93X93,,,,,<1,N,swe
2350,#00D000235,D93R,0,+,4.0,,,,,,,99X50,93X93,,,,,<1,N,swe
2375,#00D000236,D93R,0,+,,,04P02,,,,,99X50,93X93,,,,,<1,N,swe
2376,#00D0002377,E92R,0,+,,,05P09,,,,,99X50,93X93,,,,,<1,N,swe
2378,#00D0002380,E91R,0,+,,,,,,,,99X50,93X93,50X79,,,,<1,N,swe
2381,#00D0002385,E91R,0,+,,,05P06,,,,,99X50,93X93,,,,,<1,N,swe
2387,#00D0002393,E90R,0,+,,,05P07,,,,,99X50,93X93,,,,,<1,N,swe
2400,#00D000240,E93R,0,+,5.0,,,,,,,99X50,93X93,,,,,<1,N,swe
2450,#00D000245,F93R,0,+,6.0,,,,,,,99X50,93X93,,,,,<1,N,swe
2500,#00D000250,G93R,0,+,7.0,,,,,,,99X50,93X93,,,,,<1,N,swe
2550,#00D000255,H93R,0,+,8.0,,,,,,,99X50,93X93,,,,,<1,N,swe
2600,#00D000260,J93R,0,+,9.0,,,,,,,99X50,93X93,,,,,<1,N,swe
2650,#00D000265,K93R,0,+,30.0,,,,,,,99X50,93X93,,,,,<1,N,swe
2700,#00D000270,L93R,0,+,10.0,,,,,,,99X50,93X93,,,,,<1,N,swe
2750,#00D000275,M93R,0,+,11.0,,,,,,,99X50,93X93,,,,,<1,N,swe
2800,#00D000280,N93R,0,+,12.0,,,,,,,99X50,93X93,,,,,<1,N,swe
2850,#00D000285,O93R,0,+,13.0,,,,,,,99X50,93X93,,,,,<1,N,swe
2900,#00D000290,P93R,0,+,14.0,,,,,,,99X50,93X93,,,,,<1,N,swe
2950,#00D000295,Q93R,0,+,15.0,,,,,,,99X50,93X93,,,,,<1,N,swe
3000,#00D000300,R93R,0,+,16.0,,,,,,,99X50,93X93,,,,,<1,N,swe
3050,#00D000305,R94R,0,+,17.0,,,,,,,99X50,93X93,,,,,<1,N,swe
3100,#00D000310,S93R,0,+,18.0,,,,,,,99X50,93X93,,,,,<1,N,swe
3150,#00D000315,T93R,0,+,19.0,,,,,,,99X50,93X93,,,,,<1,N,swe
3200,#00D000320,U93R,0,+,21.0,,,,,,,99X50,93X93,,,,,<1,N,swe
3250,#00D000325,V93R,0,+,22.0,,,,,,,99X50,93X93,,,,,<1,N,swe
3262,#00D000327,W92R,0,+,,,,,,40V58,,99X50,93X93,,,,,<1,N,swe
3275,#00D000328,W92R,0,+,,,18P10,,,,,99X50,93X93,,,,,<1,N,swe
3300,#00D000330,W93R,0,+,23.0,,,,,,,99X50,93X93,,,,,<1,N,swe
3350,#00D000335,X93R,0,,,,,,,,,99X50,93X93,,,,,<1,N,swe
4600,#00D000460,X46R,0,,,,,,,40V08,,99X50,,,,,,<1,N,swe
4650,#00D000465,H75R,0,,,,,,,08V02,,99X50,,,,,,<1,N,swe
4700,#00D000470,R78R,0,,,,,,,16V04,,99X50,,,,,,<1,N,swe
4725,#00D000471,Z71R,8,+,,99M02,,,,99V22,,99X50,,,,,,<1,N,swe
4737,#00D000473,Z71R,8,+,,99M02,,,,99V21,,99X50,,,,,,<1,N,swe
4750,#00D000475,R99U,0,+,17.0,,,,,99V22,,99X50,,,,,,<1,N,swe
4800,#00D000480,R99U,0,+,23.0,23M04,,,,99V22,,99X50,17K99,,,,,<1,N,swe
4840,#00D000484,R30S,0,+,17.0,17M01,,,N,99V20,99V35,99X50,50X55,,,>6574,,<1,N,swe
4850,#00D000485,R30S,0,+,17.0,17M01,,1.0,N,99V20,99V35,99X50,,,,>6574,,<1,N,swe
4900,#00D000490,R30T,0,+,17.0,17M01,,,N,99V20,99V35,99X50,,,,>6574,,<1,N,swe
4990,#00D000499,R31S,0,+,17.0,17M01,,,N,99V20,99V35,99X50,50X55,,,,,<1,N,swe
5000,#00D000500,R31S,0,+,17.0,17M01,,1.0,N,99V20,99V35,99X50,,,,,,<1,N,swe
5050,#00D000505,R31T,0,+,17.0,17M01,,,N,99V20,99V35,99X50,,,,,,<1,N,swe
5140,#00D000514,R29S,0,+,17.0,17M02,,,N,99V20,99V35,99X50,50X55,,,,,<1,N,swe
5150,#00D000515,R29S,0,+,17.0,17M02,,1.0,N,99V20,99V35,99X50,,,,,,<1,N,swe
5200,#00D000520,R29T,0,+,17.0,17M02,,,N,99V20,99V35,99X50,,,,,,<1,N,swe
5300,#00D000530,R60R,0,+,17.0,17M05,,,N,99V20,99V35,99X50,,,,,,<1,N,swe
5330,#00D000533,R91R,0,+,17.0,,,,,40V20,,99X50,,,,,,<1,N,swe
5350,#00D000535,R99R,0,+,17.0,,,,N,99V20,99V35,99X50,,,,,,<1,N,swe
5400,#00D000540,R99R,0,+,23.0,23M04,,,N,99V20,99V35,99X50,17K99,,,,,<1,N,swe
5450,#00D000545,R99W,0,+,17.0,,,,,99V23,99V35,99X50,,,,,,<1,N,swe
5500,#00D000550,G99U,0,+,7.0,,,,,99V22,,99X50,,,,,,<1,N,swe
5550,#00D000555,G99U,0,+,23.0,23M04,,,,99V22,,99X50,07K99,,,,,<1,N,swe
5590,#00D000559,G30S,0,+,7.0,07M01,,,N,99V20,99V35,99X50,50X55,,,,,<1,N,swe
5600,#00D000560,G30S,0,+,7.0,07M01,,1.0,N,99V20,99V35,99X50,,,,,,<1,N,swe
5700,#00D000570,G30T,0,+,7.0,07M01,,,N,99V20,99V35,99X50,,,,,,<1,N,swe
5740,#00D000574,G33S,0,+,7.0,07M02,,,N,99V20,99V35,99X50,50X55,,,,,<1,N,swe
5750,#00D000575,G33S,0,+,7.0,07M02,,1.0,N,99V20,99V35,99X50,,,,,,<1,N,swe
5850,#00D000585,G33T,0,+,7.0,07M02,,,N,99V20,99V35,99X50,,,,,,<1,N,swe
5900,#00D000590,G35R,0,+,7.0,07M03,,,N,99V20,99V35,99X50,,,,,,<1,N,swe
5950,#00D000595,G38R,0,+,7.0,07M04,,,N,99V20,99V35,99X50,,,,,,<1,N,swe
6000,#00D000600,G99R,0,,,,,,N,07V01,99V35,99X50,,,,,,<1,N,swe
6050,#00D000605,G99R,0,+,7.0,,,,N,99V20,99V35,99X50,,,,,,<1,N,swe
6100,#00D000610,G99R,0,+,23.0,23M04,,,N,99V20,99V35,99X50,07K99,,,,,<1,N,swe
6150,#00D000615,G99W,0,+,7.0,,,,,99V23,99V35,99X50,,,,,,<1,N,swe
6200,#00D000620,R98U,0,+,16.0,,,,,99V22,,99X50,,,,,,<1,N,swe
6250,#00D000625,R98U,0,+,23.0,23M04,,,,99V22,,99X50,16K99,,,,,<1,N,swe
6290,#00D000629,R06S,0,+,16.0,16M01,,,N,99V20,99V35,99X50,50X55,,,>6574,,<1,N,swe
6300,#00D000630,R06S,0,+,16.0,16M01,,1.0,N,99V20,99V35,99X50,,,,>6574,,<1,N,swe
6350,#00D000635,R06T,0,+,16.0,16M01,,,N,99V20,99V35,99X50,,,,>6574,,<1,N,swe
6450,#00D000645,R07R,0,+,16.0,16M01,,,N,99V20,99V35,99X50,,,,,,<1,N,swe
6490,#00D000649,R08S,0,+,16.0,16M02,,,N,99V20,99V35,99X50,50X55,,,,,<1,N,swe
6500,#00D000650,R08S,0,+,16.0,16M02,,1.0,N,99V20,99V35,99X50,,,,,,<1,N,swe
6550,#00D000655,R08T,0,+,16.0,16M02,,,N,99V20,99V35,99X50,,,,,,<1,N,swe
6600,#00D000660,R89R,0,+,16.0,,,,,40V20,,99X50,,,,,,<1,N,swe
6650,#00D000665,R98R,0,+,16.0,,,,N,99V20,99V35,99X50,,,,,,<1,N,swe
6700,#00D000670,R98R,0,+,23.0,23M04,,,N,99V20,99V35,99X50,16K99,,,,,<1,N,swe
6750,#00D000675,R98W,0,+,16.0,,,,,99V23,99V35,99X50,,,,,,<1,N,swe
6800,#00D000680,M99U,0,+,11.0,,,,,99V22,,99X50,,,,,,<1,N,swe
6850,#00D000685,M99U,0,+,23.0,23M04,,,,99V22,,99X50,11K99,,,,,<1,N,swe
6890,#00D000689,M31S,0,+,11.0,11M01,,,N,99V20,99V35,99X50,50X55,,,,,<1,N,swe
6900,#00D000690,M31S,0,+,11.0,11M01,,1.0,N,99V20,99V35,99X50,,,,,,<1,N,swe
7000,#00D000700,M31T,0,+,11.0,11M01,,,N,99V20,99V35,99X50,,,,,,<1,N,swe
7040,#00D000704,M35S,0,+,11.0,11M03,,,N,99V20,99V35,99X50,50X55,,,,,<1,N,swe
7050,#00D000705,M35S,0,+,11.0,11M03,,1.0,N,99V20,99V35,99X50,,,,,,<1,N,swe
7150,#00D000715,M35T,0,+,11.0,11M03,,,N,99V20,99V35,99X50,,,,,,<1,N,swe
7190,#00D000719,M40S,0,+,11.0,11M04,,,N,99V20,99V35,99X50,50X55,,,,,<1,N,swe
7200,#00D000720,M40S,0,+,11.0,11M04,,1.0,N,99V20,99V35,99X50,,,,,,<1,N,swe
7300,#00D000730,M40T,0,+,11.0,11M04,,,N,99V20,99V35,99X50,,,,,,<1,N,swe
7340,#00D000734,M45S,0,+,11.0,11M05,,,N,99V20,99V35,99X50,50X55,,,,,<1,N,swe
7350,#00D000735,M45S,0,+,11.0,11M05,,1.0,N,99V20,99V35,99X50,,,,,,<1,N,swe
7450,#00D000745,M45T,0,+,11.0,11M05,,,N,99V20,99V35,99X50,,,,,,<1,N,swe
7490,#00D000749,M50S,0,+,11.0,11M06,,,N,99V20,99V35,99X50,50X55,,,,,<1,N,swe
7500,#00D000750,M50S,0,+,11.0,11M06,,1.0,N,99V20,99V35,99X50,,,,,,<1,N,swe
7600,#00D000760,M50T,0,+,11.0,11M06,,,N,99V20,99V35,99X50,,,,,,<1,N,swe
7650,#00D000765,M55R,0,+,11.0,11M07,,,N,99V20,99V35,99X50,,,,,,<1,N,swe
7670,#00D000767,M89R,0,+,11.0,,,,,40V20,,99X50,,,,,,<1,N,swe
7700,#00D000770,M99R,0,+,11.0,,,,N,99V20,99V35,99X50,,,,,,<1,N,swe
7750,#00D000775,M99R,0,+,23.0,23M04,,,N,99V20,99V35,99X50,11K99,,,,,<1,N,swe
7800,#00D000780,M77R,0,,,,,,,11V02,,99X50,,,,,,<1,N,swe
7850,#00D000785,M99W,0,+,11.0,,,,,99V23,99V35,99X50,,,,,,<1,N,swe
7900,#00D000790,D99U,0,+,4.0,,,,,99V22,,99X50,,,,,,<1,N,swe
7950,#00D000795,D99U,0,+,23.0,23M04,,,,99V22,,99X50,04K99,,,,,<1,N,swe
7990,#00D000799,D30S,0,+,4.0,04M01,,,N,99V20,99V35,99X50,50X55,,,,,<1,N,swe
8000,#00D000800,D30S,0,+,4.0,04M01,,1.0,N,99V20,99V35,99X50,,,,,,<1,N,swe
8100,#00D000810,D30T,0,+,4.0,04M01,,,N,99V20,99V35,99X50,,,,,,<1,N,swe
8150,#00D000815,D31S,0,+,4.0,04M02,,,N,99V20,99V35,99X50,50X55,,,>6574,,<1,N,swe
8175,#00D000816,D31S,0,+,,,04P02,,N,99V20,99V35,99X50,04X11,50X55,,>6574,,<1,N,swe
8200,#00D000820,D31S,0,+,4.0,04M02,,1.0,N,99V20,99V35,99X50,,,,>6574,,<1,N,swe
8225,#00D000821,D31S,0,+,,,04P02,1.0,N,99V20,99V35,99X50,04X11,,,>6574,,<1,N,swe
8250,#00D000825,D31T,0,+,4.0,04M02,,,N,99V20,99V35,99X50,,,,>6574,,<1,N,swe
8275,#00D000826,D31T,0,+,,,04P02,,N,99V20,99V35,99X50,04X11,,,>6574,,<1,N,swe
8300,#00D000830,D32S,0,+,4.0,04M02,,,N,99V20,99V35,99X50,50X55,,,,,<1,N,swe
8325,#00D000831,D32S,0,+,,,04P02,,N,99V20,99V35,99X50,04X11,50X55,,,,<1,N,swe
8350,#00D000835,D32S,0,+,4.0,04M02,,1.0,N,99V20,99V35,99X50,,,,,,<1,N,swe
8375,#00D000836,D32S,0,+,,,04P02,1.0,N,99V20,99V35,99X50,04X11,,,,,<1,N,swe
8400,#00D000840,D32T,0,+,4.0,04M02,,,N,99V20,99V35,99X50,,,,,,<1,N,swe
8425,#00D000841,D32T,0,+,,,04P02,,N,99V20,99V35,99X50,04X11,,,,,<1,N,swe
8450,#00D000845,D35S,0,+,4.0,04M03,,,N,99V20,99V35,99X50,50X55,,,,,<1,N,swe
8500,#00D000850,D35S,0,+,4.0,04M03,,1.0,N,99V20,99V35,99X50,,,,,,<1,N,swe
8550,#00D000855,D35T,0,+,4.0,04M03,,,N,99V20,99V35,99X50,,,,,,<1,N,swe
8600,#00D000860,D40S,0,+,4.0,04M04,,,N,99V20,99V35,99X50,50X55,,,,,<1,N,swe
8650,#00D000865,D40S,0,+,4.0,04M04,,1.0,N,99V20,99V35,99X50,,,,,,<1,N,swe
8700,#00D000870,D40T,0,+,4.0,04M04,,,N,99V20,99V35,99X50,,,,,,<1,N,swe
8750,#00D000875,D41S,0,+,4.0,04M05,,,N,99V20,99V35,99X50,50X55,,,,,<1,N,swe
8800,#00D000880,D41S,0,+,4.0,04M05,,1.0,N,99V20,99V35,99X50,,,,,,<1,N,swe
8850,#00D000885,D41T,0,+,4.0,04M05,,,N,99V20,99V35,99X50,,,,,,<1,N,swe
8900,#00D000890,D45S,0,+,4.0,04M06,,,N,99V20,99V35,99X50,50X55,,,,,<1,N,swe
8950,#00D000895,D45S,0,+,4.0,04M06,,1.0,N,99V20,99V35,99X50,,,,,,<1,N,swe
9000,#00D000900,D45T,0,+,4.0,04M06,,,N,99V20,99V35,99X50,,,,,,<1,N,swe
9050,#00D000905,D45S,0,+,,,04P01,,N,99V20,99V35,99X50,04X03,50X55,,,,<1,N,swe
9100,#00D000910,D45S,0,+,,,04P01,1.0,N,99V20,99V35,99X50,04X03,,,,,<1,N,swe
9150,#00D000915,D45T,0,+,,,04P01,,N,99V20,99V35,99X50,04X03,,,,,<1,N,swe
9175,#00D000916,D45S,0,+,,,04P02,,N,99V20,99V35,99X50,04X03,50X55,,,,<1,N,swe
9187,#00D000917,D45S,0,+,,,04P02,1.0,N,99V20,99V35,99X50,04X03,,,,,<1,N,swe
9193,#00D000918,D45T,0,+,,,04P02,,N,99V20,99V35,99X50,04X03,,,,,<1,N,swe
9200,#00D000920,D46S,0,+,4.0,04M07,,,N,99V20,99V35,99X50,50X55,,,,,<1,N,swe
9250,#00D000925,D46S,0,+,4.0,04M07,,1.0,N,99V20,99V35,99X50,,,,,,<1,N,swe
9300,#00D000930,D46T,0,+,4.0,04M07,,,N,99V20,99V35,99X50,,,,,,<1,N,swe
9350,#00D000935,D47S,0,+,4.0,04M08,,,N,99V20,99V35,99X50,50X55,,,,,<1,N,swe
9400,#00D000940,D47S,0,+,4.0,04M08,,1.0,N,99V20,99V35,99X50,,,,,,<1,N,swe
9450,#00D000945,D47T,0,+,4.0,04M08,,,N,99V20,99V35,99X50,,,,,,<1,N,swe
9475,#00D000946,D47S,0,+,,,04P02,,N,99V20,99V35,99X50,04X10,50X55,,,,<1,N,swe
9487,#00D000947,D47S,0,+,,,04P02,1.0,N,99V20,99V35,99X50,04X10,,,,,<1,N,swe
9493,#00D000948,D47T,0,+,,,04P02,,N,99V20,99V35,99X50,04X10,,,,,<1,N,swe
9500,#00D000950,D48S,0,+,4.0,04M09,,,N,99V20,99V35,99X50,50X55,,,,,<1,N,swe
9550,#00D000955,D48S,0,+,4.0,04M09,,1.0,N,99V20,99V35,99X50,,,,,,<1,N,swe
9600,#00D000960,D48T,0,+,4.0,04M09,,,N,99V20,99V35,99X50,,,,,,<1,N,swe
9650,#00D000965,D42S,0,+,4.0,04M10,,,N,99V20,99V35,99X50,50X55,,,,,<1,N,swe
9700,#00D000970,D42S,0,+,4.0,04M10,,1.0,N,99V20,99V35,99X50,,,,,,<1,N,swe
9750,#00D000975,D42T,0,+,4.0,04M10,,,N,99V20,99V35,99X50,,,,,,<1,N,swe
9800,#00D000980,D49S,0,+,4.0,04M11,,,N,99V20,99V35,99X50,50X55,,,,,<1,N,swe
9850,#00D000985,D49S,0,+,4.0,04M11,,1.0,N,99V20,99V35,99X50,,,,,,<1,N,swe
9900,#00D000990,D49T,0,+,4.0,04M11,,,N,99V20,99V35,99X50,,,,,,<1,N,swe
9950,#00D000995,D50S,0,+,4.0,04M12,,,N,99V20,99V35,99X50,50X55,,,,,<1,N,swe
10000,#00D001000,D50S,0,+,4.0,04M12,,1.0,N,99V20,99V35,99X50,,,,,,<1,N,swe
10050,#00D001005,D50T,0,+,4.0,04M12,,,N,99V20,99V35,99X50,,,,,,<1,N,swe
10070,#00D001007,D89R,0,+,4.0,,,,,40V20,,99X50,,,,,,<1,N,swe
10100,#00D001010,D99R,0,+,4.0,,,,N,99V20,99V35,99X50,,,,,,<1,N,swe
10150,#00D001015,D99R,0,+,23.0,23M04,,,N,99V20,99V35,99X50,04K99,,,,,<1,N,swe
10200,#00D001020,D99W,0,+,4.0,,,,,99V23,99V35,99X50,,,,,,<1,N,swe
10250,#00D001025,E99U,0,+,5.0,,,,,99V22,,99X50,,,,,,<1,N,swe
10300,#00D001030,E99U,0,+,23.0,23M04,,,,99V22,,99X50,05K99,,,,,<1,N,swe
10350,#00D001035,E41S,0,+,5.0,,,,N,99V20,99V35,99X50,05X01,05X02,50X55,,,<1,N,swe
10400,#00D001040,E41S,0,+,5.0,,,1.0,N,99V20,99V35,99X50,05X01,05X02,,,,<1,N,swe
10450,#00D001045,E41T,0,+,5.0,,,,N,99V20,99V35,99X50,05X01,05X02,,,,<1,N,swe
10500,#00D001050,E41S,0,+,5.0,,,,N,99V20,99V35,99X50,05X01,50X55,,,,<1,N,swe
10550,#00D001055,E41S,0,+,5.0,,,1.0,N,99V20,99V35,99X50,05X01,,,,,<1,N,swe
10600,#00D001060,E41T,0,+,5.0,,,,N,99V20,99V35,99X50,05X01,,,,,<1,N,swe
10650,#00D001065,E47S,0,+,5.0,05M03,,,N,99V20,99V35,99X50,50X55,,,,,<1,N,swe
10700,#00D001070,E47S,0,+,5.0,05M03,,1.0,N,99V20,99V35,99X50,,,,,,<1,N,swe
10750,#00D001075,E47T,0,+,5.0,05M03,,,N,99V20,99V35,99X50,,,,,,<1,N,swe
10800,#00D001080,E50R,0,+,5.0,05M04,,,N,99V20,99V35,99X50,,,,,,<1,N,swe
10850,#00D001085,E48R,0,+,5.0,05M05,,,N,99V20,99V35,99X50,,,,,,<1,N,swe
10900,#00D001090,E51S,0,+,5.0,05M06,,,N,99V20,99V35,99X50,50X55,,,,,<1,N,swe
10950,#00D001095,E51S,0,+,5.0,05M06,,1.0,N,99V20,99V35,99X50,,,,,,<1,N,swe
11000,#00D001100,E51T,0,+,5.0,05M06,,,N,99V20,99V35,99X50,,,,,,<1,N,swe
11050,#00D001105,E52S,0,+,5.0,05M07,,,N,99V20,99V35,99X50,50X55,,,,,<1,N,swe
11100,#00D001110,E52S,0,+,5.0,05M07,,1.0,N,99V20,99V35,99X50,,,,,,<1,N,swe
11150,#00D001115,E52T,0,+,5.0,05M07,,,N,99V20,99V35,99X50,,,,,,<1,N,swe
11200,#00D001120,E60S,0,+,5.0,05M09,,,N,99V20,99V35,99X50,50X55,,,>6574,,<1,N,swe
11250,#00D001125,E60S,0,+,5.0,05M09,,1.0,N,99V20,99V35,99X50,,,,>6574,,<1,N,swe
11300,#00D001130,E60T,0,+,5.0,05M09,,,N,99V20,99V35,99X50,,,,>6574,,<1,N,swe
11350,#00D001135,E60S,0,+,5.0,05M90,,,N,99V20,99V35,99X50,05X04,50X55,,>6574,,<1,N,swe
11400,#00D001140,E60S,0,+,5.0,05M90,,1.0,N,99V20,99V35,99X50,05X04,,,>6574,,<1,N,swe
11450,#00D001145,E60T,0,+,5.0,05M90,,,N,99V20,99V35,99X50,05X04,,,>6574,,<1,N,swe
11500,#00D001150,E61S,0,+,5.0,05M09,,,N,99V20,99V35,99X50,50X55,,,,,<1,N,swe
11550,#00D001155,E61S,0,+,5.0,05M09,,1.0,N,99V20,99V35,99X50,,,,,,<1,N,swe
11600,#00D001160,E61T,0,+,5.0,05M09,,,N,99V20,99V35,99X50,,,,,,<1,N,swe
11650,#00D001165,E61S,0,+,5.0,05M90,,,N,99V20,99V35,99X50,05X04,50X55,,,,<1,N,swe
11700,#00D001170,E61S,0,+,5.0,05M90,,1.0,N,99V20,99V35,99X50,05X04,,,,,<1,N,swe
11750,#00D001175,E61T,0,+,5.0,05M90,,,N,99V20,99V35,99X50,05X04,,,,,<1,N,swe
11800,#00D001180,E65S,0,+,5.0,05M10,,,N,99V20,99V35,99X50,50X55,,,,,<1,N,swe
11850,#00D001185,E65S,0,+,5.0,05M10,,1.0,N,99V20,99V35,99X50,,,,,,<1,N,swe
11900,#00D001190,E65T,0,+,5.0,05M10,,,N,99V20,99V35,99X50,,,,,,<1,N,swe
11950,#00D001195,E66S,0,+,5.0,05M11,,,N,99V20,99V35,99X50,50X55,,,,,<1,N,swe
12000,#00D001200,E66S,0,+,5.0,05M11,,1.0,N,99V20,99V35,99X50,,,,,,<1,N,swe
12050,#00D001205,E66T,0,+,5.0,05M11,,,N,99V20,99V35,99X50,,,,,,<1,N,swe
12100,#00D001210,E67S,0,+,5.0,05M12,,,N,99V20,99V35,99X50,50X55,,,,,<1,N,swe
12150,#00D001215,E67S,0,+,5.0,05M12,,1.0,N,99V20,99V35,99X50,,,,,,<1,N,swe
12200,#00D001220,E67T,0,+,5.0,05M12,,,N,99V20,99V35,99X50,,,,,,<1,N,swe
12250,#00D001225,E68R,0,+,5.0,05M13,,,N,99V20,99V35,99X50,,,,,,<1,N,swe
12300,#00D001230,E47S,0,+,5.0,,,,N,99V20,99V35,99X50,05X05,50X55,,,,<1,N,swe
12350,#00D001235,E47S,0,+,5.0,,,1.0,N,99V20,99V35,99X50,05X05,,,,,<1,N,swe
12400,#00D001240,E47T,0,+,5.0,,,,N,99V20,99V35,99X50,05X05,,,,,<1,N,swe
12450,#00D001245,E53S,0,+,5.0,05M08,,,N,99V20,99V35,99X50,50X55,,,,,<1,N,swe
12500,#00D001250,E53S,0,+,5.0,05M08,,1.0,N,99V20,99V35,99X50,,,,,,<1,N,swe
12550,#00D001255,E53T,0,+,5.0,05M08,,,N,99V20,99V35,99X50,,,,,,<1,N,swe
12600,#00D001260,E99R,0,+,5.0,,,,N,99V20,99V35,99X50,,,,,,<1,N,swe
12650,#00D001265,E99R,0,+,23.0,23M04,,,N,99V20,99V35,99X50,05K99,,,,,<1,N,swe
12700,#00D001270,E99R,0,,,,,,N,05V11,99V35,99X50,,,,,,<1,N,swe
12750,#00D001275,E99W,0,+,5.0,,,,,99V23,99V35,99X50,,,,,,<1,N,swe
12800,#00D001280,H80R,0,,,,,,,08V07,,99X50,,,,,,<1,N,swe
12850,#00D001285,H99U,0,+,8.0,,,,,99V22,,99X50,,,,,,<1,N,swe
12900,#00D001290,H99U,0,+,23.0,23M04,,,,99V22,,99X50,08K99,,,,,<1,N,swe
12950,#00D001295,P23R,0,,,,,,,14V02,,99X50,,,,,,<1,N,swe
13000,#00D001300,S99U,0,+,18.0,,,,,99V22,,99X50,,,,,,<1,N,swe
13050,#00D001305,S99U,0,+,23.0,23M04,,,,99V22,,99X50,18K99,,,,,<1,N,swe
13100,#00D001310,S10S,0,+,18.0,18M01,,,N,99V20,99V35,99X50,50X55,,,>6574,,<1,N,swe
13150,#00D001315,S10S,0,+,18.0,18M01,,1.0,N,99V20,99V35,99X50,,,,>6574,,<1,N,swe
13200,#00D001320,S10T,0,+,18.0,18M01,,,N,99V20,99V35,99X50,,,,>6574,,<1,N,swe
13250,#00D001325,S11S,0,+,18.0,18M01,,,,99V20,99V35,99X50,50X55,,,,,<1,N,swe
13300,#00D001330,S11S,0,+,18.0,18M01,,1.0,,99V20,99V35,99X50,,,,,,<1,N,swe
13350,#00D001335,S11T,0,+,18.0,18M01,,,,99V20,99V35,99X50,,,,,,<1,N,swe
13400,#00D001340,S20S,0,+,18.0,18M02,,,N,99V20,99V35,99X50,50X55,,,,,<1,N,swe
13450,#00D001345,S20S,0,+,18.0,18M02,,1.0,N,99V20,99V35,99X50,,,,,,<1,N,swe
13500,#00D001350,S20T,0,+,18.0,18M02,,,N,99V20,99V35,99X50,,,,,,<1,N,swe
13550,#00D001355,S30S,0,+,18.0,18M03,,,N,99V20,99V35,99X50,50X55,,,,,<1,N,swe
13600,#00D001360,S30S,0,+,18.0,18M03,,1.0,N,99V20,99V35,99X50,,,,,,<1,N,swe
13650,#00D001365,S30T,0,+,18.0,18M03,,,N,99V20,99V35,99X50,,,,,,<1,N,swe
13710,#00D001371,S41R,0,+,,,03P10,,N,99V20,99V35,99X50,,,,,,<1,N,swe
13760,#00D001376,S42R,0,+,,,03P11,,N,99V20,99V35,99X50,,,,,,<1,N,swe
13810,#00D001381,S43R,0,+,,,03P12,,N,99V20,99V35,99X50,,,,,,<1,N,swe
13850,#00D001385,S99R,0,+,18.0,,,,N,99V20,99V35,99X50,,,,,,<1,N,swe
13900,#00D001390,S99R,0,+,23.0,23M04,,,N,99V20,99V35,99X50,18K99,,,,,<1,N,swe
13950,#00D001395,S99W,0,+,18.0,,,,,99V23,99V35,99X50,,,,,,<1,N,swe
14000,#00D001400,A99U,0,+,1.0,,,,,99V22,,99X50,,,,,,<1,N,swe
14050,#00D001405,A99U,0,+,23.0,23M04,,,,99V22,,99X50,01K99,,,,,<1,N,swe
14100,#00D001410,A52S,0,+,1.0,01M09,,,N,99V20,99V35,99X50,50X55,,,,,<1,N,swe
14150,#00D001415,A52S,0,+,1.0,01M09,,1.0,N,99V20,99V35,99X50,,,,,,<1,N,swe
14200,#00D001420,A52T,0,+,1.0,01M09,,,N,99V20,99V35,99X50,,,,,,<1,N,swe
14250,#00D001425,A43S,0,+,1.0,01M02,,,N,99V20,99V35,99X50,50X55,,,,,<1,N,swe
14300,#00D001430,A43S,0,+,1.0,01M02,,1.0,N,99V20,99V35,99X50,,,,,,<1,N,swe
14350,#00D001435,A43T,0,+,1.0,01M02,,,N,99V20,99V35,99X50,,,,,,<1,N,swe
14400,#00D001440,A40S,0,+,1.0,01M01,,,N,99V20,99V35,99X50,50X55,,,,,<1,N,swe
14450,#00D001445,A40S,0,+,1.0,01M01,,1.0,N,99V20,99V35,99X50,,,,,,<1,N,swe
14500,#00D001450,A40T,0,+,1.0,01M01,,,N,99V20,99V35,99X50,,,,,,<1,N,swe
14550,#00D001455,A44S,0,+,1.0,01M03,,,N,99V20,99V35,99X50,50X55,,,,,<1,N,swe
14600,#00D001460,A44S,0,+,1.0,01M03,,1.0,N,99V20,99V35,99X50,,,,,,<1,N,swe
14650,#00D001465,A44T,0,+,1.0,01M03,,,N,99V20,99V35,99X50,,,,,,<1,N,swe
14700,#00D001470,A45S,0,+,1.0,01M04,,,N,99V20,99V35,99X50,50X55,,,,,<1,N,swe
14750,#00D001475,A45S,0,+,1.0,01M04,,1.0,N,99V20,99V35,99X50,,,,,,<1,N,swe
14800,#00D001480,A45T,0,+,1.0,01M04,,,N,99V20,99V35,99X50,,,,,,<1,N,swe
14850,#00D001485,A46S,0,+,1.0,01M05,,,N,99V20,99V35,99X50,50X55,,,,,<1,N,swe
14900,#00D001490,A46S,0,+,1.0,01M05,,1.0,N,99V20,99V35,99X50,,,,,,<1,N,swe
14950,#00D001495,A46T,0,+,1.0,01M05,,,N,99V20,99V35,99X50,,,,,,<1,N,swe
15000,#00D001500,A46S,0,+,1.0,01M06,,,N,99V20,99V35,99X50,01X03,50X55,,,,<1,N,swe
15050,#00D001505,A46S,0,+,1.0,01M06,,1.0,N,99V20,99V35,99X50,01X03,,,,,<1,N,swe
15100,#00D001510,A46T,0,+,1.0,01M06,,,N,99V20,99V35,99X50,01X03,,,,,<1,N,swe
15150,#00D001515,A50R,0,+,1.0,01M06,,,N,99V20,99V35,99X50,01X04,,,,,<1,N,swe
15200,#00D001520,A47R,0,+,1.0,01M06,,,N,99V20,99V35,99X50,,,,,,<1,N,swe
15250,#00D001525,A50R,0,+,1.0,01M07,,,N,99V20,99V35,99X50,,,,,,<1,N,swe
15300,#00D001530,A51S,0,+,1.0,01M08,,,N,99V20,99V35,99X50,50X55,,,,,<1,N,swe
15350,#00D001535,A51S,0,+,1.0,01M08,,1.0,N,99V20,99V35,99X50,,,,,,<1,N,swe
15400,#00D001540,A51T,0,+,1.0,01M08,,,N,99V20,99V35,99X50,,,,,,<1,N,swe
15450,#00D001545,A53S,0,+,1.0,01M10,,,N,99V20,99V35,99X50,50X55,,,,,<1,N,swe
15500,#00D001550,A53S,0,+,1.0,01M10,,1.0,N,99V20,99V35,99X50,,,,,,<1,N,swe
15550,#00D001555,A53T,0,+,1.0,01M10,,,N,99V20,99V35,99X50,,,,,,<1,N,swe
15600,#00D001560,A55S,0,+,1.0,01M12,,,N,99V20,99V35,99X50,50X55,,,,,<1,N,swe
15650,#00D001565,A55S,0,+,1.0,01M12,,1.0,N,99V20,99V35,99X50,,,,,,<1,N,swe
15700,#00D001570,A55T,0,+,1.0,01M12,,,N,99V20,99V35,99X50,,,,,,<1,N,swe
15760,#00D001576,A57R,0,+,,,01P08,,N,99V20,99V35,99X50,,,,,,<1,N,swe
15810,#00D001581,A58R,0,+,,,01P07,,N,99V20,99V35,99X50,,,,,,<1,N,swe
15850,#00D001585,A60S,0,+,1.0,01M14,,,N,99V20,99V35,99X50,01X01,50X55,,,,<1,N,swe
15900,#00D001590,A60S,0,+,1.0,01M14,,1.0,N,99V20,99V35,99X50,01X01,,,,,<1,N,swe
15950,#00D001595,A60T,0,+,1.0,01M14,,,N,99V20,99V35,99X50,01X01,,,,,<1,N,swe
16000,#00D001600,A61S,0,+,1.0,01M14,,,N,99V20,99V35,99X50,50X55,,,,,<1,N,swe
16050,#00D001605,A61S,0,+,1.0,01M14,,1.0,N,99V20,99V35,99X50,,,,,,<1,N,swe
16100,#00D001610,A61T,0,+,1.0,01M14,,,N,99V20,99V35,99X50,,,,,,<1,N,swe
16150,#00D001615,A62S,0,+,1.0,01M15,,,N,99V20,99V35,99X50,50X55,,,,,<1,N,swe
16200,#00D001620,A62S,0,+,1.0,01M15,,1.0,N,99V20,99V35,99X50,,,,,,<1,N,swe
16250,#00D001625,A62T,0,+,1.0,01M15,,,N,99V20,99V35,99X50,,,,,,<1,N,swe
16270,#00D001627,A89R,0,+,1.0,,,,,40V20,,99X50,,,,,,<1,N,swe
16300,#00D001630,A99R,0,+,1.0,,,,N,99V20,99V35,99X50,,,,,,<1,N,swe
16350,#00D001635,A99R,0,+,23.0,23M04,,,N,99V20,99V35,99X50,01K99,,,,,<1,N,swe
16400,#00D001640,A99W,0,+,1.0,,,,,99V23,99V35,99X50,,,,,,<1,N,swe
16450,#00D001645,E84R,0,,,,,,,05V10,,99X50,,,,,,<1,N,swe
16500,#00D001650,Q99U,0,+,15.0,,,,,99V22,,99X50,,,,,,<1,N,swe
16550,#00D001655,Q99U,0,+,23.0,23M04,,,,99V22,,99X50,15K99,,,,,<1,N,swe
16600,#00D001660,Q99R,0,+,15.0,,,,N,99V20,99V35,99X50,,,,,,<1,N,swe
16650,#00D001665,Q99R,0,+,23.0,23M04,,,N,99V20,99V35,99X50,15K99,,,,,<1,N,swe
16700,#00D001670,Q99W,0,+,15.0,,,,,99V23,99V35,99X50,,,,,,<1,N,swe
16750,#00D001675,K99U,0,+,30.0,,,,,99V22,,99X50,,,,,,<1,N,swe
16800,#00D001680,K99U,0,+,23.0,23M04,,,,99V22,,99X50,30K99,,,,,<1,N,swe
16850,#00D001685,K20S,0,+,30.0,30M04,,,N,99V20,99V35,99X50,50X55,,,,,<1,N,swe
16900,#00D001690,K20S,0,+,30.0,30M04,,1.0,N,99V20,99V35,99X50,,,,,,<1,N,swe
16950,#00D001695,K20T,0,+,30.0,30M04,,,N,99V20,99V35,99X50,,,,,,<1,N,swe
16970,#00D001697,K89R,0,+,30.0,,,,,40V20,,99X50,,,,,,<1,N,swe
17000,#00D001700,K99R,0,+,30.0,,,,N,99V20,99V35,99X50,,,,,,<1,N,swe
17050,#00D001705,K99R,0,+,23.0,23M04,,,N,99V20,99V35,99X50,30K99,,,,,<1,N,swe
17100,#00D001710,K99W,0,+,30.0,,,,,99V23,99V35,99X50,,,,,,<1,N,swe
17150,#00D001715,X35R,0,,,,,,,40V07,,99X50,,,,,,<1,N,swe
17200,#00D001720,X35R,0,,,,,,,40V15,04V03,99X50,,,,,,<1,N,swe
17250,#00D001725,D75R,0,,,,,,,04V03,,99X50,,,,,,<1,N,swe
17300,#00D001730,X43R,0,,,,,,,40V14,,99X50,,,,,,<1,N,swe
17400,#00D001740,F79R,0,,,,,,,06V06,,99X50,,,,,,<1,N,swe
17450,#00D001745,F99U,0,+,6.0,,,,,99V22,,99X50,,,,,,<1,N,swe
17500,#00D001750,F99U,0,+,23.0,23M04,,,,99V22,,99X50,06K99,,,,,<1,N,swe
17550,#00D001755,F39S,0,+,6.0,06M02,,,N,99V20,99V35,99X50,50X55,,,,,<1,N,swe
17600,#00D001760,F39S,0,+,6.0,06M02,,1.0,N,99V20,99V35,99X50,,,,,,<1,N,swe
17650,#00D001765,F39T,0,+,6.0,06M02,,,N,99V20,99V35,99X50,,,,,,<1,N,swe
17700,#00D001770,F40S,0,+,6.0,06M05,,,N,99V20,99V35,99X50,50X55,,,,,<1,N,swe
17750,#00D001775,F40S,0,+,6.0,06M05,,1.0,N,99V20,99V35,99X50,,,,,,<1,N,swe
17800,#00D001780,F40T,0,+,6.0,06M05,,,N,99V20,99V35,99X50,,,,,,<1,N,swe
17850,#00D001785,F40S,0,+,6.0,06M03,,,N,99V20,99V35,99X50,50X55,,,,,<1,N,swe
17900,#00D001790,F40S,0,+,6.0,06M03,,1.0,N,99V20,99V35,99X50,,,,,,<1,N,swe
17950,#00D001795,F40T,0,+,6.0,06M03,,,N,99V20,99V35,99X50,,,,,,<1,N,swe
18000,#00D001800,F43S,0,+,6.0,06M06,,,N,99V20,99V35,99X50,50X55,,,,,<1,N,swe
18050,#00D001805,F43S,0,+,6.0,06M06,,1.0,N,99V20,99V35,99X50,,,,,,<1,N,swe
18100,#00D001810,F43T,0,+,6.0,06M06,,,N,99V20,99V35,99X50,,,,,,<1,N,swe
18150,#00D001815,F45S,0,+,6.0,06M07,,,N,99V20,99V35,99X50,50X55,,,,,<1,N,swe
18200,#00D001820,F45S,0,+,6.0,06M07,,1.0,N,99V20,99V35,99X50,,,,,,<1,N,swe
18250,#00D001825,F45T,0,+,6.0,06M07,,,N,99V20,99V35,99X50,,,,,,<1,N,swe
18310,#00D001831,F50R,0,+,,,06P05,,N,99V20,99V35,99X50,,,,>6574,,<1,N,swe
18360,#00D001836,F52R,0,+,,,06P06,,N,99V20,99V35,99X50,,,,>6574,,<1,N,swe
18410,#00D001841,F51R,0,+,,,06P05,,N,99V20,99V35,99X50,,,,,,<1,N,swe
18460,#00D001846,F53R,0,+,,,06P06,,N,99V20,99V35,99X50,,,,,,<1,N,swe
18470,#00D001847,F89R,0,+,6.0,,,,,40V20,,99X50,,,,,,<1,N,swe
18500,#00D001850,F99R,0,+,6.0,,,,N,99V20,99V35,99X50,,,,,,<1,N,swe
18550,#00D001855,F99R,0,+,23.0,23M04,,,N,99V20,99V35,99X50,06K99,,,,,<1,N,swe
18600,#00D001860,F99W,0,+,6.0,,,,,99V23,99V35,99X50,,,,,,<1,N,swe
18650,#00D001865,L99U,0,+,10.0,,,,,99V22,,99X50,,,,,,<1,N,swe
18700,#00D001870,L99U,0,+,23.0,23M04,,,,99V22,,99X50,10K99,,,,,<1,N,swe
19025,#00D001877,L41S,0,+,10.0,10M01,,,N,99V20,99V35,99X50,50X55,,,>6574,,<1,N,swe
19037,#00D001882,L41S,0,+,10.0,10M01,,1.0,N,99V20,99V35,99X50,,,,>6574,,<1,N,swe
19043,#00D001887,L41T,0,+,10.0,10M01,,,N,99V20,99V35,99X50,,,,>6574,,<1,N,swe
19046,#00D001892,L42S,0,+,10.0,10M01,,,N,99V20,99V35,99X50,50X55,,,,,<1,N,swe
19048,#00D001897,L42S,0,+,10.0,10M01,,1.0,N,99V20,99V35,99X50,,,,,,<1,N,swe
19061,#00D001902,L42T,0,+,10.0,10M01,,,N,99V20,99V35,99X50,,,,,,<1,N,swe
19087,#00D001905,L50S,0,+,10.0,10M02,,,N,99V20,99V35,99X50,50X55,,,,,<1,N,swe
19100,#00D001910,L50S,0,+,10.0,10M02,,1.0,N,99V20,99V35,99X50,,,,,,<1,N,swe
19150,#00D001915,L50T,0,+,10.0,10M02,,,N,99V20,99V35,99X50,,,,,,<1,N,swe
19200,#00D001920,L55S,0,+,10.0,10M03,,,N,99V20,99V35,99X50,50X55,,,,,<1,N,swe
19250,#00D001925,L55S,0,+,10.0,10M03,,1.0,N,99V20,99V35,99X50,,,,,,<1,N,swe
19300,#00D001930,L55T,0,+,10.0,10M03,,,N,99V20,99V35,99X50,,,,,,<1,N,swe
19350,#00D001935,L99R,0,+,10.0,,,,N,99V20,99V35,99X50,,,,,,<1,N,swe
19400,#00D001940,L99R,0,+,23.0,23M04,,,N,99V20,99V35,99X50,10K99,,,,,<1,N,swe
19450,#00D001945,L81R,0,,,,,,,10V06,,99X50,,,,,,<1,N,swe
19500,#00D001950,L78R,0,,,,,,,10V03,,99X50,,,,,,<1,N,swe
19550,#00D001955,L99W,0,+,10.0,,,,,99V23,99V35,99X50,,,,,,<1,N,swe
19560,#00D001956,T99U,0,+,19.0,,,,,99V22,,99X50,,,,,,<1,N,swe
19570,#00D001957,T13S,0,+,19.0,19M02,,,,99V20,,99X50,50X55,,,>21915,,<1,N,swe
19580,#00D001958,T13S,0,+,19.0,19M02,,1.0,,99V20,,99X50,,,,>21915,,<1,N,swe
19590,#00D001959,T13T,0,+,19.0,19M02,,,,99V20,,99X50,,,,>21915,,<1,N,swe
19600,#00D001960,T12S,0,+,19.0,19M02,,,,99V20,,99X50,50X55,,,,,<1,N,swe
19650,#00D001965,T12S,0,+,19.0,19M02,,1.0,,99V20,,99X50,,,,,,<1,N,swe
19670,#00D001967,T11S,0,+,19.0,19M01,,1.0,,99V20,,99X50,,,,>21915,,<1,N,swe
19680,#00D001968,T11S,0,+,19.0,19M01,,,,99V20,,99X50,50X55,,,>21915,,<1,N,swe
19700,#00D001970,T12T,0,+,19.0,19M02,,,,99V20,,99X50,,,,,,<1,N,swe
19710,#00D001971,T11T,0,+,19.0,19M01,,,,99V20,,99X50,,,,>21915,,<1,N,swe
19720,#00D001972,T10S,0,+,19.0,19M01,,1.0,,99V20,,99X50,,,,,,<1,N,swe
19730,#00D001973,T10S,0,+,19.0,19M01,,,,99V20,,99X50,50X55,,,,,<1,N,swe
19750,#00D001975,T10T,0,+,19.0,19M01,,,,99V20,,99X50,,,,,,<1,N,swe
19900,#00D001990,T15S,0,+,19.0,19M03,,,,99V20,,99X50,50X55,,,,,<1,N,swe
19950,#00D001995,T15S,0,+,19.0,19M03,,1.0,,99V20,,99X50,,,,,,<1,N,swe
20000,#00D002000,T15T,0,+,19.0,19M03,,,,99V20,,99X50,,,,,,<1,N,swe
20020,#00D002002,T18S,0,+,19.0,19M06,,1.0,,99V20,,99X50,,,,,,<1,N,swe
20030,#00D002003,T18S,0,+,19.0,19M06,,,,99V20,,99X50,50X55,,,,,<1,N,swe
20050,#00D002005,T16S,0,+,19.0,19M04,,,,99V20,,99X50,50X55,,,,,<1,N,swe
20060,#00D002006,T18T,0,+,19.0,19M06,,,,99V20,,99X50,,,,,,<1,N,swe
20100,#00D002010,T16S,0,+,19.0,19M04,,1.0,,99V20,,99X50,,,,,,<1,N,swe
20110,#00D002011,T25S,0,+,19.0,19M08,,1.0,,99V20,,99X50,,,,,,<1,N,swe
20120,#00D002012,T25S,0,+,19.0,19M08,,,,99V20,,99X50,50X55,,,,,<1,N,swe
20150,#00D002015,T16T,0,+,19.0,19M04,,,,99V20,,99X50,,,,,,<1,N,swe
20160,#00D002016,T25T,0,+,19.0,19M08,,,,99V20,,99X50,,,,,,<1,N,swe
20180,#00D002018,T33S,0,+,19.0,19M10,,1.0,,99V20,,99X50,,,,,,<1,N,swe
20190,#00D002019,T33S,0,+,19.0,19M10,,,,99V20,,99X50,50X55,,,,,<1,N,swe
20200,#00D002020,T17S,0,+,19.0,19M05,,,,99V20,,99X50,50X55,,,,,<1,N,swe
20220,#00D002022,T33T,0,+,19.0,19M10,,,,99V20,,99X50,,,,,,<1,N,swe
20226,#00D0020226,T40S,0,+,19.0,19M30,,1.0,,99V20,,99X50,,,,,,<1,N,swe
20250,#00D002025,T17S,0,+,19.0,19M05,,1.0,,99V20,,99X50,,,,,,<1,N,swe
20270,#00D002027,T40S,0,+,19.0,19M30,,,,99V20,,99X50,50X55,,,,,<1,N,swe
20300,#00D002030,T17T,0,+,19.0,19M05,,,,99V20,,99X50,,,,,,<1,N,swe
20310,#00D002031,T40T,0,+,19.0,19M30,,,,99V20,,99X50,,,,,,<1,N,swe
20330,#00D002033,T41S,0,+,19.0,19M31,,1.0,,99V20,,99X50,,,,,,<1,N,swe
20340,#00D002034,T41S,0,+,19.0,19M31,,,,99V20,,99X50,50X55,,,,,<1,N,swe
20370,#00D002037,T41T,0,+,19.0,19M31,,,,99V20,,99X50,,,,,,<1,N,swe
20410,#00D002041,T47S,0,+,19.0,19M32,,1.0,,99V20,,99X50,,,,,,<1,N,swe
20420,#00D002042,T47S,0,+,19.0,19M32,,,,99V20,,99X50,50X55,,,,,<1,N,swe
20460,#00D002046,T47T,0,+,19.0,19M32,,,,99V20,,99X50,,,,,,<1,N,swe
20470,#00D002047,T60S,0,+,19.0,19M20,,1.0,,99V20,,99X50,19X01,,,,,<1,N,swe
20480,#00D002048,T60S,0,+,19.0,19M20,,,,99V20,,99X50,19X01,50X55,,,,<1,N,swe
20510,#00D002051,T60T,0,+,19.0,19M20,,,,99V20,,99X50,19X01,,,,,<1,N,swe
20520,#00D002052,T61S,0,+,19.0,19M20,,,,99V20,,99X50,50X55,,,,,<1,N,swe
20530,#00D002053,T61S,0,+,19.0,19M20,,1.0,,99V20,,99X50,,,,,,<1,N,swe
20540,#00D002054,T61T,0,+,19.0,19M20,,,,99V20,,99X50,,,,,,<1,N,swe
20580,#00D002058,T99U,0,+,23.0,23M04,,,,99V22,,99X50,19K99,,,,,<1,N,swe
20600,#00D002060,T99R,0,+,19.0,,,,,99V20,,99X50,,,,,,<1,N,swe
20660,#00D002066,T99R,0,+,23.0,23M04,,,,99V20,,99X50,19K99,,,,,<1,N,swe
20760,#00D002076,T99W,0,+,19.0,,,,,99V23,,99X50,,,,,,<1,N,swe
20800,#00D002080,M76R,0,,,,,,,11V03,,99X50,,,,,,<1,N,swe
20850,#00D002085,X36R,0,,,,,,,40V15,,99X50,,,,,,<1,N,swe
20900,#00D002090,X62R,0,,,,,,,40V21,,99X50,,,,,,<1,N,swe
21200,#00D002120,N99U,0,+,12.0,,,,,99V22,,99X50,,,,,,<1,N,swe
21250,#00D002125,N99U,0,+,23.0,23M04,,,,99V22,,99X50,12K99,,,,,<1,N,swe
21300,#00D002130,N40S,0,+,12.0,12M01,,,N,99V20,99V35,99X50,50X55,,,,,<1,N,swe
21350,#00D002135,N40S,0,+,12.0,12M01,,1.0,N,99V20,99V35,99X50,,,,,,<1,N,swe
21400,#00D002140,N40T,0,+,12.0,12M01,,,N,99V20,99V35,99X50,,,,,,<1,N,swe
21450,#00D002145,N45R,0,+,12.0,12M02,,,N,99V20,99V35,99X50,,,,,,<1,N,swe
21500,#00D002150,N50S,0,+,12.0,12M03,,,N,99V20,99V35,99X50,50X55,,,,,<1,N,swe
21550,#00D002155,N50S,0,+,12.0,12M03,,1.0,N,99V20,99V35,99X50,,,,,,<1,N,swe
21600,#00D002160,N50T,0,+,12.0,12M03,,,N,99V20,99V35,99X50,,,,,,<1,N,swe
21630,#00D002163,N89R,0,+,12.0,,,,,40V20,,99X50,,,,,,<1,N,swe
21650,#00D002165,N99R,0,+,12.0,,,,N,99V20,99V35,99X50,,,,,,<1,N,swe
21700,#00D002170,N99R,0,+,23.0,23M04,,,N,99V20,99V35,99X50,12K99,,,,,<1,N,swe
21750,#00D002175,N99W,0,+,12.0,,,,,99V23,99V35,99X50,,,,,,<1,N,swe
21800,#00D002180,X42R,0,,,,,,,40V13,,99X50,,,,,,<1,N,swe
21850,#00D002185,C80R,0,,,,,,,03V06,,99X50,,,,,,<1,N,swe
21900,#00D002190,E80R,0,,,,,,,05V06,,99X50,,,,,,<1,N,swe
21950,#00D002195,H83R,0,,,,,,,08V10,,99X50,,,,,,<1,N,swe
22000,#00D002200,H50R,0,+,8.0,08M01,,,N,99V20,99V35,99X50,,,,,,<1,N,swe
22050,#00D002205,H51S,0,+,8.0,08M02,,,N,99V20,99V35,99X50,50X55,,,,,<1,N,swe
22100,#00D002210,H51S,0,+,8.0,08M02,,1.0,N,99V20,99V35,99X50,,,,,,<1,N,swe
22150,#00D002215,H51T,0,+,8.0,08M02,,,N,99V20,99V35,99X50,,,,,,<1,N,swe
22200,#00D002220,H52S,0,+,8.0,08M03,,,N,99V20,99V35,99X50,50X55,,,,,<1,N,swe
22250,#00D002225,H52S,0,+,8.0,08M03,,1.0,N,99V20,99V35,99X50,,,,,,<1,N,swe
22300,#00D002230,H52T,0,+,8.0,08M03,,,N,99V20,99V35,99X50,,,,,,<1,N,swe
22350,#00D002235,H53S,0,+,8.0,08M04,,,N,99V20,99V35,99X50,50X55,,,,,<1,N,swe
22400,#00D002240,H53S,0,+,8.0,08M04,,1.0,N,99V20,99V35,99X50,,,,,,<1,N,swe
22450,#00D002245,H53T,0,+,8.0,08M04,,,N,99V20,99V35,99X50,,,,,,<1,N,swe
22500,#00D002250,H54S,0,+,8.0,08M05,,,N,99V20,99V35,99X50,50X55,,,,,<1,N,swe
22550,#00D002255,H54S,0,+,8.0,08M05,,1.0,N,99V20,99V35,99X50,,,,,,<1,N,swe
22600,#00D002260,H54T,0,+,8.0,08M05,,,N,99V20,99V35,99X50,,,,,,<1,N,swe
22650,#00D002265,H56S,0,+,8.0,08M20,,,N,99V20,99V35,99X50,50X55,,,,,<1,N,swe
22700,#00D002270,H56S,0,+,8.0,08M20,,1.0,N,99V20,99V35,99X50,,,,,,<1,N,swe
22750,#00D002275,H56T,0,+,8.0,08M20,,,N,99V20,99V35,99X50,,,,,,<1,N,swe
22800,#00D002280,H57S,0,+,8.0,08M21,,,N,99V20,99V35,99X50,50X55,,,,,<1,N,swe
22850,#00D002285,H57S,0,+,8.0,08M21,,1.0,N,99V20,99V35,99X50,,,,,,<1,N,swe
22900,#00D002290,H57T,0,+,8.0,08M21,,,N,99V20,99V35,99X50,,,,,,<1,N,swe
22950,#00D002295,H58S,0,+,8.0,08M22,,,N,99V20,99V35,99X50,50X55,,,,,<1,N,swe
23000,#00D002300,H58S,0,+,8.0,08M22,,1.0,N,99V20,99V35,99X50,,,,,,<1,N,swe
23050,#00D002305,H58T,0,+,8.0,08M22,,,N,99V20,99V35,99X50,,,,,,<1,N,swe
23100,#00D002310,H55S,0,+,8.0,08M23,,,N,99V20,99V35,99X50,50X55,,,,,<1,N,swe
23150,#00D002315,H55S,0,+,8.0,08M23,,1.0,N,99V20,99V35,99X50,,,,,,<1,N,swe
23200,#00D002320,H55T,0,+,8.0,08M23,,,N,99V20,99V35,99X50,,,,,,<1,N,swe
23250,#00D002325,H59S,0,+,8.0,08M24,,,N,99V20,99V35,99X50,50X55,,,,,<1,N,swe
23300,#00D002330,H59S,0,+,8.0,08M24,,1.0,N,99V20,99V35,99X50,,,,,,<1,N,swe
23350,#00D002335,H59T,0,+,8.0,08M24,,,N,99V20,99V35,99X50,,,,,,<1,N,swe
23400,#00D002340,H60S,0,+,8.0,08M08,,,N,99V20,99V35,99X50,50X55,,,,,<1,N,swe
23450,#00D002345,H60S,0,+,8.0,08M08,,1.0,N,99V20,99V35,99X50,,,,,,<1,N,swe
23500,#00D002350,H60T,0,+,8.0,08M08,,,N,99V20,99V35,99X50,,,,,,<1,N,swe
23550,#00D002355,H61S,0,+,8.0,08M09,,,N,99V20,99V35,99X50,50X55,,,,,<1,N,swe
23600,#00D002360,H61S,0,+,8.0,08M09,,1.0,N,99V20,99V35,99X50,,,,,,<1,N,swe
23650,#00D002365,H61T,0,+,8.0,08M09,,,N,99V20,99V35,99X50,,,,,,<1,N,swe
23700,#00D002370,H62R,0,+,8.0,08M11,,,N,99V20,99V35,99X50,,,,,,<1,N,swe
23750,#00D002375,H63S,0,+,8.0,08M12,,,N,99V20,99V35,99X50,50X55,,,,,<1,N,swe
23800,#00D002380,H63S,0,+,8.0,08M12,,1.0,N,99V20,99V35,99X50,,,,,,<1,N,swe
23850,#00D002385,H63T,0,+,8.0,08M12,,,N,99V20,99V35,99X50,,,,,,<1,N,swe
23900,#00D002390,H64S,0,+,8.0,08M13,,,N,99V20,99V35,99X50,50X55,,,,,<1,N,swe
23950,#00D002395,H64S,0,+,8.0,08M13,,1.0,N,99V20,99V35,99X50,,,,,,<1,N,swe
24000,#00D002400,H64T,0,+,8.0,08M13,,,N,99V20,99V35,99X50,,,,,,<1,N,swe
24050,#00D002405,H65S,0,+,8.0,08M14,,,N,99V20,99V35,99X50,50X55,,,,,<1,N,swe
24100,#00D002410,H65S,0,+,8.0,08M14,,1.0,N,99V20,99V35,99X50,,,,,,<1,N,swe
24150,#00D002415,H65T,0,+,8.0,08M14,,,N,99V20,99V35,99X50,,,,,,<1,N,swe
24200,#00D002420,H66S,0,+,8.0,08M15,,,N,99V20,99V35,99X50,50X55,,,>6574,,<1,N,swe
24250,#00D002425,H66S,0,+,8.0,08M15,,1.0,N,99V20,99V35,99X50,,,,>6574,,<1,N,swe
24300,#00D002430,H66T,0,+,8.0,08M15,,,N,99V20,99V35,99X50,,,,>6574,,<1,N,swe
24350,#00D002435,H67S,0,+,8.0,08M15,,,N,99V20,99V35,99X50,50X55,,,,,<1,N,swe
24400,#00D002440,H67S,0,+,8.0,08M15,,1.0,N,99V20,99V35,99X50,,,,,,<1,N,swe
24450,#00D002445,H67T,0,+,8.0,08M15,,,N,99V20,99V35,99X50,,,,,,<1,N,swe
24470,#00D002447,H89R,0,+,8.0,,,,,40V20,,99X50,,,,,,<1,N,swe
24500,#00D002450,H99R,0,+,8.0,,,,N,99V20,99V35,99X50,,,,,,<1,N,swe
24550,#00D002455,H99R,0,+,23.0,23M04,,,N,99V20,99V35,99X50,08K99,,,,,<1,N,swe
24600,#00D002460,U98U,0,+,21.0,,,,,99V22,,99X50,,,,,,<1,N,swe
24650,#00D002465,U98U,0,+,23.0,23M04,,,,99V22,,99X50,21K99,,,,,<1,N,swe
24700,#00D002470,U30S,0,+,21.0,21M02,,,N,99V20,99V35,99X50,50X55,,,,,<1,N,swe
24750,#00D002475,U30S,0,+,21.0,21M02,,1.0,N,99V20,99V35,99X50,,,,,,<1,N,swe
24800,#00D002480,U30T,0,+,21.0,21M02,,,N,99V20,99V35,99X50,,,,,,<1,N,swe
24850,#00D002485,U30S,0,+,21.0,21M03,,,N,99V20,99V35,99X50,21X06,50X55,,,,<1,N,swe
24900,#00D002490,U30S,0,+,21.0,21M03,,1.0,N,99V20,99V35,99X50,21X06,,,,,<1,N,swe
24950,#00D002495,U30T,0,+,21.0,21M03,,,N,99V20,99V35,99X50,21X06,,,,,<1,N,swe
25000,#00D002500,U42S,0,+,21.0,,,,N,99V20,99V35,99X50,21X05,50X55,,,,<1,N,swe
25050,#00D002505,U42S,0,+,21.0,,,1.0,N,99V20,99V35,99X50,21X05,,,,,<1,N,swe
25100,#00D002510,U42T,0,+,21.0,,,,N,99V20,99V35,99X50,21X05,,,,,<1,N,swe
25150,#00D002515,U35S,0,+,21.0,21M03,,,N,99V20,99V35,99X50,50X55,,,,,<1,N,swe
25200,#00D002520,U35S,0,+,21.0,21M03,,1.0,N,99V20,99V35,99X50,,,,,,<1,N,swe
25250,#00D002525,U35T,0,+,21.0,21M03,,,N,99V20,99V35,99X50,,,,,,<1,N,swe
25300,#00D002530,U29S,0,+,21.0,21M01,,,N,99V20,99V35,99X50,50X55,,,,,<1,N,swe
25350,#00D002535,U29S,0,+,21.0,21M01,,1.0,N,99V20,99V35,99X50,,,,,,<1,N,swe
25400,#00D002540,U29T,0,+,21.0,21M01,,,N,99V20,99V35,99X50,,,,,,<1,N,swe
25450,#00D002545,U98R,0,+,21.0,,,,N,99V20,99V35,99X50,,,,,,<1,N,swe
25500,#00D002550,U98R,0,+,23.0,23M04,,,N,99V20,99V35,99X50,21K99,,,,,<1,N,swe
25550,#00D002555,U98W,0,+,21.0,,,,,99V23,99V35,99X50,,,,,,<1,N,swe
25600,#00D002560,V99U,0,+,22.0,,,,,99V22,,99X50,,,,,,<1,N,swe
25650,#00D002565,V99U,0,+,23.0,23M04,,,,99V22,,99X50,22K99,,,,,<1,N,swe
25700,#00D002570,V30R,0,+,22.0,,,,N,99V20,99V35,99X50,22X01,,,,,<1,N,swe
25750,#00D002575,V30R,0,+,22.0,,,,N,99V20,99V35,99X50,22X02,22X10,,,,<1,N,swe
25800,#00D002580,V30R,0,+,22.0,,,,N,99V20,99V35,99X50,22X02,22X03,,,,<1,N,swe
25850,#00D002585,V30R,0,+,22.0,,,,N,99V20,99V35,99X50,22X02,22X04,,,,<1,N,swe
25900,#00D002590,V30R,0,+,22.0,,,,N,99V20,99V35,99X50,22X02,22X05,,,,<1,N,swe
25950,#00D002595,V30R,0,+,22.0,,,,N,99V20,99V35,99X50,22X03,22X10,,,,<1,N,swe
26000,#00D002600,V30R,0,+,22.0,,,,N,99V20,99V35,99X50,22X03,22X04,,,,<1,N,swe
26050,#00D002605,V30R,0,+,22.0,,,,N,99V20,99V35,99X50,22X03,22X05,,,,<1,N,swe
26100,#00D002610,V30R,0,+,22.0,,,,N,99V20,99V35,99X50,22X04,22X10,,,,<1,N,swe
26150,#00D002615,V30R,0,+,22.0,,,,N,99V20,99V35,99X50,22X04,22X05,,,,<1,N,swe
26200,#00D002620,V30R,0,+,22.0,,,,N,99V20,99V35,99X50,22X05,22X10,,,,<1,N,swe
26250,#00D002625,V99R,0,+,22.0,,,,N,99V20,99V35,99X50,,,,,,<1,N,swe
26300,#00D002630,V99R,0,+,23.0,23M04,,,N,99V20,99V35,99X50,22K99,,,,,<1,N,swe
26350,#00D002635,W99U,0,+,24.0,,,,,99V22,,99X50,,,,,,<1,N,swe
26400,#00D002640,W99U,0,+,23.0,23M04,,,,99V22,,99X50,24K90,,,,,<1,N,swe
26450,#00D002645,W99R,0,+,24.0,,,,N,99V20,99V35,99X50,,,,,,<1,N,swe
26500,#00D002650,W99R,0,+,23.0,23M04,,,N,99V20,99V35,99X50,24K90,,,,,<1,N,swe
26550,#00D002655,W99W,0,+,24.0,,,,,99V23,99V35,99X50,,,,,,<1,N,swe
26600,#00D002660,X06R,0,,,,,,,40V24,,99X50,,,,,,<1,N,swe
26650,#00D002665,C79R,0,,,,,,,03V05,,99X50,,,,,,<1,N,swe
26700,#00D002670,X60R,0,,,,,,,40V33,,99X50,,,,,,<1,N,swe
26750,#00D002675,C99U,0,+,3.0,,,,,99V22,,99X50,,,,,,<1,N,swe
26800,#00D002680,C99U,0,+,23.0,23M04,,,,99V22,,99X50,03K99,,,,,<1,N,swe
26850,#00D002685,C30S,0,+,3.0,03M01,,,N,99V20,99V35,99X50,50X55,,,,,<1,N,swe
26900,#00D002690,C30S,0,+,3.0,03M01,,1.0,N,99V20,99V35,99X50,,,,,,<1,N,swe
26950,#00D002695,C30T,0,+,3.0,03M01,,,N,99V20,99V35,99X50,,,,,,<1,N,swe
27000,#00D002700,C31S,0,+,3.0,03M02,,,N,99V20,99V35,99X50,50X55,,,,,<1,N,swe
27050,#00D002705,C31S,0,+,3.0,03M02,,1.0,N,99V20,99V35,99X50,,,,,,<1,N,swe
27100,#00D002710,C31T,0,+,3.0,03M02,,,N,99V20,99V35,99X50,,,,,,<1,N,swe
27150,#00D002715,C32R,0,+,3.0,03M03,,,N,99V20,99V35,99X50,,,,,,<1,N,swe
27210,#00D002721,C41R,0,+,,,03P13,,N,99V20,99V35,99X50,,,,>6574,,<1,N,swe
27260,#00D002726,C42R,0,+,,,03P13,,N,99V20,99V35,99X50,,,,,,<1,N,swe
27310,#00D002731,C43R,0,+,,,03P14,,N,99V20,99V35,99X50,,,,>6574,,<1,N,swe
27360,#00D002736,C44R,0,+,,,03P14,,N,99V20,99V35,99X50,,,,,,<1,N,swe
27400,#00D002740,C36R,0,+,3.0,03M06,,,N,99V20,99V35,99X50,,,,,,<1,N,swe
27450,#00D002745,C40S,0,+,3.0,03M07,,,N,99V20,99V35,99X50,50X55,,,,,<1,N,swe
27500,#00D002750,C40S,0,+,3.0,03M07,,1.0,N,99V20,99V35,99X50,,,,,,<1,N,swe
27550,#00D002755,C40T,0,+,3.0,03M07,,,N,99V20,99V35,99X50,,,,,,<1,N,swe
27610,#00D002761,C51R,0,+,,,03P15,,N,99V20,99V35,99X50,,,,>6574,,<1,N,swe
27660,#00D002766,C52R,0,+,,,03P15,,N,99V20,99V35,99X50,,,,,,<1,N,swe
27710,#00D002771,C53R,0,+,,,03P16,,N,99V20,99V35,99X50,,,,>6574,,<1,N,swe
27760,#00D002776,C54R,0,+,,,03P16,,N,99V20,99V35,99X50,,,,,,<1,N,swe
27800,#00D002780,C37S,0,+,3.0,03M10,,,N,99V20,99V35,99X50,50X55,,,,,<1,N,swe
27850,#00D002785,C37S,0,+,3.0,03M10,,1.0,N,99V20,99V35,99X50,,,,,,<1,N,swe
27900,#00D002790,C37T,0,+,3.0,03M10,,,N,99V20,99V35,99X50,,,,,,<1,N,swe
27950,#00D002795,C99R,0,+,3.0,,,,N,99V20,99V35,99X50,,,,,,<1,N,swe
28000,#00D002800,C99R,0,+,23.0,23M04,,,N,99V20,99V35,99X50,03K99,,,,,<1,N,swe
28050,#00D002805,C82R,0,,,,,,,03V09,,99X50,,,,,,<1,N,swe
28075,#00D002807,823TP,0,,,,,,N,40V10,,99X50,,,,,,<1,,swe
28100,#00D002810,X71R,0,,,,,,,40V25,,99X50,,,,,,<1,N,swe
28200,#00D002820,C99W,0,+,3.0,,,,,99V23,99V35,99X50,,,,,,<1,N,swe
28250,#00D002825,H99W,0,+,8.0,,,,,99V23,99V35,99X50,,,,,,<1,N,swe
28300,#00D002830,H88R,0,,,,,,,08V15,,99X50,,,,,,<1,N,swe
28350,#00D002835,H81R,0,,,,,,,08V08,,99X50,,,,,,<1,N,swe
28400,#00D002840,X53R,0,,,,,,,40V12,,99X50,,,,,,<1,N,swe
28450,#00D002845,J99U,0,+,9.0,,,,,99V22,,99X50,,,,,,<1,N,swe
28500,#00D002850,J99U,0,+,23.0,23M04,,,,99V22,,99X50,09K99,,,,,<1,N,swe
28550,#00D002855,J40S,0,+,9.0,09M02,,,N,99V20,99V35,99X50,50X55,,,,,<1,N,swe
28600,#00D002860,J40S,0,+,9.0,09M02,,1.0,N,99V20,99V35,99X50,,,,,,<1,N,swe
28650,#00D002865,J40T,0,+,9.0,09M02,,,N,99V20,99V35,99X50,,,,,,<1,N,swe
28700,#00D002870,J45S,0,+,9.0,09M03,,,N,99V20,99V35,99X50,50X55,,,,,<1,N,swe
28750,#00D002875,J45S,0,+,9.0,09M03,,1.0,N,99V20,99V35,99X50,,,,,,<1,N,swe
28800,#00D002880,J45T,0,+,9.0,09M03,,,N,99V20,99V35,99X50,,,,,,<1,N,swe
28850,#00D002885,J45S,0,+,9.0,09M99,,,N,99V20,99V35,99X50,09X02,09X03,50X55,,,<1,N,swe
28900,#00D002890,J45S,0,+,9.0,09M99,,1.0,N,99V20,99V35,99X50,09X02,09X03,,,,<1,N,swe
28950,#00D002895,J45T,0,+,9.0,09M99,,,N,99V20,99V35,99X50,09X02,09X03,,,,<1,N,swe
29000,#00D002900,J50S,0,+,9.0,09M01,,,N,99V20,99V35,99X50,50X55,,,,,<1,N,swe
29050,#00D002905,J50S,0,+,9.0,09M01,,1.0,N,99V20,99V35,99X50,,,,,,<1,N,swe
29100,#00D002910,J50T,0,+,9.0,09M01,,,N,99V20,99V35,99X50,,,,,,<1,N,swe
29150,#00D002915,J50S,0,+,9.0,09M07,,,N,99V20,99V35,99X50,09X05,50X55,,,,<1,N,swe
29200,#00D002920,J50S,0,+,9.0,09M07,,1.0,N,99V20,99V35,99X50,09X05,,,,,<1,N,swe
29250,#00D002925,J50T,0,+,9.0,09M07,,,N,99V20,99V35,99X50,09X05,,,,,<1,N,swe
29300,#00D002930,J50S,0,+,9.0,09M06,,,N,99V20,99V35,99X50,50X55,,,,,<1,N,swe
29350,#00D002935,J50S,0,+,9.0,09M06,,1.0,N,99V20,99V35,99X50,,,,,,<1,N,swe
29400,#00D002940,J50T,0,+,9.0,09M06,,,N,99V20,99V35,99X50,,,,,,<1,N,swe
29450,#00D002945,J55S,0,+,9.0,09M07,,,N,99V20,99V35,99X50,50X55,,,>6574,,<1,N,swe
29500,#00D002950,J55S,0,+,9.0,09M07,,1.0,N,99V20,99V35,99X50,,,,>6574,,<1,N,swe
29550,#00D002955,J55T,0,+,9.0,09M07,,,N,99V20,99V35,99X50,,,,>6574,,<1,N,swe
29600,#00D002960,J56S,0,+,9.0,09M07,,,N,99V20,99V35,99X50,50X55,,,,,<1,N,swe
29650,#00D002965,J56S,0,+,9.0,09M07,,1.0,N,99V20,99V35,99X50,,,,,,<1,N,swe
29700,#00D002970,J56T,0,+,9.0,09M07,,,N,99V20,99V35,99X50,,,,,,<1,N,swe
29750,#00D002975,J99R,0,+,9.0,,,,N,99V20,99V35,99X50,,,,,,<1,N,swe
29800,#00D002980,J99R,0,+,23.0,23M04,,,N,99V20,99V35,99X50,09K99,,,,,<1,N,swe
29850,#00D002985,J79R,0,,,,,,,09V05,,99X50,,,,,,<1,N,swe
29900,#00D002990,J79R,0,,,,,,,09V03,,99X50,,,,,,<1,N,swe
29950,#00D002995,J79R,0,,,,,,,09V09,,99X50,,,,,,<1,N,swe
30000,#00D003000,J79R,0,,,,,,,09V04,,99X50,09X21,,,,,<1,N,swe
30050,#00D003005,J79R,0,,,,,,,09V04,,99X50,,,,,,<1,N,swe
30100,#00D003010,J99W,0,+,9.0,,,,,99V23,99V35,99X50,,,,,,<1,N,swe
30150,#00D003015,M78R,0,,,,,,,11V04,,99X50,,,,,,<1,N,swe
30200,#00D003020,H87R,0,,,,,,,08V14,,99X50,,,,,,<1,N,swe
30250,#00D003025,O99U,0,+,13.0,,,,,99V22,,99X50,,,,,,<1,N,swe
30300,#00D003030,O99U,0,+,23.0,23M04,,,,99V22,,99X50,13K99,,,,,<1,N,swe
30350,#00D003035,O40S,0,+,13.0,13M01,,,N,99V20,99V35,99X50,50X55,,,,,<1,N,swe
30400,#00D003040,O40S,0,+,13.0,13M01,,1.0,N,99V20,99V35,99X50,,,,,,<1,N,swe
30450,#00D003045,O40T,0,+,13.0,13M01,,,N,99V20,99V35,99X50,,,,,,<1,N,swe
30500,#00D003050,O45S,0,+,13.0,13M03,,,N,99V20,99V35,99X50,50X55,,,,,<1,N,swe
30550,#00D003055,O45S,0,+,13.0,13M03,,1.0,N,99V20,99V35,99X50,,,,,,<1,N,swe
30600,#00D003060,O45T,0,+,13.0,13M03,,,N,99V20,99V35,99X50,,,,,,<1,N,swe
30630,#00D003063,O89R,0,+,13.0,,,,,40V20,,99X50,,,,,,<1,N,swe
30640,#00D003064,X70R,0,,,,,,,40V20,,99X50,,,,,,<1,N,swe
30650,#00D003065,O99R,0,+,13.0,,,,N,99V20,99V35,99X50,,,,,,<1,N,swe
30700,#00D003070,O99R,0,+,23.0,23M04,,,N,99V20,99V35,99X50,13K99,,,,,<1,N,swe
30750,#00D003075,O99W,0,+,13.0,,,,,99V23,99V35,99X50,,,,,,<1,N,swe
30850,#00D003085,T79R,0,,,,,,,19V04,,99X50,,,,,,<1,N,swe
30900,#00D003090,B80R,0,,,,,,,02V04,,99X50,,,,,,<1,N,swe
30950,#00D003095,C81R,0,,,,,,,03V07,,99X50,,,,,,<1,N,swe
31000,#00D003100,P99U,0,+,14.0,,,,,99V22,,99X50,,,,,,<1,N,swe
31050,#00D003105,P99U,0,+,23.0,23M04,,,,99V22,,99X50,14K99,,,,,<1,N,swe
31370,#00D003137,P23R,0,+,14.0,,,,,,,99X50,14X31,,,,,<1,N,swe
31400,#00D003140,P19R,0,+,14.0,14M04,,,N,99V20,99V35,99X50,,,,,,<1,N,swe
31450,#00D003145,P99R,0,+,14.0,,,,N,99V20,99V35,99X50,,,,,,<1,N,swe
31500,#00D003150,P99R,0,+,23.0,23M04,,,N,99V20,99V35,99X50,14K99,,,,,<1,N,swe
31550,#00D003155,P99W,0,+,14.0,,,,,99V23,99V35,99X50,,,,,,<1,N,swe
31600,#00D003160,P76R,0,,,,,,,14V04,,99X50,,,,,,<1,N,swe
31650,#00D003165,B99U,0,+,2.0,,,,,99V22,,99X50,,,,,,<1,N,swe
31700,#00D003170,B99U,0,+,23.0,23M04,,,,99V22,,99X50,02K99,,,,,<1,N,swe
31750,#00D003175,B35R,0,+,2.0,02M03,,,N,99V20,99V35,99X50,,,,,,<1,N,swe
31800,#00D003180,B99R,0,+,2.0,,,,N,99V20,99V35,99X50,,,,,,<1,N,swe
31850,#00D003185,B99R,0,+,23.0,23M04,,,N,99V20,99V35,99X50,02K99,,,,,<1,N,swe
31900,#00D003190,B99W,0,+,2.0,,,,,99V23,99V35,99X50,,,,,,<1,N,swe
31950,#00D003195,W98U,0,+,,,90P11,,,99V22,,99X50,,,,,,<1,N,swe
32000,#00D003200,W98R,0,+,,,90P11,,N,99V20,99V35,99X50,,,,,,<1,N,swe
32050,#00D003205,W98W,0,+,,,90P11,,,99V23,99V35,99X50,,,,,,<1,N,swe
32100,#00D003210,W99U,0,+,23.0,,,,,99V22,,99X50,,,,,,<1,N,swe
32125,#00D0032125,X97R,0,+,,,18P10,,,40V58,99V35,99X50,,,,,,<1,N,swe
32150,#00D003215,W99R,0,+,23.0,,,,N,99V20,99V35,99X50,,,,,,<1,N,swe
32160,#00D003216,X81R,0,,,,,,,,,99X50,50X74,,,,,<1,N,swe
32170,#00D003217,X83R,0,,,,,,,,,99X50,50X76,,,<2555,,<1,N,swe
32180,#00D003218,X82R,0,,,,,,,,,99X50,50X76,,,,,<1,N,swe
32200,#00D003220,B77R,0,,,,,,,02V05,,99X50,,,,,,<1,N,swe
32220,#00D003222,Z63W,0,,,,,,,40V39,,99X50,-00X63,,,,,<1,N,swe
32230,#00D003223,X63R,0,+,,,23P05,,,40V39,,99X50,,,,,,<1,N,swe
32250,#00D003225,X44R,0,,,,,,,40V35,,99X50,,,,,,<1,N,swe
32300,#00D003230,X55R,0,,,,,,,40V36,,99X50,,,,,,<1,N,swe
32350,#00D003235,J81R,0,,,,,,,09V07,,99X50,,,,,,<1,N,swe
32400,#00D003240,X57R,0,,,,,,,40V38,,99X50,,,,,,<1,N,swe
32450,#00D003245,X54R,0,,,,,,,40V34,,99X50,,,,,,<1,N,swe
32500,#00D003250,J80R,0,,,,,,,09V08,,99X50,,,,,,<1,N,swe
32550,#00D003255,Y75R,0,,,,,,,99V37,99V20,99X50,,,,,,<1,N,swe
32600,#00D003260,X75R,0,,,,,,,19V01,,99X50,,,,,,<1,N,swe
32650,#00D003265,Y99V,0,,,,,,,99V35,99V21,99X50,,,,,,<1,N,swe
32700,#00D003270,Y76R,0,,,,,,,99V34,99V20,99X50,,,,,,<1,N,swe
32750,#00D003275,X61R,0,,,,,,,40V22,,99X50,,,,,,<1,N,swe
32800,#00D003280,Y77R,0,,,,,,,99V33,99V20,99X50,,,,,,<1,N,swe
32850,#00D003285,Y75V,0,,,,,,,99V37,99V21,99X50,,,,,,<1,N,swe
32900,#00D003290,Y78R,0,,,,,,,99V36,99V20,99X50,,,,,,<1,N,swe
32950,#00D003295,Y86R,0,,,,,,,99V43,99V20,99X50,,,,,,<1,N,swe
33000,#00D003300,Y79R,0,,,,,,,99V30,99V20,99X50,,,,,,<1,N,swe
33050,#00D003305,Y80R,0,,,,,,,99V32,99V20,99X50,,,,,,<1,N,swe
33100,#00D003310,Y82R,0,,,,,,,99V38,99V20,99X50,,,,,,<1,N,swe
33150,#00D003315,X24R,0,,,,,,,40V40,,99X50,,,,,,<1,N,swe
33175,#00D0033152,A97R,0,+,1.0,,,,,99V39,99V20,99X50,,,,,,<1,N,swe
33187,#00D0033155,A97R,0,+,23.0,23M04,,,,99V39,99V20,99X50,01K99,,,,,<1,N,swe
33193,#00D0033157,B97R,0,+,2.0,,,,,99V39,99V20,99X50,,,,,,<1,N,swe
33196,#00D0033160,B97R,0,+,23.0,23M04,,,,99V39,99V20,99X50,02K99,,,,,<1,N,swe
33198,#00D0033162,C97R,0,+,3.0,,,,,99V39,99V20,99X50,,,,,,<1,N,swe
33199,#00D0033165,C97R,0,+,23.0,23M04,,,,99V39,99V20,99X50,03K99,,,,,<1,N,swe
33202,#00D0033167,D97R,0,+,4.0,,,,,99V39,99V20,99X50,,,,,,<1,N,swe
33204,#00D0033170,D97R,0,+,23.0,23M04,,,,99V39,99V20,99X50,04K99,,,,,<1,N,swe
33207,#00D0033172,E97R,0,+,5.0,,,,,99V39,99V20,99X50,,,,,,<1,N,swe
33208,#00D0033175,E97R,0,+,23.0,23M04,,,,99V39,99V20,99X50,05K99,,,,,<1,N,swe
33211,#00D0033177,E97R,0,,,,,,,99V39,05V11,99X50,,,,,,<1,N,swe
33212,#00D0033180,F97R,0,+,6.0,,,,,99V39,99V20,99X50,,,,,,<1,N,swe
33213,#00D0033182,F97R,0,+,23.0,23M04,,,,99V39,99V20,99X50,06K99,,,,,<1,N,swe
33214,#00D0033185,G97R,0,+,7.0,,,,,99V39,99V20,99X50,,,,,,<1,N,swe
33215,#00D0033187,G97R,0,+,23.0,23M04,,,,99V39,99V20,99X50,07K99,,,,,<1,N,swe
33216,#00D0033190,G97R,0,,,,,,,99V39,07V01,99X50,,,,,,<1,N,swe
33217,#00D0033192,H97R,0,+,8.0,,,,,99V39,99V20,99X50,,,,,,<1,N,swe
33223,#00D0033195,H97R,0,+,23.0,23M04,,,,99V39,99V20,99X50,08K99,,,,,<1,N,swe
33226,#00D0033197,J97R,0,+,9.0,,,,,99V39,99V20,99X50,,,,,,<1,N,swe
33228,#00D0033200,J97R,0,+,23.0,23M04,,,,99V39,99V20,99X50,09K99,,,,,<1,N,swe
33229,#00D0033202,K97R,0,+,30.0,,,,,99V39,99V20,99X50,,,,,,<1,N,swe
33231,#00D0033205,K97R,0,+,23.0,23M04,,,,99V39,99V20,99X50,30K99,,,,,<1,N,swe
33246,#00D0033222,L97R,0,+,10.0,,,,,99V39,99V20,99X50,,,,,,<1,N,swe
33248,#00D0033223,L97R,0,+,23.0,23M04,,,,99V39,99V20,99X50,10K99,,,,,<1,N,swe
33249,#00D0033225,M97R,0,+,11.0,,,,,99V39,99V20,99X50,,,,,,<1,N,swe
33252,#00D0033226,M97R,0,+,23.0,23M04,,,,99V39,99V20,99X50,11K99,,,,,<1,N,swe
33254,#00D0033228,N97R,0,+,12.0,,,,,99V39,99V20,99X50,,,,,,<1,N,swe
33257,#00D0033229,N97R,0,+,23.0,23M04,,,,99V39,99V20,99X50,12K99,,,,,<1,N,swe
33258,#00D0033231,O97R,0,+,13.0,,,,,99V39,99V20,99X50,,,,,,<1,N,swe
33263,#00D0033232,O97R,0,+,23.0,23M04,,,,99V39,99V20,99X50,13K99,,,,,<1,N,swe
33266,#00D0033234,P97R,0,+,14.0,,,,,99V39,99V20,99X50,,,,,,<1,N,swe
33267,#00D0033235,P97R,0,+,23.0,23M04,,,,99V39,99V20,99X50,14K99,,,,,<1,N,swe
33270,#00D0033237,Q97R,0,+,15.0,,,,,99V39,99V20,99X50,,,,,,<1,N,swe
33271,#00D0033238,Q97R,0,+,23.0,23M04,,,,99V39,99V20,99X50,15K99,,,,,<1,N,swe
33272,#00D0033240,R96R,0,+,16.0,,,,,99V39,99V20,99X50,,,,,,<1,N,swe
33274,#00D0033241,R96R,0,+,23.0,23M04,,,,99V39,99V20,99X50,16K99,,,,,<1,N,swe
33275,#00D0033244,R97R,0,+,17.0,,,,,99V39,99V20,99X50,,,,,,<1,N,swe
33276,#00D0033245,R97R,0,+,23.0,23M04,,,,99V39,99V20,99X50,17K99,,,,,<1,N,swe
33277,#00D0033248,S97R,0,+,18.0,,,,,99V39,99V20,99X50,,,,,,<1,N,swe
33281,#00D0033249,S97R,0,+,23.0,23M04,,,,99V39,99V20,99X50,18K99,,,,,<1,N,swe
33283,#00D0033252,U97R,0,+,21.0,,,,,99V39,99V20,99X50,,,,,,<1,N,swe
33284,#00D0033253,U97R,0,+,23.0,23M04,,,,99V39,99V20,99X50,21K99,,,,,<1,N,swe
33285,#00D0033255,W96R,0,+,,,90P11,,,99V39,99V20,99X50,,,,,,<1,N,swe
33286,#00D0033257,V97R,0,+,22.0,,,,,99V39,99V20,99X50,,,,,,<1,N,swe
33287,#00D0033258,V97R,0,+,23.0,23M04,,,,99V39,99V20,99X50,22K99,,,,,<1,N,swe
33290,#00D003326,X97R,0,+,,,18P10,,,99V39,99V20,99X50,,,,,,<1,N,swe
33295,#00D003327,X97R,0,,,,,,,40V58,99V39,99X50,,,,,,<1,N,swe
33300,#00D003330,X96R,0,,,,,,,99V39,99V20,99X50,50X79,,,,,<1,N,swe
33325,#00D003332,W97R,0,+,24.0,,,,,99V39,99V20,99X50,,,,,,<1,N,swe
33337,#00D003333,W97R,0,+,23.0,,,,,99V39,99V20,99X50,,,,,,<1,N,swe
33350,#00D003335,Y14W,0,,,,,,,99V23,99V39,99X50,,,,,,<1,N,swe
33400,#00D003340,Y83R,0,,,,,,,99V39,99V20,99X50,,,,,,<1,N,swe
33450,#00D003345,Y77V,0,,,,,,,99V33,99V21,99X50,,,,,,<1,N,swe
33475,#00D0033467,X97R,0,+,,,18P10,,,99V39,99V20,99X50,,,,,,<1,N,swe
33487,#00D0033484,X97R,0,,,,,,,40V58,99V39,99X50,,,,,,<1,N,swe
33500,#00D003350,Y90R,0,,,,,,,99V42,99V20,99X50,,,,,,<1,N,swe
33525,#00D003353,Y90R,0,,,99M02,,,,99V20,,99X50,,,,,,<1,N,swe
33550,#00D003355,Y90R,0,,,,,,,99V42,99V21,99X50,,,,,,<1,N,swe
33600,#00D003360,Y79V,0,,,,,,,99V30,99V21,99X50,,,,,,<1,N,swe
33650,#00D003365,Y80V,0,,,,,,,99V32,99V21,99X50,,,,,,<1,N,swe
33700,#00D003370,Y85R,0,,,,,,,99V41,99V20,99X50,,,,,,<1,N,swe
33750,#00D003375,Y82V,0,,,,,,,99V38,99V21,99X50,,,,,,<1,N,swe
33800,#00D003380,Y86V,0,,,,,,,99V43,99V21,99X50,,,,,,<1,N,swe
33850,#00D003385,Y83V,0,,,,,,,99V39,99V21,99X50,,,,,,<1,N,swe
33900,#00D003390,Y85V,0,,,,,,,99V41,99V21,99X50,,,,,,<1,N,swe
33950,#00D003395,X90W,0,,,,,,,99V23,,99X50,,,,,,<1,N,swe
33980,#00D003398,Z73R,2,+,98.0,,,,,,,99X50,,,,,,<1,,swe
34000,#00D003400,Z60R,7,+,,,,,S,,,99X50,,,,,,<1,N,swe
34050,#00D003405,Z60R,7,+,,,,,,,,99X50,00X10,,,,,<1,N,swe
34150,#00D003415,A69L,0,+,1.0,,,,N,,,99X50,,,,,,>0,,swe
34200,#00D003420,B69L,0,+,2.0,,,,N,,,99X50,,,,,,>0,,swe
34250,#00D003425,C69L,0,+,3.0,,,,N,,,99X50,,,,,,>0,,swe
34262,#00D003427,D68L,0,+,4.0,04M07,,,N,,,99X50,,,,,,>0,,swe
34275,#00D003429,D68L,0,+,4.0,04M08,,,N,,,99X50,,,,,,>0,,swe
34300,#00D003430,D69L,0,+,4.0,,,,N,,,99X50,,,,,,>0,,swe
34325,#00D003431,D69L,0,+,,,04P02,,N,,,99X50,,,,,,>0,,swe
34337,#00D003433,E74L,0,+,5.0,05M03,,,N,,,99X50,,,,,,>0,,swe
34350,#00D003435,E69L,0,+,5.0,,,,N,,,99X50,,,,,,>0,,swe
34400,#00D003440,F69L,0,+,6.0,,,,N,,,99X50,,,,,,>0,,swe
34450,#00D003445,G69L,0,+,7.0,,,,N,,,99X50,,,,,,>0,,swe
34462,#00D003447,H68L,0,+,,,00P20,,N,,,99X50,,,,,,>0,,swe
34475,#00D003448,H68L,0,+,,,00P21,,N,,,99X50,,,,,,>0,,swe
34500,#00D003450,H69L,0,+,8.0,,,,N,,,99X50,,,,,,>0,,swe
34550,#00D003455,J69L,0,+,9.0,,,,N,,,99X50,,,,,,>0,,swe
34600,#00D003460,K69L,0,+,30.0,,,,N,,,99X50,,,,,,>0,,swe
34650,#00D003465,L69L,0,+,10.0,,,,N,,,99X50,,,,,,>0,,swe
34675,#00D003467,M40L,0,+,11.0,11M04,,,N,,,99X50,,,,,,>0,,swe
34700,#00D003470,M69L,0,+,11.0,,,,N,,,99X50,,,,,,>0,,swe
34750,#00D003475,N69L,0,+,12.0,,,,N,,,99X50,,,,,,>0,,swe
34800,#00D003480,O69L,0,+,13.0,,,,N,,,99X50,,,,,,>0,,swe
34850,#00D003485,P69L,0,+,14.0,,,,N,,,99X50,,,,,,>0,,swe
34900,#00D003490,Q69L,0,+,15.0,,,,N,,,99X50,,,,,,>0,,swe
34925,#00D003493,R06L,0,+,16.0,16M01,,,N,,,99X50,,,,,,>0,,swe
34950,#00D003495,R69L,0,+,16.0,,,,N,,,99X50,,,,,,>0,,swe
35000,#00D003500,R70L,0,+,17.0,,,,N,,,99X50,,,,,,>0,,swe
35050,#00D003505,S69L,0,+,18.0,,,,N,,,99X50,,,,,,>0,,swe
35100,#00D003510,T69L,0,+,19.0,,,,N,,,99X50,,,,,,>0,,swe
35150,#00D003515,U69L,0,+,21.0,,,,N,,,99X50,,,,,,>0,,swe
35200,#00D003520,V69L,0,+,22.0,,,,N,,,99X50,,,,,,>0,,swe
35250,#00D003525,W69L,0,+,23.0,,,,N,,,99X50,,,,,,>0,,swe
35300,#00D003530,X69L,0,+,,,,,N,,,99X50,,,,,,>0,,swe
35350,#00D003535,Z60L,7,+,,,,,S,,,99X50,,,,,,>0,N,swe
35400,#00D003540,Z60L,7,+,,,,,,,,99X50,00X10,,,,,>0,N,swe
35500,#00D003550,Z73L,2,+,98.0,,,,,,,99X50,,,,,,>0,,swe
9001000,#00D900100,Z80R,9,,,,,,,,,99X50,,,,,,<1,N,swe
10000000000,000D000000,999O,0,-,,,,,,,,,,,,,,<2,N,den/est/lat
10000000001,000D0000001,998NO,0,+,,,,,N,99V21,,90X13,,,,,,<2,N,nor
10000000010,000D000001,470L,1,,,,,,,,,00X90,,,,,,<2,N,ice
10000000016,000D0000007,X09O,0,+,,,,,,40V62,,40X00,,,,,,<1,,swe
10000000019,000D0000008,X09O,0,+,,,,,,,,40X00,,,,,,<1,,swe
10000000021,000D0000009,X09O,0,,,,,,N,,,,,,,,,<1,E,swe
10000000023,000D0000011,470L,0,,,,,,,,,00X90,,,,,,<1,N,swe
10000000030,000D000003,470X,9,+,,,,,,00S99,,,,,,,,,N,nor
10000000040,000D000004,470O,0,-,,,,,,99V35,,,,,,,,<2,N,fin
10000000045,000D0000041,470O,1,-,,,,,,99V35,,,,,,,,<1,N,swe
10000000047,000D0000042,470O,0,-,,,,,,99V35,-99V21,,,,,,,<2,N,ice
10000000050,000D000005,470O,0,-,,,,,,99V22,,,,,,,,<2,N,fin
10000000051,000D0000051,470O,1,-,,,,,,99V22,,,,,,,,<1,N,swe
10000000052,000D0000052,470O,0,-,,,,,,99V22,-99V21,,,,,,,<2,N,ice
10000000100,000D000010,470X,1,-,,,,,,,,,,,,,,,,den/lat
10000000101,000D0000101,470X,1,-,,,,,,,,,,,,,,>1,,fin/ice/est
10000000102,000D0000102,470X,1,-,,,,,,,,,,,,,,<2,N,nor
10000000103,000D0000103,470X,1,-,,,,,,,,,,,,,,>0,N,swe
10000000110,000D000011,470X,1,-,,,,,,,,,,,,,,>1,,nor
10000000120,000D000012,470X,8,+,,,90P80,,,,,,,,,,,<2,,nor
10000000201,000D0000201,470X,1,+,,,90P80,,,,-99V21,,,,,,,<2,,ice
10000000300,000D000030,470X,1,-,,,,,,,,,,,,,,,E,fin/swe
10000000333,000D0000301,470X,B,-,,,,,,,,,,,,,,,,ice
10000000350,000D000035,470SO,9,+,15.0,,,,,,,,,,,<0,,<1,,swe
10000000360,000D000036,470SN,9,+,15.0,,,,,,,,,,,<0,,,,swe
10000010000,000D001000,470X,5,+,,,00P02,,,,,,,,,>6574,,,,den/lat/nor
10000010001,000D0010001,470Q,5,+,,,00P02,,,,,,,,,>6574,,<2,,fin/ice/est
10000010002,000D0010002,470Q,5,+,,,00P02,,,,,,,,,>6574,,<1,,swe
10000011000,000D001100,470B,5,+,,,00P02,,,,,,,,,>6574,,,,fin/ice/swe/est
10000020000,000D002000,470X,4,+,,,00P01,,,,,,,,,<5114,,,,den/lat/nor
10000020001,000D0020001,470R,4,+,,,00P01,,,,,,,,,<5114,,<2,,fin/ice/est
10000020002,000D0020002,470R,4,+,,,00P01,,,,,,,,,<5114,,<1,,swe
10000021000,000D002100,470C,4,+,,,00P01,,,,,,,,,<5114,,,,fin/ice/swe/est
10000030000,000D003000,470X,6,+,,,,,,,,,,,,>45654,,,,den/lat/nor
10000030001,000D0030001,470S,6,+,,,,,,,,,,,,>45654,,<2,,fin/ice/est
10000030002,000D0030002,470S,6,+,,,,,,,,,,,,>45654,,<1,,swe
10000031000,000D003100,470D,6,+,,,,,,,,,,,,>45654,,,,fin/ice/swe/est
10000040000,000D004000,470X,8,+,,99M00,,,,,,,,,,,,,,den/lat
10000040001,000D0040001,470U,8,+,,99M00,,,,99V35,,,,,,,,<2,,fin/ice
10000040002,000D0040002,470U,8,+,99.0,99M00,,,,,,,,,,,,<1,,swe
10000040051,000D0040051,470U,8,+,,00M00,,,,,,,,,,,,<1,,swe
10000040075,000D0040075,470U,8,+,,99M02,,,,,,99X35,,,,,,<1,,swe
10000040100,000D004010,470X,8,+,,99M00,,,,,,,,,,,,,,nor
10000040150,0000D04011,470X,1,+,,99M01,,,,,,,,,,,,,,nor
10000040200,000D004020,470U,8,+,,,23P07,,,,,,,,,,,<1,,swe
10000041000,000D004100,470E,8,+,,99M00,,,,,,,,,,,,,,fin/ice/est
10000041001,000D0041001,470E,8,+,99.0,99M00,,,,,,,,,,,,>0,,swe
10000041100,000D0041100,470E,8,+,,00M00,,,,,,,,,,,,>0,,swe
10000041200,000D004120,470E,8,+,,,23P07,,,,,,,,,,,>0,,swe
10000045600,000D0045600,470E,8,+,,99M02,,,,,,,,,,,,>0,,swe
10000050000,000D005000,470K,0,+,,99M01,,,,,,,,,,,,<2,,ice/fin
10000050001,000D0050001,470K,0,+,99.0,99M01,,,,,,,,,,,,<1,,swe
10000051000,000D005100,470J,0,+,99.0,99M01,,,,,,,,,,,,,,ice/swe/lat/fin
10007000200,000D700020,470X,4,+,14.0,,,,,,,,,,,<4018,,,,den/lat
10007000201,000D7000201,470R,4,+,14.0,,,,,,,,,,,<4018,,<2,,fin/ice/nor/est
10007000202,000D7000202,470R,4,+,14.0,,,,,,,,,,,<4018,,<1,,swe
10007000210,000D700021,470C,4,+,14.0,,,,,,,,,,,<4018,,,,fin/ice/swe/est
10007000300,000D700030,470X,5,+,14.0,,,,,,,,,,,>21915,,,,den/lat/nor
10007000301,000D7000301,470Q,5,+,14.0,,,,,,,,,,,>21915,,<2,,fin/ice/est
10007000302,000D7000302,470Q,5,+,14.0,,,,,,,,,,,>21915,,<1,,swe
10007000310,000D700031,470B,5,+,14.0,,,,,,,,,,,>21915,,,,fin/ice/swe/est
10007000600,000D700060,470X,4,+,,,,,,,,14X03,,,,<4018,,,,den/lat/nor
10007000601,000D7000601,470R,4,+,,,,,,,,14X03,,,,<4018,,<2,,fin/ice/est
10007000602,000D7000602,470R,4,+,,,,,,,,14X03,,,,<4018,,<1,,swe
10007000610,000D700061,470C,4,+,,,,,,,,14X03,,,,<4018,,,,fin/ice/swe/est
10007000700,000D700070,470X,5,+,,,,,,,,14X03,,,,>20453,,,,den/lat/nor
10007000701,000D7000701,470Q,5,+,,,,,,,,14X03,,,,>21915,,<2,,fin/est
10007000702,000D7000702,470Q,5,+,,,,,,,,14X03,,,,>20453,,<2,,ice
10007000703,000D7000703,470Q,5,+,,,,,,,,14X03,,,,>21915,,<1,,swe
10007000710,000D700071,470B,5,+,,,,,,,,14X03,,,,>21915,,,,fin/swe/est
10007000711,000D7000711,470B,5,+,,,,,,,,14X03,,,,>20453,,,,ice
10007001000,000D700100,470X,4,+,,,,,S,14S01,,,,,,<4018,,,,den/lat/nor
10007001001,000D7001001,470R,4,+,,,,,S,14S01,,,,,,<4018,,<2,,fin/ice/est
10007001002,000D7001002,470R,4,+,,,,,S,14S01,,,,,,<4018,,<1,,swe
10007001010,000D700101,470C,4,+,,,,,S,14S01,,,,,,<4018,,,,fin/ice/swe/est
10007001100,000D700110,470X,5,+,,,,,S,14S01,,,,,,>20453,,,,den/lat/nor
10007001101,000D7001101,470Q,5,+,,,,,S,14S01,,,,,,>21915,,<2,,fin/est
10007001102,000D7001102,470Q,5,+,,,,,S,14S01,,,,,,>20453,,<2,,ice
10007001103,000D7001103,470Q,5,+,,,,,S,14S01,,,,,,>21915,,<1,,swe
10007001110,000D700111,470B,5,+,,,,,S,14S01,,,,,,>21915,,,,fin/swe/est
10007001111,000D7001111,470B,5,+,,,,,S,14S01,,,,,,>20453,,,,ice
10007002200,000D700220,470X,4,+,13.0,,,,,,,14X01,,,,<4018,,,,den/lat/nor
10007002201,000D7002201,470R,4,+,13.0,,,,,,,14X01,,,,<4018,,<2,,fin/ice/est
10007002202,000D7002202,470R,4,+,13.0,,,,,,,14X01,,,,<4018,,<1,,swe
10007002210,000D700221,470C,4,+,13.0,,,,,,,14X01,,,,<4018,,,,fin/ice/swe/est
10007002300,000D700230,470X,5,+,13.0,,,,,,,14X01,,,,>20453,,,,den/lat/nor
10007002301,000D7002301,470Q,5,+,13.0,,,,,,,14X01,,,,>21915,,<2,,fin/est
10007002302,000D7002302,470Q,5,+,13.0,,,,,,,14X01,,,,>20453,,<2,,ice
10007002303,000D7002303,470Q,5,+,13.0,,,,,,,14X01,,,,>21915,,<1,,swe
10007002310,000D700231,470B,5,+,13.0,,,,,,,14X01,,,,>21915,,,,fin/swe/est
10007002311,000D7002311,470B,5,+,13.0,,,,,,,14X01,,,,>20453,,,,ice
11407030000,014D703000,470X,8,+,14.0,,,,,,,14X04,14X01,,,,,,,den/lat/nor
11407030001,014D7030001,470W,8,+,14.0,,,,,,,14X04,14X01,,,,,<2,,fin/ice/est
11407030002,014D7030002,470W,9,+,14.0,,,,,,,14X04,14X01,,,,,<1,,swe
11407030100,014D703010,470I,9,+,14.0,,,,,,,14X04,14X01,,,,,,,fin/ice/swe/est
11407031000,014D703100,470X,8,+,14.0,,,,,,,14X05,14X01,,,,,,,den/lat/nor
11407031001,014D7031001,470W,8,+,14.0,,,,,,,14X05,14X01,,,,,<2,,fin/ice/est
11407031002,014D7031002,470W,9,+,14.0,,,,,,,14X05,14X01,,,,,<1,,swe
11407031100,014D703110,470I,9,+,14.0,,,,,,,14X05,14X01,,,,,,,fin/ice/swe/est
11407032000,014D703200,470X,8,+,13.0,,,,,,,14X04,14X01,,,,,,,den/lat/nor
11407032001,014D7032001,470W,8,+,13.0,,,,,,,14X04,14X01,,,,,<2,,fin/ice/est
11407032002,014D7032002,470W,9,+,13.0,,,,,,,14X04,14X01,,,,,<1,,swe
11407032100,014D703210,470I,9,+,13.0,,,,,,,14X04,14X01,,,,,,,fin/ice/swe/est
11407033000,014D703300,470X,8,+,13.0,,,,,,,14X05,14X01,,,,,,,den/lat/nor
11407033001,014D7033001,470W,8,+,13.0,,,,,,,14X05,14X01,,,,,<2,,fin/ice/est
11407033002,014D7033002,470W,9,+,13.0,,,,,,,14X05,14X01,,,,,<1,,swe
11407033100,014D703310,470I,9,+,13.0,,,,,,,14X05,14X01,,,,,,,fin/ice/swe/est
11407090000,014D709000,470X,8,+,,,23P01,,S,,,,,,,,,,,den/lat
11407090001,014D7090001,470U,8,+,,,23P01,,S,,,,,,,,,<2,,fin/ice/est
11407090100,014D709010,470U,8,+,,,23P01,,,,,00X10,,,,,,<2,,fin/ice/est
11407091000,014D709100,470X,8,+,,,23P01,,,,,00X10,,,,,,,,den/lat
11407091001,014D7091001,470E,8,+,,,23P01,,S,,,,,,,,,,,fin/ice/est
11407091100,014D709110,470E,8,+,,,23P01,,,,,00X10,,,,,,,,fin/ice/est
11508000000,015D800000,470X,5,+,15.0,,,,,,,,,,,>365,,,,den/lat/nor
11508000001,015D8000001,470Q,5,+,15.0,,,,,,,,,,,>365,,<2,,fin/ice/est
11508000002,015D8000002,470Q,5,+,15.0,,,,,,,,,,,>365,,<1,,swe
11508000010,015D800001,470B,5,+,15.0,,,,,,,,,,,>365,,,,fin/ice/swe/est
11508000100,015D800010,470X,8,+,,15M01,,,,,,,,,,,,,,den/lat/nor
11508000101,015D8000101,470U,8,+,,15M01,,,,,,,,,,,,<2,,fin/ice/est
11508000102,015D8000102,470U,8,+,15.0,15M01,,,,,,,,,,,,<1,,swe
11508000110,015D800011,470E,8,+,15.0,15M01,,,,,,,,,,,,,,fin/swe/est
11508000111,015D8000111,470B,8,+,,15M01,,,,,,,,,,,,,,ice
11508000200,015D800020,470X,9,+,,15M02,,,,15S02,,,,,,,,,,den/lat/nor
11508000201,015D8000201,470Y,9,+,,15M02,,,,15S02,,,,,,,,<2,,fin/ice/est
11508000202,015D8000202,470Y,9,+,15.0,15M02,,,,15S02,,,,,,,,<1,,swe
11508000206,015D8000205,470Y,9,+,23.0,23M04,,,,40V78,,,,,,,,<1,,swe
11508000207,015D8000208,470Y,9,+,,,99P78,,,40V78,,,,,,,,<1,,swe
11508000208,015D8000206,Z83O,9,,,,,,S,99V24,,,,,,,,<1,,swe
11508000209,015D8000207,470H,9,+,23.0,23M04,,,,40V78,,,,,,,,,,swe
11508000239,015D8000209,470H,9,+,,,99P78,,,40V78,,,,,,,,,,swe
11508000269,015D800021,470H,9,+,15.0,15M02,,,,15S02,,,,,,,,,,fin/ice/swe/est
11508000300,015D800030,470X,9,+,,15M02,,,,,,15X40,,,,,,,,den/lat/nor
11508000301,015D8000301,470W,9,+,,15M02,,,,,,15X40,,,,,,<2,,fin/ice/est
11508000302,015D8000302,470W,9,+,15.0,15M02,,,,,,15X40,,,,,,<1,,swe
11508000310,015D800031,470I,9,+,15.0,15M02,,,,,,15X40,,,,,,,,fin/ice/swe/est
11508000355,015D8000311,391X,0,+,,,23P20,,,,,,,,,<365,,>0,,swe
11508002000,015D800200,901FQ,0,+,15.0,,,,N,01D02,-15S02,,,,,,,<2,N,fin
11508002100,015D800210,901FQ,0,+,,,,,N,01D02,-15S02,,,,,<29,,<2,N,fin
11508002200,015D800220,905FQ,0,+,15.0,,,,N,05D22,-15S02,,,,,,,<2,N,fin
11508002300,015D800230,905FQ,0,+,,,,,N,05D22,-15S02,,,,,<29,,<2,N,fin
11508002400,015D800240,906FQ,0,+,15.0,,,,N,06D32,-15S02,,,,,,,<2,N,fin
11508002500,015D800250,906FQ,0,+,,,,,N,06D32,-15S02,,,,,<29,,<2,N,fin
11508002600,015D800260,908FQ,0,+,15.0,,,,N,08D42,-15S02,,,,,,,<2,N,fin
11508002700,015D800270,908FQ,0,+,,,,,N,08D42,-15S02,,,,,<29,,<2,N,fin
11508002800,015D800280,905FS,0,+,15.0,,,,N,05D62,-15S02,,,,,,,<2,N,fin
11508002900,015D800290,905FS,0,+,,,,,N,05D62,-15S02,,,,,<29,,<2,N,fin
11508003000,015D800300,905FT,0,+,15.0,,,,N,05D64,-15S02,,,,,,,<2,N,fin
11508003001,015D8003001,998NO,0,+,15.0,,,,Z,99V21,-15S02,,,,,,,<2,N,ice
11508003100,015D800310,905FT,0,+,,,,,N,05D64,-15S02,,,,,<29,,<2,N,fin
11508003101,015D8003101,998NO,0,+,,,,,Z,99V21,-15S02,,,,,<29,,<2,N,ice
11508004000,015D800400,901FP,0,+,15.0,,,,N,01D01,-15S02,,,,,,,<2,N,fin
11508004100,015D800410,901FP,0,+,,,,,N,01D01,-15S02,,,,,<29,,<2,N,fin
11508004200,015D800420,905FP,0,+,15.0,,,,N,05D21,-15S02,,,,,,,<2,N,fin
11508004300,015D800430,905FP,0,+,,,,,N,05D21,-15S02,,,,,<29,,<2,N,fin
11508004400,015D800440,906FP,0,+,15.0,,,,N,06D31,-15S02,,,,,,,<2,N,fin
11508004500,015D800450,906FP,0,+,,,,,N,06D31,-15S02,,,,,<29,,<2,N,fin
11508004600,015D800460,908FP,0,+,15.0,,,,N,08D41,-15S02,,,,,,,<2,N,fin
11508004700,015D800470,908FP,0,+,,,,,N,08D41,-15S02,,,,,<29,,<2,N,fin
11508004800,015D800480,910FP,0,+,15.0,,,,N,10D11,-15S02,,,,,,,<2,N,fin
11508004900,015D800490,910FP,0,+,,,,,N,10D11,-15S02,,,,,<29,,<2,N,fin
11508005000,015D800500,905FR,0,+,15.0,,,,N,05D61,-15S02,,,,,,,<2,N,fin
11508005100,015D800510,905FR,0,+,,,,,N,05D61,-15S02,,,,,<29,,<2,N,fin
11508009300,015D800930,391O,0,+,15.0,,,,Z,,-15S02,,,,,<1,,<2,N,nor
11508009400,015D800940,915O,0,+,15.0,,,,Z,,-15S02,,,,,,,<2,N,den/est/fin/ice/lat
11508009401,015D8009401,915O,0,+,15.0,,,,Z,,-15S02,,,,,,,<1,N,nor
11508009500,015D800950,915O,0,+,,,,,Z,,-15S02,,,,,<29,,<2,N,den/est/fin/ice/lat
11508009501,015D8009501,915O,0,+,,,,,Z,,-15S02,,,,,<29,,<1,N,nor
11508009700,015D800970,815O,0,+,15.0,,,,N,,-15S02,,,,,,,<2,N,ice
11508009800,015D800980,815O,0,+,15.0,,,,N,,-15S02,,,,,,,<2,N,den/est/fin/lat
11508009801,015D8009801,815O,0,+,,,,,N,,-15S02,,,,,<29,,<2,N,ice
11508009802,015D8009802,823P,0,+,15.0,,,,N,,-15S02,,,,,,,<1,N,nor
11508009900,015D800990,815O,0,+,,,,,N,,-15S02,,,,,<29,,<2,N,den/est/fin/lat
11508009901,015D8009901,385C,0,+,15.0,,,,N,,,15X23,,,,>28,,,,ice
11508009902,015D8009902,823P,0,+,,,,,N,,-15S02,,,,,<29,,<1,N,nor
11508009934,015D8009750,385C,0,+,,,10P05,,N,,,15X23,,,,>28,,>0,,swe
11508009967,015D8009903,385C,0,+,15.0,,,,N,,,15X23,,,,>28,,>0,,swe
11508010000,015D801000,385C,0,+,15.0,,,,N,,,15X23,,,,>28,,,,den/est/fin/lat/nor
11508010001,015D8010001,385C,0,+,15.0,,,,N,,-15S02,15X23,,,,>7,,,,ice
11508010034,015D8009952,385C,0,+,,,10P05,,N,,-15S02,15X23,,,,>7,,>0,,swe
11508010067,015D8010002,385C,0,+,15.0,,,,N,,-15S02,15X23,,,,>7,,>0,,swe
11508010100,015D801010,385C,0,+,15.0,,,,N,,-15S02,15X23,,,,>7,,,,den/est/fin/lat/nor
11508031000,015D803100,385A,0,+,,,,,,,,,,,,<8,,<3,E,den/est/fin/ice/lat/swe
11508031001,015D8031001,385A,0,+,,,,,,,,,,,,<8,,<4,E,nor
11508032000,015D803200,385A,0,+,,,,,,15S02,,,,,,<29,,<3,E,den/est/fin/lat/swe
11508032001,015D8032001,385A,0,+,,,,,,15S02,-15S01,,,,,<29,,<3,E,ice
11508032002,015D8032002,385A,0,+,,,,,,15S02,-15S01,,,,,<29,,<4,E,nor
11508033000,015D803300,391X,0,+,15.0,15M02,,,N,,,,,,,<8,,<6,R,den/est/ice/lat/swe
11508033001,015D8033001,391X,0,+,15.0,15M02,,,N,,,,,,,<8,,<7,R,nor
11508034000,015D803400,385A,0,+,,,,,,,-15S01,,,,,<8,,<6,R,den/est/ice/lat/swe
11508067000,015D8034003,385A,0,+,,,,,,15S03,,,,,,<8,,<6,,fin
11508072500,015D8034004,385A,0,+,,,,,,15S03,15S02,,,,,<29,,<6,,fin
11508075250,015D8034005,385A,0,+,,,,,N,,,15X31,,,,<8,,<6,,fin
11508076625,015D8034006,385A,0,+,,,,,N,,,15X32,,,,<8,,<6,,fin
11508077312,015D8034007,385A,0,+,,,,,N,,,15X33,,,,<8,,<6,,fin
11508077656,015D8034008,385A,0,+,,,,,N,,,15X34,,,,<8,,<6,,fin
11508077828,015D8034009,385A,0,+,,,,,N,,,15X35,,,,<8,,<6,,fin
11508077914,015D8034010,385A,0,+,,,,,N,,,15X36,,,,<8,,<6,,fin
11508077957,015D8034011,385A,0,+,,,,,N,,,15X37,,,,<8,,<6,,fin
11508077978,015D8034012,385A,0,+,,,,,N,,,03X04,,,,<8,,<6,,fin
11508077989,015D8034013,385A,0,+,,,,,N,,,15X98,,,,<8,,<6,,fin
11508077994,015D8034014,385A,0,+,,,,,N,15S02,,15X31,,,,<29,,<6,,fin
11508077997,015D8034015,385A,0,+,,,,,N,15S02,,15X32,,,,<29,,<6,,fin
11508077998,015D8034016,385A,0,+,,,,,N,15S02,,15X33,,,,<29,,<6,,fin
11508077999,015D8034017,385A,0,+,,,,,N,15S02,,15X34,,,,<29,,<6,,fin
11508085332,015D8034018,385A,0,+,,,,,N,15S02,,15X35,,,,<29,,<6,,fin
11508088999,015D8034019,385A,0,+,,,,,N,15S02,,15X36,,,,<29,,<6,,fin
11508090832,015D8034020,385A,0,+,,,,,N,15S02,,15X37,,,,<29,,<6,,fin
11508091749,015D8034021,385A,0,+,,,,,N,15S02,,03X04,,,,<29,,<6,,fin
11508092207,015D8034022,385A,0,+,,,,,N,15S02,,15X98,,,,<29,,<6,,fin
11508092666,015D8034001,385A,0,+,,,,,,,-15S01,,,,,<8,,<7,R,nor
11508100000,015D810000,386N,0,+,,,,,,,,15X23,,,,<8,,,,den/est/fin/ice/lat/nor
11508100001,015D8100001,386N,0,+,,,,,,,,15X23,,,,<8,,>0,,swe
11508101000,015D810100,386N,0,+,,,,,,15S02,,15X23,,,,<29,,,,den/est/fin/ice/lat/nor
11508101001,015D8101001,386N,0,+,,,,,,15S02,,15X23,,,,<29,,>0,,swe
11508110000,015D811000,387N,0,+,,,,,,,,15X24,,,,<8,,>0,,den/est/lat/nor/swe
11508110001,015D8110001,387N,0,+,,,,,,,,15X24,,,,<8,,,,fin
11508111000,015D811100,387N,0,+,,,,,,15S02,,15X24,,,,<29,,>0,,den/est/lat/nor/swe
11508111001,015D8111001,387N,0,+,,,,,,15S02,,15X24,,,,<29,,,,fin
11508121000,015D812100,388C,0,+,,,,,,,-15S01,15X25,15X40,,,<8,,,,den/est/fin/ice/lat/nor
11508121001,015D8121001,388C,0,+,,,,,,,-15S01,15X25,15X40,,,<8,,>0,,swe
11508123000,015D812300,388C,0,+,,,,,,15S02,-15S01,15X25,15X40,,,<29,,,,den/est/fin/ice/lat/nor
11508123001,015D8123001,388C,0,+,,,,,,15S02,-15S01,15X25,15X40,,,<29,,>0,,swe
11508160000,015D816000,388A,0,+,,,,,,,,15X25,15X31,15X32,,<8,,,,den/est/fin/ice/lat/nor
11508160001,015D8160001,388A,0,+,,,,,,,,15X25,15X31,15X32,,<8,,>0,,swe
11508160100,015D816010,388A,0,+,,,,,,15S02,,15X25,15X31,15X32,,<29,,,,den/est/fin/ice/lat/nor
11508160101,015D8160101,388A,0,+,,,,,,15S02,,15X25,15X31,15X32,,<29,,>0,,swe
11508160200,015D816020,388A,0,+,,,,,,,,15X25,15X31,15X33,,<8,,,,den/est/fin/ice/lat/nor
11508160201,015D8160201,388A,0,+,,,,,,,,15X25,15X31,15X33,,<8,,>0,,swe
11508160300,015D816030,388A,0,+,,,,,,15S02,,15X25,15X31,15X33,,<29,,,,den/est/fin/ice/lat/nor
11508160301,015D8160301,388A,0,+,,,,,,15S02,,15X25,15X31,15X33,,<29,,>0,,swe
11508160400,015D816040,388A,0,+,,,,,,,,15X25,15X31,15X34,,<8,,,,den/est/fin/ice/lat/nor
11508160401,015D8160401,388A,0,+,,,,,,,,15X25,15X31,15X34,,<8,,>0,,swe
11508160500,015D816050,388A,0,+,,,,,,15S02,,15X25,15X31,15X34,,<29,,,,den/est/fin/ice/lat/nor
11508160501,015D8160501,388A,0,+,,,,,,15S02,,15X25,15X31,15X34,,<29,,>0,,swe
11508160600,015D816060,388A,0,+,,,,,,,,15X25,15X31,15X35,,<8,,,,den/est/fin/ice/lat/nor
11508160601,015D8160601,388A,0,+,,,,,,,,15X25,15X31,15X35,,<8,,>0,,swe
11508160700,015D816070,388A,0,+,,,,,,15S02,,15X25,15X31,15X35,,<29,,,,den/est/fin/ice/lat/nor
11508160701,015D8160701,388A,0,+,,,,,,15S02,,15X25,15X31,15X35,,<29,,>0,,swe
11508160800,015D816080,388A,0,+,,,,,,,,15X25,15X31,15X36,,<8,,,,den/est/fin/ice/lat/nor
11508160801,015D8160801,388A,0,+,,,,,,,,15X25,15X31,15X36,,<8,,>0,,swe
11508160900,015D816090,388A,0,+,,,,,,15S02,,15X25,15X31,15X36,,<29,,,,den/est/fin/ice/lat/nor
11508160901,015D8160901,388A,0,+,,,,,,15S02,,15X25,15X31,15X36,,<29,,>0,,swe
11508161000,015D816100,388A,0,+,,,,,,,,15X25,15X31,15X37,,<8,,,,den/est/fin/ice/lat/nor
11508161001,015D8161001,388A,0,+,,,,,,,,15X25,15X31,15X37,,<8,,>0,,swe
11508161100,015D816110,388A,0,+,,,,,,15S02,,15X25,15X31,15X37,,<29,,,,den/est/fin/ice/lat/nor
11508161101,015D8161101,388A,0,+,,,,,,15S02,,15X25,15X31,15X37,,<29,,>0,,swe
11508161200,015D816120,388A,0,+,,,,,,,,15X25,15X31,03X04,,<8,,,,den/est/fin/ice/lat/nor
11508161201,015D8161201,388A,0,+,,,,,,,,15X25,15X31,03X04,,<8,,>0,,swe
11508161300,015D816130,388A,0,+,,,,,,15S02,,15X25,15X31,03X04,,<29,,,,den/est/fin/ice/lat/nor
11508161301,015D8161301,388A,0,+,,,,,,15S02,,15X25,15X31,03X04,,<29,,>0,,swe
11508161400,015D816140,388A,0,+,,,,,,,,15X25,15X32,15X33,,<8,,,,den/est/fin/ice/lat/nor
11508161401,015D8161401,388A,0,+,,,,,,,,15X25,15X32,15X33,,<8,,>0,,swe
11508161500,015D816150,388A,0,+,,,,,,15S02,,15X25,15X32,15X33,,<29,,,,den/est/fin/ice/lat/nor
11508161501,015D8161501,388A,0,+,,,,,,15S02,,15X25,15X32,15X33,,<29,,>0,,swe
11508161600,015D816160,388A,0,+,,,,,,,,15X25,15X32,15X34,,<8,,,,den/est/fin/ice/lat/nor
11508161601,015D8161601,388A,0,+,,,,,,,,15X25,15X32,15X34,,<8,,>0,,swe
11508161700,015D816170,388A,0,+,,,,,,15S02,,15X25,15X32,15X34,,<29,,,,den/est/fin/ice/lat/nor
11508161701,015D8161701,388A,0,+,,,,,,15S02,,15X25,15X32,15X34,,<29,,>0,,swe
11508161800,015D816180,388A,0,+,,,,,,,,15X25,15X32,15X35,,<8,,,,den/est/fin/ice/lat/nor
11508161801,015D8161801,388A,0,+,,,,,,,,15X25,15X32,15X35,,<8,,>0,,swe
11508161900,015D816190,388A,0,+,,,,,,15S02,,15X25,15X32,15X35,,<29,,,,den/est/fin/ice/lat/nor
11508161901,015D8161901,388A,0,+,,,,,,15S02,,15X25,15X32,15X35,,<29,,>0,,swe
11508162000,015D816200,388A,0,+,,,,,,,,15X25,15X32,15X36,,<8,,,,den/est/fin/ice/lat/nor
11508162001,015D8162001,388A,0,+,,,,,,,,15X25,15X32,15X36,,<8,,>0,,swe
11508162100,015D816210,388A,0,+,,,,,,15S02,,15X25,15X32,15X36,,<29,,,,den/est/fin/ice/lat/nor
11508162101,015D8162101,388A,0,+,,,,,,15S02,,15X25,15X32,15X36,,<29,,>0,,swe
11508162200,015D816220,388A,0,+,,,,,,,,15X25,15X32,15X37,,<8,,,,den/est/fin/ice/lat/nor
11508162201,015D8162201,388A,0,+,,,,,,,,15X25,15X32,15X37,,<8,,>0,,swe
11508162300,015D816230,388A,0,+,,,,,,15S02,,15X25,15X32,15X37,,<29,,,,den/est/fin/ice/lat/nor
11508162301,015D8162301,388A,0,+,,,,,,15S02,,15X25,15X32,15X37,,<29,,>0,,swe
11508162400,015D816240,388A,0,+,,,,,,,,15X25,15X32,03X04,,<8,,,,den/est/fin/ice/lat/nor
11508162401,015D8162401,388A,0,+,,,,,,,,15X25,15X32,03X04,,<8,,>0,,swe
11508162500,015D816250,388A,0,+,,,,,,15S02,,15X25,15X32,03X04,,<29,,,,den/est/fin/ice/lat/nor
11508162501,015D8162501,388A,0,+,,,,,,15S02,,15X25,15X32,03X04,,<29,,>0,,swe
11508162600,015D816260,388A,0,+,,,,,,,,15X25,15X33,15X34,,<8,,,,den/est/fin/ice/lat/nor
11508162601,015D8162601,388A,0,+,,,,,,,,15X25,15X33,15X34,,<8,,>0,,swe
11508162700,015D816270,388A,0,+,,,,,,15S02,,15X25,15X33,15X34,,<29,,,,den/est/fin/ice/lat/nor
11508162701,015D8162701,388A,0,+,,,,,,15S02,,15X25,15X33,15X34,,<29,,>0,,swe
11508162800,015D816280,388A,0,+,,,,,,,,15X25,15X33,15X35,,<8,,,,den/est/fin/ice/lat/nor
11508162801,015D8162801,388A,0,+,,,,,,,,15X25,15X33,15X35,,<8,,>0,,swe
11508162900,015D816290,388A,0,+,,,,,,15S02,,15X25,15X33,15X35,,<29,,,,den/est/fin/ice/lat/nor
11508162901,015D8162901,388A,0,+,,,,,,15S02,,15X25,15X33,15X35,,<29,,>0,,swe
11508163000,015D816300,388A,0,+,,,,,,,,15X25,15X33,15X36,,<8,,,,den/est/fin/ice/lat/nor
11508163001,015D8163001,388A,0,+,,,,,,,,15X25,15X33,15X36,,<8,,>0,,swe
11508163100,015D816310,388A,0,+,,,,,,15S02,,15X25,15X33,15X36,,<29,,,,den/est/fin/ice/lat/nor
11508163101,015D8163101,388A,0,+,,,,,,15S02,,15X25,15X33,15X36,,<29,,>0,,swe
11508163200,015D816320,388A,0,+,,,,,,,,15X25,15X33,15X37,,<8,,,,den/est/fin/ice/lat/nor
11508163201,015D8163201,388A,0,+,,,,,,,,15X25,15X33,15X37,,<8,,>0,,swe
11508163300,015D816330,388A,0,+,,,,,,15S02,,15X25,15X33,15X37,,<29,,,,den/est/fin/ice/lat/nor
11508163301,015D8163301,388A,0,+,,,,,,15S02,,15X25,15X33,15X37,,<29,,>0,,swe
11508163400,015D816340,388A,0,+,,,,,,,,15X25,15X33,03X04,,<8,,,,den/est/fin/ice/lat/nor
11508163401,015D8163401,388A,0,+,,,,,,,,15X25,15X33,03X04,,<8,,>0,,swe
11508163500,015D816350,388A,0,+,,,,,,15S02,,15X25,15X33,03X04,,<29,,,,den/est/fin/ice/lat/nor
11508163501,015D8163501,388A,0,+,,,,,,15S02,,15X25,15X33,03X04,,<29,,>0,,swe
11508163600,015D816360,388A,0,+,,,,,,,,15X25,15X34,15X35,,<8,,,,den/est/fin/ice/lat/nor
11508163601,015D8163601,388A,0,+,,,,,,,,15X25,15X34,15X35,,<8,,>0,,swe
11508163700,015D816370,388A,0,+,,,,,,15S02,,15X25,15X34,15X35,,<29,,,,den/est/fin/ice/lat/nor
11508163701,015D8163701,388A,0,+,,,,,,15S02,,15X25,15X34,15X35,,<29,,>0,,swe
11508163800,015D816380,388A,0,+,,,,,,,,15X25,15X34,15X36,,<8,,,,den/est/fin/ice/lat/nor
11508163801,015D8163801,388A,0,+,,,,,,,,15X25,15X34,15X36,,<8,,>0,,swe
11508163900,015D816390,388A,0,+,,,,,,15S02,,15X25,15X34,15X36,,<29,,,,den/est/fin/ice/lat/nor
11508163901,015D8163901,388A,0,+,,,,,,15S02,,15X25,15X34,15X36,,<29,,>0,,swe
11508164000,015D816400,388A,0,+,,,,,,,,15X25,15X34,15X37,,<8,,,,den/est/fin/ice/lat/nor
11508164001,015D8164001,388A,0,+,,,,,,,,15X25,15X34,15X37,,<8,,>0,,swe
11508164100,015D816410,388A,0,+,,,,,,15S02,,15X25,15X34,15X37,,<29,,,,den/est/fin/ice/lat/nor
11508164101,015D8164101,388A,0,+,,,,,,15S02,,15X25,15X34,15X37,,<29,,>0,,swe
11508164200,015D816420,388A,0,+,,,,,,,,15X25,15X34,03X04,,<8,,,,den/est/fin/ice/lat/nor
11508164201,015D8164201,388A,0,+,,,,,,,,15X25,15X34,03X04,,<8,,>0,,swe
11508164300,015D816430,388A,0,+,,,,,,15S02,,15X25,15X34,03X04,,<29,,,,den/est/fin/ice/lat/nor
11508164301,015D8164301,388A,0,+,,,,,,15S02,,15X25,15X34,03X04,,<29,,>0,,swe
11508164400,015D816440,388A,0,+,,,,,,,,15X25,15X35,15X36,,<8,,,,den/est/fin/ice/lat/nor
11508164401,015D8164401,388A,0,+,,,,,,,,15X25,15X35,15X36,,<8,,>0,,swe
11508164500,015D816450,388A,0,+,,,,,,15S02,,15X25,15X35,15X36,,<29,,,,den/est/fin/ice/lat/nor
11508164501,015D8164501,388A,0,+,,,,,,15S02,,15X25,15X35,15X36,,<29,,>0,,swe
11508164600,015D816460,388A,0,+,,,,,,,,15X25,15X35,15X37,,<8,,,,den/est/fin/ice/lat/nor
11508164601,015D8164601,388A,0,+,,,,,,,,15X25,15X35,15X37,,<8,,>0,,swe
11508164700,015D816470,388A,0,+,,,,,,15S02,,15X25,15X35,15X37,,<29,,,,den/est/fin/ice/lat/nor
11508164701,015D8164701,388A,0,+,,,,,,15S02,,15X25,15X35,15X37,,<29,,>0,,swe
11508164800,015D816480,388A,0,+,,,,,,,,15X25,15X35,03X04,,<8,,,,den/est/fin/ice/lat/nor
11508164801,015D8164801,388A,0,+,,,,,,,,15X25,15X35,03X04,,<8,,>0,,swe
11508164900,015D816490,388A,0,+,,,,,,15S02,,15X25,15X35,03X04,,<29,,,,den/est/fin/ice/lat/nor
11508164901,015D8164901,388A,0,+,,,,,,15S02,,15X25,15X35,03X04,,<29,,>0,,swe
11508165000,015D816500,388A,0,+,,,,,,,,15X25,15X36,15X37,,<8,,,,den/est/fin/ice/lat/nor
11508165001,015D8165001,388A,0,+,,,,,,,,15X25,15X36,15X37,,<8,,>0,,swe
11508165100,015D816510,388A,0,+,,,,,,15S02,,15X25,15X36,15X37,,<29,,,,den/est/fin/ice/lat/nor
11508165101,015D8165101,388A,0,+,,,,,,15S02,,15X25,15X36,15X37,,<29,,>0,,swe
11508165200,015D816520,388A,0,+,,,,,,,,15X25,15X36,03X04,,<8,,,,den/est/fin/ice/lat/nor
11508165201,015D8165201,388A,0,+,,,,,,,,15X25,15X36,03X04,,<8,,>0,,swe
11508165300,015D816530,388A,0,+,,,,,,15S02,,15X25,15X36,03X04,,<29,,,,den/est/fin/ice/lat/nor
11508165301,015D8165301,388A,0,+,,,,,,15S02,,15X25,15X36,03X04,,<29,,>0,,swe
11508165400,015D816540,388A,0,+,,,,,,,,15X25,15X37,03X04,,<8,,,,den/est/fin/ice/lat/nor
11508165401,015D8165401,388A,0,+,,,,,,,,15X25,15X37,03X04,,<8,,>0,,swe
11508165500,015D816550,388A,0,+,,,,,,15S02,,15X25,15X37,03X04,,<29,,,,den/est/fin/ice/lat/nor
11508165501,015D8165501,388A,0,+,,,,,,15S02,,15X25,15X37,03X04,,<29,,>0,,swe
11508170000,015D817000,389A,0,+,,,,,S,15S01,,,,,,<29,,,,den/est/fin/ice/lat/nor
11508170001,015D8170001,389A,0,+,,,,,S,15S01,,,,,,<29,,>0,,swe
11508170500,015D817050,389A,0,+,,,,,S,15S01,,15X23,,,,<100,,>0,,den/est/fin/ice/lat/nor/swe
11508170600,015D817060,389A,0,+,,,,,S,15S01,,15X24,,,,<100,,>0,,den/est/fin/lat/nor/swe
11508170700,015D817070,389A,0,+,,,,,S,15S01,,15X25,,,,<100,,>0,,den/est/fin/ice/lat/nor/swe
11508180000,015D818000,389C,0,+,,,,,,,,15X40,,,,<8,,,,den/est/fin/ice/lat/nor
11508180001,015D8180001,389C,0,+,,,,,,,,15X40,,,,<8,,>0,,swe
11508180100,015D818010,389C,0,+,,,,,,15S02,,15X40,,,,<29,,,,den/est/fin/ice/lat/nor
11508180101,015D8180101,389C,0,+,,,,,,15S02,,15X40,,,,<29,,>0,,swe
11508190000,015D819000,389B,0,+,,,,,,,,15X31,15X32,,,<8,,,,den/est/fin/ice/lat/nor
11508190001,015D8190001,389B,0,+,,,,,,,,15X31,15X32,,,<8,,>0,,swe
11508190100,015D819010,389B,0,+,,,,,,15S02,,15X31,15X32,,,<29,,,,den/est/fin/ice/lat/nor
11508190101,015D8190101,389B,0,+,,,,,,15S02,,15X31,15X32,,,<29,,>0,,swe
11508190200,015D819020,389B,0,+,,,,,,,,15X31,15X33,,,<8,,,,den/est/fin/ice/lat/nor
11508190201,015D8190201,389B,0,+,,,,,,,,15X31,15X33,,,<8,,>0,,swe
11508190300,015D819030,389B,0,+,,,,,,15S02,,15X31,15X33,,,<29,,,,den/est/fin/ice/lat/nor
11508190301,015D8190301,389B,0,+,,,,,,15S02,,15X31,15X33,,,<29,,>0,,swe
11508190400,015D819040,389B,0,+,,,,,,,,15X31,15X34,,,<8,,,,den/est/fin/ice/lat/nor
11508190401,015D8190401,389B,0,+,,,,,,,,15X31,15X34,,,<8,,>0,,swe
11508190500,015D819050,389B,0,+,,,,,,15S02,,15X31,15X34,,,<29,,,,den/est/fin/ice/lat/nor
11508190501,015D8190501,389B,0,+,,,,,,15S02,,15X31,15X34,,,<29,,>0,,swe
11508190600,015D819060,389B,0,+,,,,,,,,15X31,15X35,,,<8,,,,den/est/fin/ice/lat/nor
11508190601,015D8190601,389B,0,+,,,,,,,,15X31,15X35,,,<8,,>0,,swe
11508190700,015D819070,389B,0,+,,,,,,15S02,,15X31,15X35,,,<29,,,,den/est/fin/ice/lat/nor
11508190701,015D8190701,389B,0,+,,,,,,15S02,,15X31,15X35,,,<29,,>0,,swe
11508190800,015D819080,389B,0,+,,,,,,,,15X31,15X36,,,<8,,,,den/est/fin/ice/lat/nor
11508190801,015D8190801,389B,0,+,,,,,,,,15X31,15X36,,,<8,,>0,,swe
11508190900,015D819090,389B,0,+,,,,,,15S02,,15X31,15X36,,,<29,,,,den/est/fin/ice/lat/nor
11508190901,015D8190901,389B,0,+,,,,,,15S02,,15X31,15X36,,,<29,,>0,,swe
11508191000,015D819100,389B,0,+,,,,,,,,15X31,15X37,,,<8,,,,den/est/fin/ice/lat/nor
11508191001,015D8191001,389B,0,+,,,,,,,,15X31,15X37,,,<8,,>0,,swe
11508191100,015D819110,389B,0,+,,,,,,15S02,,15X31,15X37,,,<29,,,,den/est/fin/ice/lat/nor
11508191101,015D8191101,389B,0,+,,,,,,15S02,,15X31,15X37,,,<29,,>0,,swe
11508191200,015D819120,389B,0,+,,,,,,,,15X31,03X04,,,<8,,,,den/est/fin/ice/lat/nor
11508191201,015D8191201,389B,0,+,,,,,,,,15X31,03X04,,,<8,,>0,,swe
11508191300,015D819130,389B,0,+,,,,,,15S02,,15X31,03X04,,,<29,,,,den/est/fin/ice/lat/nor
11508191301,015D8191301,389B,0,+,,,,,,15S02,,15X31,03X04,,,<29,,>0,,swe
11508191400,015D819140,389B,0,+,,,,,,,,15X32,15X33,,,<8,,,,den/est/fin/ice/lat/nor
11508191401,015D8191401,389B,0,+,,,,,,,,15X32,15X33,,,<8,,>0,,swe
11508191500,015D819150,389B,0,+,,,,,,15S02,,15X32,15X33,,,<29,,,,den/est/fin/ice/lat/nor
11508191501,015D8191501,389B,0,+,,,,,,15S02,,15X32,15X33,,,<29,,>0,,swe
11508191600,015D819160,389B,0,+,,,,,,,,15X32,15X34,,,<8,,,,den/est/fin/ice/lat/nor
11508191601,015D8191601,389B,0,+,,,,,,,,15X32,15X34,,,<8,,>0,,swe
11508191700,015D819170,389B,0,+,,,,,,15S02,,15X32,15X34,,,<29,,,,den/est/fin/ice/lat/nor
11508191701,015D8191701,389B,0,+,,,,,,15S02,,15X32,15X34,,,<29,,>0,,swe
11508191800,015D819180,389B,0,+,,,,,,,,15X32,15X35,,,<8,,,,den/est/fin/ice/lat/nor
11508191801,015D8191801,389B,0,+,,,,,,,,15X32,15X35,,,<8,,>0,,swe
11508191900,015D819190,389B,0,+,,,,,,15S02,,15X32,15X35,,,<29,,,,den/est/fin/ice/lat/nor
11508191901,015D8191901,389B,0,+,,,,,,15S02,,15X32,15X35,,,<29,,>0,,swe
11508192000,015D819200,389B,0,+,,,,,,,,15X32,15X36,,,<8,,,,den/est/fin/ice/lat/nor
11508192001,015D8192001,389B,0,+,,,,,,,,15X32,15X36,,,<8,,>0,,swe
11508192100,015D819210,389B,0,+,,,,,,15S02,,15X32,15X36,,,<29,,,,den/est/fin/ice/lat/nor
11508192101,015D8192101,389B,0,+,,,,,,15S02,,15X32,15X36,,,<29,,>0,,swe
11508192200,015D819220,389B,0,+,,,,,,,,15X32,15X37,,,<8,,,,den/est/fin/ice/lat/nor
11508192201,015D8192201,389B,0,+,,,,,,,,15X32,15X37,,,<8,,>0,,swe
11508192300,015D819230,389B,0,+,,,,,,15S02,,15X32,15X37,,,<29,,,,den/est/fin/ice/lat/nor
11508192301,015D8192301,389B,0,+,,,,,,15S02,,15X32,15X37,,,<29,,>0,,swe
11508192400,015D819240,389B,0,+,,,,,,,,15X32,03X04,,,<8,,,,den/est/fin/ice/lat/nor
11508192401,015D8192401,389B,0,+,,,,,,,,15X32,03X04,,,<8,,>0,,swe
11508192500,015D819250,389B,0,+,,,,,,15S02,,15X32,03X04,,,<29,,,,den/est/fin/ice/lat/nor
11508192501,015D8192501,389B,0,+,,,,,,15S02,,15X32,03X04,,,<29,,>0,,swe
11508192600,015D819260,389B,0,+,,,,,,,,15X33,15X34,,,<8,,,,den/est/fin/ice/lat/nor
11508192601,015D8192601,389B,0,+,,,,,,,,15X33,15X34,,,<8,,>0,,swe
11508192700,015D819270,389B,0,+,,,,,,15S02,,15X33,15X34,,,<29,,,,den/est/fin/ice/lat/nor
11508192701,015D8192701,389B,0,+,,,,,,15S02,,15X33,15X34,,,<29,,>0,,swe
11508192800,015D819280,389B,0,+,,,,,,,,15X33,15X35,,,<8,,,,den/est/fin/ice/lat/nor
11508192801,015D8192801,389B,0,+,,,,,,,,15X33,15X35,,,<8,,>0,,swe
11508192900,015D819290,389B,0,+,,,,,,15S02,,15X33,15X35,,,<29,,,,den/est/fin/ice/lat/nor
11508192901,015D8192901,389B,0,+,,,,,,15S02,,15X33,15X35,,,<29,,>0,,swe
11508193000,015D819300,389B,0,+,,,,,,,,15X33,15X36,,,<8,,,,den/est/fin/ice/lat/nor
11508193001,015D8193001,389B,0,+,,,,,,,,15X33,15X36,,,<8,,>0,,swe
11508193100,015D819310,389B,0,+,,,,,,15S02,,15X33,15X36,,,<29,,,,den/est/fin/ice/lat/nor
11508193101,015D8193101,389B,0,+,,,,,,15S02,,15X33,15X36,,,<29,,>0,,swe
11508193200,015D819320,389B,0,+,,,,,,,,15X33,15X37,,,<8,,,,den/est/fin/ice/lat/nor
11508193201,015D8193201,389B,0,+,,,,,,,,15X33,15X37,,,<8,,>0,,swe
11508193300,015D819330,389B,0,+,,,,,,15S02,,15X33,15X37,,,<29,,,,den/est/fin/ice/lat/nor
11508193301,015D8193301,389B,0,+,,,,,,15S02,,15X33,15X37,,,<29,,>0,,swe
11508193400,015D819340,389B,0,+,,,,,,,,15X33,03X04,,,<8,,,,den/est/fin/ice/lat/nor
11508193401,015D8193401,389B,0,+,,,,,,,,15X33,03X04,,,<8,,>0,,swe
11508193500,015D819350,389B,0,+,,,,,,15S02,,15X33,03X04,,,<29,,,,den/est/fin/ice/lat/nor
11508193501,015D8193501,389B,0,+,,,,,,15S02,,15X33,03X04,,,<29,,>0,,swe
11508193600,015D819360,389B,0,+,,,,,,,,15X34,15X35,,,<8,,,,den/est/fin/ice/lat/nor
11508193601,015D8193601,389B,0,+,,,,,,,,15X34,15X35,,,<8,,>0,,swe
11508193700,015D819370,389B,0,+,,,,,,15S02,,15X34,15X35,,,<29,,,,den/est/fin/ice/lat/nor
11508193701,015D8193701,389B,0,+,,,,,,15S02,,15X34,15X35,,,<29,,>0,,swe
11508193800,015D819380,389B,0,+,,,,,,,,15X34,15X36,,,<8,,,,den/est/fin/ice/lat/nor
11508193801,015D8193801,389B,0,+,,,,,,,,15X34,15X36,,,<8,,>0,,swe
11508193900,015D819390,389B,0,+,,,,,,15S02,,15X34,15X36,,,<29,,,,den/est/fin/ice/lat/nor
11508193901,015D8193901,389B,0,+,,,,,,15S02,,15X34,15X36,,,<29,,>0,,swe
11508194000,015D819400,389B,0,+,,,,,,,,15X34,15X37,,,<8,,,,den/est/fin/ice/lat/nor
11508194001,015D8194001,389B,0,+,,,,,,,,15X34,15X37,,,<8,,>0,,swe
11508194100,015D819410,389B,0,+,,,,,,15S02,,15X34,15X37,,,<29,,,,den/est/fin/ice/lat/nor
11508194101,015D8194101,389B,0,+,,,,,,15S02,,15X34,15X37,,,<29,,>0,,swe
11508194200,015D819420,389B,0,+,,,,,,,,15X34,03X04,,,<8,,,,den/est/fin/ice/lat/nor
11508194201,015D8194201,389B,0,+,,,,,,,,15X34,03X04,,,<8,,>0,,swe
11508194300,015D819430,389B,0,+,,,,,,15S02,,15X34,03X04,,,<29,,,,den/est/fin/ice/lat/nor
11508194301,015D8194301,389B,0,+,,,,,,15S02,,15X34,03X04,,,<29,,>0,,swe
11508194400,015D819440,389B,0,+,,,,,,,,15X35,15X36,,,<8,,,,den/est/fin/ice/lat/nor
11508194401,015D8194401,389B,0,+,,,,,,,,15X35,15X36,,,<8,,>0,,swe
11508194500,015D819450,389B,0,+,,,,,,15S02,,15X35,15X36,,,<29,,,,den/est/fin/ice/lat/nor
11508194501,015D8194501,389B,0,+,,,,,,15S02,,15X35,15X36,,,<29,,>0,,swe
11508194600,015D819460,389B,0,+,,,,,,,,15X35,15X37,,,<8,,,,den/est/fin/ice/lat/nor
11508194601,015D8194601,389B,0,+,,,,,,,,15X35,15X37,,,<8,,>0,,swe
11508194700,015D819470,389B,0,+,,,,,,15S02,,15X35,15X37,,,<29,,,,den/est/fin/ice/lat/nor
11508194701,015D8194701,389B,0,+,,,,,,15S02,,15X35,15X37,,,<29,,>0,,swe
11508194800,015D819480,389B,0,+,,,,,,,,15X35,03X04,,,<8,,,,den/est/fin/ice/lat/nor
11508194801,015D8194801,389B,0,+,,,,,,,,15X35,03X04,,,<8,,>0,,swe
11508194900,015D819490,389B,0,+,,,,,,15S02,,15X35,03X04,,,<29,,,,den/est/fin/ice/lat/nor
11508194901,015D8194901,389B,0,+,,,,,,15S02,,15X35,03X04,,,<29,,>0,,swe
11508195000,015D819500,389B,0,+,,,,,,,,15X36,15X37,,,<8,,,,den/est/fin/ice/lat/nor
11508195001,015D8195001,389B,0,+,,,,,,,,15X36,15X37,,,<8,,>0,,swe
11508195100,015D819510,389B,0,+,,,,,,15S02,,15X36,15X37,,,<29,,,,den/est/fin/ice/lat/nor
11508195101,015D8195101,389B,0,+,,,,,,15S02,,15X36,15X37,,,<29,,>0,,swe
11508195200,015D819520,389B,0,+,,,,,,,,15X36,03X04,,,<8,,,,den/est/fin/ice/lat/nor
11508195201,015D8195201,389B,0,+,,,,,,,,15X36,03X04,,,<8,,>0,,swe
11508195300,015D819530,389B,0,+,,,,,,15S02,,15X36,03X04,,,<29,,,,den/est/fin/ice/lat/nor
11508195301,015D8195301,389B,0,+,,,,,,15S02,,15X36,03X04,,,<29,,>0,,swe
11508195400,015D819540,389B,0,+,,,,,,,,15X37,03X04,,,<8,,,,den/est/fin/ice/lat/nor
11508195401,015D8195401,389B,0,+,,,,,,,,15X37,03X04,,,<8,,>0,,swe
11508195500,015D819550,389B,0,+,,,,,,15S02,,15X37,03X04,,,<29,,,,den/est/fin/ice/lat/nor
11508195501,015D8195501,389B,0,+,,,,,,15S02,,15X37,03X04,,,<29,,>0,,swe
11508220000,015D822000,388B,0,+,,,,,,,,15X25,,,,<8,,,,den/est/fin/ice/lat/nor
11508220001,015D8220001,388B,0,+,,,,,,,,15X25,,,,<8,,>0,,swe
11508221000,015D822100,388B,0,+,,,,,,15S02,,15X25,,,,<29,,,,den/est/fin/ice/lat/nor
11508221001,015D8221001,388B,0,+,,,,,,15S02,,15X25,,,,<29,,>0,,swe
11508222000,015D822200,385B,0,+,15.0,,,,N,,,,,,,>7,,,,den/est/fin/ice/lat/nor
11508222005,015D8222005,385B,0,+,,,10P05,,N,,,,,,,>7,,>0,,swe
11508222010,015D822201,385B,0,+,15.0,,,,N,,,,,,,>7,,>0,,swe
11508250000,015D825000,390X,0,+,,,,,,15S03,,,,,,<8,,,,den/est/ice/lat/nor/fin
11508250001,015D8250001,390X,0,+,,,,,,15S03,,,,,,<8,,>0,,swe
11508251000,015D825100,390X,0,+,,,,,,15S03,15S02,,,,,<29,,,,den/est/ice/lat/nor/fin
11508251001,015D8251001,390X,0,+,,,,,,15S03,15S02,,,,,<29,,>0,,swe
11508270000,015D827000,390X,0,+,,,,,N,,,15X31,,,,<8,,,,den/est/ice/lat/nor/fin
11508270001,015D8270001,390X,0,+,,,,,N,,,15X31,,,,<8,,>0,,swe
11508270100,015D827010,390X,0,+,,,,,N,,,15X32,,,,<8,,,,den/est/ice/lat/nor/fin
11508270101,015D8270101,390X,0,+,,,,,N,,,15X32,,,,<8,,>0,,swe
11508270200,015D827020,390X,0,+,,,,,N,,,15X33,,,,<8,,,,den/est/ice/lat/nor/fin
11508270201,015D8270201,390X,0,+,,,,,N,,,15X33,,,,<8,,>0,,swe
11508270300,015D827030,390X,0,+,,,,,N,,,15X34,,,,<8,,,,den/est/ice/lat/nor/fin
11508270301,015D8270301,390X,0,+,,,,,N,,,15X34,,,,<8,,>0,,swe
11508270400,015D827040,390X,0,+,,,,,N,,,15X35,,,,<8,,,,den/est/ice/lat/nor/fin
11508270401,015D8270401,390X,0,+,,,,,N,,,15X35,,,,<8,,>0,,swe
11508270500,015D827050,390X,0,+,,,,,N,,,15X36,,,,<8,,,,den/est/ice/lat/nor/fin
11508270501,015D8270501,390X,0,+,,,,,N,,,15X36,,,,<8,,>0,,swe
11508270600,015D827060,390X,0,+,,,,,N,,,15X37,,,,<8,,,,den/est/ice/lat/nor/fin
11508270601,015D8270601,390X,0,+,,,,,N,,,15X37,,,,<8,,>0,,swe
11508270700,015D827070,390X,0,+,,,,,N,,,03X04,,,,<8,,,,den/est/ice/lat/nor/fin
11508270701,015D8270701,390X,0,+,,,,,N,,,03X04,,,,<8,,>0,,swe
11508270800,015D827080,390X,0,+,,,,,N,,,15X98,,,,<8,,,,den/est/ice/lat/nor/fin
11508270801,015D8270801,390X,0,+,,,,,N,,,15X98,,,,<8,,>0,,swe
11508270900,015D827090,390X,0,+,,,,,N,15S02,,15X31,,,,<29,,,,den/est/ice/lat/nor/fin
11508270901,015D8270901,390X,0,+,,,,,N,15S02,,15X31,,,,<29,,>0,,swe
11508271000,015D827100,390X,0,+,,,,,N,15S02,,15X32,,,,<29,,,,den/est/ice/lat/nor/fin
11508271001,015D8271001,390X,0,+,,,,,N,15S02,,15X32,,,,<29,,>0,,swe
11508271100,015D827110,390X,0,+,,,,,N,15S02,,15X33,,,,<29,,,,den/est/ice/lat/nor/fin
11508271101,015D8271101,390X,0,+,,,,,N,15S02,,15X33,,,,<29,,>0,,swe
11508271200,015D827120,390X,0,+,,,,,N,15S02,,15X34,,,,<29,,,,den/est/ice/lat/nor/fin
11508271201,015D8271201,390X,0,+,,,,,N,15S02,,15X34,,,,<29,,>0,,swe
11508271300,015D827130,390X,0,+,,,,,N,15S02,,15X35,,,,<29,,,,den/est/ice/lat/nor/fin
11508271301,015D8271301,390X,0,+,,,,,N,15S02,,15X35,,,,<29,,>0,,swe
11508271400,015D827140,390X,0,+,,,,,N,15S02,,15X36,,,,<29,,,,den/est/ice/lat/nor/fin
11508271401,015D8271401,390X,0,+,,,,,N,15S02,,15X36,,,,<29,,>0,,swe
11508271500,015D827150,390X,0,+,,,,,N,15S02,,15X37,,,,<29,,,,den/est/ice/lat/nor/fin
11508271501,015D8271501,390X,0,+,,,,,N,15S02,,15X37,,,,<29,,>0,,swe
11508271600,015D827160,390X,0,+,,,,,N,15S02,,03X04,,,,<29,,,,den/est/ice/lat/nor/fin
11508271601,015D8271601,390X,0,+,,,,,N,15S02,,03X04,,,,<29,,>0,,swe
11508271700,015D827170,390X,0,+,,,,,N,15S02,,15X98,,,,<29,,,,den/est/ice/lat/nor/fin
11508271701,015D8271701,390X,0,+,,,,,N,15S02,,15X98,,,,<29,,>0,,swe
11508280000,015D828000,391X,0,+,,,,,N,,,15X91,,,,<29,,,,den/est/fin/ice/lat/nor
11508280001,015D8280001,391X,0,+,,,,,N,,,15X91,,,,<29,,>0,,swe
11508281000,015D828100,391X,0,+,15.0,,,,N,,,,,,,,,,,den/est/fin/ice/lat/nor
11508281001,015D8281001,391X,0,+,15.0,,,,N,,,,,,,,,>0,,swe
30001000000,100D100000,470O,0,+,,,,,S,00S01,,,,,,,,<2,N,den/est/lat
30001000001,100D1000001,470P,0,+,,,,,S,00S01,,,,,,,,<2,N,ice/nor
30001000002,100D1000002,471O,B,+,,,,,S,00S01,,,,,,,,<1,N,swe
30002000000,100D200000,481P,0,+,,,,,,17S03,,,,,,,,<2,N,den/fin/ice/lat/nor
30002000001,100D2000001,481P,0,+,,,,,,17S03,,,,,,,,<1,N,swe
30002000100,100D200010,481O,0,+,,,,,,17S04,,,,,,,,<2,N,den/fin/ice/lat/nor
30002000101,100D2000101,481O,0,+,,,,,,17S04,,,,,,,,<1,N,swe
30002999000,100D299900,470P,0,+,,,,,S,00S04,,,,,,,,<2,N,nor
30003000000,100D300000,470O,0,+,,,,,S,00S04,,,,,,,,<2,N,den/est/lat
30003000001,100D3000001,470P,0,+,,,,,S,00S04,,,,,,,,<2,N,ice
30003000002,100D3000002,471O,B,+,,,,,S,00S04,,,,,,,,<1,N,swe
30003001000,100D300100,470O,0,+,,,,,S,00S06,,,,,,,,<2,N,den/est/lat
30003001001,100D3001001,470P,0,+,,,,,S,00S06,,,,,,,,<2,N,ice/nor
30003001002,100D3001002,471O,B,+,,,,,S,00S06,,,,,,,,<1,N,swe
30003002000,100D300200,470O,0,+,,,,,S,11S01,,,,,,,,<2,N,den/est/lat
30003002001,100D3002001,470P,0,+,,,,,S,11S01,,,,,,,,<2,N,ice
30003002002,100D3002002,471O,B,+,,,,,S,11S01,,,,,,,,<1,N,swe
30003003000,100D300300,470P,0,+,,,,,S,11S01,,,,,,,,<2,N,nor
30004000000,100D400000,063O,0,+,,,00P11,,S,00S03,,,,,,,,<2,N,est/fin/ice/lat/nor
30004000001,100D4000001,063O,0,+,,,00P11,,S,00S03,,,,,,,,<1,N,swe
30004001000,100D400100,063O,0,+,,,,,S,00S03,00S05,,,,,,,<2,N,est/fin/ice/lat/nor
30004001001,100D4001001,063O,0,+,,,,,S,00S03,00S05,,,,,,,<1,N,swe
30005000000,100D500000,003O,0,+,,,00P21,,S,21S04,,24X10,24X20,,,,,<2,N,den/est/ice/lat/nor
30005000001,100D5000001,003O,0,+,,,00P21,,S,21S04,,24X10,24X20,,,,,<1,N,swe
30005000100,100D500010,003O,0,+,,,00P21,,S,21S04,,24X10,24X30,,,,,<2,N,den/est/ice/lat/nor
30005000101,100D5000101,003O,0,+,,,00P21,,S,21S04,,24X10,24X30,,,,,<1,N,swe
30005000200,100D500020,003O,0,+,,,00P21,,S,21S04,,24X10,24X40,,,,,<2,N,den/est/ice/lat/nor
30005000201,100D5000201,003O,0,+,,,00P21,,S,21S04,,24X10,24X40,,,,,<1,N,swe
30005000300,100D500030,003O,0,+,,,00P21,,S,21S04,,24X10,24X50,,,,,<2,N,den/est/ice/lat/nor
30005000301,100D5000301,003O,0,+,,,00P21,,S,21S04,,24X10,24X50,,,,,<1,N,swe
30005000400,100D500040,003O,0,+,,,00P21,,S,21S04,,24X10,24X60,,,,,<2,N,den/est/ice/lat/nor
30005000401,100D5000401,003O,0,+,,,00P21,,S,21S04,,24X10,24X60,,,,,<1,N,swe
30005000500,100D500050,003O,0,+,,,00P21,,S,21S04,,24X10,24X70,,,,,<2,N,den/est/ice/lat/nor
30005000501,100D5000501,003O,0,+,,,00P21,,S,21S04,,24X10,24X70,,,,,<1,N,swe
30005000600,100D500060,003O,0,+,,,00P21,,S,21S04,,24X10,24X71,21X01,,,,<2,N,den/est/ice/lat/nor
30005000601,100D5000601,003O,0,+,,,00P21,,S,21S04,,24X10,24X71,21X01,,,,<1,N,swe
30005000700,100D500070,003O,0,+,,,00P21,,S,21S04,,24X10,24X72,21X03,,,,<2,N,den/est/ice/lat/nor
30005000701,100D5000701,003O,0,+,,,00P21,,S,21S04,,24X10,24X72,21X03,,,,<1,N,swe
30005000800,100D500080,003O,0,+,,,00P21,,S,21S04,,24X10,24X80,,,,,<2,N,den/est/ice/lat/nor
30005000801,100D5000801,003O,0,+,,,00P21,,S,21S04,,24X10,24X80,,,,,<1,N,swe
30005000900,100D500090,003O,0,+,,,00P21,,S,21S04,,24X10,24X81,21X02,,,,<2,N,den/est/ice/lat/nor
30005000901,100D5000901,003O,0,+,,,00P21,,S,21S04,,24X10,24X81,21X02,,,,<1,N,swe
30005001000,100D500100,003O,0,+,,,00P21,,S,21S04,,24X20,24X30,,,,,<2,N,den/est/ice/lat/nor
30005001001,100D5001001,003O,0,+,,,00P21,,S,21S04,,24X20,24X30,,,,,<1,N,swe
30005001100,100D500110,003O,0,+,,,00P21,,S,21S04,,24X20,24X40,,,,,<2,N,den/est/ice/lat/nor
30005001101,100D5001101,003O,0,+,,,00P21,,S,21S04,,24X20,24X40,,,,,<1,N,swe
30005001110,100D500111,003O,0,+,,,24P01,,S,21S04,,24X11,24X21,,,,,<2,N,fin
30005001200,100D500120,003O,0,+,,,00P21,,S,21S04,,24X20,24X50,,,,,<2,N,den/est/ice/lat/nor
30005001201,100D5001201,003O,0,+,,,00P21,,S,21S04,,24X20,24X50,,,,,<1,N,swe
30005001210,100D500121,003O,0,+,,,24P01,,S,21S04,,24X11,24X22,,,,,<2,N,fin
30005001300,100D500130,003O,0,+,,,00P21,,S,21S04,,24X20,24X60,,,,,<2,N,den/est/ice/lat/nor
30005001301,100D5001301,003O,0,+,,,00P21,,S,21S04,,24X20,24X60,,,,,<1,N,swe
30005001310,100D500131,003O,0,+,,,24P01,,S,21S04,,24X11,24X31,,,,,<2,N,fin
30005001400,100D500140,003O,0,+,,,00P21,,S,21S04,,24X20,24X70,,,,,<2,N,den/est/ice/lat/nor
30005001401,100D5001401,003O,0,+,,,00P21,,S,21S04,,24X20,24X70,,,,,<1,N,swe
30005001410,100D500141,003O,0,+,,,24P01,,S,21S04,,24X11,24X41,,,,,<2,N,fin
30005001500,100D500150,003O,0,+,,,00P21,,S,21S04,,24X20,24X71,21X01,,,,<2,N,den/est/ice/lat/nor
30005001501,100D5001501,003O,0,+,,,00P21,,S,21S04,,24X20,24X71,21X01,,,,<1,N,swe
30005001510,100D500151,003O,0,+,,,24P01,,S,21S04,,24X11,24X61,,,,,<2,N,fin
30005001600,100D500160,003O,0,+,,,00P21,,S,21S04,,24X20,24X72,21X03,,,,<2,N,den/est/ice/lat/nor
30005001601,100D5001601,003O,0,+,,,00P21,,S,21S04,,24X20,24X72,21X03,,,,<1,N,swe
30005001700,100D500170,003O,0,+,,,00P21,,S,21S04,,24X20,24X80,,,,,<2,N,den/est/ice/lat/nor
30005001701,100D5001701,003O,0,+,,,00P21,,S,21S04,,24X20,24X80,,,,,<1,N,swe
30005001800,100D500180,003O,0,+,,,00P21,,S,21S04,,24X20,24X81,21X02,,,,<2,N,den/est/ice/lat/nor
30005001801,100D5001801,003O,0,+,,,00P21,,S,21S04,,24X20,24X81,21X02,,,,<1,N,swe
30005001900,100D500190,003O,0,+,,,00P21,,S,21S04,,24X30,24X40,,,,,<2,N,den/est/ice/lat/nor
30005001901,100D5001901,003O,0,+,,,00P21,,S,21S04,,24X30,24X40,,,,,<1,N,swe
30005002000,100D500200,003O,0,+,,,00P21,,S,21S04,,24X30,24X50,,,,,<2,N,den/est/ice/lat/nor
30005002001,100D5002001,003O,0,+,,,00P21,,S,21S04,,24X30,24X50,,,,,<1,N,swe
30005002100,100D500210,003O,0,+,,,00P21,,S,21S04,,24X30,24X60,,,,,<2,N,den/est/ice/lat/nor
30005002101,100D5002101,003O,0,+,,,00P21,,S,21S04,,24X30,24X60,,,,,<1,N,swe
30005002110,100D500211,003O,0,+,,,24P01,,S,21S04,,24X21,24X22,,,,,<2,N,fin
30005002200,100D500220,003O,0,+,,,00P21,,S,21S04,,24X30,24X70,,,,,<2,N,den/est/ice/lat/nor
30005002201,100D5002201,003O,0,+,,,00P21,,S,21S04,,24X30,24X70,,,,,<1,N,swe
30005002210,100D500221,003O,0,+,,,24P01,,S,21S04,,24X21,24X31,,,,,<2,N,fin
30005002300,100D500230,003O,0,+,,,00P21,,S,21S04,,24X30,24X71,21X01,,,,<2,N,den/est/ice/lat/nor
30005002301,100D5002301,003O,0,+,,,00P21,,S,21S04,,24X30,24X71,21X01,,,,<1,N,swe
30005002310,100D500231,003O,0,+,,,24P01,,S,21S04,,24X21,24X41,,,,,<2,N,fin
30005002400,100D500240,003O,0,+,,,00P21,,S,21S04,,24X30,24X72,21X03,,,,<2,N,den/est/ice/lat/nor
30005002401,100D5002401,003O,0,+,,,00P21,,S,21S04,,24X30,24X72,21X03,,,,<1,N,swe
30005002500,100D500250,003O,0,+,,,00P21,,S,21S04,,24X30,24X80,,,,,<2,N,den/est/ice/lat/nor
30005002501,100D5002501,003O,0,+,,,00P21,,S,21S04,,24X30,24X80,,,,,<1,N,swe
30005002600,100D500260,003O,0,+,,,00P21,,S,21S04,,24X30,24X81,21X02,,,,<2,N,den/est/ice/lat/nor
30005002601,100D5002601,003O,0,+,,,00P21,,S,21S04,,24X30,24X81,21X02,,,,<1,N,swe
30005002700,100D500270,003O,0,+,,,00P21,,S,21S04,,24X40,24X50,,,,,<2,N,den/est/ice/lat/nor
30005002701,100D5002701,003O,0,+,,,00P21,,S,21S04,,24X40,24X50,,,,,<1,N,swe
30005002800,100D500280,003O,0,+,,,00P21,,S,21S04,,24X40,24X60,,,,,<2,N,den/est/ice/lat/nor
30005002801,100D5002801,003O,0,+,,,00P21,,S,21S04,,24X40,24X60,,,,,<1,N,swe
30005002900,100D500290,003O,0,+,,,00P21,,S,21S04,,24X40,24X70,,,,,<2,N,den/est/ice/lat/nor
30005002901,100D5002901,003O,0,+,,,00P21,,S,21S04,,24X40,24X70,,,,,<1,N,swe
30005003000,100D500300,003O,0,+,,,00P21,,S,21S04,,24X40,24X71,21X01,,,,<2,N,den/est/ice/lat/nor
30005003001,100D5003001,003O,0,+,,,00P21,,S,21S04,,24X40,24X71,21X01,,,,<1,N,swe
30005003100,100D500310,003O,0,+,,,00P21,,S,21S04,,24X40,24X72,21X03,,,,<2,N,den/est/ice/lat/nor
30005003101,100D5003101,003O,0,+,,,00P21,,S,21S04,,24X40,24X72,21X03,,,,<1,N,swe
30005003110,100D500311,003O,0,+,,,24P01,,S,21S04,,24X21,24X61,,,,,<2,N,fin
30005003200,100D500320,003O,0,+,,,00P21,,S,21S04,,24X40,24X80,,,,,<2,N,den/est/ice/lat/nor
30005003201,100D5003201,003O,0,+,,,00P21,,S,21S04,,24X40,24X80,,,,,<1,N,swe
30005003300,100D500330,003O,0,+,,,00P21,,S,21S04,,24X40,24X81,21X02,,,,<2,N,den/est/ice/lat/nor
30005003301,100D5003301,003O,0,+,,,00P21,,S,21S04,,24X40,24X81,21X02,,,,<1,N,swe
30005003310,100D500331,003O,0,+,,,24P01,,S,21S04,,24X22,24X31,,,,,<2,N,fin
30005003400,100D500340,003O,0,+,,,00P21,,S,21S04,,24X50,24X60,,,,,<2,N,den/est/ice/lat/nor
30005003401,100D5003401,003O,0,+,,,00P21,,S,21S04,,24X50,24X60,,,,,<1,N,swe
30005003500,100D500350,003O,0,+,,,00P21,,S,21S04,,24X50,24X70,,,,,<2,N,den/est/ice/lat/nor
30005003501,100D5003501,003O,0,+,,,00P21,,S,21S04,,24X50,24X70,,,,,<1,N,swe
30005003600,100D500360,003O,0,+,,,00P21,,S,21S04,,24X50,24X71,21X01,,,,<2,N,den/est/ice/lat/nor
30005003601,100D5003601,003O,0,+,,,00P21,,S,21S04,,24X50,24X71,21X01,,,,<1,N,swe
30005003700,100D500370,003O,0,+,,,00P21,,S,21S04,,24X50,24X72,21X03,,,,<2,N,den/est/ice/lat/nor
30005003701,100D5003701,003O,0,+,,,00P21,,S,21S04,,24X50,24X72,21X03,,,,<1,N,swe
30005003800,100D500380,003O,0,+,,,00P21,,S,21S04,,24X50,24X80,,,,,<2,N,den/est/ice/lat/nor
30005003801,100D5003801,003O,0,+,,,00P21,,S,21S04,,24X50,24X80,,,,,<1,N,swe
30005003900,100D500390,003O,0,+,,,00P21,,S,21S04,,24X50,24X81,21X02,,,,<2,N,den/est/ice/lat/nor
30005003901,100D5003901,003O,0,+,,,00P21,,S,21S04,,24X50,24X81,21X02,,,,<1,N,swe
30005004000,100D500400,003O,0,+,,,00P21,,S,21S04,,24X60,24X70,,,,,<2,N,den/est/ice/lat/nor
30005004001,100D5004001,003O,0,+,,,00P21,,S,21S04,,24X60,24X70,,,,,<1,N,swe
30005004100,100D500410,003O,0,+,,,00P21,,S,21S04,,24X60,24X71,21X01,,,,<2,N,den/est/ice/lat/nor
30005004101,100D5004101,003O,0,+,,,00P21,,S,21S04,,24X60,24X71,21X01,,,,<1,N,swe
30005004110,100D500411,003O,0,+,,,24P01,,S,21S04,,24X22,24X41,,,,,<2,N,fin
30005004200,100D500420,003O,0,+,,,00P21,,S,21S04,,24X60,24X72,21X03,,,,<2,N,den/est/ice/lat/nor
30005004201,100D5004201,003O,0,+,,,00P21,,S,21S04,,24X60,24X72,21X03,,,,<1,N,swe
30005004210,100D500421,003O,0,+,,,24P01,,S,21S04,,24X22,24X61,,,,,<2,N,fin
30005004300,100D500430,003O,0,+,,,00P21,,S,21S04,,24X60,24X80,,,,,<2,N,den/est/ice/lat/nor
30005004301,100D5004301,003O,0,+,,,00P21,,S,21S04,,24X60,24X80,,,,,<1,N,swe
30005004400,100D500440,003O,0,+,,,00P21,,S,21S04,,24X60,24X81,21X02,,,,<2,N,den/est/ice/lat/nor
30005004401,100D5004401,003O,0,+,,,00P21,,S,21S04,,24X60,24X81,21X02,,,,<1,N,swe
30005004500,100D500450,003O,0,+,,,00P21,,S,21S04,,24X70,24X80,,,,,<2,N,den/est/ice/lat/nor
30005004501,100D5004501,003O,0,+,,,00P21,,S,21S04,,24X70,24X80,,,,,<1,N,swe
30005004600,100D500460,003O,0,+,,,00P21,,S,21S04,,24X71,21X01,24X80,,,,<2,N,den/est/ice/lat/nor
30005004601,100D5004601,003O,0,+,,,00P21,,S,21S04,,24X71,21X01,24X80,,,,<1,N,swe
30005004700,100D500470,003O,0,+,,,00P21,,S,21S04,,24X72,21X03,24X80,,,,<2,N,den/est/ice/lat/nor
30005004701,100D5004701,003O,0,+,,,00P21,,S,21S04,,24X72,21X03,24X80,,,,<1,N,swe
30005004800,100D500480,003O,0,+,,,00P21,,S,21S04,,24X70,24X81,21X02,,,,<2,N,den/est/ice/lat/nor
30005004801,100D5004801,003O,0,+,,,00P21,,S,21S04,,24X70,24X81,21X02,,,,<1,N,swe
30005004900,100D500490,003O,0,+,,,00P21,,S,21S04,,24X71,21X01,24X81,21X02,,,<2,N,den/est/ice/lat/nor
30005004901,100D5004901,003O,0,+,,,00P21,,S,21S04,,24X71,21X01,24X81,21X02,,,<1,N,swe
30005004920,100D500492,003O,0,+,,,00P21,,S,21S04,,24X72,21X03,24X81,21X02,,,<2,N,nor
30005005000,100D500500,003O,0,+,,,00P21,,S,21S04,,24X72,21X03,24X81,21X02,,,<2,N,den/est/ice/lat
30005005001,100D5005001,003O,0,+,,,00P21,,S,21S04,,24X72,21X03,24X81,21X02,,,<1,N,swe
30005005100,100D500510,003O,0,+,,,00P21,,S,21S04,,24X90,,,,,,<2,N,den/est/ice/lat/nor
30005005101,100D5005101,003O,0,+,,,00P21,,S,21S04,,24X90,,,,,,<1,N,swe
30005005110,100D500511,003O,0,+,,,24P01,,S,21S04,,24X31,24X41,,,,,<2,N,fin
30005005210,100D500521,003O,0,+,,,24P01,,S,21S04,,24X31,24X61,,,,,<2,N,fin
30005006110,100D500611,003O,0,+,,,24P01,,S,21S04,,24X41,24X61,,,,,<2,N,fin
30005010000,100D501000,486O,0,+,,,00P21,,S,21S05,,24X10,24X20,,,,,<2,N,den/est/ice/lat/nor
30005010001,100D5010002,486O,0,+,,,00P21,,S,21S05,,24X10,24X20,,,,,<1,N,swe
30005010010,100D501001,486O,0,+,,,00P21,,,21S05,,24X10,24X20,00X10,,,,<2,N,den/est/ice/lat
30005010011,100D5010012,486O,0,+,,,00P21,,,21S05,,24X10,24X20,00X10,,,,<1,N,swe
30005010100,100D501010,486O,0,+,,,00P21,,S,21S05,,24X10,24X30,,,,,<2,N,den/est/ice/lat/nor
30005010101,100D5010102,486O,0,+,,,00P21,,S,21S05,,24X10,24X30,,,,,<1,N,swe
30005010110,100D501011,486O,0,+,,,00P21,,,21S05,,24X10,24X30,00X10,,,,<2,N,den/est/ice/lat
30005010111,100D5010112,486O,0,+,,,00P21,,,21S05,,24X10,24X30,00X10,,,,<1,N,swe
30005010200,100D501020,486O,0,+,,,00P21,,S,21S05,,24X10,24X40,,,,,<2,N,den/est/ice/lat/nor
30005010201,100D5010202,486O,0,+,,,00P21,,S,21S05,,24X10,24X40,,,,,<1,N,swe
30005010210,100D501021,486O,0,+,,,00P21,,,21S05,,24X10,24X40,00X10,,,,<2,N,den/est/ice/lat
30005010211,100D5010212,486O,0,+,,,00P21,,,21S05,,24X10,24X40,00X10,,,,<1,N,swe
30005010300,100D501030,486O,0,+,,,00P21,,S,21S05,,24X10,24X50,,,,,<2,N,den/est/ice/lat/nor
30005010301,100D5010302,486O,0,+,,,00P21,,S,21S05,,24X10,24X50,,,,,<1,N,swe
30005010310,100D501031,486O,0,+,,,00P21,,,21S05,,24X10,24X50,00X10,,,,<2,N,den/est/ice/lat
30005010311,100D5010312,486O,0,+,,,00P21,,,21S05,,24X10,24X50,00X10,,,,<1,N,swe
30005010400,100D501040,486O,0,+,,,00P21,,S,21S05,,24X10,24X60,,,,,<2,N,den/est/ice/lat/nor
30005010401,100D5010402,486O,0,+,,,00P21,,S,21S05,,24X10,24X60,,,,,<1,N,swe
30005010410,100D501041,486O,0,+,,,00P21,,,21S05,,24X10,24X60,00X10,,,,<2,N,den/est/ice/lat
30005010411,100D5010412,486O,0,+,,,00P21,,,21S05,,24X10,24X60,00X10,,,,<1,N,swe
30005010500,100D501050,486O,0,+,,,00P21,,S,21S05,,24X10,24X70,,,,,<2,N,den/est/ice/lat/nor
30005010501,100D5010502,486O,0,+,,,00P21,,S,21S05,,24X10,24X70,,,,,<1,N,swe
30005010510,100D501051,486O,0,+,,,00P21,,,21S05,,24X10,24X70,00X10,,,,<2,N,den/est/ice/lat
30005010511,100D5010512,486O,0,+,,,00P21,,,21S05,,24X10,24X70,00X10,,,,<1,N,swe
30005010600,100D501060,486O,0,+,,,00P21,,S,21S05,,24X10,24X71,21X01,,,,<2,N,den/est/ice/lat/nor
30005010601,100D5010602,486O,0,+,,,00P21,,S,21S05,,24X10,24X71,21X01,,,,<1,N,swe
30005010610,100D501061,486O,0,+,,,00P21,,,21S05,,24X10,24X71,21X01,00X10,,,<2,N,den/est/ice/lat
30005010611,100D5010612,486O,0,+,,,00P21,,,21S05,,24X10,24X71,21X01,00X10,,,<1,N,swe
30005010700,100D501070,486O,0,+,,,00P21,,S,21S05,,24X10,24X72,21X03,,,,<2,N,den/est/ice/lat/nor
30005010701,100D5010702,486O,0,+,,,00P21,,S,21S05,,24X10,24X72,21X03,,,,<1,N,swe
30005010710,100D501071,486O,0,+,,,00P21,,,21S05,,24X10,24X72,21X03,00X10,,,<2,N,den/est/ice/lat
30005010711,100D5010712,486O,0,+,,,00P21,,,21S05,,24X10,24X72,21X03,00X10,,,<1,N,swe
30005010800,100D501080,486O,0,+,,,00P21,,S,21S05,,24X10,24X80,,,,,<2,N,den/est/ice/lat/nor
30005010801,100D5010802,486O,0,+,,,00P21,,S,21S05,,24X10,24X80,,,,,<1,N,swe
30005010810,100D501081,486O,0,+,,,00P21,,,21S05,,24X10,24X80,00X10,,,,<2,N,den/est/ice/lat
30005010811,100D5010812,486O,0,+,,,00P21,,,21S05,,24X10,24X80,00X10,,,,<1,N,swe
30005010900,100D501090,486O,0,+,,,00P21,,S,21S05,,24X10,24X81,21X02,,,,<2,N,den/est/ice/lat/nor
30005010901,100D5010902,486O,0,+,,,00P21,,S,21S05,,24X10,24X81,21X02,,,,<1,N,swe
30005010910,100D501091,486O,0,+,,,00P21,,,21S05,,24X10,24X81,21X02,00X10,,,<2,N,den/est/ice/lat
30005010911,100D5010912,486O,0,+,,,00P21,,,21S05,,24X10,24X81,21X02,00X10,,,<1,N,swe
30005011000,100D501100,486O,0,+,,,00P21,,S,21S05,,24X20,24X30,,,,,<2,N,den/est/ice/lat/nor
30005011001,100D5011002,486O,0,+,,,00P21,,S,21S05,,24X20,24X30,,,,,<1,N,swe
30005011010,100D501101,486O,0,+,,,00P21,,,21S05,,24X20,24X30,00X10,,,,<2,N,den/est/ice/lat
30005011011,100D5011012,486O,0,+,,,00P21,,,21S05,,24X20,24X30,00X10,,,,<1,N,swe
30005011100,100D501110,486O,0,+,,,00P21,,S,21S05,,24X20,24X40,,,,,<2,N,den/est/ice/lat/nor
30005011101,100D5011102,486O,0,+,,,00P21,,S,21S05,,24X20,24X40,,,,,<1,N,swe
30005011110,100D501111,486O,0,+,,,00P21,,,21S05,,24X20,24X40,00X10,,,,<2,N,den/est/ice/lat
30005011111,100D5011111,468O,0,+,,,24P01,,S,21S10,,24X11,24X21,,,,,<2,N,fin
30005011112,100D5011113,486O,0,+,,,00P21,,,21S05,,24X20,24X40,00X10,,,,<1,N,swe
30005011200,100D501120,486O,0,+,,,00P21,,S,21S05,,24X20,24X50,,,,,<2,N,den/est/ice/lat/nor
30005011201,100D5011202,486O,0,+,,,00P21,,S,21S05,,24X20,24X50,,,,,<1,N,swe
30005011210,100D501121,486O,0,+,,,00P21,,,21S05,,24X20,24X50,00X10,,,,<2,N,den/est/ice/lat
30005011211,100D5011211,468O,0,+,,,24P01,,S,21S10,,24X11,24X22,,,,,<2,N,fin
30005011212,100D5011213,486O,0,+,,,00P21,,,21S05,,24X20,24X50,00X10,,,,<1,N,swe
30005011300,100D501130,486O,0,+,,,00P21,,S,21S05,,24X20,24X60,,,,,<2,N,den/est/ice/lat/nor
30005011301,100D5011302,486O,0,+,,,00P21,,S,21S05,,24X20,24X60,,,,,<1,N,swe
30005011310,100D501131,486O,0,+,,,00P21,,,21S05,,24X20,24X60,00X10,,,,<2,N,den/est/ice/lat
30005011311,100D5011311,468O,0,+,,,24P01,,S,21S10,,24X11,24X31,,,,,<2,N,fin
30005011312,100D5011313,486O,0,+,,,00P21,,,21S05,,24X20,24X60,00X10,,,,<1,N,swe
30005011400,100D501140,486O,0,+,,,00P21,,S,21S05,,24X20,24X70,,,,,<2,N,den/est/ice/lat/nor
30005011401,100D5011402,486O,0,+,,,00P21,,S,21S05,,24X20,24X70,,,,,<1,N,swe
30005011410,100D501141,486O,0,+,,,00P21,,,21S05,,24X20,24X70,00X10,,,,<2,N,den/est/ice/lat
30005011411,100D5011411,468O,0,+,,,24P01,,S,21S10,,24X11,24X41,,,,,<2,N,fin
30005011412,100D5011413,486O,0,+,,,00P21,,,21S05,,24X20,24X70,00X10,,,,<1,N,swe
30005011500,100D501150,486O,0,+,,,00P21,,S,21S05,,24X20,24X71,21X01,,,,<2,N,den/est/ice/lat/nor
30005011501,100D5011502,486O,0,+,,,00P21,,S,21S05,,24X20,24X71,21X01,,,,<1,N,swe
30005011510,100D501151,486O,0,+,,,00P21,,,21S05,,24X20,24X71,21X01,00X10,,,<2,N,den/est/ice/lat
30005011511,100D5011511,468O,0,+,,,24P01,,S,21S10,,24X11,24X61,,,,,<2,N,fin
30005011512,100D5011513,486O,0,+,,,00P21,,,21S05,,24X20,24X71,21X01,00X10,,,<1,N,swe
30005011600,100D501160,486O,0,+,,,00P21,,S,21S05,,24X20,24X72,21X03,,,,<2,N,den/est/ice/lat/nor
30005011601,100D5011602,486O,0,+,,,00P21,,S,21S05,,24X20,24X72,21X03,,,,<1,N,swe
30005011610,100D501161,486O,0,+,,,00P21,,,21S05,,24X20,24X72,21X03,00X10,,,<2,N,den/est/ice/lat
30005011611,100D5011612,486O,0,+,,,00P21,,,21S05,,24X20,24X72,21X03,00X10,,,<1,N,swe
30005011700,100D501170,486O,0,+,,,00P21,,S,21S05,,24X20,24X80,,,,,<2,N,den/est/ice/lat/nor
30005011701,100D5011702,486O,0,+,,,00P21,,S,21S05,,24X20,24X80,,,,,<1,N,swe
30005011710,100D501171,486O,0,+,,,00P21,,,21S05,,24X20,24X80,00X10,,,,<2,N,den/est/ice/lat
30005011711,100D5011712,486O,0,+,,,00P21,,,21S05,,24X20,24X80,00X10,,,,<1,N,swe
30005011800,100D501180,486O,0,+,,,00P21,,S,21S05,,24X20,24X81,21X02,,,,<2,N,den/est/ice/lat/nor
30005011801,100D5011802,486O,0,+,,,00P21,,S,21S05,,24X20,24X81,21X02,,,,<1,N,swe
30005011810,100D501181,486O,0,+,,,00P21,,,21S05,,24X20,24X81,21X02,00X10,,,<2,N,den/est/ice/lat
30005011811,100D5011812,486O,0,+,,,00P21,,,21S05,,24X20,24X81,21X02,00X10,,,<1,N,swe
30005011900,100D501190,486O,0,+,,,00P21,,S,21S05,,24X30,24X40,,,,,<2,N,den/est/ice/lat/nor
30005011901,100D5011902,486O,0,+,,,00P21,,S,21S05,,24X30,24X40,,,,,<1,N,swe
30005011910,100D501191,486O,0,+,,,00P21,,,21S05,,24X30,24X40,00X10,,,,<2,N,den/est/ice/lat
30005011911,100D5011912,486O,0,+,,,00P21,,,21S05,,24X30,24X40,00X10,,,,<1,N,swe
30005012000,100D501200,486O,0,+,,,00P21,,S,21S05,,24X30,24X50,,,,,<2,N,den/est/ice/lat/nor
30005012001,100D5012002,486O,0,+,,,00P21,,S,21S05,,24X30,24X50,,,,,<1,N,swe
30005012010,100D501201,486O,0,+,,,00P21,,,21S05,,24X30,24X50,00X10,,,,<2,N,den/est/ice/lat
30005012011,100D5012012,486O,0,+,,,00P21,,,21S05,,24X30,24X50,00X10,,,,<1,N,swe
30005012100,100D501210,486O,0,+,,,00P21,,S,21S05,,24X30,24X60,,,,,<2,N,den/est/ice/lat/nor
30005012101,100D5012102,486O,0,+,,,00P21,,S,21S05,,24X30,24X60,,,,,<1,N,swe
30005012110,100D501211,486O,0,+,,,00P21,,,21S05,,24X30,24X60,00X10,,,,<2,N,den/est/ice/lat
30005012111,100D5012111,468O,0,+,,,24P01,,S,21S10,,24X21,24X22,,,,,<2,N,fin
30005012112,100D5012113,486O,0,+,,,00P21,,,21S05,,24X30,24X60,00X10,,,,<1,N,swe
30005012200,100D501220,486O,0,+,,,00P21,,S,21S05,,24X30,24X70,,,,,<2,N,den/est/ice/lat/nor
30005012201,100D5012202,486O,0,+,,,00P21,,S,21S05,,24X30,24X70,,,,,<1,N,swe
30005012210,100D501221,486O,0,+,,,00P21,,,21S05,,24X30,24X70,00X10,,,,<2,N,den/est/ice/lat
30005012211,100D5012211,468O,0,+,,,24P01,,S,21S10,,24X21,24X31,,,,,<2,N,fin
30005012212,100D5012213,486O,0,+,,,00P21,,,21S05,,24X30,24X70,00X10,,,,<1,N,swe
30005012300,100D501230,486O,0,+,,,00P21,,S,21S05,,24X30,24X71,21X01,,,,<2,N,den/est/ice/lat/nor
30005012301,100D5012302,486O,0,+,,,00P21,,S,21S05,,24X30,24X71,21X01,,,,<1,N,swe
30005012310,100D501231,486O,0,+,,,00P21,,,21S05,,24X30,24X71,21X01,00X10,,,<2,N,den/est/ice/lat
30005012311,100D5012311,468O,0,+,,,24P01,,S,21S10,,24X21,24X41,,,,,<2,N,fin
30005012312,100D5012313,486O,0,+,,,00P21,,,21S05,,24X30,24X71,21X01,00X10,,,<1,N,swe
30005012400,100D501240,486O,0,+,,,00P21,,S,21S05,,24X30,24X72,21X03,,,,<2,N,den/est/ice/lat/nor
30005012401,100D5012402,486O,0,+,,,00P21,,S,21S05,,24X30,24X72,21X03,,,,<1,N,swe
30005012410,100D501241,486O,0,+,,,00P21,,,21S05,,24X30,24X72,21X03,00X10,,,<2,N,den/est/ice/lat
30005012411,100D5012412,486O,0,+,,,00P21,,,21S05,,24X30,24X72,21X03,00X10,,,<1,N,swe
30005012500,100D501250,486O,0,+,,,00P21,,S,21S05,,24X30,24X80,,,,,<2,N,den/est/ice/lat/nor
30005012501,100D5012502,486O,0,+,,,00P21,,S,21S05,,24X30,24X80,,,,,<1,N,swe
30005012510,100D501251,486O,0,+,,,00P21,,,21S05,,24X30,24X80,00X10,,,,<2,N,den/est/ice/lat
30005012511,100D5012512,486O,0,+,,,00P21,,,21S05,,24X30,24X80,00X10,,,,<1,N,swe
30005012600,100D501260,486O,0,+,,,00P21,,S,21S05,,24X30,24X81,21X02,,,,<2,N,den/est/ice/lat/nor
30005012601,100D5012602,486O,0,+,,,00P21,,S,21S05,,24X30,24X81,21X02,,,,<1,N,swe
30005012610,100D501261,486O,0,+,,,00P21,,,21S05,,24X30,24X81,21X02,00X10,,,<2,N,den/est/ice/lat
30005012611,100D5012612,486O,0,+,,,00P21,,,21S05,,24X30,24X81,21X02,00X10,,,<1,N,swe
30005012700,100D501270,486O,0,+,,,00P21,,S,21S05,,24X40,24X50,,,,,<2,N,den/est/ice/lat/nor
30005012701,100D5012702,486O,0,+,,,00P21,,S,21S05,,24X40,24X50,,,,,<1,N,swe
30005012710,100D501271,486O,0,+,,,00P21,,,21S05,,24X40,24X50,00X10,,,,<2,N,den/est/ice/lat
30005012711,100D5012712,486O,0,+,,,00P21,,,21S05,,24X40,24X50,00X10,,,,<1,N,swe
30005012800,100D501280,486O,0,+,,,00P21,,S,21S05,,24X40,24X60,,,,,<2,N,den/est/ice/lat/nor
30005012801,100D5012802,486O,0,+,,,00P21,,S,21S05,,24X40,24X60,,,,,<1,N,swe
30005012810,100D501281,486O,0,+,,,00P21,,,21S05,,24X40,24X60,00X10,,,,<2,N,den/est/ice/lat
30005012811,100D5012812,486O,0,+,,,00P21,,,21S05,,24X40,24X60,00X10,,,,<1,N,swe
30005012900,100D501290,486O,0,+,,,00P21,,S,21S05,,24X40,24X70,,,,,<2,N,den/est/ice/lat/nor
30005012901,100D5012902,486O,0,+,,,00P21,,S,21S05,,24X40,24X70,,,,,<1,N,swe
30005012910,100D501291,486O,0,+,,,00P21,,,21S05,,24X40,24X70,00X10,,,,<2,N,den/est/ice/lat
30005012911,100D5012912,486O,0,+,,,00P21,,,21S05,,24X40,24X70,00X10,,,,<1,N,swe
30005013000,100D501300,486O,0,+,,,00P21,,S,21S05,,24X40,24X71,21X01,,,,<2,N,den/est/ice/lat/nor
30005013001,100D5013002,486O,0,+,,,00P21,,S,21S05,,24X40,24X71,21X01,,,,<1,N,swe
30005013010,100D501301,486O,0,+,,,00P21,,,21S05,,24X40,24X71,21X01,00X10,,,<2,N,den/est/ice/lat
30005013011,100D5013012,486O,0,+,,,00P21,,,21S05,,24X40,24X71,21X01,00X10,,,<1,N,swe
30005013100,100D501310,486O,0,+,,,00P21,,S,21S05,,24X40,24X72,21X03,,,,<2,N,den/est/ice/lat/nor
30005013101,100D5013102,486O,0,+,,,00P21,,S,21S05,,24X40,24X72,21X03,,,,<1,N,swe
30005013110,100D501311,486O,0,+,,,00P21,,,21S05,,24X40,24X72,21X03,00X10,,,<2,N,den/est/ice/lat
30005013111,100D5013111,468O,0,+,,,24P01,,S,21S10,,24X21,24X61,,,,,<2,N,fin
30005013112,100D5013113,486O,0,+,,,00P21,,,21S05,,24X40,24X72,21X03,00X10,,,<1,N,swe
30005013200,100D501320,486O,0,+,,,00P21,,S,21S05,,24X40,24X80,,,,,<2,N,den/est/ice/lat/nor
30005013201,100D5013202,486O,0,+,,,00P21,,S,21S05,,24X40,24X80,,,,,<1,N,swe
30005013210,100D501321,486O,0,+,,,00P21,,,21S05,,24X40,24X80,00X10,,,,<2,N,den/est/ice/lat
30005013211,100D5013212,486O,0,+,,,00P21,,,21S05,,24X40,24X80,00X10,,,,<1,N,swe
30005013300,100D501330,486O,0,+,,,00P21,,S,21S05,,24X40,24X81,21X02,,,,<2,N,den/est/ice/lat/nor
30005013301,100D5013302,486O,0,+,,,00P21,,S,21S05,,24X40,24X81,21X02,,,,<1,N,swe
30005013310,100D501331,486O,0,+,,,00P21,,,21S05,,24X40,24X81,21X02,00X10,,,<2,N,den/est/ice/lat
30005013311,100D5013311,468O,0,+,,,24P01,,S,21S10,,24X22,24X31,,,,,<2,N,fin
30005013312,100D5013313,486O,0,+,,,00P21,,,21S05,,24X40,24X81,21X02,00X10,,,<1,N,swe
30005013400,100D501340,486O,0,+,,,00P21,,S,21S05,,24X50,24X60,,,,,<2,N,den/est/ice/lat/nor
30005013401,100D5013402,486O,0,+,,,00P21,,S,21S05,,24X50,24X60,,,,,<1,N,swe
30005013410,100D501341,486O,0,+,,,00P21,,,21S05,,24X50,24X60,00X10,,,,<2,N,den/est/ice/lat
30005013411,100D5013412,486O,0,+,,,00P21,,,21S05,,24X50,24X60,00X10,,,,<1,N,swe
30005013500,100D501350,486O,0,+,,,00P21,,S,21S05,,24X50,24X70,,,,,<2,N,den/est/ice/lat/nor
30005013501,100D5013502,486O,0,+,,,00P21,,S,21S05,,24X50,24X70,,,,,<1,N,swe
30005013510,100D501351,486O,0,+,,,00P21,,,21S05,,24X50,24X70,00X10,,,,<2,N,den/est/ice/lat
30005013511,100D5013512,486O,0,+,,,00P21,,,21S05,,24X50,24X70,00X10,,,,<1,N,swe
30005013600,100D501360,486O,0,+,,,00P21,,S,21S05,,24X50,24X71,21X01,,,,<2,N,den/est/ice/lat/nor
30005013601,100D5013602,486O,0,+,,,00P21,,S,21S05,,24X50,24X71,21X01,,,,<1,N,swe
30005013610,100D501361,486O,0,+,,,00P21,,,21S05,,24X50,24X71,21X01,00X10,,,<2,N,den/est/ice/lat
30005013611,100D5013612,486O,0,+,,,00P21,,,21S05,,24X50,24X71,21X01,00X10,,,<1,N,swe
30005013700,100D501370,486O,0,+,,,00P21,,S,21S05,,24X50,24X72,21X03,,,,<2,N,den/est/ice/lat/nor
30005013701,100D5013702,486O,0,+,,,00P21,,S,21S05,,24X50,24X72,21X03,,,,<1,N,swe
30005013710,100D501371,486O,0,+,,,00P21,,,21S05,,24X50,24X72,21X03,00X10,,,<2,N,den/est/ice/lat
30005013711,100D5013712,486O,0,+,,,00P21,,,21S05,,24X50,24X72,21X03,00X10,,,<1,N,swe
30005013800,100D501380,486O,0,+,,,00P21,,S,21S05,,24X50,24X80,,,,,<2,N,den/est/ice/lat/nor
30005013801,100D5013802,486O,0,+,,,00P21,,S,21S05,,24X50,24X80,,,,,<1,N,swe
30005013810,100D501381,486O,0,+,,,00P21,,,21S05,,24X50,24X80,00X10,,,,<2,N,den/est/ice/lat
30005013811,100D5013812,486O,0,+,,,00P21,,,21S05,,24X50,24X80,00X10,,,,<1,N,swe
30005013900,100D501390,486O,0,+,,,00P21,,S,21S05,,24X50,24X81,21X02,,,,<2,N,den/est/ice/lat/nor
30005013901,100D5013902,486O,0,+,,,00P21,,S,21S05,,24X50,24X81,21X02,,,,<1,N,swe
30005013910,100D501391,486O,0,+,,,00P21,,,21S05,,24X50,24X81,21X02,00X10,,,<2,N,den/est/ice/lat
30005013911,100D5013912,486O,0,+,,,00P21,,,21S05,,24X50,24X81,21X02,00X10,,,<1,N,swe
30005014000,100D501400,486O,0,+,,,00P21,,S,21S05,,24X60,24X70,,,,,<2,N,den/est/ice/lat/nor
30005014001,100D5014002,486O,0,+,,,00P21,,S,21S05,,24X60,24X70,,,,,<1,N,swe
30005014010,100D501401,486O,0,+,,,00P21,,,21S05,,24X60,24X70,00X10,,,,<2,N,den/est/ice/lat
30005014011,100D5014012,486O,0,+,,,00P21,,,21S05,,24X60,24X70,00X10,,,,<1,N,swe
30005014100,100D501410,486O,0,+,,,00P21,,S,21S05,,24X60,24X71,21X01,,,,<2,N,den/est/ice/lat/nor
30005014101,100D5014102,486O,0,+,,,00P21,,S,21S05,,24X60,24X71,21X01,,,,<1,N,swe
30005014110,100D501411,486O,0,+,,,00P21,,,21S05,,24X60,24X71,21X01,00X10,,,<2,N,den/est/ice/lat
30005014111,100D5014111,468O,0,+,,,24P01,,S,21S10,,24X22,24X41,,,,,<2,N,fin
30005014112,100D5014113,486O,0,+,,,00P21,,,21S05,,24X60,24X71,21X01,00X10,,,<1,N,swe
30005014200,100D501420,486O,0,+,,,00P21,,S,21S05,,24X60,24X72,21X03,,,,<2,N,den/est/ice/lat/nor
30005014201,100D5014202,486O,0,+,,,00P21,,S,21S05,,24X60,24X72,21X03,,,,<1,N,swe
30005014210,100D501421,486O,0,+,,,00P21,,,21S05,,24X60,24X72,21X03,00X10,,,<2,N,den/est/ice/lat
30005014211,100D5014211,468O,0,+,,,24P01,,S,21S10,,24X22,24X61,,,,,<2,N,fin
30005014212,100D5014213,486O,0,+,,,00P21,,,21S05,,24X60,24X72,21X03,00X10,,,<1,N,swe
30005014300,100D501430,486O,0,+,,,00P21,,S,21S05,,24X60,24X80,,,,,<2,N,den/est/ice/lat/nor
30005014301,100D5014302,486O,0,+,,,00P21,,S,21S05,,24X60,24X80,,,,,<1,N,swe
30005014310,100D501431,486O,0,+,,,00P21,,,21S05,,24X60,24X80,00X10,,,,<2,N,den/est/ice/lat
30005014311,100D5014312,486O,0,+,,,00P21,,,21S05,,24X60,24X80,00X10,,,,<1,N,swe
30005014400,100D501440,486O,0,+,,,00P21,,S,21S05,,24X60,24X81,21X02,,,,<2,N,den/est/ice/lat/nor
30005014401,100D5014402,486O,0,+,,,00P21,,S,21S05,,24X60,24X81,21X02,,,,<1,N,swe
30005014410,100D501441,486O,0,+,,,00P21,,,21S05,,24X60,24X81,21X02,00X10,,,<2,N,den/est/ice/lat
30005014411,100D5014412,486O,0,+,,,00P21,,,21S05,,24X60,24X81,21X02,00X10,,,<1,N,swe
30005014500,100D501450,486O,0,+,,,00P21,,S,21S05,,24X70,24X80,,,,,<2,N,den/est/ice/lat/nor
30005014501,100D5014502,486O,0,+,,,00P21,,S,21S05,,24X70,24X80,,,,,<1,N,swe
30005014510,100D501451,486O,0,+,,,00P21,,,21S05,,24X70,24X80,00X10,,,,<2,N,den/est/ice/lat
30005014511,100D5014512,486O,0,+,,,00P21,,,21S05,,24X70,24X80,00X10,,,,<1,N,swe
30005014600,100D501460,486O,0,+,,,00P21,,S,21S05,,24X71,21X01,24X80,,,,<2,N,den/est/ice/lat/nor
30005014601,100D5014602,486O,0,+,,,00P21,,S,21S05,,24X71,21X01,24X80,,,,<1,N,swe
30005014610,100D501461,486O,0,+,,,00P21,,,21S05,,24X71,21X01,24X80,00X10,,,<2,N,den/est/ice/lat
30005014611,100D5014612,486O,0,+,,,00P21,,,21S05,,24X71,21X01,24X80,00X10,,,<1,N,swe
30005014700,100D501470,486O,0,+,,,00P21,,S,21S05,,24X72,21X03,24X80,,,,<2,N,den/est/ice/lat/nor
30005014701,100D5014702,486O,0,+,,,00P21,,S,21S05,,24X72,21X03,24X80,,,,<1,N,swe
30005014710,100D501471,486O,0,+,,,00P21,,,21S05,,24X72,21X03,24X80,00X10,,,<2,N,den/est/ice/lat
30005014711,100D5014712,486O,0,+,,,00P21,,,21S05,,24X72,21X03,24X80,00X10,,,<1,N,swe
30005014800,100D501480,486O,0,+,,,00P21,,S,21S05,,24X70,24X81,21X02,,,,<2,N,den/est/ice/lat/nor
30005014801,100D5014802,486O,0,+,,,00P21,,S,21S05,,24X70,24X81,21X02,,,,<1,N,swe
30005014810,100D501481,486O,0,+,,,00P21,,,21S05,,24X70,24X81,21X02,00X10,,,<2,N,den/est/ice/lat
30005014811,100D5014812,486O,0,+,,,00P21,,,21S05,,24X70,24X81,21X02,00X10,,,<1,N,swe
30005014900,100D501490,486O,0,+,,,00P21,,S,21S05,,24X71,21X01,24X81,21X02,,,<2,N,den/est/ice/lat/nor
30005014901,100D5014902,486O,0,+,,,00P21,,S,21S05,,24X71,21X01,24X81,21X02,,,<1,N,swe
30005014910,100D501491,486O,0,+,,,00P21,,,21S05,,24X71,21X01,24X81,00X10,,,<2,N,den/est/ice/lat
30005014911,100D5014912,486O,0,+,,,00P21,,,21S05,,24X71,21X01,24X81,00X10,,,<1,N,swe
30005014920,100D501492,486O,0,+,,,00P21,,S,21S05,,24X72,21X01,24X81,21X02,,,<2,N,nor
30005015000,100D501500,486O,0,+,,,00P21,,S,21S05,,24X72,21X03,24X81,21X02,,,<2,N,den/est/ice/lat
30005015001,100D5015002,486O,0,+,,,00P21,,S,21S05,,24X72,21X03,24X81,21X02,,,<1,N,swe
30005015010,100D501501,486O,0,+,,,00P21,,,21S05,,24X72,21X03,24X81,00X10,,,<2,N,den/est/ice/lat
30005015011,100D5015012,486O,0,+,,,00P21,,,21S05,,24X72,21X03,24X81,00X10,,,<1,N,swe
30005015100,100D501510,486O,0,+,,,00P21,,S,21S05,,24X90,,,,,,<2,N,den/est/ice/lat/nor
30005015101,100D5015102,486O,0,+,,,00P21,,S,21S05,,24X90,,,,,,<1,N,swe
30005015110,100D501511,486O,0,+,,,00P21,,,21S05,,24X90,00X10,,,,,<2,N,den/est/ice/lat
30005015111,100D5015111,468O,0,+,,,24P01,,S,21S10,,24X31,24X41,,,,,<2,N,fin
30005015112,100D5015113,486O,0,+,,,00P21,,,21S05,,24X90,00X10,,,,,<1,N,swe
30005015210,100D501521,468O,0,+,,,24P01,,S,21S10,,24X31,24X61,,,,,<2,N,fin
30005016110,100D501611,468O,0,+,,,24P01,,S,21S10,,24X41,24X61,,,,,<2,N,fin
30005020000,100D502000,486O,0,+,,,00P21,,S,21S03,,24X10,24X20,,,,,<2,N,den/est/ice/lat/nor
30005020001,100D5020002,486O,0,+,,,00P21,,S,21S03,,24X10,24X20,,,,,<1,N,swe
30005020010,100D502001,486O,0,+,,,00P21,,,21S03,,24X10,24X20,00X10,,,,<2,N,den/est/ice/lat
30005020011,100D5020012,486O,0,+,,,00P21,,,21S03,,24X10,24X20,00X10,,,,<1,N,swe
30005020100,100D502010,486O,0,+,,,00P21,,S,21S03,,24X10,24X30,,,,,<2,N,den/est/ice/lat/nor
30005020101,100D5020102,486O,0,+,,,00P21,,S,21S03,,24X10,24X30,,,,,<1,N,swe
30005020110,100D502011,486O,0,+,,,00P21,,,21S03,,24X10,24X30,00X10,,,,<2,N,den/est/ice/lat
30005020111,100D5020112,486O,0,+,,,00P21,,,21S03,,24X10,24X30,00X10,,,,<1,N,swe
30005020200,100D502020,486O,0,+,,,00P21,,S,21S03,,24X10,24X40,,,,,<2,N,den/est/ice/lat/nor
30005020201,100D5020202,486O,0,+,,,00P21,,S,21S03,,24X10,24X40,,,,,<1,N,swe
30005020210,100D502021,486O,0,+,,,00P21,,,21S03,,24X10,24X40,00X10,,,,<2,N,den/est/ice/lat
30005020211,100D5020212,486O,0,+,,,00P21,,,21S03,,24X10,24X40,00X10,,,,<1,N,swe
30005020300,100D502030,486O,0,+,,,00P21,,S,21S03,,24X10,24X50,,,,,<2,N,den/est/ice/lat/nor
30005020301,100D5020302,486O,0,+,,,00P21,,S,21S03,,24X10,24X50,,,,,<1,N,swe
30005020310,100D502031,486O,0,+,,,00P21,,,21S03,,24X10,24X50,00X10,,,,<2,N,den/est/ice/lat
30005020311,100D5020312,486O,0,+,,,00P21,,,21S03,,24X10,24X50,00X10,,,,<1,N,swe
30005020400,100D502040,486O,0,+,,,00P21,,S,21S03,,24X10,24X60,,,,,<2,N,den/est/ice/lat/nor
30005020401,100D5020402,486O,0,+,,,00P21,,S,21S03,,24X10,24X60,,,,,<1,N,swe
30005020410,100D502041,486O,0,+,,,00P21,,,21S03,,24X10,24X60,00X10,,,,<2,N,den/est/ice/lat
30005020411,100D5020412,486O,0,+,,,00P21,,,21S03,,24X10,24X60,00X10,,,,<1,N,swe
30005020500,100D502050,486O,0,+,,,00P21,,S,21S03,,24X10,24X70,,,,,<2,N,den/est/ice/lat/nor
30005020501,100D5020502,486O,0,+,,,00P21,,S,21S03,,24X10,24X70,,,,,<1,N,swe
30005020510,100D502051,486O,0,+,,,00P21,,,21S03,,24X10,24X70,00X10,,,,<2,N,den/est/ice/lat
30005020511,100D5020512,486O,0,+,,,00P21,,,21S03,,24X10,24X70,00X10,,,,<1,N,swe
30005020600,100D502060,486O,0,+,,,00P21,,S,21S03,,24X10,24X71,21X01,,,,<2,N,den/est/ice/lat/nor
30005020601,100D5020602,486O,0,+,,,00P21,,S,21S03,,24X10,24X71,21X01,,,,<1,N,swe
30005020610,100D502061,486O,0,+,,,00P21,,,21S03,,24X10,24X71,21X01,00X10,,,<2,N,den/est/ice/lat
30005020611,100D5020612,486O,0,+,,,00P21,,,21S03,,24X10,24X71,21X01,00X10,,,<1,N,swe
30005020700,100D502070,486O,0,+,,,00P21,,S,21S03,,24X10,24X72,21X03,,,,<2,N,den/est/ice/lat/nor
30005020701,100D5020702,486O,0,+,,,00P21,,S,21S03,,24X10,24X72,21X03,,,,<1,N,swe
30005020710,100D502071,486O,0,+,,,00P21,,,21S03,,24X10,24X72,21X03,00X10,,,<2,N,den/est/ice/lat
30005020711,100D5020712,486O,0,+,,,00P21,,,21S03,,24X10,24X72,21X03,00X10,,,<1,N,swe
30005020800,100D502080,486O,0,+,,,00P21,,S,21S03,,24X10,24X80,,,,,<2,N,den/est/ice/lat/nor
30005020801,100D5020802,486O,0,+,,,00P21,,S,21S03,,24X10,24X80,,,,,<1,N,swe
30005020810,100D502081,486O,0,+,,,00P21,,,21S03,,24X10,24X80,00X10,,,,<2,N,den/est/ice/lat
30005020811,100D5020812,486O,0,+,,,00P21,,,21S03,,24X10,24X80,00X10,,,,<1,N,swe
30005020900,100D502090,486O,0,+,,,00P21,,S,21S03,,24X10,24X81,21X02,,,,<2,N,den/est/ice/lat/nor
30005020901,100D5020902,486O,0,+,,,00P21,,S,21S03,,24X10,24X81,21X02,,,,<1,N,swe
30005020910,100D502091,486O,0,+,,,00P21,,,21S03,,24X10,24X81,21X02,00X10,,,<2,N,den/est/ice/lat
30005020911,100D5020912,486O,0,+,,,00P21,,,21S03,,24X10,24X81,21X02,00X10,,,<1,N,swe
30005021000,100D502100,486O,0,+,,,00P21,,S,21S03,,24X20,24X30,,,,,<2,N,den/est/ice/lat/nor
30005021001,100D5021002,486O,0,+,,,00P21,,S,21S03,,24X20,24X30,,,,,<1,N,swe
30005021010,100D502101,486O,0,+,,,00P21,,,21S03,,24X20,24X30,00X10,,,,<2,N,den/est/ice/lat
30005021011,100D5021012,486O,0,+,,,00P21,,,21S03,,24X20,24X30,00X10,,,,<1,N,swe
30005021100,100D502110,486O,0,+,,,00P21,,S,21S03,,24X20,24X40,,,,,<2,N,den/est/ice/lat/nor
30005021101,100D5021102,486O,0,+,,,00P21,,S,21S03,,24X20,24X40,,,,,<1,N,swe
30005021110,100D502111,486O,0,+,,,00P21,,,21S03,,24X20,24X40,00X10,,,,<2,N,den/est/ice/lat
30005021111,100D5021112,486O,0,+,,,00P21,,,21S03,,24X20,24X40,00X10,,,,<1,N,swe
30005021200,100D502120,486O,0,+,,,00P21,,S,21S03,,24X20,24X50,,,,,<2,N,den/est/ice/lat/nor
30005021201,100D5021202,486O,0,+,,,00P21,,S,21S03,,24X20,24X50,,,,,<1,N,swe
30005021210,100D502121,486O,0,+,,,00P21,,,21S03,,24X20,24X50,00X10,,,,<2,N,den/est/ice/lat
30005021211,100D5021212,486O,0,+,,,00P21,,,21S03,,24X20,24X50,00X10,,,,<1,N,swe
30005021300,100D502130,486O,0,+,,,00P21,,S,21S03,,24X20,24X60,,,,,<2,N,den/est/ice/lat/nor
30005021301,100D5021302,486O,0,+,,,00P21,,S,21S03,,24X20,24X60,,,,,<1,N,swe
30005021310,100D502131,486O,0,+,,,00P21,,,21S03,,24X20,24X60,00X10,,,,<2,N,den/est/ice/lat
30005021311,100D5021312,486O,0,+,,,00P21,,,21S03,,24X20,24X60,00X10,,,,<1,N,swe
30005021400,100D502140,486O,0,+,,,00P21,,S,21S03,,24X20,24X70,,,,,<2,N,den/est/ice/lat/nor
30005021401,100D5021402,486O,0,+,,,00P21,,S,21S03,,24X20,24X70,,,,,<1,N,swe
30005021410,100D502141,486O,0,+,,,00P21,,,21S03,,24X20,24X70,00X10,,,,<2,N,den/est/ice/lat
30005021411,100D5021412,486O,0,+,,,00P21,,,21S03,,24X20,24X70,00X10,,,,<1,N,swe
30005021500,100D502150,486O,0,+,,,00P21,,S,21S03,,24X20,24X71,21X01,,,,<2,N,den/est/ice/lat/nor
30005021501,100D5021502,486O,0,+,,,00P21,,S,21S03,,24X20,24X71,21X01,,,,<1,N,swe
30005021510,100D502151,486O,0,+,,,00P21,,,21S03,,24X20,24X71,21X01,00X10,,,<2,N,den/est/ice/lat
30005021511,100D5021512,486O,0,+,,,00P21,,,21S03,,24X20,24X71,21X01,00X10,,,<1,N,swe
30005021600,100D502160,486O,0,+,,,00P21,,S,21S03,,24X20,24X72,21X03,,,,<2,N,den/est/ice/lat/nor
30005021601,100D5021602,486O,0,+,,,00P21,,S,21S03,,24X20,24X72,21X03,,,,<1,N,swe
30005021610,100D502161,486O,0,+,,,00P21,,,21S03,,24X20,24X72,21X03,00X10,,,<2,N,den/est/ice/lat
30005021611,100D5021612,486O,0,+,,,00P21,,,21S03,,24X20,24X72,21X03,00X10,,,<1,N,swe
30005021700,100D502170,486O,0,+,,,00P21,,S,21S03,,24X20,24X80,,,,,<2,N,den/est/ice/lat/nor
30005021701,100D5021702,486O,0,+,,,00P21,,S,21S03,,24X20,24X80,,,,,<1,N,swe
30005021710,100D502171,486O,0,+,,,00P21,,,21S03,,24X20,24X80,00X10,,,,<2,N,den/est/ice/lat
30005021711,100D5021712,486O,0,+,,,00P21,,,21S03,,24X20,24X80,00X10,,,,<1,N,swe
30005021800,100D502180,486O,0,+,,,00P21,,S,21S03,,24X20,24X81,21X02,,,,<2,N,den/est/ice/lat/nor
30005021801,100D5021802,486O,0,+,,,00P21,,S,21S03,,24X20,24X81,21X02,,,,<1,N,swe
30005021810,100D502181,486O,0,+,,,00P21,,,21S03,,24X20,24X81,21X02,00X10,,,<2,N,den/est/ice/lat
30005021811,100D5021812,486O,0,+,,,00P21,,,21S03,,24X20,24X81,21X02,00X10,,,<1,N,swe
30005021900,100D502190,486O,0,+,,,00P21,,S,21S03,,24X30,24X40,,,,,<2,N,den/est/ice/lat/nor
30005021901,100D5021902,486O,0,+,,,00P21,,S,21S03,,24X30,24X40,,,,,<1,N,swe
30005021910,100D502191,486O,0,+,,,00P21,,,21S03,,24X30,24X40,00X10,,,,<2,N,den/est/ice/lat
30005021911,100D5021912,486O,0,+,,,00P21,,,21S03,,24X30,24X40,00X10,,,,<1,N,swe
30005022000,100D502200,486O,0,+,,,00P21,,S,21S03,,24X30,24X50,,,,,<2,N,den/est/ice/lat/nor
30005022001,100D5022002,486O,0,+,,,00P21,,S,21S03,,24X30,24X50,,,,,<1,N,swe
30005022010,100D502201,486O,0,+,,,00P21,,,21S03,,24X30,24X50,00X10,,,,<2,N,den/est/ice/lat
30005022011,100D5022012,486O,0,+,,,00P21,,,21S03,,24X30,24X50,00X10,,,,<1,N,swe
30005022100,100D502210,486O,0,+,,,00P21,,S,21S03,,24X30,24X60,,,,,<2,N,den/est/ice/lat/nor
30005022101,100D5022102,486O,0,+,,,00P21,,S,21S03,,24X30,24X60,,,,,<1,N,swe
30005022110,100D502211,486O,0,+,,,00P21,,,21S03,,24X30,24X60,00X10,,,,<2,N,den/est/ice/lat
30005022111,100D5022112,486O,0,+,,,00P21,,,21S03,,24X30,24X60,00X10,,,,<1,N,swe
30005022200,100D502220,486O,0,+,,,00P21,,S,21S03,,24X30,24X70,,,,,<2,N,den/est/ice/lat/nor
30005022201,100D5022202,486O,0,+,,,00P21,,S,21S03,,24X30,24X70,,,,,<1,N,swe
30005022210,100D502221,486O,0,+,,,00P21,,,21S03,,24X30,24X70,00X10,,,,<2,N,den/est/ice/lat
30005022211,100D5022212,486O,0,+,,,00P21,,,21S03,,24X30,24X70,00X10,,,,<1,N,swe
30005022300,100D502230,486O,0,+,,,00P21,,S,21S03,,24X30,24X71,21X01,,,,<2,N,den/est/ice/lat/nor
30005022301,100D5022302,486O,0,+,,,00P21,,S,21S03,,24X30,24X71,21X01,,,,<1,N,swe
30005022310,100D502231,486O,0,+,,,00P21,,,21S03,,24X30,24X71,21X01,00X10,,,<2,N,den/est/ice/lat
30005022311,100D5022312,486O,0,+,,,00P21,,,21S03,,24X30,24X71,21X01,00X10,,,<1,N,swe
30005022400,100D502240,486O,0,+,,,00P21,,S,21S03,,24X30,24X72,21X03,,,,<2,N,den/est/ice/lat/nor
30005022401,100D5022402,486O,0,+,,,00P21,,S,21S03,,24X30,24X72,21X03,,,,<1,N,swe
30005022410,100D502241,486O,0,+,,,00P21,,,21S03,,24X30,24X72,21X03,00X10,,,<2,N,den/est/ice/lat
30005022411,100D5022412,486O,0,+,,,00P21,,,21S03,,24X30,24X72,21X03,00X10,,,<1,N,swe
30005022500,100D502250,486O,0,+,,,00P21,,S,21S03,,24X30,24X80,,,,,<2,N,den/est/ice/lat/nor
30005022501,100D5022502,486O,0,+,,,00P21,,S,21S03,,24X30,24X80,,,,,<1,N,swe
30005022510,100D502251,486O,0,+,,,00P21,,,21S03,,24X30,24X80,00X10,,,,<2,N,den/est/ice/lat
30005022511,100D5022512,486O,0,+,,,00P21,,,21S03,,24X30,24X80,00X10,,,,<1,N,swe
30005022600,100D502260,486O,0,+,,,00P21,,S,21S03,,24X30,24X81,21X02,,,,<2,N,den/est/ice/lat/nor
30005022601,100D5022602,486O,0,+,,,00P21,,S,21S03,,24X30,24X81,21X02,,,,<1,N,swe
30005022610,100D502261,486O,0,+,,,00P21,,,21S03,,24X30,24X81,21X02,00X10,,,<2,N,den/est/ice/lat
30005022611,100D5022612,486O,0,+,,,00P21,,,21S03,,24X30,24X81,21X02,00X10,,,<1,N,swe
30005022700,100D502270,486O,0,+,,,00P21,,S,21S03,,24X40,24X50,,,,,<2,N,den/est/ice/lat/nor
30005022701,100D5022702,486O,0,+,,,00P21,,S,21S03,,24X40,24X50,,,,,<1,N,swe
30005022710,100D502271,486O,0,+,,,00P21,,,21S03,,24X40,24X50,00X10,,,,<2,N,den/est/ice/lat
30005022711,100D5022712,486O,0,+,,,00P21,,,21S03,,24X40,24X50,00X10,,,,<1,N,swe
30005022800,100D502280,486O,0,+,,,00P21,,S,21S03,,24X40,24X60,,,,,<2,N,den/est/ice/lat/nor
30005022801,100D5022802,486O,0,+,,,00P21,,S,21S03,,24X40,24X60,,,,,<1,N,swe
30005022810,100D502281,486O,0,+,,,00P21,,,21S03,,24X40,24X60,00X10,,,,<2,N,den/est/ice/lat
30005022811,100D5022812,486O,0,+,,,00P21,,,21S03,,24X40,24X60,00X10,,,,<1,N,swe
30005022900,100D502290,486O,0,+,,,00P21,,S,21S03,,24X40,24X70,,,,,<2,N,den/est/ice/lat/nor
30005022901,100D5022902,486O,0,+,,,00P21,,S,21S03,,24X40,24X70,,,,,<1,N,swe
30005022910,100D502291,486O,0,+,,,00P21,,,21S03,,24X40,24X70,00X10,,,,<2,N,den/est/ice/lat
30005022911,100D5022912,486O,0,+,,,00P21,,,21S03,,24X40,24X70,00X10,,,,<1,N,swe
30005023000,100D502300,486O,0,+,,,00P21,,S,21S03,,24X40,24X71,21X01,,,,<2,N,den/est/ice/lat/nor
30005023001,100D5023002,486O,0,+,,,00P21,,S,21S03,,24X40,24X71,21X01,,,,<1,N,swe
30005023010,100D502301,486O,0,+,,,00P21,,,21S03,,24X40,24X71,21X01,00X10,,,<2,N,den/est/ice/lat
30005023011,100D5023012,486O,0,+,,,00P21,,,21S03,,24X40,24X71,21X01,00X10,,,<1,N,swe
30005023100,100D502310,486O,0,+,,,00P21,,S,21S03,,24X40,24X72,21X03,,,,<2,N,den/est/ice/lat/nor
30005023101,100D5023102,486O,0,+,,,00P21,,S,21S03,,24X40,24X72,21X03,,,,<1,N,swe
30005023110,100D502311,486O,0,+,,,00P21,,,21S03,,24X40,24X72,21X03,00X10,,,<2,N,den/est/ice/lat
30005023111,100D5023112,486O,0,+,,,00P21,,,21S03,,24X40,24X72,21X03,00X10,,,<1,N,swe
30005023200,100D502320,486O,0,+,,,00P21,,S,21S03,,24X40,24X80,,,,,<2,N,den/est/ice/lat/nor
30005023201,100D5023202,486O,0,+,,,00P21,,S,21S03,,24X40,24X80,,,,,<1,N,swe
30005023210,100D502321,486O,0,+,,,00P21,,,21S03,,24X40,24X80,00X10,,,,<2,N,den/est/ice/lat
30005023211,100D5023212,486O,0,+,,,00P21,,,21S03,,24X40,24X80,00X10,,,,<1,N,swe
30005023300,100D502330,486O,0,+,,,00P21,,S,21S03,,24X40,24X81,21X02,,,,<2,N,den/est/ice/lat/nor
30005023301,100D5023302,486O,0,+,,,00P21,,S,21S03,,24X40,24X81,21X02,,,,<1,N,swe
30005023310,100D502331,486O,0,+,,,00P21,,,21S03,,24X40,24X81,21X02,00X10,,,<2,N,den/est/ice/lat
30005023311,100D5023312,486O,0,+,,,00P21,,,21S03,,24X40,24X81,21X02,00X10,,,<1,N,swe
30005023400,100D502340,486O,0,+,,,00P21,,S,21S03,,24X50,24X60,,,,,<2,N,den/est/ice/lat/nor
30005023401,100D5023402,486O,0,+,,,00P21,,S,21S03,,24X50,24X60,,,,,<1,N,swe
30005023410,100D502341,486O,0,+,,,00P21,,,21S03,,24X50,24X60,00X10,,,,<2,N,den/est/ice/lat
30005023411,100D5023412,486O,0,+,,,00P21,,,21S03,,24X50,24X60,00X10,,,,<1,N,swe
30005023500,100D502350,486O,0,+,,,00P21,,S,21S03,,24X50,24X70,,,,,<2,N,den/est/ice/lat/nor
30005023501,100D5023502,486O,0,+,,,00P21,,S,21S03,,24X50,24X70,,,,,<1,N,swe
30005023510,100D502351,486O,0,+,,,00P21,,,21S03,,24X50,24X70,00X10,,,,<2,N,den/est/ice/lat
30005023511,100D5023512,486O,0,+,,,00P21,,,21S03,,24X50,24X70,00X10,,,,<1,N,swe
30005023600,100D502360,486O,0,+,,,00P21,,S,21S03,,24X50,24X71,21X01,,,,<2,N,den/est/ice/lat/nor
30005023601,100D5023602,486O,0,+,,,00P21,,S,21S03,,24X50,24X71,21X01,,,,<1,N,swe
30005023610,100D502361,486O,0,+,,,00P21,,,21S03,,24X50,24X71,21X01,00X10,,,<2,N,den/est/ice/lat
30005023611,100D5023612,486O,0,+,,,00P21,,,21S03,,24X50,24X71,21X01,00X10,,,<1,N,swe
30005023700,100D502370,486O,0,+,,,00P21,,S,21S03,,24X50,24X72,21X03,,,,<2,N,den/est/ice/lat/nor
30005023701,100D5023702,486O,0,+,,,00P21,,S,21S03,,24X50,24X72,21X03,,,,<1,N,swe
30005023710,100D502371,486O,0,+,,,00P21,,,21S03,,24X50,24X72,21X03,00X10,,,<2,N,den/est/ice/lat
30005023711,100D5023712,486O,0,+,,,00P21,,,21S03,,24X50,24X72,21X03,00X10,,,<1,N,swe
30005023800,100D502380,486O,0,+,,,00P21,,S,21S03,,24X50,24X80,,,,,<2,N,den/est/ice/lat/nor
30005023801,100D5023802,486O,0,+,,,00P21,,S,21S03,,24X50,24X80,,,,,<1,N,swe
30005023810,100D502381,486O,0,+,,,00P21,,,21S03,,24X50,24X80,00X10,,,,<2,N,den/est/ice/lat
30005023811,100D5023812,486O,0,+,,,00P21,,,21S03,,24X50,24X80,00X10,,,,<1,N,swe
30005023900,100D502390,486O,0,+,,,00P21,,S,21S03,,24X50,24X81,21X02,,,,<2,N,den/est/ice/lat/nor
30005023901,100D5023902,486O,0,+,,,00P21,,S,21S03,,24X50,24X81,21X02,,,,<1,N,swe
30005023910,100D502391,486O,0,+,,,00P21,,,21S03,,24X50,24X81,21X02,00X10,,,<2,N,den/est/ice/lat
30005023911,100D5023912,486O,0,+,,,00P21,,,21S03,,24X50,24X81,21X02,00X10,,,<1,N,swe
30005024000,100D502400,486O,0,+,,,00P21,,S,21S03,,24X60,24X70,,,,,<2,N,den/est/ice/lat/nor
30005024001,100D5024002,486O,0,+,,,00P21,,S,21S03,,24X60,24X70,,,,,<1,N,swe
30005024010,100D502401,486O,0,+,,,00P21,,,21S03,,24X60,24X70,00X10,,,,<2,N,den/est/ice/lat
30005024011,100D5024012,486O,0,+,,,00P21,,,21S03,,24X60,24X70,00X10,,,,<1,N,swe
30005024100,100D502410,486O,0,+,,,00P21,,S,21S03,,24X60,24X71,21X01,,,,<2,N,den/est/ice/lat/nor
30005024101,100D5024102,486O,0,+,,,00P21,,S,21S03,,24X60,24X71,21X01,,,,<1,N,swe
30005024110,100D502411,486O,0,+,,,00P21,,,21S03,,24X60,24X71,21X01,00X10,,,<2,N,den/est/ice/lat
30005024111,100D5024112,486O,0,+,,,00P21,,,21S03,,24X60,24X71,21X01,00X10,,,<1,N,swe
30005024200,100D502420,486O,0,+,,,00P21,,S,21S03,,24X60,24X72,21X03,,,,<2,N,den/est/ice/lat/nor
30005024201,100D5024202,486O,0,+,,,00P21,,S,21S03,,24X60,24X72,21X03,,,,<1,N,swe
30005024210,100D502421,486O,0,+,,,00P21,,,21S03,,24X60,24X72,21X03,00X10,,,<2,N,den/est/ice/lat
30005024211,100D5024212,486O,0,+,,,00P21,,,21S03,,24X60,24X72,21X03,00X10,,,<1,N,swe
30005024300,100D502430,486O,0,+,,,00P21,,S,21S03,,24X60,24X80,,,,,<2,N,den/est/ice/lat/nor
30005024301,100D5024302,486O,0,+,,,00P21,,S,21S03,,24X60,24X80,,,,,<1,N,swe
30005024310,100D502431,486O,0,+,,,00P21,,,21S03,,24X60,24X80,00X10,,,,<2,N,den/est/ice/lat
30005024311,100D5024312,486O,0,+,,,00P21,,,21S03,,24X60,24X80,00X10,,,,<1,N,swe
30005024400,100D502440,486O,0,+,,,00P21,,S,21S03,,24X60,24X81,21X02,,,,<2,N,den/est/ice/lat/nor
30005024401,100D5024402,486O,0,+,,,00P21,,S,21S03,,24X60,24X81,21X02,,,,<1,N,swe
30005024410,100D502441,486O,0,+,,,00P21,,,21S03,,24X60,24X81,21X02,00X10,,,<2,N,den/est/ice/lat
30005024411,100D5024412,486O,0,+,,,00P21,,,21S03,,24X60,24X81,21X02,00X10,,,<1,N,swe
30005024500,100D502450,486O,0,+,,,00P21,,S,21S03,,24X70,24X80,,,,,<2,N,den/est/ice/lat/nor
30005024501,100D5024502,486O,0,+,,,00P21,,S,21S03,,24X70,24X80,,,,,<1,N,swe
30005024510,100D502451,486O,0,+,,,00P21,,,21S03,,24X70,24X80,00X10,,,,<2,N,den/est/ice/lat
30005024511,100D5024512,486O,0,+,,,00P21,,,21S03,,24X70,24X80,00X10,,,,<1,N,swe
30005024600,100D502460,486O,0,+,,,00P21,,S,21S03,,24X71,21X01,24X80,,,,<2,N,den/est/ice/lat/nor
30005024601,100D5024602,486O,0,+,,,00P21,,S,21S03,,24X71,21X01,24X80,,,,<1,N,swe
30005024610,100D502461,486O,0,+,,,00P21,,,21S03,,24X71,21X01,24X80,00X10,,,<2,N,den/est/ice/lat
30005024611,100D5024612,486O,0,+,,,00P21,,,21S03,,24X71,21X01,24X80,00X10,,,<1,N,swe
30005024700,100D502470,486O,0,+,,,00P21,,S,21S03,,24X72,21X03,24X80,,,,<2,N,den/est/ice/lat/nor
30005024701,100D5024702,486O,0,+,,,00P21,,S,21S03,,24X72,21X03,24X80,,,,<1,N,swe
30005024710,100D502471,486O,0,+,,,00P21,,,21S03,,24X72,21X03,24X80,00X10,,,<2,N,den/est/ice/lat
30005024711,100D5024712,486O,0,+,,,00P21,,,21S03,,24X72,21X03,24X80,00X10,,,<1,N,swe
30005024800,100D502480,486O,0,+,,,00P21,,S,21S03,,24X70,24X81,21X02,,,,<2,N,den/est/ice/lat/nor
30005024801,100D5024802,486O,0,+,,,00P21,,S,21S03,,24X70,24X81,21X02,,,,<1,N,swe
30005024810,100D502481,486O,0,+,,,00P21,,,21S03,,24X70,24X81,21X02,00X10,,,<2,N,den/est/ice/lat
30005024811,100D5024812,486O,0,+,,,00P21,,,21S03,,24X70,24X81,21X02,00X10,,,<1,N,swe
30005024900,100D502490,486O,0,+,,,00P21,,S,21S03,,24X71,21X01,24X81,21X02,,,<2,N,den/est/ice/lat/nor
30005024901,100D5024902,486O,0,+,,,00P21,,S,21S03,,24X71,21X01,24X81,21X02,,,<1,N,swe
30005024910,100D502491,486O,0,+,,,00P21,,,21S03,,24X71,21X01,24X81,00X10,,,<2,N,den/est/ice/lat
30005024911,100D5024912,486O,0,+,,,00P21,,,21S03,,24X71,21X01,24X81,00X10,,,<1,N,swe
30005025000,100D502500,486O,0,+,,,00P21,,S,21S03,,24X72,21X03,24X81,21X02,,,<2,N,den/est/ice/lat/nor
30005025001,100D5025002,486O,0,+,,,00P21,,S,21S03,,24X72,21X03,24X81,21X02,,,<1,N,swe
30005025010,100D502501,486O,0,+,,,00P21,,,21S03,,24X72,21X03,24X81,00X10,,,<2,N,den/est/ice/lat
30005025011,100D5025012,486O,0,+,,,00P21,,,21S03,,24X72,21X03,24X81,00X10,,,<1,N,swe
30005025100,100D502510,486O,0,+,,,00P21,,S,21S03,,24X90,,,,,,<2,N,den/est/ice/lat/nor
30005025101,100D5025102,486O,0,+,,,00P21,,S,21S03,,24X90,,,,,,<1,N,swe
30005025110,100D502511,486O,0,+,,,00P21,,,21S03,,24X90,00X10,,,,,<2,N,den/est/ice/lat
30005025111,100D5025112,486O,0,+,,,00P21,,,21S03,,24X90,00X10,,,,,<1,N,swe
30005030000,100D503000,486O,0,+,,,00P21,,S,21S09,,24X10,24X20,,,,,<2,N,den/est/ice/lat/nor
30005030001,100D5030002,486O,0,+,,,00P21,,S,21S09,,24X10,24X20,,,,,<1,N,swe
30005030010,100D503001,486O,0,+,,,00P21,,,21S09,,24X10,24X20,00X10,,,,<2,N,den/est/ice/lat
30005030011,100D5030012,486O,0,+,,,00P21,,,21S09,,24X10,24X20,00X10,,,,<1,N,swe
30005030100,100D503010,486O,0,+,,,00P21,,S,21S09,,24X10,24X30,,,,,<2,N,den/est/ice/lat/nor
30005030101,100D5030102,486O,0,+,,,00P21,,S,21S09,,24X10,24X30,,,,,<1,N,swe
30005030110,100D503011,486O,0,+,,,00P21,,,21S09,,24X10,24X30,00X10,,,,<2,N,den/est/ice/lat
30005030111,100D5030112,486O,0,+,,,00P21,,,21S09,,24X10,24X30,00X10,,,,<1,N,swe
30005030200,100D503020,486O,0,+,,,00P21,,S,21S09,,24X10,24X40,,,,,<2,N,den/est/ice/lat/nor
30005030201,100D5030202,486O,0,+,,,00P21,,S,21S09,,24X10,24X40,,,,,<1,N,swe
30005030210,100D503021,486O,0,+,,,00P21,,,21S09,,24X10,24X40,00X10,,,,<2,N,den/est/ice/lat
30005030211,100D5030212,486O,0,+,,,00P21,,,21S09,,24X10,24X40,00X10,,,,<1,N,swe
30005030300,100D503030,486O,0,+,,,00P21,,S,21S09,,24X10,24X50,,,,,<2,N,den/est/ice/lat/nor
30005030301,100D5030302,486O,0,+,,,00P21,,S,21S09,,24X10,24X50,,,,,<1,N,swe
30005030310,100D503031,486O,0,+,,,00P21,,,21S09,,24X10,24X50,00X10,,,,<2,N,den/est/ice/lat
30005030311,100D5030312,486O,0,+,,,00P21,,,21S09,,24X10,24X50,00X10,,,,<1,N,swe
30005030400,100D503040,486O,0,+,,,00P21,,S,21S09,,24X10,24X60,,,,,<2,N,den/est/ice/lat/nor
30005030401,100D5030402,486O,0,+,,,00P21,,S,21S09,,24X10,24X60,,,,,<1,N,swe
30005030410,100D503041,486O,0,+,,,00P21,,,21S09,,24X10,24X60,00X10,,,,<2,N,den/est/ice/lat
30005030411,100D5030412,486O,0,+,,,00P21,,,21S09,,24X10,24X60,00X10,,,,<1,N,swe
30005030500,100D503050,486O,0,+,,,00P21,,S,21S09,,24X10,24X70,,,,,<2,N,den/est/ice/lat/nor
30005030501,100D5030502,486O,0,+,,,00P21,,S,21S09,,24X10,24X70,,,,,<1,N,swe
30005030510,100D503051,486O,0,+,,,00P21,,,21S09,,24X10,24X70,00X10,,,,<2,N,den/est/ice/lat
30005030511,100D5030512,486O,0,+,,,00P21,,,21S09,,24X10,24X70,00X10,,,,<1,N,swe
30005030600,100D503060,486O,0,+,,,00P21,,S,21S09,,24X10,24X71,21X01,,,,<2,N,den/est/ice/lat/nor
30005030601,100D5030602,486O,0,+,,,00P21,,S,21S09,,24X10,24X71,21X01,,,,<1,N,swe
30005030610,100D503061,486O,0,+,,,00P21,,,21S09,,24X10,24X71,21X01,00X10,,,<2,N,den/est/ice/lat
30005030611,100D5030612,486O,0,+,,,00P21,,,21S09,,24X10,24X71,21X01,00X10,,,<1,N,swe
30005030700,100D503070,486O,0,+,,,00P21,,S,21S09,,24X10,24X72,21X03,,,,<2,N,den/est/ice/lat/nor
30005030701,100D5030702,486O,0,+,,,00P21,,S,21S09,,24X10,24X72,21X03,,,,<1,N,swe
30005030710,100D503071,486O,0,+,,,00P21,,,21S09,,24X10,24X72,21X03,00X10,,,<2,N,den/est/ice/lat
30005030711,100D5030712,486O,0,+,,,00P21,,,21S09,,24X10,24X72,21X03,00X10,,,<1,N,swe
30005030800,100D503080,486O,0,+,,,00P21,,S,21S09,,24X10,24X80,,,,,<2,N,den/est/ice/lat/nor
30005030801,100D5030802,486O,0,+,,,00P21,,S,21S09,,24X10,24X80,,,,,<1,N,swe
30005030810,100D503081,486O,0,+,,,00P21,,,21S09,,24X10,24X80,00X10,,,,<2,N,den/est/ice/lat
30005030811,100D5030812,486O,0,+,,,00P21,,,21S09,,24X10,24X80,00X10,,,,<1,N,swe
30005030900,100D503090,486O,0,+,,,00P21,,S,21S09,,24X10,24X81,21X02,,,,<2,N,den/est/ice/lat/nor
30005030901,100D5030902,486O,0,+,,,00P21,,S,21S09,,24X10,24X81,21X02,,,,<1,N,swe
30005030910,100D503091,486O,0,+,,,00P21,,,21S09,,24X10,24X81,21X02,00X10,,,<2,N,den/est/ice/lat
30005030911,100D5030912,486O,0,+,,,00P21,,,21S09,,24X10,24X81,21X02,00X10,,,<1,N,swe
30005031000,100D503100,486O,0,+,,,00P21,,S,21S09,,24X20,24X30,,,,,<2,N,den/est/ice/lat/nor
30005031001,100D5031002,486O,0,+,,,00P21,,S,21S09,,24X20,24X30,,,,,<1,N,swe
30005031010,100D503101,486O,0,+,,,00P21,,,21S09,,24X20,24X30,00X10,,,,<2,N,den/est/ice/lat
30005031011,100D5031012,486O,0,+,,,00P21,,,21S09,,24X20,24X30,00X10,,,,<1,N,swe
30005031100,100D503110,486O,0,+,,,00P21,,S,21S09,,24X20,24X40,,,,,<2,N,den/est/ice/lat/nor
30005031101,100D5031102,486O,0,+,,,00P21,,S,21S09,,24X20,24X40,,,,,<1,N,swe
30005031110,100D503111,486O,0,+,,,00P21,,,21S09,,24X20,24X40,00X10,,,,<2,N,den/est/ice/lat
30005031111,100D5031112,486O,0,+,,,00P21,,,21S09,,24X20,24X40,00X10,,,,<1,N,swe
30005031200,100D503120,486O,0,+,,,00P21,,S,21S09,,24X20,24X50,,,,,<2,N,den/est/ice/lat/nor
30005031201,100D5031202,486O,0,+,,,00P21,,S,21S09,,24X20,24X50,,,,,<1,N,swe
30005031210,100D503121,486O,0,+,,,00P21,,,21S09,,24X20,24X50,00X10,,,,<2,N,den/est/ice/lat
30005031211,100D5031212,486O,0,+,,,00P21,,,21S09,,24X20,24X50,00X10,,,,<1,N,swe
30005031300,100D503130,486O,0,+,,,00P21,,S,21S09,,24X20,24X60,,,,,<2,N,den/est/ice/lat/nor
30005031301,100D5031302,486O,0,+,,,00P21,,S,21S09,,24X20,24X60,,,,,<1,N,swe
30005031310,100D503131,486O,0,+,,,00P21,,,21S09,,24X20,24X60,00X10,,,,<2,N,den/est/ice/lat
30005031311,100D5031312,486O,0,+,,,00P21,,,21S09,,24X20,24X60,00X10,,,,<1,N,swe
30005031400,100D503140,486O,0,+,,,00P21,,S,21S09,,24X20,24X70,,,,,<2,N,den/est/ice/lat/nor
30005031401,100D5031402,486O,0,+,,,00P21,,S,21S09,,24X20,24X70,,,,,<1,N,swe
30005031410,100D503141,486O,0,+,,,00P21,,,21S09,,24X20,24X70,00X10,,,,<2,N,den/est/ice/lat
30005031411,100D5031412,486O,0,+,,,00P21,,,21S09,,24X20,24X70,00X10,,,,<1,N,swe
30005031500,100D503150,486O,0,+,,,00P21,,S,21S09,,24X20,24X71,21X01,,,,<2,N,den/est/ice/lat/nor
30005031501,100D5031502,486O,0,+,,,00P21,,S,21S09,,24X20,24X71,21X01,,,,<1,N,swe
30005031510,100D503151,486O,0,+,,,00P21,,,21S09,,24X20,24X71,21X01,00X10,,,<2,N,den/est/ice/lat
30005031511,100D5031512,486O,0,+,,,00P21,,,21S09,,24X20,24X71,21X01,00X10,,,<1,N,swe
30005031600,100D503160,486O,0,+,,,00P21,,S,21S09,,24X20,24X72,21X03,,,,<2,N,den/est/ice/lat/nor
30005031601,100D5031602,486O,0,+,,,00P21,,S,21S09,,24X20,24X72,21X03,,,,<1,N,swe
30005031610,100D503161,486O,0,+,,,00P21,,,21S09,,24X20,24X72,21X03,00X10,,,<2,N,den/est/ice/lat
30005031611,100D5031612,486O,0,+,,,00P21,,,21S09,,24X20,24X72,21X03,00X10,,,<1,N,swe
30005031700,100D503170,486O,0,+,,,00P21,,S,21S09,,24X20,24X80,,,,,<2,N,den/est/ice/lat/nor
30005031701,100D5031702,486O,0,+,,,00P21,,S,21S09,,24X20,24X80,,,,,<1,N,swe
30005031710,100D503171,486O,0,+,,,00P21,,,21S09,,24X20,24X80,00X10,,,,<2,N,den/est/ice/lat
30005031711,100D5031712,486O,0,+,,,00P21,,,21S09,,24X20,24X80,00X10,,,,<1,N,swe
30005031800,100D503180,486O,0,+,,,00P21,,S,21S09,,24X20,24X81,21X02,,,,<2,N,den/est/ice/lat/nor
30005031801,100D5031802,486O,0,+,,,00P21,,S,21S09,,24X20,24X81,21X02,,,,<1,N,swe
30005031810,100D503181,486O,0,+,,,00P21,,,21S09,,24X20,24X81,21X02,00X10,,,<2,N,den/est/ice/lat
30005031811,100D5031812,486O,0,+,,,00P21,,,21S09,,24X20,24X81,21X02,00X10,,,<1,N,swe
30005031900,100D503190,486O,0,+,,,00P21,,S,21S09,,24X30,24X40,,,,,<2,N,den/est/ice/lat/nor
30005031901,100D5031902,486O,0,+,,,00P21,,S,21S09,,24X30,24X40,,,,,<1,N,swe
30005031910,100D503191,486O,0,+,,,00P21,,,21S09,,24X30,24X40,00X10,,,,<2,N,den/est/ice/lat
30005031911,100D5031912,486O,0,+,,,00P21,,,21S09,,24X30,24X40,00X10,,,,<1,N,swe
30005032000,100D503200,486O,0,+,,,00P21,,S,21S09,,24X30,24X50,,,,,<2,N,den/est/ice/lat/nor
30005032001,100D5032002,486O,0,+,,,00P21,,S,21S09,,24X30,24X50,,,,,<1,N,swe
30005032010,100D503201,486O,0,+,,,00P21,,,21S09,,24X30,24X50,00X10,,,,<2,N,den/est/ice/lat
30005032011,100D5032012,486O,0,+,,,00P21,,,21S09,,24X30,24X50,00X10,,,,<1,N,swe
30005032100,100D503210,486O,0,+,,,00P21,,S,21S09,,24X30,24X60,,,,,<2,N,den/est/ice/lat/nor
30005032101,100D5032102,486O,0,+,,,00P21,,S,21S09,,24X30,24X60,,,,,<1,N,swe
30005032110,100D503211,486O,0,+,,,00P21,,,21S09,,24X30,24X60,00X10,,,,<2,N,den/est/ice/lat
30005032111,100D5032112,486O,0,+,,,00P21,,,21S09,,24X30,24X60,00X10,,,,<1,N,swe
30005032200,100D503220,486O,0,+,,,00P21,,S,21S09,,24X30,24X70,,,,,<2,N,den/est/ice/lat/nor
30005032201,100D5032202,486O,0,+,,,00P21,,S,21S09,,24X30,24X70,,,,,<1,N,swe
30005032210,100D503221,486O,0,+,,,00P21,,,21S09,,24X30,24X70,00X10,,,,<2,N,den/est/ice/lat
30005032211,100D5032212,486O,0,+,,,00P21,,,21S09,,24X30,24X70,00X10,,,,<1,N,swe
30005032300,100D503230,486O,0,+,,,00P21,,S,21S09,,24X30,24X71,21X01,,,,<2,N,den/est/ice/lat/nor
30005032301,100D5032302,486O,0,+,,,00P21,,S,21S09,,24X30,24X71,21X01,,,,<1,N,swe
30005032310,100D503231,486O,0,+,,,00P21,,,21S09,,24X30,24X71,21X01,00X10,,,<2,N,den/est/ice/lat
30005032311,100D5032312,486O,0,+,,,00P21,,,21S09,,24X30,24X71,21X01,00X10,,,<1,N,swe
30005032400,100D503240,486O,0,+,,,00P21,,S,21S09,,24X30,24X72,21X03,,,,<2,N,den/est/ice/lat/nor
30005032401,100D5032402,486O,0,+,,,00P21,,S,21S09,,24X30,24X72,21X03,,,,<1,N,swe
30005032410,100D503241,486O,0,+,,,00P21,,,21S09,,24X30,24X72,21X03,00X10,,,<2,N,den/est/ice/lat
30005032411,100D5032412,486O,0,+,,,00P21,,,21S09,,24X30,24X72,21X03,00X10,,,<1,N,swe
30005032500,100D503250,486O,0,+,,,00P21,,S,21S09,,24X30,24X80,,,,,<2,N,den/est/ice/lat/nor
30005032501,100D5032502,486O,0,+,,,00P21,,S,21S09,,24X30,24X80,,,,,<1,N,swe
30005032510,100D503251,486O,0,+,,,00P21,,,21S09,,24X30,24X80,00X10,,,,<2,N,den/est/ice/lat
30005032511,100D5032512,486O,0,+,,,00P21,,,21S09,,24X30,24X80,00X10,,,,<1,N,swe
30005032600,100D503260,486O,0,+,,,00P21,,S,21S09,,24X30,24X81,21X02,,,,<2,N,den/est/ice/lat/nor
30005032601,100D5032602,486O,0,+,,,00P21,,S,21S09,,24X30,24X81,21X02,,,,<1,N,swe
30005032610,100D503261,486O,0,+,,,00P21,,,21S09,,24X30,24X81,21X02,00X10,,,<2,N,den/est/ice/lat
30005032611,100D5032612,486O,0,+,,,00P21,,,21S09,,24X30,24X81,21X02,00X10,,,<1,N,swe
30005032700,100D503270,486O,0,+,,,00P21,,S,21S09,,24X40,24X50,,,,,<2,N,den/est/ice/lat/nor
30005032701,100D5032702,486O,0,+,,,00P21,,S,21S09,,24X40,24X50,,,,,<1,N,swe
30005032710,100D503271,486O,0,+,,,00P21,,,21S09,,24X40,24X50,00X10,,,,<2,N,den/est/ice/lat
30005032711,100D5032712,486O,0,+,,,00P21,,,21S09,,24X40,24X50,00X10,,,,<1,N,swe
30005032800,100D503280,486O,0,+,,,00P21,,S,21S09,,24X40,24X60,,,,,<2,N,den/est/ice/lat/nor
30005032801,100D5032802,486O,0,+,,,00P21,,S,21S09,,24X40,24X60,,,,,<1,N,swe
30005032810,100D503281,486O,0,+,,,00P21,,,21S09,,24X40,24X60,00X10,,,,<2,N,den/est/ice/lat
30005032811,100D5032812,486O,0,+,,,00P21,,,21S09,,24X40,24X60,00X10,,,,<1,N,swe
30005032900,100D503290,486O,0,+,,,00P21,,S,21S09,,24X40,24X70,,,,,<2,N,den/est/ice/lat/nor
30005032901,100D5032902,486O,0,+,,,00P21,,S,21S09,,24X40,24X70,,,,,<1,N,swe
30005032910,100D503291,486O,0,+,,,00P21,,,21S09,,24X40,24X70,00X10,,,,<2,N,den/est/ice/lat
30005032911,100D5032912,486O,0,+,,,00P21,,,21S09,,24X40,24X70,00X10,,,,<1,N,swe
30005033000,100D503300,486O,0,+,,,00P21,,S,21S09,,24X40,24X71,21X01,,,,<2,N,den/est/ice/lat/nor
30005033001,100D5033002,486O,0,+,,,00P21,,S,21S09,,24X40,24X71,21X01,,,,<1,N,swe
30005033010,100D503301,486O,0,+,,,00P21,,,21S09,,24X40,24X71,21X01,00X10,,,<2,N,den/est/ice/lat
30005033011,100D5033012,486O,0,+,,,00P21,,,21S09,,24X40,24X71,21X01,00X10,,,<1,N,swe
30005033100,100D503310,486O,0,+,,,00P21,,S,21S09,,24X40,24X72,21X03,,,,<2,N,den/est/ice/lat/nor
30005033101,100D5033102,486O,0,+,,,00P21,,S,21S09,,24X40,24X72,21X03,,,,<1,N,swe
30005033110,100D503311,486O,0,+,,,00P21,,,21S09,,24X40,24X72,21X03,00X10,,,<2,N,den/est/ice/lat
30005033111,100D5033112,486O,0,+,,,00P21,,,21S09,,24X40,24X72,21X03,00X10,,,<1,N,swe
30005033200,100D503320,486O,0,+,,,00P21,,S,21S09,,24X40,24X80,,,,,<2,N,den/est/ice/lat/nor
30005033201,100D5033202,486O,0,+,,,00P21,,S,21S09,,24X40,24X80,,,,,<1,N,swe
30005033210,100D503321,486O,0,+,,,00P21,,,21S09,,24X40,24X80,00X10,,,,<2,N,den/est/ice/lat
30005033211,100D5033212,486O,0,+,,,00P21,,,21S09,,24X40,24X80,00X10,,,,<1,N,swe
30005033300,100D503330,486O,0,+,,,00P21,,S,21S09,,24X40,24X81,21X02,,,,<2,N,den/est/ice/lat/nor
30005033301,100D5033302,486O,0,+,,,00P21,,S,21S09,,24X40,24X81,21X02,,,,<1,N,swe
30005033310,100D503331,486O,0,+,,,00P21,,,21S09,,24X40,24X81,21X02,00X10,,,<2,N,den/est/ice/lat
30005033311,100D5033312,486O,0,+,,,00P21,,,21S09,,24X40,24X81,21X02,00X10,,,<1,N,swe
30005033400,100D503340,486O,0,+,,,00P21,,S,21S09,,24X50,24X60,,,,,<2,N,den/est/ice/lat/nor
30005033401,100D5033402,486O,0,+,,,00P21,,S,21S09,,24X50,24X60,,,,,<1,N,swe
30005033410,100D503341,486O,0,+,,,00P21,,,21S09,,24X50,24X60,00X10,,,,<2,N,den/est/ice/lat
30005033411,100D5033412,486O,0,+,,,00P21,,,21S09,,24X50,24X60,00X10,,,,<1,N,swe
30005033500,100D503350,486O,0,+,,,00P21,,S,21S09,,24X50,24X70,,,,,<2,N,den/est/ice/lat/nor
30005033501,100D5033502,486O,0,+,,,00P21,,S,21S09,,24X50,24X70,,,,,<1,N,swe
30005033510,100D503351,486O,0,+,,,00P21,,,21S09,,24X50,24X70,00X10,,,,<2,N,den/est/ice/lat
30005033511,100D5033512,486O,0,+,,,00P21,,,21S09,,24X50,24X70,00X10,,,,<1,N,swe
30005033600,100D503360,486O,0,+,,,00P21,,S,21S09,,24X50,24X71,21X01,,,,<2,N,den/est/ice/lat/nor
30005033601,100D5033602,486O,0,+,,,00P21,,S,21S09,,24X50,24X71,21X01,,,,<1,N,swe
30005033610,100D503361,486O,0,+,,,00P21,,,21S09,,24X50,24X71,21X01,00X10,,,<2,N,den/est/ice/lat
30005033611,100D5033612,486O,0,+,,,00P21,,,21S09,,24X50,24X71,21X01,00X10,,,<1,N,swe
30005033700,100D503370,486O,0,+,,,00P21,,S,21S09,,24X50,24X72,21X03,,,,<2,N,den/est/ice/lat/nor
30005033701,100D5033702,486O,0,+,,,00P21,,S,21S09,,24X50,24X72,21X03,,,,<1,N,swe
30005033710,100D503371,486O,0,+,,,00P21,,,21S09,,24X50,24X72,21X03,00X10,,,<2,N,den/est/ice/lat
30005033711,100D5033712,486O,0,+,,,00P21,,,21S09,,24X50,24X72,21X03,00X10,,,<1,N,swe
30005033800,100D503380,486O,0,+,,,00P21,,S,21S09,,24X50,24X80,,,,,<2,N,den/est/ice/lat/nor
30005033801,100D5033802,486O,0,+,,,00P21,,S,21S09,,24X50,24X80,,,,,<1,N,swe
30005033810,100D503381,486O,0,+,,,00P21,,,21S09,,24X50,24X80,00X10,,,,<2,N,den/est/ice/lat
30005033811,100D5033812,486O,0,+,,,00P21,,,21S09,,24X50,24X80,00X10,,,,<1,N,swe
30005033900,100D503390,486O,0,+,,,00P21,,S,21S09,,24X50,24X81,21X02,,,,<2,N,den/est/ice/lat/nor
30005033901,100D5033902,486O,0,+,,,00P21,,S,21S09,,24X50,24X81,21X02,,,,<1,N,swe
30005033910,100D503391,486O,0,+,,,00P21,,,21S09,,24X50,24X81,21X02,00X10,,,<2,N,den/est/ice/lat
30005033911,100D5033912,486O,0,+,,,00P21,,,21S09,,24X50,24X81,21X02,00X10,,,<1,N,swe
30005034000,100D503400,486O,0,+,,,00P21,,S,21S09,,24X60,24X70,,,,,<2,N,den/est/ice/lat/nor
30005034001,100D5034002,486O,0,+,,,00P21,,S,21S09,,24X60,24X70,,,,,<1,N,swe
30005034010,100D503401,486O,0,+,,,00P21,,,21S09,,24X60,24X70,00X10,,,,<2,N,den/est/ice/lat
30005034011,100D5034012,486O,0,+,,,00P21,,,21S09,,24X60,24X70,00X10,,,,<1,N,swe
30005034100,100D503410,486O,0,+,,,00P21,,S,21S09,,24X60,24X71,21X01,,,,<2,N,den/est/ice/lat/nor
30005034101,100D5034102,486O,0,+,,,00P21,,S,21S09,,24X60,24X71,21X01,,,,<1,N,swe
30005034110,100D503411,486O,0,+,,,00P21,,,21S09,,24X60,24X71,21X01,00X10,,,<2,N,den/est/ice/lat
30005034111,100D5034112,486O,0,+,,,00P21,,,21S09,,24X60,24X71,21X01,00X10,,,<1,N,swe
30005034200,100D503420,486O,0,+,,,00P21,,S,21S09,,24X60,24X72,21X03,,,,<2,N,den/est/ice/lat/nor
30005034201,100D5034202,486O,0,+,,,00P21,,S,21S09,,24X60,24X72,21X03,,,,<1,N,swe
30005034210,100D503421,486O,0,+,,,00P21,,,21S09,,24X60,24X72,21X03,00X10,,,<2,N,den/est/ice/lat
30005034211,100D5034212,486O,0,+,,,00P21,,,21S09,,24X60,24X72,21X03,00X10,,,<1,N,swe
30005034300,100D503430,486O,0,+,,,00P21,,S,21S09,,24X60,24X80,,,,,<2,N,den/est/ice/lat/nor
30005034301,100D5034302,486O,0,+,,,00P21,,S,21S09,,24X60,24X80,,,,,<1,N,swe
30005034310,100D503431,486O,0,+,,,00P21,,,21S09,,24X60,24X80,00X10,,,,<2,N,den/est/ice/lat
30005034311,100D5034312,486O,0,+,,,00P21,,,21S09,,24X60,24X80,00X10,,,,<1,N,swe
30005034400,100D503440,486O,0,+,,,00P21,,S,21S09,,24X60,24X81,21X02,,,,<2,N,den/est/ice/lat/nor
30005034401,100D5034402,486O,0,+,,,00P21,,S,21S09,,24X60,24X81,21X02,,,,<1,N,swe
30005034410,100D503441,486O,0,+,,,00P21,,,21S09,,24X60,24X81,21X02,00X10,,,<2,N,den/est/ice/lat
30005034411,100D5034412,486O,0,+,,,00P21,,,21S09,,24X60,24X81,21X02,00X10,,,<1,N,swe
30005034500,100D503450,486O,0,+,,,00P21,,S,21S09,,24X70,24X80,,,,,<2,N,den/est/ice/lat/nor
30005034501,100D5034502,486O,0,+,,,00P21,,S,21S09,,24X70,24X80,,,,,<1,N,swe
30005034510,100D503451,486O,0,+,,,00P21,,,21S09,,24X70,24X80,00X10,,,,<2,N,den/est/ice/lat
30005034511,100D5034512,486O,0,+,,,00P21,,,21S09,,24X70,24X80,00X10,,,,<1,N,swe
30005034600,100D503460,486O,0,+,,,00P21,,S,21S09,,24X71,21X01,24X80,,,,<2,N,den/est/ice/lat/nor
30005034601,100D5034602,486O,0,+,,,00P21,,S,21S09,,24X71,21X01,24X80,,,,<1,N,swe
30005034610,100D503461,486O,0,+,,,00P21,,,21S09,,24X71,21X01,24X80,00X10,,,<2,N,den/est/ice/lat
30005034611,100D5034612,486O,0,+,,,00P21,,,21S09,,24X71,21X01,24X80,00X10,,,<1,N,swe
30005034700,100D503470,486O,0,+,,,00P21,,S,21S09,,24X72,21X03,24X80,,,,<2,N,den/est/ice/lat/nor
30005034701,100D5034702,486O,0,+,,,00P21,,S,21S09,,24X72,21X03,24X80,,,,<1,N,swe
30005034710,100D503471,486O,0,+,,,00P21,,,21S09,,24X72,21X03,24X80,00X10,,,<2,N,den/est/ice/lat
30005034711,100D5034712,486O,0,+,,,00P21,,,21S09,,24X72,21X03,24X80,00X10,,,<1,N,swe
30005034800,100D503480,486O,0,+,,,00P21,,S,21S09,,24X70,24X81,21X02,,,,<2,N,den/est/ice/lat/nor
30005034801,100D5034802,486O,0,+,,,00P21,,S,21S09,,24X70,24X81,21X02,,,,<1,N,swe
30005034810,100D503481,486O,0,+,,,00P21,,,21S09,,24X70,24X81,21X02,00X10,,,<2,N,den/est/ice/lat
30005034811,100D5034812,486O,0,+,,,00P21,,,21S09,,24X70,24X81,21X02,00X10,,,<1,N,swe
30005034900,100D503490,486O,0,+,,,00P21,,S,21S09,,24X71,21X01,24X81,21X02,,,<2,N,den/est/ice/lat/nor
30005034901,100D5034902,486O,0,+,,,00P21,,S,21S09,,24X71,21X01,24X81,21X02,,,<1,N,swe
30005034910,100D503491,486O,0,+,,,00P21,,,21S09,,24X71,21X01,24X81,00X10,,,<2,N,den/est/ice/lat
30005034911,100D5034912,486O,0,+,,,00P21,,,21S09,,24X71,21X01,24X81,00X10,,,<1,N,swe
30005034920,100D503492,486O,0,+,,,00P21,,S,21S09,,24X72,21X01,24X81,21X02,,,<2,N,nor
30005035000,100D503500,486O,0,+,,,00P21,,S,21S09,,24X72,21X03,24X81,21X02,,,<2,N,den/est/ice/lat
30005035001,100D5035002,486O,0,+,,,00P21,,S,21S09,,24X72,21X03,24X81,21X02,,,<1,N,swe
30005035010,100D503501,486O,0,+,,,00P21,,,21S09,,24X72,21X03,24X81,00X10,,,<2,N,den/est/ice/lat
30005035011,100D5035012,486O,0,+,,,00P21,,,21S09,,24X72,21X03,24X81,00X10,,,<1,N,swe
30005035100,100D503510,486O,0,+,,,00P21,,S,21S09,,24X90,,,,,,<2,N,den/est/ice/lat/nor
30005035101,100D5035102,486O,0,+,,,00P21,,S,21S09,,24X90,,,,,,<1,N,swe
30005035110,100D503511,486O,0,+,,,00P21,,,21S09,,24X90,00X10,,,,,<2,N,den/est/ice/lat
30005035111,100D5035112,486O,0,+,,,00P21,,,21S09,,24X90,00X10,,,,,<1,N,swe
30005050000,100D505000,924O,0,+,,,00P21,,Z,,,24X10,24X20,,,,,<2,N,den/est/lat
30005050001,100D5050001,924O,0,+,,,00P21,,Z,,-99V21,24X10,24X20,,,,,<2,N,ice
30005050100,100D505010,924O,0,+,,,00P21,,Z,,,24X10,24X30,,,,,<2,N,den/est/lat
30005050101,100D5050101,924O,0,+,,,00P21,,Z,,-99V21,24X10,24X30,,,,,<2,N,ice
30005050200,100D505020,924O,0,+,,,00P21,,Z,,,24X10,24X40,,,,,<2,N,den/est/lat
30005050201,100D5050201,924O,0,+,,,00P21,,Z,,-99V21,24X10,24X40,,,,,<2,N,ice
30005050300,100D505030,924O,0,+,,,00P21,,Z,,,24X10,24X50,,,,,<2,N,den/est/lat
30005050301,100D5050301,924O,0,+,,,00P21,,Z,,-99V21,24X10,24X50,,,,,<2,N,ice
30005050400,100D505040,924O,0,+,,,00P21,,Z,,,24X10,24X60,,,,,<2,N,den/est/lat
30005050401,100D5050401,924O,0,+,,,00P21,,Z,,-99V21,24X10,24X60,,,,,<2,N,ice
30005050500,100D505050,924O,0,+,,,00P21,,Z,,,24X10,24X70,,,,,<2,N,den/est/lat
30005050501,100D5050501,924O,0,+,,,00P21,,Z,,-99V21,24X10,24X70,,,,,<2,N,ice
30005050600,100D505060,924O,0,+,,,00P21,,Z,,,24X10,24X71,21X01,,,,<2,N,den/est/lat
30005050601,100D5050601,924O,0,+,,,00P21,,Z,,-99V21,24X10,24X71,21X01,,,,<2,N,ice
30005050700,100D505070,924O,0,+,,,00P21,,Z,,,24X10,24X72,21X03,,,,<2,N,den/est/lat
30005050701,100D5050701,924O,0,+,,,00P21,,Z,,-99V21,24X10,24X72,21X03,,,,<2,N,ice
30005050800,100D505080,924O,0,+,,,00P21,,Z,,,24X10,24X80,,,,,<2,N,den/est/lat
30005050801,100D5050801,924O,0,+,,,00P21,,Z,,-99V21,24X10,24X80,,,,,<2,N,ice
30005050900,100D505090,924O,0,+,,,00P21,,Z,,,24X10,24X81,21X02,,,,<2,N,den/est/lat
30005050901,100D5050901,924O,0,+,,,00P21,,Z,,-99V21,24X10,24X81,21X02,,,,<2,N,ice
30005051000,100D505100,924O,0,+,,,00P21,,Z,,,24X20,24X30,,,,,<2,N,den/est/lat
30005051001,100D5051001,924O,0,+,,,00P21,,Z,,-99V21,24X20,24X30,,,,,<2,N,ice
30005051100,100D505110,924O,0,+,,,00P21,,Z,,,24X20,24X40,,,,,<2,N,den/est/lat
30005051101,100D5051101,924O,0,+,,,00P21,,Z,,-99V21,24X20,24X40,,,,,<2,N,ice
30005051200,100D505120,924O,0,+,,,00P21,,Z,,,24X20,24X50,,,,,<2,N,den/est/lat
30005051201,100D5051201,924O,0,+,,,00P21,,Z,,-99V21,24X20,24X50,,,,,<2,N,ice
30005051300,100D505130,924O,0,+,,,00P21,,Z,,,24X20,24X60,,,,,<2,N,den/est/lat
30005051301,100D5051301,924O,0,+,,,00P21,,Z,,-99V21,24X20,24X60,,,,,<2,N,ice
30005051400,100D505140,924O,0,+,,,00P21,,Z,,,24X20,24X70,,,,,<2,N,den/est/lat
30005051401,100D5051401,924O,0,+,,,00P21,,Z,,-99V21,24X20,24X70,,,,,<2,N,ice
30005051500,100D505150,924O,0,+,,,00P21,,Z,,,24X20,24X71,21X01,,,,<2,N,den/est/lat
30005051501,100D5051501,924O,0,+,,,00P21,,Z,,-99V21,24X20,24X71,21X01,,,,<2,N,ice
30005051600,100D505160,924O,0,+,,,00P21,,Z,,,24X20,24X72,21X03,,,,<2,N,den/est/lat
30005051601,100D5051601,924O,0,+,,,00P21,,Z,,-99V21,24X20,24X72,21X03,,,,<2,N,ice
30005051700,100D505170,924O,0,+,,,00P21,,Z,,,24X20,24X80,,,,,<2,N,den/est/lat
30005051701,100D5051701,924O,0,+,,,00P21,,Z,,-99V21,24X20,24X80,,,,,<2,N,ice
30005051800,100D505180,924O,0,+,,,00P21,,Z,,,24X20,24X81,21X02,,,,<2,N,den/est/lat
30005051801,100D5051801,924O,0,+,,,00P21,,Z,,-99V21,24X20,24X81,21X02,,,,<2,N,ice
30005051900,100D505190,924O,0,+,,,00P21,,Z,,,24X30,24X40,,,,,<2,N,den/est/lat
30005051901,100D5051901,924O,0,+,,,00P21,,Z,,-99V21,24X30,24X40,,,,,<2,N,ice
30005052000,100D505200,924O,0,+,,,00P21,,Z,,,24X30,24X50,,,,,<2,N,den/est/lat
30005052001,100D5052001,924O,0,+,,,00P21,,Z,,-99V21,24X30,24X50,,,,,<2,N,ice
30005052100,100D505210,924O,0,+,,,00P21,,Z,,,24X30,24X60,,,,,<2,N,den/est/lat
30005052101,100D5052101,924O,0,+,,,00P21,,Z,,-99V21,24X30,24X60,,,,,<2,N,ice
30005052200,100D505220,924O,0,+,,,00P21,,Z,,,24X30,24X70,,,,,<2,N,den/est/lat
30005052201,100D5052201,924O,0,+,,,00P21,,Z,,-99V21,24X30,24X70,,,,,<2,N,ice
30005052300,100D505230,924O,0,+,,,00P21,,Z,,,24X30,24X71,21X01,,,,<2,N,den/est/lat
30005052301,100D5052301,924O,0,+,,,00P21,,Z,,-99V21,24X30,24X71,21X01,,,,<2,N,ice
30005052400,100D505240,924O,0,+,,,00P21,,Z,,,24X30,24X72,21X03,,,,<2,N,den/est/lat
30005052401,100D5052401,924O,0,+,,,00P21,,Z,,-99V21,24X30,24X72,21X03,,,,<2,N,ice
30005052500,100D505250,924O,0,+,,,00P21,,Z,,,24X30,24X80,,,,,<2,N,den/est/lat
30005052501,100D5052501,924O,0,+,,,00P21,,Z,,-99V21,24X30,24X80,,,,,<2,N,ice
30005052600,100D505260,924O,0,+,,,00P21,,Z,,,24X30,24X81,21X02,,,,<2,N,den/est/lat
30005052601,100D5052601,924O,0,+,,,00P21,,Z,,-99V21,24X30,24X81,21X02,,,,<2,N,ice
30005052700,100D505270,924O,0,+,,,00P21,,Z,,,24X40,24X50,,,,,<2,N,den/est/lat
30005052701,100D5052701,924O,0,+,,,00P21,,Z,,-99V21,24X40,24X50,,,,,<2,N,ice
30005052800,100D505280,924O,0,+,,,00P21,,Z,,,24X40,24X60,,,,,<2,N,den/est/lat
30005052801,100D5052801,924O,0,+,,,00P21,,Z,,-99V21,24X40,24X60,,,,,<2,N,ice
30005052900,100D505290,924O,0,+,,,00P21,,Z,,,24X40,24X70,,,,,<2,N,den/est/lat
30005052901,100D5052901,924O,0,+,,,00P21,,Z,,-99V21,24X40,24X70,,,,,<2,N,ice
30005053000,100D505300,924O,0,+,,,00P21,,Z,,,24X40,24X71,21X01,,,,<2,N,den/est/lat
30005053001,100D5053001,924O,0,+,,,00P21,,Z,,-99V21,24X40,24X71,21X01,,,,<2,N,ice
30005053100,100D505310,924O,0,+,,,00P21,,Z,,,24X40,24X72,21X03,,,,<2,N,den/est/lat
30005053101,100D5053101,924O,0,+,,,00P21,,Z,,-99V21,24X40,24X72,21X03,,,,<2,N,ice
30005053200,100D505320,924O,0,+,,,00P21,,Z,,,24X40,24X80,,,,,<2,N,den/est/lat
30005053201,100D5053201,924O,0,+,,,00P21,,Z,,-99V21,24X40,24X80,,,,,<2,N,ice
30005053300,100D505330,924O,0,+,,,00P21,,Z,,,24X40,24X81,21X02,,,,<2,N,den/est/lat
30005053301,100D5053301,924O,0,+,,,00P21,,Z,,-99V21,24X40,24X81,21X02,,,,<2,N,ice
30005053400,100D505340,924O,0,+,,,00P21,,Z,,,24X50,24X60,,,,,<2,N,den/est/lat
30005053401,100D5053401,924O,0,+,,,00P21,,Z,,-99V21,24X50,24X60,,,,,<2,N,ice
30005053500,100D505350,924O,0,+,,,00P21,,Z,,,24X50,24X70,,,,,<2,N,den/est/lat
30005053501,100D5053501,924O,0,+,,,00P21,,Z,,-99V21,24X50,24X70,,,,,<2,N,ice
30005053600,100D505360,924O,0,+,,,00P21,,Z,,,24X50,24X71,21X01,,,,<2,N,den/est/lat
30005053601,100D5053601,924O,0,+,,,00P21,,Z,,-99V21,24X50,24X71,21X01,,,,<2,N,ice
30005053700,100D505370,924O,0,+,,,00P21,,Z,,,24X50,24X72,21X03,,,,<2,N,den/est/lat
30005053701,100D5053701,924O,0,+,,,00P21,,Z,,-99V21,24X50,24X72,21X03,,,,<2,N,ice
30005053800,100D505380,924O,0,+,,,00P21,,Z,,,24X50,24X80,,,,,<2,N,den/est/lat
30005053801,100D5053801,924O,0,+,,,00P21,,Z,,-99V21,24X50,24X80,,,,,<2,N,ice
30005053900,100D505390,924O,0,+,,,00P21,,Z,,,24X50,24X81,21X02,,,,<2,N,den/est/lat
30005053901,100D5053901,924O,0,+,,,00P21,,Z,,-99V21,24X50,24X81,21X02,,,,<2,N,ice
30005054000,100D505400,924O,0,+,,,00P21,,Z,,,24X60,24X70,,,,,<2,N,den/est/lat
30005054001,100D5054001,924O,0,+,,,00P21,,Z,,-99V21,24X60,24X70,,,,,<2,N,ice
30005054100,100D505410,924O,0,+,,,00P21,,Z,,,24X60,24X71,21X01,,,,<2,N,den/est/lat
30005054101,100D5054101,924O,0,+,,,00P21,,Z,,-99V21,24X60,24X71,21X01,,,,<2,N,ice
30005054200,100D505420,924O,0,+,,,00P21,,Z,,,24X60,24X72,21X03,,,,<2,N,den/est/lat
30005054201,100D5054201,924O,0,+,,,00P21,,Z,,-99V21,24X60,24X72,21X03,,,,<2,N,ice
30005054300,100D505430,924O,0,+,,,00P21,,Z,,,24X60,24X80,,,,,<2,N,den/est/lat
30005054301,100D5054301,924O,0,+,,,00P21,,Z,,-99V21,24X60,24X80,,,,,<2,N,ice
30005054400,100D505440,924O,0,+,,,00P21,,Z,,,24X60,24X81,21X02,,,,<2,N,den/est/lat
30005054401,100D5054401,924O,0,+,,,00P21,,Z,,-99V21,24X60,24X81,21X02,,,,<2,N,ice
30005054500,100D505450,924O,0,+,,,00P21,,Z,,,24X70,24X80,,,,,<2,N,den/est/lat
30005054501,100D5054501,924O,0,+,,,00P21,,Z,,-99V21,24X70,24X80,,,,,<2,N,ice
30005054600,100D505460,924O,0,+,,,00P21,,Z,,,24X71,21X01,24X80,,,,<2,N,den/est/lat
30005054601,100D5054601,924O,0,+,,,00P21,,Z,,-99V21,24X71,21X01,24X80,,,,<2,N,ice
30005054700,100D505470,924O,0,+,,,00P21,,Z,,,24X72,21X03,24X80,,,,<2,N,den/est/lat
30005054701,100D5054701,924O,0,+,,,00P21,,Z,,-99V21,24X72,21X03,24X80,,,,<2,N,ice
30005054800,100D505480,924O,0,+,,,00P21,,Z,,,24X70,24X81,21X02,,,,<2,N,den/est/lat
30005054801,100D5054801,924O,0,+,,,00P21,,Z,,-99V21,24X70,24X81,21X02,,,,<2,N,ice
30005054900,100D505490,924O,0,+,,,00P21,,Z,,,24X71,21X01,24X81,21X02,,,<2,N,den/est/lat
30005054901,100D5054901,924O,0,+,,,00P21,,Z,,-99V21,24X71,21X01,24X81,21X02,,,<2,N,ice
30005055000,100D505500,924O,0,+,,,00P21,,Z,,,24X72,21X03,24X81,21X02,,,<2,N,den/est/lat
30005055001,100D5055001,924O,0,+,,,00P21,,Z,,-99V21,24X72,21X03,24X81,21X02,,,<2,N,ice
30005055100,100D505510,924O,0,+,,,00P21,,Z,,,24X90,,,,,,<2,N,den/est/lat
30005055101,100D5055101,924O,0,+,,,00P21,,Z,,-99V21,24X90,,,,,,<2,N,ice
30005070000,100D507000,824O,0,+,,,00P21,,N,,,24X10,24X20,,,,,<2,N,den/est/lat
30005070001,100D5070001,824O,0,+,,,00P21,,N,,-99V21,24X10,24X20,,,,,<2,N,ice
30005070100,100D507010,824O,0,+,,,00P21,,N,,,24X10,24X30,,,,,<2,N,den/est/lat
30005070101,100D5070101,824O,0,+,,,00P21,,N,,-99V21,24X10,24X30,,,,,<2,N,ice
30005070200,100D507020,824O,0,+,,,00P21,,N,,,24X10,24X40,,,,,<2,N,den/est/lat
30005070201,100D5070201,824O,0,+,,,00P21,,N,,-99V21,24X10,24X40,,,,,<2,N,ice
30005070300,100D507030,824O,0,+,,,00P21,,N,,,24X10,24X50,,,,,<2,N,den/est/lat
30005070301,100D5070301,824O,0,+,,,00P21,,N,,-99V21,24X10,24X50,,,,,<2,N,ice
30005070400,100D507040,824O,0,+,,,00P21,,N,,,24X10,24X60,,,,,<2,N,den/est/lat
30005070401,100D5070401,824O,0,+,,,00P21,,N,,-99V21,24X10,24X60,,,,,<2,N,ice
30005070500,100D507050,824O,0,+,,,00P21,,N,,,24X10,24X70,,,,,<2,N,den/est/lat
30005070501,100D5070501,824O,0,+,,,00P21,,N,,-99V21,24X10,24X70,,,,,<2,N,ice
30005070600,100D507060,824O,0,+,,,00P21,,N,,,24X10,24X71,21X01,,,,<2,N,den/est/lat
30005070601,100D5070601,824O,0,+,,,00P21,,N,,-99V21,24X10,24X71,21X01,,,,<2,N,ice
30005070700,100D507070,824O,0,+,,,00P21,,N,,,24X10,24X72,21X03,,,,<2,N,den/est/lat
30005070701,100D5070701,824O,0,+,,,00P21,,N,,-99V21,24X10,24X72,21X03,,,,<2,N,ice
30005070800,100D507080,824O,0,+,,,00P21,,N,,,24X10,24X80,,,,,<2,N,den/est/lat
30005070801,100D5070801,824O,0,+,,,00P21,,N,,-99V21,24X10,24X80,,,,,<2,N,ice
30005070900,100D507090,824O,0,+,,,00P21,,N,,,24X10,24X81,21X02,,,,<2,N,den/est/lat
30005070901,100D5070901,824O,0,+,,,00P21,,N,,-99V21,24X10,24X81,21X02,,,,<2,N,ice
30005071000,100D507100,824O,0,+,,,00P21,,N,,,24X20,24X30,,,,,<2,N,den/est/lat
30005071001,100D5071001,824O,0,+,,,00P21,,N,,-99V21,24X20,24X30,,,,,<2,N,ice
30005071100,100D507110,824O,0,+,,,00P21,,N,,,24X20,24X40,,,,,<2,N,den/est/lat
30005071101,100D5071101,824O,0,+,,,00P21,,N,,-99V21,24X20,24X40,,,,,<2,N,ice
30005071200,100D507120,824O,0,+,,,00P21,,N,,,24X20,24X50,,,,,<2,N,den/est/lat
30005071201,100D5071201,824O,0,+,,,00P21,,N,,-99V21,24X20,24X50,,,,,<2,N,ice
30005071300,100D507130,824O,0,+,,,00P21,,N,,,24X20,24X60,,,,,<2,N,den/est/lat
30005071301,100D5071301,824O,0,+,,,00P21,,N,,-99V21,24X20,24X60,,,,,<2,N,ice
30005071400,100D507140,824O,0,+,,,00P21,,N,,,24X20,24X70,,,,,<2,N,den/est/lat
30005071401,100D5071401,824O,0,+,,,00P21,,N,,-99V21,24X20,24X70,,,,,<2,N,ice
30005071500,100D507150,824O,0,+,,,00P21,,N,,,24X20,24X71,21X01,,,,<2,N,den/est/lat
30005071501,100D5071501,824O,0,+,,,00P21,,N,,-99V21,24X20,24X71,21X01,,,,<2,N,ice
30005071600,100D507160,824O,0,+,,,00P21,,N,,,24X20,24X72,21X03,,,,<2,N,den/est/lat
30005071601,100D5071601,824O,0,+,,,00P21,,N,,-99V21,24X20,24X72,21X03,,,,<2,N,ice
30005071700,100D507170,824O,0,+,,,00P21,,N,,,24X20,24X80,,,,,<2,N,den/est/lat
30005071701,100D5071701,824O,0,+,,,00P21,,N,,-99V21,24X20,24X80,,,,,<2,N,ice
30005071800,100D507180,824O,0,+,,,00P21,,N,,,24X20,24X81,21X02,,,,<2,N,den/est/lat
30005071801,100D5071801,824O,0,+,,,00P21,,N,,-99V21,24X20,24X81,21X02,,,,<2,N,ice
30005071900,100D507190,824O,0,+,,,00P21,,N,,,24X30,24X40,,,,,<2,N,den/est/lat
30005071901,100D5071901,824O,0,+,,,00P21,,N,,-99V21,24X30,24X40,,,,,<2,N,ice
30005072000,100D507200,824O,0,+,,,00P21,,N,,,24X30,24X50,,,,,<2,N,den/est/lat
30005072001,100D5072001,824O,0,+,,,00P21,,N,,-99V21,24X30,24X50,,,,,<2,N,ice
30005072100,100D507210,824O,0,+,,,00P21,,N,,,24X30,24X60,,,,,<2,N,den/est/lat
30005072101,100D5072101,824O,0,+,,,00P21,,N,,-99V21,24X30,24X60,,,,,<2,N,ice
30005072200,100D507220,824O,0,+,,,00P21,,N,,,24X30,24X70,,,,,<2,N,den/est/lat
30005072201,100D5072201,824O,0,+,,,00P21,,N,,-99V21,24X30,24X70,,,,,<2,N,ice
30005072300,100D507230,824O,0,+,,,00P21,,N,,,24X30,24X71,21X01,,,,<2,N,den/est/lat
30005072301,100D5072301,824O,0,+,,,00P21,,N,,-99V21,24X30,24X71,21X01,,,,<2,N,ice
30005072400,100D507240,824O,0,+,,,00P21,,N,,,24X30,24X72,21X03,,,,<2,N,den/est/lat
30005072401,100D5072401,824O,0,+,,,00P21,,N,,-99V21,24X30,24X72,21X03,,,,<2,N,ice
30005072500,100D507250,824O,0,+,,,00P21,,N,,,24X30,24X80,,,,,<2,N,den/est/lat
30005072501,100D5072501,824O,0,+,,,00P21,,N,,-99V21,24X30,24X80,,,,,<2,N,ice
30005072600,100D507260,824O,0,+,,,00P21,,N,,,24X30,24X81,21X02,,,,<2,N,den/est/lat
30005072601,100D5072601,824O,0,+,,,00P21,,N,,-99V21,24X30,24X81,21X02,,,,<2,N,ice
30005072700,100D507270,824O,0,+,,,00P21,,N,,,24X40,24X50,,,,,<2,N,den/est/lat
30005072701,100D5072701,824O,0,+,,,00P21,,N,,-99V21,24X40,24X50,,,,,<2,N,ice
30005072800,100D507280,824O,0,+,,,00P21,,N,,,24X40,24X60,,,,,<2,N,den/est/lat
30005072801,100D5072801,824O,0,+,,,00P21,,N,,-99V21,24X40,24X60,,,,,<2,N,ice
30005072900,100D507290,824O,0,+,,,00P21,,N,,,24X40,24X70,,,,,<2,N,den/est/lat
30005072901,100D5072901,824O,0,+,,,00P21,,N,,-99V21,24X40,24X70,,,,,<2,N,ice
30005073000,100D507300,824O,0,+,,,00P21,,N,,,24X40,24X71,21X01,,,,<2,N,den/est/lat
30005073001,100D5073001,824O,0,+,,,00P21,,N,,-99V21,24X40,24X71,21X01,,,,<2,N,ice
30005073100,100D507310,824O,0,+,,,00P21,,N,,,24X40,24X72,21X03,,,,<2,N,den/est/lat
30005073101,100D5073101,824O,0,+,,,00P21,,N,,-99V21,24X40,24X72,21X03,,,,<2,N,ice
30005073200,100D507320,824O,0,+,,,00P21,,N,,,24X40,24X80,,,,,<2,N,den/est/lat
30005073201,100D5073201,824O,0,+,,,00P21,,N,,-99V21,24X40,24X80,,,,,<2,N,ice
30005073300,100D507330,824O,0,+,,,00P21,,N,,,24X40,24X81,21X02,,,,<2,N,den/est/lat
30005073301,100D5073301,824O,0,+,,,00P21,,N,,-99V21,24X40,24X81,21X02,,,,<2,N,ice
30005073400,100D507340,824O,0,+,,,00P21,,N,,,24X50,24X60,,,,,<2,N,den/est/lat
30005073401,100D5073401,824O,0,+,,,00P21,,N,,-99V21,24X50,24X60,,,,,<2,N,ice
30005073500,100D507350,824O,0,+,,,00P21,,N,,,24X50,24X70,,,,,<2,N,den/est/lat
30005073501,100D5073501,824O,0,+,,,00P21,,N,,-99V21,24X50,24X70,,,,,<2,N,ice
30005073600,100D507360,824O,0,+,,,00P21,,N,,,24X50,24X71,21X01,,,,<2,N,den/est/lat
30005073601,100D5073601,824O,0,+,,,00P21,,N,,-99V21,24X50,24X71,21X01,,,,<2,N,ice
30005073700,100D507370,824O,0,+,,,00P21,,N,,,24X50,24X72,21X03,,,,<2,N,den/est/lat
30005073701,100D5073701,824O,0,+,,,00P21,,N,,-99V21,24X50,24X72,21X03,,,,<2,N,ice
30005073800,100D507380,824O,0,+,,,00P21,,N,,,24X50,24X80,,,,,<2,N,den/est/lat
30005073801,100D5073801,824O,0,+,,,00P21,,N,,-99V21,24X50,24X80,,,,,<2,N,ice
30005073900,100D507390,824O,0,+,,,00P21,,N,,,24X50,24X81,21X02,,,,<2,N,den/est/lat
30005073901,100D5073901,824O,0,+,,,00P21,,N,,-99V21,24X50,24X81,21X02,,,,<2,N,ice
30005074000,100D507400,824O,0,+,,,00P21,,N,,,24X60,24X70,,,,,<2,N,den/est/lat
30005074001,100D5074001,824O,0,+,,,00P21,,N,,-99V21,24X60,24X70,,,,,<2,N,ice
30005074100,100D507410,824O,0,+,,,00P21,,N,,,24X60,24X71,21X01,,,,<2,N,den/est/lat
30005074101,100D5074101,824O,0,+,,,00P21,,N,,-99V21,24X60,24X71,21X01,,,,<2,N,ice
30005074200,100D507420,824O,0,+,,,00P21,,N,,,24X60,24X72,21X03,,,,<2,N,den/est/lat
30005074201,100D5074201,824O,0,+,,,00P21,,N,,-99V21,24X60,24X72,21X03,,,,<2,N,ice
30005074300,100D507430,824O,0,+,,,00P21,,N,,,24X60,24X80,,,,,<2,N,den/est/lat
30005074301,100D5074301,824O,0,+,,,00P21,,N,,-99V21,24X60,24X80,,,,,<2,N,ice
30005074400,100D507440,824O,0,+,,,00P21,,N,,,24X60,24X81,21X02,,,,<2,N,den/est/lat
30005074401,100D5074401,824O,0,+,,,00P21,,N,,-99V21,24X60,24X81,21X02,,,,<2,N,ice
30005074500,100D507450,824O,0,+,,,00P21,,N,,,24X70,24X80,,,,,<2,N,den/est/lat
30005074501,100D5074501,824O,0,+,,,00P21,,N,,-99V21,24X70,24X80,,,,,<2,N,ice
30005074600,100D507460,824O,0,+,,,00P21,,N,,,24X71,21X01,24X80,,,,<2,N,den/est/lat
30005074601,100D5074601,824O,0,+,,,00P21,,N,,-99V21,24X71,21X01,24X80,,,,<2,N,ice
30005074700,100D507470,824O,0,+,,,00P21,,N,,,24X72,21X03,24X80,,,,<2,N,den/est/lat
30005074701,100D5074701,824O,0,+,,,00P21,,N,,-99V21,24X72,21X03,24X80,,,,<2,N,ice
30005074800,100D507480,824O,0,+,,,00P21,,N,,,24X70,24X81,21X02,,,,<2,N,den/est/lat
30005074801,100D5074801,824O,0,+,,,00P21,,N,,-99V21,24X70,24X81,21X02,,,,<2,N,ice
30005074900,100D507490,824O,0,+,,,00P21,,N,,,24X71,21X01,24X81,21X02,,,<2,N,den/est/lat
30005074901,100D5074901,824O,0,+,,,00P21,,N,,-99V21,24X71,21X01,24X81,21X02,,,<2,N,ice
30005075000,100D507500,824O,0,+,,,00P21,,N,,,24X72,21X03,24X81,21X02,,,<2,N,den/est/lat
30005075001,100D5075001,824O,0,+,,,00P21,,N,,-99V21,24X72,21X03,24X81,21X02,,,<2,N,ice
30005075100,100D507510,824O,0,+,,,00P21,,N,,,24X90,,,,,,<2,N,den/est/lat
30005075101,100D5075101,824O,0,+,,,00P21,,N,,-99V21,24X90,,,,,,<2,N,ice
30006000000,100D600000,415O,0,+,,,18P01,,S,,,18X01,,,,,,<2,N,den/est/fin/ice/lat/nor
30006000001,100D6000001,415O,0,+,,,18P01,,S,,,18X01,,,,,,<1,N,swe
30006000010,100D600001,415O,0,+,,,18P01,,,,,18X01,00X10,,,,,<2,N,fin
30006000100,100D600010,415O,0,+,,,18P01,,,,,18X01,00X10,,,,,<2,N,den/est/ice/lat
30006000101,100D6000101,415O,0,+,,,18P01,,,,,18X01,00X10,,,,,<1,N,swe
30006020000,100D602000,901FQ,0,+,,,18P01,,N,01D02,,18X01,,,,,,<2,N,fin
30006020200,100D602020,905FQ,0,+,,,18P01,,N,05D22,,18X01,,,,,,<2,N,fin
30006020400,100D602040,905FS,0,+,,,18P01,,N,05D62,,18X01,,,,,,<2,N,fin
30006020600,100D602060,905FT,0,+,,,18P01,,N,05D64,,18X01,,,,,,<2,N,fin
30006020800,100D602080,906FQ,0,+,,,18P01,,N,06D32,,18X01,,,,,,<2,N,fin
30006021000,100D602100,908FQ,0,+,,,18P01,,N,08D42,,18X01,,,,,,<2,N,fin
30006021200,100D602120,930FQ,0,+,,,18P01,,N,30D72,,18X01,,,,,,<2,N,fin
30006021400,100D602140,917FW,0,+,,,18P01,,N,90D92,,18X01,90X01,,,,,<2,N,fin
30006022000,100D602200,901FP,0,+,,,18P01,,N,01D01,,18X01,,,,,,<2,N,fin
30006022200,100D602220,905FP,0,+,,,18P01,,N,05D21,,18X01,,,,,,<2,N,fin
30006022400,100D602240,906FP,0,+,,,18P01,,N,06D31,,18X01,,,,,,<2,N,fin
30006022600,100D602260,908FP,0,+,,,18P01,,N,08D41,,18X01,,,,,,<2,N,fin
30006022800,100D602280,910FP,0,+,,,18P01,,N,10D11,,18X01,,,,,,<2,N,fin
30006023000,100D602300,930FP,0,+,,,18P01,,N,30D71,,18X01,,,,,,<2,N,fin
30006023200,100D602320,917FV,0,+,,,18P01,,N,90D91,,18X01,90X01,,,,,<2,N,fin
30006080000,100D608000,918FA,0,+,,,18P01,,N,99T00,90S02,18X01,,,,,,<2,N,fin
30006080010,100D608001,918FA,0,+,,,18P01,,N,99T00,,18X01,99X20,,,,,<2,N,fin
30006080300,100D608030,918FA,0,+,,,18P01,,N,99T00,90S04,18X01,,,,,,<2,N,fin
30006099700,100D609970,918O,0,+,,,18P01,,Z,,,18X01,,,,,,<2,N,den/est/fin/lat
30006099900,100D609990,818O,0,+,,,18P01,,N,,,18X01,,,,,,<2,N,den/est/fin/lat
30006099901,100D6099901,818O,0,+,,,18P01,,P,,,18X01,,,,,,<2,N,ice
30006099902,100D6099902,823P,0,+,,,18P01,,P,,,18X01,,,,,,<1,N,nor
30007000000,100D700000,470Y,0,+,,,,,S,14S01,,14X31,,,,,,<2,N,fin/ice/est
30007000001,100D7000001,470Y,9,+,,,,,S,14S01,,14X31,,,,,,<1,N,swe
30007000100,100D700010,371O,0,+,,,,,S,14S01,,,,,,,,<2,N,den/est/fin/ice/lat/nor
30007000101,100D7000101,371O,0,+,,,,,S,14S01,,,,,,,,<1,N,swe
30007000200,100D700020,365O,0,+,14.0,14M03,,,S,14S11,,,,,,,,<2,N,den/est/ice/lat/nor
30007000201,100D7000201,365O,0,+,14.0,14M03,,,,14S11,,00X10,,,,,,<2,N,est/fin
30007000202,100D7000202,365O,0,+,14.0,14M03,,,S,14S11,,,,,,,,<1,N,swe
30007000210,100D700021,365O,0,+,14.0,14M03,,,,14S11,,00X10,,,,,,<2,N,den/ice/lat
30007000211,100D7000211,365O,0,+,14.0,14M03,,,,14S11,,00X10,,,,,,<1,N,swe
30007000300,100D700030,373O,0,+,,,,,S,14S02,,14X03,,,,,,<2,N,ice/nor
30007000310,100D700031,373O,0,+,,,14P01,,,,,,,,,,,<2,N,den/est/fin/ice/lat
30007000312,100D7000312,373O,0,+,,,14P01,,,,,,,,,,,<1,N,swe
30007000331,100D7000331,373O,0,+,,,,,S,14S03,,14X03,,,,,,<2,N,nor
30007000500,100D700050,373O,0,+,,,,,S,14S04,-14S90,14X03,,,,,,<2,N,nor
30007000530,100D700053,373O,0,+,,,,,N,,,14X03,,,,,,<2,N,nor
30007010100,100D701010,381O,0,+,14.0,,,,S,14S05,,,,,,,,<2,N,den/est/fin/ice/lat/nor
30007010101,100D7010101,381O,0,+,14.0,,,,S,14S05,,,,,,,,<1,N,swe
30007010300,100D701030,814NS,0,+,14.0,,,,,14O03,,,,,,,,,,fin
30007010301,100D7010301,814NS,0,+,14.0,,,,,14O03,,,,,,,,<2,N,nor
30007010400,100D701040,381O,0,+,14.0,,,,,,,14X31,,,,,,<2,N,den/est/lat
30007010401,100D7010401,814P,0,+,14.0,,,,,,,14X31,,,,,,<2,N,fin/ice/nor
30007010402,100D7010402,814P,0,+,14.0,,,,,,,14X31,,,,,,<1,N,swe
30007011884,100D701631,711P,0,+,13.0,,,,P,14E11,,14X01,00X10,,,,,<2,N,fin
30007013366,100D701632,711Q,0,+,13.0,,,,P,14E11,,14X01,,,,,,<2,N,fin
30007016458,100D7016329,711P,0,+,13.0,,,,P,14E11,,14X01,00X10,,,,,<1,N,swe
30007016586,100D7016330,711Q,0,+,13.0,,,,P,14E11,,14X01,,,,,,<1,N,swe
30007017100,100D701710,901FQ,0,+,13.0,,,,N,14D02,,14X01,,,,,,<2,N,fin
30007018100,100D701810,930FQ,0,+,13.0,,,,N,14D72,,14X01,,,,,,<2,N,fin
30007024100,100D702410,901FQ,0,+,13.0,,,,N,90D02,,90X01,14X01,,,,,<2,N,fin
30007024300,100D702430,905FQ,0,+,13.0,,,,N,90D22,,90X01,14X01,,,,,<2,N,fin
30007024500,100D702450,906FQ,0,+,13.0,,,,N,90D32,,90X01,14X01,,,,,<2,N,fin
30007024700,100D702470,908FQ,0,+,13.0,,,,N,90D42,,90X01,14X01,,,,,<2,N,fin
30007024900,100D702490,905FS,0,+,13.0,,,,N,90D62,,90X01,14X01,,,,,<2,N,fin
30007025100,100D702510,905FT,0,+,13.0,,,,N,90D64,,90X01,14X01,,,,,<2,N,fin
30007025300,100D702530,917FW,0,+,13.0,,,,N,90D92,,90X01,14X01,,,,,<2,N,fin
30007026010,100D702601,901FP,0,+,13.0,,,,N,14D01,,14X01,,,,,,<2,N,fin
30007026110,100D702611,910FP,0,+,13.0,,,,N,14D11,,14X01,,,,,,<2,N,fin
30007026190,100D702619,914FQ,0,+,,,,,N,14D51,,14X41,,,,,,<1,N,nor
30007026200,100D702620,914FQ,0,+,14.0,,,,N,14O05,,,,,,,,<1,N,nor
30007026210,100D702621,914FP,0,+,13.0,,,,N,14D51,,14X01,,,,,,<2,N,fin/ice
30007026211,100D7026211,914FP,0,+,13.0,,,,N,14D51,,14X01,,,,,,<1,N,nor
30007026220,100D702622,914FP,0,+,13.0,,,,N,14O04,,14X01,,,,,,<1,N,nor
30007026310,100D702631,930FP,0,+,13.0,,,,N,14D71,,14X01,,,,,,<2,N,fin
30007026500,100D702650,901FP,0,+,13.0,,,,N,90D01,,90X01,14X01,,,,,<2,N,fin
30007026700,100D702670,905FP,0,+,13.0,,,,N,90D21,,90X01,14X01,,,,,<2,N,fin
30007026900,100D702690,906FP,0,+,13.0,,,,N,90D31,,90X01,14X01,,,,,<2,N,fin
30007027100,100D702710,908FP,0,+,13.0,,,,N,90D41,,90X01,14X01,,,,,<2,N,fin
30007027500,100D702750,905FR,0,+,13.0,,,,N,90D61,,90X01,14X01,,,,,<2,N,fin
30007027700,100D702770,917FV,0,+,13.0,,,,N,90D91,,90X01,14X01,,,,,<2,N,fin
30007028000,100D702800,814NR,0,+,14.0,,,,N,14O02,,,,,,,,<2,N,ice/nor
30007043625,100D709048,711P,0,+,14.0,14M03,,,P,14E11,,00X10,,,,,,<2,N,fin
30007059250,100D709049,711Q,0,+,14.0,14M03,,,P,14E11,,,,,,,,<2,N,fin
30007090500,100D709050,711O,0,+,14.0,14M03,,,P,14E11,,,,,,,,<2,N,den/est/ice/lat/nor
30007090516,100D7090499,711P,0,+,14.0,14M03,,,P,14E11,,00X10,,,,,,<1,N,swe
30007090533,100D7090500,711Q,0,+,14.0,14M03,,,P,14E11,,,,,,,,<1,N,swe
30007090600,100D709060,711O,0,+,13.0,,,,P,14E11,,14X01,,,,,,<2,N,den/est/ice/lat/nor
30007998000,100D799800,914O,0,+,13.0,,,,Z,,,14X01,,,,,,<2,N,den/est/fin/lat
30007998001,100D7998001,914O,0,+,13.0,,,,Z,,-99V21,14X01,,,,,,<2,N,ice
30007998002,100D7998002,914O,0,+,13.0,,,,Z,,,14X01,,,,,,<1,N,nor
30007999000,100D799900,814O,0,+,13.0,,,,N,,,14X01,,,,,,<2,N,den/est/fin/lat
30007999001,100D7999001,814O,0,+,13.0,,,,N,,-99V21,14X01,,,,,,<2,N,ice
30007999002,100D7999002,823P,0,+,13.0,,,,N,,,14X01,,,,,,<1,N,nor
30008000000,100D800000,852N,0,+,,,12P01,,,90T07,,,,,,,,<2,N,nor
30008000100,100D800010,852N,0,+,,,12P01,,,90T08,,,,,,,,<2,N,nor
30008000170,100D800017,852X,0,+,,,,,,90T08,,90X01,,,,,,<2,N,nor
30008000180,100D800018,852X,0,+,,,,,,90T07,,90X01,,,,,,<2,N,nor
30008000201,100D8000201,856J,0,+,,,09P01,,N,40V56,,,,,,,,<2,N,nor
30008000210,100D800021,856D,0,+,4.0,,,,N,40V56,,90X01,,,,,,<2,N,nor
30008000220,100D800022,856D,0,+,4.0,,,,N,40V56,,90X02,,,,,,<2,N,nor
30008000230,100D800023,856F,0,+,6.0,,,,N,40V56,,90X01,,,,,,<2,N,nor
30008000240,100D800024,856F,0,+,6.0,,,,N,40V56,,90X02,,,,,,<2,N,nor
30008000250,100D800025,856G,0,+,7.0,,,,N,40V56,,90X01,,,,,,<2,N,nor
30008000260,100D800026,856G,0,+,7.0,,,,N,40V56,,90X02,,,,,,<2,N,nor
30008000270,100D800027,856M,0,+,11.0,,,,N,40V56,,90X01,,,,,,<2,N,nor
30008000280,100D800028,856M,0,+,11.0,,,,N,40V56,,90X02,,,,,,<2,N,nor
30008000290,100D800029,856N,0,+,12.0,,,,N,40V56,,90X01,,,,,,<2,N,nor
30008000300,100D800030,856N,0,+,12.0,,,,N,40V56,,90X02,,,,,,<2,N,nor
30008000310,100D800031,856O,0,+,13.0,,,,N,40V56,,90X01,,,,,,<2,N,nor
30008000320,100D800032,856O,0,+,13.0,,,,N,40V56,,90X02,,,,,,<2,N,nor
30008000330,100D800033,856K,0,+,30.0,,,,N,40V56,,90X01,,,,,,<2,N,nor
30008000340,100D800034,856K,0,+,30.0,,,,N,40V56,,90X02,,,,,,<2,N,nor
30008000350,100D800035,856R,0,+,17.0,,,,N,40V56,,90X01,,,,,,<2,N,nor
30008000360,100D800036,856R,0,+,17.0,,,,N,40V56,,90X02,,,,,,<2,N,nor
30008000380,100D800038,856X,0,+,,,,,N,40V56,,90X01,,,,,,<2,N,nor
30008000390,100D800039,856X,0,+,,,,,N,40V56,,90X02,,,,,,<2,N,nor
30008000400,100D800040,850B,0,+,,,,,N,90T14,,,,,,<0,,<2,N,nor
30008000410,100D800041,850B,0,+,3.0,,,,N,90T13,,,,,,<0,,<2,N,nor
30008000420,100D800042,850B,0,+,30.0,,,,N,90T13,,,,,,,,<2,N,nor
30008000430,100D800043,850B,0,+,13.0,,,,N,90T13,,,,,,,,<2,N,nor
30008000440,100D800044,850B,0,+,4.0,,,,N,90T13,,,,,,,,<2,N,nor
30008000450,100D800045,850B,0,+,3.0,,,,N,90T12,,,,,,,,<2,N,nor
30008000460,100D800046,850B,0,+,30.0,,,,N,90T12,,,,,,,,<2,N,nor
30008000470,100D800047,850B,0,+,3.0,,,,N,90T11,,,,,,,,<2,N,nor
30008000600,100D800060,850A,0,+,,,,,N,90T13,,,,,,,,<2,N,nor
30008000610,100D800061,850A,0,+,,,,,N,90T12,,,,,,,,<2,N,nor
30008000620,100D800062,850A,0,+,30.0,,,,N,90T11,,,,,,,,<2,N,nor
30008000630,100D800063,850A,0,+,13.0,,,,N,90T11,,,,,,,,<2,N,nor
30008000640,100D800064,850A,0,+,4.0,,,,N,90T11,,,,,,,,<2,N,nor
30008000700,100D800070,850C,0,+,,,,,N,90T11,,,,,,,,<2,N,nor
30008000710,100D800071,850C,0,+,,,,,N,90T10,,,,,,,,<2,N,nor
30009000000,100D900000,997NO,0,+,,,,,Z,99V23,,,,,,,,<2,N,nor
30100100000,101D0100000,003P,0,+,1.0,,,,S,01S50,,,,,,,,<2,N,den/est/fin/ice/lat/nor
30100100001,101D0100001,003P,0,+,1.0,,,,S,01S50,,,,,,,,<1,N,swe
30100110000,101D0110000,003O,0,+,1.0,,,,S,01S01,,,,,,,,<2,N,den/est/fin/ice/lat/nor
30100110010,101D011001,003O,0,+,1.0,,,,S,01S01,,99X35,,,,,,<1,N,swe
30100120000,101D012000,003O,0,+,1.0,,,,S,01S29,,,,,,,,<2,N,den/est/fin/ice/lat/nor
30100120010,101D012001,003O,0,+,1.0,,,,S,01S29,,99X35,,,,,,<1,N,swe
30100130000,101D013000,003O,0,+,1.0,,,,S,01S27,,,,,,,,<2,N,den/est/fin/lat
30100130011,101D0130011,003O,0,+,1.0,,,,S,01S27,,99X35,,,,,,<1,N,swe
30100400000,101D040000,004O,0,+,1.0,,,,S,01S02,,,,,,,,<2,N,den/est/fin/ice/lat/nor
30100400010,101D040001,004O,0,+,1.0,,,,S,01S02,,99X35,,,,,,<1,N,swe
30100500000,101D050000,005O,0,+,1.0,,,,S,01S03,,,,,,,,<2,N,den/est/fin/ice/lat/nor
30100500001,101D0500001,005O,0,+,1.0,,,,S,01S03,,,,,,,,<1,N,swe
30100500010,101D050001,005O,0,+,1.0,,,,,01S03,,00X10,,,,,,<2,N,fin
30100501000,101D050100,005O,0,+,1.0,,,,,01S03,,00X10,,,,,,<2,N,den/est/ice/lat
30100510000,101D051000,005O,0,+,,,01P05,,S,01S03,,,,,,,,<2,N,den/est/fin/ice/lat/nor
30100510001,101D0510001,005O,0,+,,,01P05,,S,01S03,,,,,,,,<1,N,swe
30100510010,101D051001,005O,0,+,,,01P05,,,01S03,,00X10,,,,,,<2,N,fin
30100511000,101D051100,005O,0,+,,,01P05,,,01S03,,00X10,,,,,,<2,N,den/est/ice/lat
30100590000,101D059000,570O,0,+,1.0,,,,S,01S51,,,,,,,,<2,N,den/est/fin/ice/lat/nor
30100590001,101D0590001,570O,0,+,1.0,,,,S,01S51,,,,,,,,<1,N,swe
30100600000,101D060000,006O,0,+,,,01P04,,S,01S04,,,,,,,,<2,N,den/est/fin/ice/lat/nor
30100600001,101D0600001,006O,0,+,,,01P04,,S,01S04,,,,,,,,<1,N,swe
30100701000,101D070100,008O,0,+,1.0,,,,S,01S04,,,,,,,,<2,N,den/est/fin/ice/lat/nor
30100701001,101D0701001,008O,0,+,1.0,,,,S,01S04,,,,,,,,<1,N,swe
30100702000,101D070200,008O,0,+,1.0,,,,S,01S05,,,,,,,,<2,N,den/est/fin/ice/lat/nor
30100702001,101D0702001,008O,0,+,1.0,,,,S,01S05,,,,,,,,<1,N,swe
30100702010,101D070201,008O,0,+,1.0,,,,,01S05,,00X10,,,,,,<2,N,fin
30100702100,101D070210,008O,0,+,1.0,,,,,01S05,,00X10,,,,,,<2,N,den/est/ice/lat
30100702101,101D0702101,008O,0,+,1.0,,,,,01S05,,00X10,,,,,,<1,N,swe
30100703000,101D070300,008O,0,+,,,01P05,,S,01S05,,,,,,,,<2,N,den/est/fin/ice/lat/nor
30100703001,101D0703001,008O,0,+,,,01P05,,S,01S05,,,,,,,,<1,N,swe
30100703010,101D070301,008O,0,+,,,01P05,,,01S05,,00X10,,,,,,<2,N,fin
30100703100,101D070310,008O,0,+,,,01P05,,,01S05,,00X10,,,,,,<2,N,den/est/ice/lat
30100703101,101D0703101,008O,0,+,,,01P05,,,01S05,,00X10,,,,,,<1,N,swe
30100703110,190D010000,008O,0,+,,,01P21,,S,01S21,,,,,,,,<2,N,den/est/fin/ice/lat/nor
30100703112,101D0703112,008O,0,+,,,01P21,,S,01S21,,,,,,,,<1,N,swe
30100704000,101D070400,003N,0,+,1.0,,,,S,01S50,,,,,,,,<2,N,nor
30100704060,101D070406,851A,0,+,1.0,,,,,90T05,,90X01,,,,,,<2,N,nor
30100704070,101D070407,851A,0,+,1.0,,,,,90T05,,90X02,,,,,,<2,N,nor
30100710000,101D071000,801NH,0,+,1.0,,,,N,90S02,90O10,,,,,,,<2,N,nor
30100710050,101D071005,801NW,0,+,1.0,,,,N,40O01,,,,,,,,<2,N,nor
30100710100,101D071010,801NJ,0,+,1.0,,,,N,40V24,01O13,,,,,,,<2,N,nor
30100810000,101D081000,901FQ,0,+,1.0,,,,N,01D02,,,,,,,,<2,N,fin
30100810100,101D081010,905FQ,0,+,1.0,,,,N,01D22,,,,,,,,<2,N,fin
30100820100,101D082010,905FQ,0,+,1.0,,,,N,90D22,,90X01,,,,,,<2,N,fin
30100820200,101D082020,906FQ,0,+,1.0,,,,N,90D32,,90X01,,,,,,<2,N,fin
30100820300,101D082030,908FQ,0,+,1.0,,,,N,90D42,,90X01,,,,,,<2,N,fin
30100820400,101D082040,905FS,0,+,1.0,,,,N,90D62,,90X01,,,,,,<2,N,fin
30100820500,101D082050,905FT,0,+,1.0,,,,N,90D64,,90X01,,,,,,<2,N,fin
30100820600,101D082060,917FW,0,+,1.0,,,,N,90D92,,90X01,,,,,,<2,N,fin
30100830000,101D083000,901FP,0,+,1.0,,,,N,01D01,,,,,,,,<2,N,fin
30100830100,101D083010,905FP,0,+,1.0,,,,N,01D21,,,,,,,,<2,N,fin
30100840100,101D084010,905FP,0,+,1.0,,,,N,90D21,,90X01,,,,,,<2,N,fin
30100840200,101D084020,906FP,0,+,1.0,,,,N,90D31,,90X01,,,,,,<2,N,fin
30100840300,101D084030,908FP,0,+,1.0,,,,N,90D41,,90X01,,,,,,<2,N,fin
30100840400,101D084040,910FP,0,+,1.0,,,,N,90D11,,90X01,,,,,,<2,N,fin
30100840500,101D084050,905FR,0,+,1.0,,,,N,90D61,,90X01,,,,,,<2,N,fin
30100850000,101D085000,917FV,0,+,1.0,,,,N,90D91,,90X01,,,,,,<2,N,fin
30100851200,101D085120,901FD,0,+,1.0,,,,N,90T01,90S01,90X01,,,,,,<2,N,fin
30100851210,101D085121,901FD,0,+,1.0,,,,N,99S80,,90X01,,,,,,<2,N,fin
30100851300,101D085130,901FB,0,+,1.0,,,,N,90T08,,90X01,,,,,,<2,N,fin
30100851400,101D085140,901FB,0,+,1.0,,,,N,90T07,,90X01,,,,,,<2,N,fin
30100851500,101D085150,901FA,0,+,1.0,,,,N,90T06,,90X01,,,,,,<2,N,fin
30100851510,101D085151,901FA,0,+,1.0,,,,N,90T05,,90X01,,,,,,<2,N,fin
30100851800,101D085180,901FG,0,+,1.0,,,,N,99T00,90S04,,,,,,,<2,N,fin
30100851820,101D085182,901FG,0,+,1.0,,,,N,99T00,90S01,,,,,,,<2,N,fin
30100860000,101D086000,801NP,0,+,1.0,,,,N,01O01,,,,,,,,<2,N,ice
30100860100,101D086010,801NR,0,+,1.0,,,,N,01O02,,,,,,,,<2,N,ice
30100860101,101D0860101,801NR,0,+,1.0,,,,N,01O02,,,,,,,,<1,N,nor
30100860200,101D086020,801NS,0,+,1.0,,,,N,01O03,,,,,,,,<2,N,ice
30100860300,101D086030,801NT,0,+,1.0,,,,N,01O08,,,,,,,,<2,N,ice
30100860301,101D0860301,801NT,0,+,1.0,,,,N,01O08,,,,,,,,<1,N,nor
30100860400,101D086040,801NU,0,+,1.0,,,,N,01O11,,,,,,,,<2,N,ice
30100860401,101D0860401,801NU,0,+,1.0,,,,N,01O11,,,,,,,,<1,N,nor
30100860500,101D086050,801NV,0,+,1.0,,,,N,01O10,,,,,,,,<2,N,ice
30100860600,101D086060,805NR,0,+,1.0,,,,N,05O21,,,,,,,,<2,N,ice
30100898900,101D089890,901O,0,+,1.0,,,,Z,,,,,,,,,<2,N,den/est/fin/lat
30100898950,105D2300001,125O,0,+,,,05P05,,,05S05,,,,,,,,<2,N,fin
30100899000,101D089900,801O,0,+,1.0,,,,N,,,,,,,,,<2,N,den/est/fin/lat
30200015000,102D001500,036P,0,+,2.0,,,,S,02S33,,,,,,,,<2,N,den/est/fin/ice/lat/nor
30200015001,102D0015001,036P,0,+,2.0,,,,S,02S33,,,,,,,,<1,N,swe
30200100000,102D010000,037O,0,+,2.0,,,,S,02S01,,,,,,,,<2,N,den/est/fin/ice/lat/nor
30200100001,102D0100001,037O,0,+,2.0,,,,S,02S01,,,,,,,,<1,N,swe
30200100010,102D010001,037O,0,+,2.0,,,,,02S01,,00X10,,,,,,<2,N,fin
30200100100,102D010010,037O,0,+,2.0,,,,,02S01,,00X10,,,,,,<2,N,den/est/ice/lat
30200100101,102D0100101,037O,0,+,2.0,,,,,02S01,,00X10,,,,,,<1,N,swe
30200180000,102D018000,036S,0,+,2.0,,,,S,02S31,,,,,,,,<2,N,den/est/fin/ice/lat/nor
30200180001,102D0180001,036S,0,+,2.0,,,,S,02S31,,,,,,,,<1,N,swe
30200190000,102D019000,036R,0,+,2.0,,,,S,02S30,,,,,,,,<2,N,den/est/fin/ice/lat/nor
30200190001,102D0190001,036R,0,+,2.0,,,,S,02S30,,,,,,,,<1,N,swe
30200200000,102D020000,042P,0,+,2.0,,,,S,02S04,,02X02,,,,,,<2,N,den/est/fin/ice/lat/nor
30200200001,102D0200001,042P,0,+,2.0,,,,S,02S04,,02X02,,,,,,<1,N,swe
30200201000,102D020100,042P,0,+,2.0,,,,,02S04,,02X02,00X10,,,,,<2,N,den/est/fin/ice/lat
30200201001,102D0201001,042P,0,+,2.0,,,,,02S04,,02X02,00X10,,,,,<1,N,swe
30200300000,102D030000,036O,0,+,2.0,,,,S,02S02,,,,,,,,<2,N,den/est/fin/ice/lat/nor
30200300001,102D0300001,036O,0,+,2.0,,,,S,02S02,,,,,,,,<1,N,swe
30200300010,102D030001,036O,0,+,2.0,,,,,02S02,,00X10,,,,,,<2,N,fin
30200301000,102D030100,036O,0,+,2.0,,,,,02S02,,00X10,,,,,,<2,N,den/est/ice/lat
30200301001,102D0301001,036O,0,+,2.0,,,,,02S02,,00X10,,,,,,<1,N,swe
30200310000,102D031000,036O,0,+,2.0,,,,S,02S07,,02X03,,,,,,<2,N,den/est/fin/ice/lat/nor
30200310001,102D0310001,036O,0,+,2.0,,,,S,02S07,,02X03,,,,,,<1,N,swe
30200320000,102D032000,036O,0,+,,,02P02,,S,02S02,,,,,,,,<2,N,den/est/ice/lat/nor
30200320001,102D0320001,036O,0,+,,,02P02,,S,02S02,,,,,,,,<1,N,swe
30200321000,102D032100,036O,0,+,,,02P02,,,02S02,,00X10,,,,,,<2,N,den/est/ice/lat
30200321001,102D0321001,036O,0,+,,,02P02,,,02S02,,00X10,,,,,,<1,N,swe
30200400000,102D040000,042P,0,+,2.0,,,,S,02S04,,,,,,,,<2,N,den/est/fin/ice/lat/nor
30200400001,102D0400001,042P,0,+,2.0,,,,S,02S04,,,,,,,,<1,N,swe
30200401000,102D040100,042P,0,+,2.0,,,,,02S04,,00X10,,,,,,<2,N,den/est/fin/ice/lat
30200401001,102D0401001,042P,0,+,2.0,,,,,02S04,,00X10,,,,,,<1,N,swe
30200410000,102D041000,042P,0,+,2.0,,,,S,02S07,,,,,,,,<2,N,den/est/fin/ice/lat/nor
30200410001,102D0410001,042P,0,+,2.0,,,,S,02S07,,,,,,,,<1,N,swe
30200500000,102D050000,039P,0,+,2.0,,,,S,02S05,,99X04,,,,,,<2,N,den/est/lat
30200500001,102D0500001,039FP,0,+,2.0,,,,S,02S05,,99X04,,,,,,<2,N,fin/nor
30200500002,102D0500002,039P,0,+,2.0,,,,S,02S05,,99X04,,,,,,<1,N,swe
30200500010,102D050001,039P,0,+,2.0,,,,,02S05,,99X04,00X10,,,,,<2,N,den/est/lat
30200500011,102D0500011,039FP,0,+,2.0,,,,,02S05,,99X04,00X10,,,,,<2,N,fin
30200500012,102D0500012,039FP,0,+,,,02P02,,S,02S05,,99X04,,,,,,<2,N,ice/nor
30200500020,102D050002,039P,0,+,,,02P02,,S,02S05,,99X04,,,,,,<2,N,den/est/lat
30200500021,102D0500021,039FP,0,+,,,02P02,,S,02S05,,99X04,,,,,,<2,N,fin
30200500022,102D0500022,039FP,0,+,,,02P02,,,02S05,,99X04,00X10,,,,,<2,N,ice
30200500023,102D0500023,039P,0,+,2.0,,,,,02S05,,99X04,00X10,,,,,<1,N,swe
30200500030,102D050003,039P,0,+,,,02P02,,,02S05,,99X04,00X10,,,,,<2,N,den/est/lat
30200500031,102D0500031,039FP,0,+,,,02P02,,,02S05,,99X04,00X10,,,,,<2,N,fin
30200500032,102D0500032,039P,0,+,,,02P02,,S,02S05,,99X04,,,,,,<1,N,swe
30200500040,102D050004,039P,0,+,,,02P02,,,02S05,,99X04,00X10,,,,,<1,N,swe
30200501000,102D050100,039P,0,+,2.0,,,,S,02S05,,99X00,99X02,,,,,<2,N,den/est/lat
30200501001,102D0501001,039FP,0,+,2.0,,,,S,02S05,,99X00,99X02,,,,,<2,N,fin/ice/nor
30200501002,102D0501002,039P,0,+,2.0,,,,S,02S05,,99X00,99X02,,,,,<1,N,swe
30200501010,102D050101,039P,0,+,2.0,,,,,02S05,,99X00,99X02,00X10,,,,<2,N,den/est/lat
30200501011,102D0501011,039FP,0,+,2.0,,,,,02S05,,99X00,99X02,00X10,,,,<2,N,fin/ice
30200501012,102D0501012,039FP,0,+,,,02P02,,S,02S05,,99X00,99X02,,,,,<2,N,nor
30200501020,102D050102,039P,0,+,,,02P02,,S,02S05,,99X00,99X02,,,,,<2,N,den/est/lat
30200501021,102D0501021,039FP,0,+,,,02P02,,S,02S05,,99X00,99X02,,,,,<2,N,fin/ice
30200501022,102D0501022,039P,0,+,2.0,,,,,02S05,,99X00,99X02,00X10,,,,<1,N,swe
30200501030,102D050103,039P,0,+,,,02P02,,,02S05,,99X00,99X02,00X10,,,,<2,N,den/est/lat
30200501031,102D0501031,039FP,0,+,,,02P02,,,02S05,,99X00,99X02,00X10,,,,<2,N,fin/ice
30200501032,102D0501032,039P,0,+,,,02P02,,S,02S05,,99X00,99X02,,,,,<1,N,swe
30200501040,102D050104,039P,0,+,,,02P02,,,02S05,,99X00,99X02,00X10,,,,<1,N,swe
30200509000,102D050900,039Q,0,+,2.0,,,,S,02S05,,,,,,,,<2,N,den/est/lat/nor
30200509001,102D0509001,039FO,0,+,2.0,,,,S,02S05,,,,,,,,<2,N,fin
30200509002,102D0509002,039O,0,+,2.0,,,,S,02S05,,,,,,,,<2,N,ice
30200509003,102D0509003,039Q,0,+,2.0,,,,S,02S05,,,,,,,,<1,N,swe
30200509010,102D050901,039Q,0,+,2.0,,,,,02S05,,00X10,,,,,,<2,N,den/est/lat
30200509011,102D0509011,039FO,0,+,2.0,,,,,02S05,,00X10,,,,,,<2,N,fin
30200509012,102D0509012,039O,0,+,2.0,,,,,02S05,,00X10,,,,,,<2,N,ice
30200509013,102D0509013,039Q,0,+,,,02P02,,S,02S05,,,,,,,,<2,N,nor
30200509020,102D050902,039Q,0,+,,,02P02,,S,02S05,,,,,,,,<2,N,den/est/lat
30200509021,102D0509021,039FO,0,+,,,02P02,,S,02S05,,,,,,,,<2,N,fin
30200509022,102D0509022,039O,0,+,,,02P02,,S,02S05,,,,,,,,<2,N,ice
30200509023,102D0509023,039Q,0,+,2.0,,,,,02S05,,00X10,,,,,,<1,N,swe
30200509030,102D050903,039Q,0,+,,,02P02,,,02S05,,00X10,,,,,,<2,N,den/est/lat
30200509031,102D0509031,039FO,0,+,,,02P02,,,02S05,,00X10,,,,,,<2,N,fin
30200509032,102D0509032,039O,0,+,,,02P02,,,02S05,,00X10,,,,,,<2,N,ice
30200509033,102D0509033,039Q,0,+,,,02P02,,S,02S05,,,,,,,,<1,N,swe
30200509040,102D050904,039Q,0,+,,,02P02,,,02S05,,00X10,,,,,,<1,N,swe
30200600000,102D060000,042P,0,+,2.0,,,,S,02S06,,,,,,,,<2,N,den/est/fin/ice/lat/nor
30200600001,102D0600001,042P,0,+,2.0,,,,S,02S06,,,,,,,,<1,N,swe
30200601000,102D060100,042P,0,+,2.0,,,,,02S06,,00X10,,,,,,<2,N,den/est/fin/ice/lat
30200601001,102D0601001,042P,0,+,2.0,,,,,02S06,,00X10,,,,,,<1,N,swe
30200710100,102D071010,041P,0,+,2.0,,,,S,02S14,,,,,,,,<1,N,swe
30200710101,102D0710101,041P,0,+,2.0,,,,S,02S14,,,,,,,,<2,N,den/est/fin/ice/lat/nor
30200710200,102D0710200,041Q,0,+,2.0,,,,,02S03,,02X10,,,,,,<2,N,fin
30200710210,102D0710210,041Q,0,+,,,,,,02S03,,08X30,02X10,,,,,<2,N,fin
30200710220,102D0710220,041R,0,+,,,,,S,02S03,,08X30,,,,,,<2,N,fin
30200710230,102D0710230,041R,0,+,2.0,,,,S,02S03,,,,,,,,<2,N,fin
30200710300,102D071030,041O,0,+,2.0,,,,S,02S03,,,,,,,,<1,N,swe
30200710301,102D0710301,041O,0,+,2.0,,,,S,02S03,,,,,,,,<2,N,est/ice/lat/nor
30200710400,102D071040,041O,0,+,2.0,,,,,02S03,,00X10,,,,,,<1,N,den/swe
30200710401,102D0710401,041O,0,+,2.0,,,,,02S03,,00X10,,,,,,<2,N,est/ice/lat
30200800000,102D080000,802NU,0,+,2.0,,,,N,02O05,02O06,,,,,,,<2,N,nor
30200800010,102D080001,802NU,0,+,2.0,,,,N,02O06,09O90,,,,,,,<2,N,nor
30200810000,102D081000,901FQ,0,+,2.0,,,,N,02D02,,,,,,,,<2,N,fin
30200820000,102D082000,901FQ,0,+,2.0,,,,N,90D02,,90X01,,,,,,<2,N,fin
30200820100,102D082010,905FQ,0,+,2.0,,,,N,90D22,,90X01,,,,,,<2,N,fin
30200820200,102D082020,906FQ,0,+,2.0,,,,N,90D32,,90X01,,,,,,<2,N,fin
30200820300,102D082030,908FQ,0,+,2.0,,,,N,90D42,,90X01,,,,,,<2,N,fin
30200820400,102D082040,905FS,0,+,2.0,,,,N,90D62,,90X01,,,,,,<2,N,fin
30200820500,102D082050,905FT,0,+,2.0,,,,N,90D64,,90X01,,,,,,<2,N,fin
30200820600,102D082060,917FW,0,+,2.0,,,,N,90D92,,90X01,,,,,,<2,N,fin
30200830000,102D083000,901FP,0,+,2.0,,,,N,02D01,,,,,,,,<2,N,fin
30200840000,102D084000,901FP,0,+,2.0,,,,N,90D01,,90X01,,,,,,<2,N,fin
30200840100,102D084010,905FP,0,+,2.0,,,,N,90D21,,90X01,,,,,,<2,N,fin
30200840200,102D084020,906FP,0,+,2.0,,,,N,90D31,,90X01,,,,,,<2,N,fin
30200840300,102D084030,908FP,0,+,2.0,,,,N,90D41,,90X01,,,,,,<2,N,fin
30200840400,102D084040,910FP,0,+,2.0,,,,N,90D11,,90X01,,,,,,<2,N,fin
30200840500,102D084050,905FR,0,+,2.0,,,,N,90D61,,90X01,,,,,,<2,N,fin
30200850000,102D085000,917FV,0,+,2.0,,,,N,90D91,,90X01,,,,,,<2,N,fin
30200860400,102D086040,917FE,0,+,2.0,,,,N,90T01,90S01,90X01,,,,,,<2,N,fin
30200860500,102D086050,917FE,0,+,2.0,,,,N,99S80,90S01,90X01,,,,,,<2,N,fin
30200861000,102D086100,917FU,0,+,2.0,,,,N,90T05,,90X01,,,,,,<2,N,fin
30200870000,102D087000,902FG,0,+,2.0,,,,Z,99T00,90S04,,,,,,,<2,N,fin
30200870001,102D0870001,802NP,0,+,2.0,,,,N,02O01,,,,,,,,<2,N,ice
30200870002,102D0870002,802NP,0,+,2.0,,,,N,02O01,,,,,,,,<1,N,nor
30200870100,102D087010,802NR,0,+,2.0,,,,N,02O02,,,,,,,,<2,N,ice
30200870101,102D0870101,802NP,0,+,2.0,,,,N,02O02,,,,,,,,<1,N,nor
30200870120,102D087012,902FG,0,+,2.0,,,,N,99T00,90S01,,,,,,,<2,N,fin
30200870200,102D087020,802NS,0,+,2.0,,,,N,02O03,,,,,,,,<2,N,ice
30200870201,102D0870201,802NP,0,+,2.0,,,,N,02O03,,,,,,,,<1,N,nor
30200870300,102D087030,802NT,0,+,2.0,,,,N,02O05,,,,,,,,<2,N,ice
30200870301,102D0870301,802NP,0,+,2.0,,,,N,02O05,,,,,,,,<1,N,nor
30200870400,102D087040,805NR,0,+,2.0,,,,N,05O21,,,,,,,,<2,N,ice
30200870401,102D0870401,802NP,0,+,2.0,,,,N,40O01,,,,,,,,<2,N,nor
30200870560,102D087056,851C,0,+,2.0,,,,,90T05,,90X01,,,,,,<2,N,nor
30200870570,102D087057,851C,0,+,2.0,,,,,90T05,,90X02,,,,,,<2,N,nor
30200899500,102D089950,802FP,0,+,2.0,,,,,02S25,,,,,,,,<2,N,fin
30200899800,102D089980,902O,0,+,2.0,,,,Z,,,,,,,,,<2,N,den/est/fin/lat
30200899900,102D089990,802O,0,+,2.0,,,,N,,,,,,,,,<2,N,den/est/fin/lat
30300000000,103D000000,049B,0,+,3.0,,,,S,03S24,,,,,,,,,,den/est/fin/ice/lat
30300000001,103D0000001,803NT,0,+,3.0,,,,,03S34,,,,,,,,<2,,nor
30300000010,103D000001,049P,0,+,3.0,,,,S,03S24,,99X35,,,,,,<1,N,swe
30300000015,103D0000015,049N,0,,,,,,,03V11,,,,,,,,<1,N,swe
30300000020,103D000002,049B,0,+,3.0,,,,S,03S24,,,,,,,,,,nor
30300001000,103D0001000,521O,0,+,3.0,03M10,,,S,03S23,,,,,,,,<2,N,den/est/fin/ice/lat/nor
30300001001,103D0001001,521O,0,+,3.0,03M10,,,S,03S23,,,,,,,,<1,N,swe
30300009000,103D010000,580K,0,+,,,03P01,,S,03S40,,,,,,,,<2,N,fin
30300009100,103D010010,580H,0,+,,,03P01,,,03S41,,03X10,,,,,,<2,N,fin
30300009120,103D010011,580H,0,+,,,03P01,,,03S41,03D11,,,,,,,<2,N,fin
30300009200,103D010015,580G,0,+,,03M99,03P01,,,,,03X10,,,,,,<2,N,fin
30300009300,103D010020,580F,0,+,,,03P01,,,03S41,,,,,,,,<2,N,fin
30300009320,103D010030,580E,0,+,,,03P01,,,03S42,03D11,,,,,,,<2,N,fin
30300009340,103D010040,580D,0,+,,,03P01,,,03S42,,,,,,,,<2,N,fin
30300009500,103D010050,580C,0,+,,03M99,03P01,,,03D11,,,,,,,,<2,N,fin
30300009900,103D010060,580B,0,+,,,03P01,,,03S43,,,,,,,,<2,N,fin
30300010000,103D001000,055O,0,+,3.0,,,,S,03S01,,,,,,,,<2,N,den/est/fin/ice/lat/nor
30300010010,103D001001,055O,0,+,3.0,,,,S,03S01,,99X35,,,,,,<1,N,swe
30300031000,103D003100,055O,0,+,3.0,,,,S,03S14,,03X04,,,,,,<2,N,den/est/fin/ice/lat/nor
30300031001,103D0031001,055O,0,+,3.0,,,,S,03S14,,03X04,,,,,,<1,N,swe
30300040000,103D004000,055O,0,+,3.0,,,,S,03S04,,,,,,,,<2,N,fin
30300040200,103D004020,055O,0,+,3.0,,,,S,03S10,,,,,,,,<2,N,fin
30300040300,103D004030,054P,0,+,3.0,,,,S,03S22,,,,,,,,<2,N,fin
30300040400,103D004040,054O,0,+,3.0,,,,S,03S06,,,,,,,,<2,N,fin
30300040500,103D004050,056O,0,+,3.0,,,,S,03S07,,,,,,,,<2,N,fin
30300040600,103D004060,055O,0,+,3.0,,,,S,03S08,,,,,,,,<2,N,fin
30300040700,103D004070,051O,0,+,3.0,,,,S,03S09,,,,,,,,<2,N,fin
30300040710,103D004071,051O,0,+,3.0,,,,,03S09,,00X10,,,,,,<2,N,fin
30300200000,103D020000,063O,0,+,3.0,,,,S,03S12,,,,,,,,<2,N,den/est/fin/ice/lat/nor
30300200001,103D0200001,063O,0,+,3.0,,,,S,03S12,,,,,,,,<1,N,swe
30300200010,103D020001,063O,0,+,3.0,,,,,03S12,,00X10,,,,,,<2,N,den/est/ice/lat
30300200011,103D0200011,063O,0,+,3.0,,,,,03S12,,00X10,,,,,,<1,N,swe
30300200100,103D020010,063O,0,+,3.0,,,,,03S12,,00X10,,,,,,<2,N,fin
30300301000,103D030100,055O,0,+,3.0,,,,S,03S04,,,,,,,,<2,N,den/est/ice/lat/nor
30300301010,103D030101,055O,0,+,3.0,,,,S,03S04,,99X35,,,,,,<1,N,swe
30300341000,103D034100,055O,0,+,3.0,,,,S,03S10,,,,,,,,<2,N,den/est/ice/lat/nor
30300341001,103D0341001,055O,0,+,3.0,,,,S,03S10,,,,,,,,<1,N,swe
30300900000,103D090000,054P,0,+,3.0,,,,S,03S22,,,,,,,,<2,N,den/est/ice/lat/nor
30300900010,103D090001,054P,0,+,3.0,,,,S,03S22,,99X35,,,,,,<1,N,swe
30300900505,103D090050,061B,0,+,3.0,,,,S,03S25,,,,,,,,<1,N,swe
30300901000,103D090100,054O,0,+,3.0,,,,S,03S06,,,,,,,,<2,N,den/est/ice/lat/nor
30300901010,103D090101,054O,0,+,3.0,,,,S,03S06,,99X35,,,,,,<1,N,swe
30301000000,103D100000,056O,0,+,3.0,,,,S,03S07,,,,,,,,<2,N,den/est/ice/lat/nor
30301000001,103D1000001,056O,0,+,3.0,,,,S,03S07,,,,,,,,<1,N,swe
30301030000,103D103000,055O,0,+,3.0,,,,S,03S08,,,,,,,,<2,N,den/est/ice/lat/nor
30301030001,103D1030001,055O,0,+,3.0,,,,S,03S08,,,,,,,,<1,N,swe
30301100000,103D110000,051O,0,+,3.0,,,,S,03S09,,,,,,,,<2,N,den/est/ice/lat/nor
30301100001,103D1100001,051O,0,+,3.0,,,,S,03S09,,,,,,,,<1,N,swe
30301101000,103D110100,051O,0,+,3.0,,,,,03S09,,00X10,,,,,,<2,N,den/est/ice/lat
30301101001,103D1101001,051O,0,+,3.0,,,,,03S09,,00X10,,,,,,<1,N,swe
30301201000,103D120100,060O,0,+,3.0,,,,S,03S03,,,,,,,,<2,N,den/est/fin/ice/lat/nor
30301211000,103D121100,060O,0,+,3.0,,,,S,03S11,,,,,,,,<2,N,den/est/fin/ice/lat/nor
30301211001,103D1211001,060O,0,+,3.0,,,,S,03S11,,,,,,,,<1,N,swe
30301211010,103D121101,060O,0,+,3.0,,,,,03S11,,00X10,,,,,,<2,N,fin
30301211100,103D121110,060O,0,+,3.0,,,,,03S11,,00X10,,,,,,<2,N,den/est/ice/lat
30301211101,103D1211101,060O,0,+,3.0,,,,,03S11,,00X10,,,,,,<1,N,swe
30301510001,103D1510001,060O,0,+,3.0,,,,S,03S03,,,,,,,,<1,N,swe
30301590000,103D159000,169O,0,+,3.0,,,,S,03S05,,,,,,,,<2,N,den/est/ice/lat/nor
30301590001,103D1590001,169O,0,+,3.0,,,,S,03S05,,,,,,,,<1,N,swe
30301590002,103D1590002,580H,0,+,3.0,,,,S,03S05,,,,,,,,<2,N,fin
30301590010,103D159001,169O,0,+,3.0,,,,,03S05,,00X10,,,,,,<2,N,den/est/ice/lat
30301590011,103D1590011,169O,0,+,3.0,,,,,03S05,,00X10,,,,,,<1,N,swe
30301590012,103D1590012,580H,0,+,3.0,,,,,03S05,,00X10,,,,,,<2,N,den/fin
30301630000,103D163000,055P,0,+,3.0,,,,S,03S99,,,,,,,,<2,N,den/est/fin/ice/lat/nor
30301630001,103D1630001,055P,0,+,3.0,,,,S,03S99,,,,,,,,<1,N,swe
30301630100,103D163010,055P,0,+,3.0,,,,,03S99,,00X10,,,,,,<2,N,den/est/ice/lat
30301630101,103D1630101,055P,0,+,3.0,,,,P,03O13,,,,,,,,<2,N,nor
30301630102,103D1630102,055P,0,+,3.0,,,,,03S99,,00X10,,,,,,<1,N,swe
30301631010,103D163101,055P,0,+,3.0,,,,,03S99,,00X10,,,,,,<2,N,fin
30301700100,103D170010,703O,0,+,3.0,,,,P,03E03,,,,,,,,<2,N,den/est/fin/ice/lat/nor
30301700101,103D1700101,703O,0,+,3.0,,,,P,03E03,,,,,,,,<1,N,swe
30301700200,103D170020,063O,0,+,3.0,,,,P,03E20,,,,,,,,<2,N,den/est/fin/ice/lat/nor
30301700201,103D1700201,063O,0,+,3.0,,,,P,03E20,,,,,,,,<1,N,swe
30301701000,103D170100,706O,0,+,3.0,,,,P,03E06,,,,,,,,<2,N,den/est/fin/ice/lat/nor
30301701001,103D1701001,706O,0,+,3.0,,,,P,03E06,,,,,,,,<1,N,swe
30301702000,103D170200,702O,0,+,3.0,,,,P,03E02,,,,,,,,<2,N,den/est/fin/ice/lat/nor
30301702001,103D1702001,702O,0,+,3.0,,,,P,03E02,,,,,,,,<1,N,swe
30301702025,103D170208,711P,0,+,3.0,,,,P,03E11,,00X10,,,,,,<1,N,swe
30301702050,103D170209,711Q,0,+,3.0,,,,P,03E11,,,,,,,,<2,N,fin
30301702100,103D170210,711O,0,+,3.0,,,,P,03E11,,,,,,,,<2,N,den/est/ice/lat/nor
30301702133,103D1702100,711Q,0,+,3.0,,,,P,03E11,,,,,,,,<1,N,swe
30301702200,103D170220,701O,0,+,3.0,,,,P,03E01,,,,,,,,<2,N,den/est/fin/ice/lat/nor
30301702201,103D1702201,701O,0,+,3.0,,,,P,03E01,,,,,,,,<1,N,swe
30301702210,103D170221,701O,0,+,3.0,,,,,03E01,,00X10,,,,,,<1,N,swe
30301730000,103D173000,901FQ,0,+,3.0,,,,N,03D02,,,,,,,,<2,N,fin
30301730200,103D173020,901FQ,0,+,3.0,,,,N,90D02,,90X01,,,,,,<2,N,fin
30301730400,103D173040,905FQ,0,+,3.0,,,,N,90D22,,90X01,,,,,,<2,N,fin
30301730600,103D173060,906FQ,0,+,3.0,,,,N,90D32,,90X01,,,,,,<2,N,fin
30301730800,103D173080,908FQ,0,+,3.0,,,,N,90D42,,90X01,,,,,,<2,N,fin
30301731000,103D173100,905FS,0,+,3.0,,,,N,90D62,,90X01,,,,,,<2,N,fin
30301731200,103D173120,917FW,0,+,3.0,,,,N,90D92,,90X01,,,,,,<2,N,fin
30301732000,103D173200,901FP,0,+,3.0,,,,N,03D01,,,,,,,,<2,N,fin
30301732100,103D173210,901FP,0,+,3.0,,,,N,90D01,,90X01,,,,,,<2,N,fin
30301732200,103D173220,905FP,0,+,3.0,,,,N,90D21,,90X01,,,,,,<2,N,fin
30301732300,103D173230,906FP,0,+,3.0,,,,N,90D31,,90X01,,,,,,<2,N,fin
30301732400,103D173240,908FP,0,+,3.0,,,,N,90D41,,90X01,,,,,,<2,N,fin
30301732500,103D173250,910FP,0,+,3.0,,,,N,90D11,,90X01,,,,,,<2,N,fin
30301732600,103D173260,905FR,0,+,3.0,,,,N,90D61,,90X01,,,,,,<2,N,fin
30301732700,103D173270,917FV,0,+,3.0,,,,N,90D91,,90X01,,,,,,<2,N,fin
30301740200,103D174020,903FB,0,+,3.0,,,,N,90T01,90S01,90X01,,,,,,<2,N,fin
30301740210,103D174021,903FB,0,+,3.0,,,,N,99S80,,90X01,,,,,,<2,N,fin
30301740500,103D174050,903FA,0,+,3.0,,,,N,90T06,,90X01,,,,,,<2,N,fin
30301740510,103D174051,903FA,0,+,3.0,,,,N,90T07,,90X01,,,,,,<2,N,fin
30301740520,103D174052,903FA,0,+,3.0,,,,N,90T08,,90X01,,,,,,<2,N,fin
30301740530,103D174053,903FA,0,+,3.0,,,,N,90T05,,90X01,,,,,,<2,N,fin
30301740600,103D174060,903FE,0,+,3.0,,,,N,99T00,90S01,,,,,,,<2,N,fin
30301740620,103D174062,903FE,0,+,3.0,,,,N,99T00,90S04,,,,,,,<2,N,fin
30301750990,103D175099,580O,0,+,3.0,03M99,,,,,,,,,,,,<2,N,fin
30301790000,103D179000,187O,0,+,3.0,,,,,03S13,,,,,,,,<2,N,den/est/ice/lat/nor
30301791060,103D179106,851C,0,+,3.0,,,,,90T05,,90X01,,,,,,<2,N,nor
30301791070,103D179107,851C,0,+,3.0,,,,,90T05,,90X02,,,,,,<2,N,nor
30301798800,103D179880,823NU,0,+,3.0,,,,N,90O03,,,,,,,,<1,N,nor
30301798900,103D179890,823NS,0,+,3.0,,,,N,90O02,,,,,,,,<1,N,nor
30301798990,103D179899,187O,0,+,3.0,,,,,03S13,,,,,,,,<1,N,swe
30301799000,103D179900,803NP,0,+,3.0,,,,N,03O01,,,,,,,,<2,N,ice
30301799001,103D1799001,803N,0,+,3.0,,,,N,03O01,,,,,,,,<1,N,nor
30301799100,103D179910,803NR,0,+,3.0,,,,N,03O02,,,,,,,,<2,N,ice
30301799101,103D1799101,803NR,0,+,3.0,,,,N,03O02,,,,,,,,<1,N,nor
30301799200,103D179920,803NS,0,+,3.0,,,,N,03O04,,,,,,,,<2,N,ice
30301799201,103D1799201,803N,0,+,3.0,,,,N,03O04,,,,,,,,<1,N,nor
30301799300,103D179930,803NT,0,+,3.0,,,,N,03O05,,,,,,,,<2,N,ice
30301799301,103D1799301,803N,0,+,3.0,,,,N,03O05,,,,,,,,<1,N,nor
30301799400,103D179940,803NU,0,+,3.0,,,,N,03O06,,,,,,,,<2,N,ice
30301799401,103D1799401,803NU,0,+,3.0,,,,N,03O06,,,,,,,,<1,N,nor
30301799500,103D179950,803NV,0,+,3.0,,,,N,03O10,,,,,,,,<2,N,ice
30301799501,103D1799501,803N,0,+,3.0,,,,N,03O10,,,,,,,,<1,N,nor
30301799600,103D179960,803NW,0,+,3.0,,,,N,03O11,,,,,,,,<2,N,ice
30301799601,103D1799601,803N,0,+,3.0,,,,N,03O11,,,,,,,,<1,N,nor
30301799700,103D179970,803NY,0,+,3.0,,,,N,03O12,,,,,,,,<2,N,ice
30301799701,103D1799701,803N,0,+,3.0,,,,N,03O12,,,,,,,,<1,N,nor
30301799800,103D179980,805NR,0,+,3.0,,,,N,05O21,,,,,,,,<2,N,ice
30301799801,103D1799801,803N,0,+,3.0,,,,N,40O01,,,,,,,,<1,N,nor
30301799960,103D179996,903O,0,+,3.0,,,,Z,,,,,,,,,<2,N,den/est/fin/lat
30301799990,103D179999,803O,0,+,3.0,,,,N,,,,,,,,,<2,N,den/est/fin/lat
30400100000,104D010000,075O,0,+,4.0,,,,S,04S01,,,,,,,,<2,N,den/est/fin/ice/lat/nor
30400100010,104D010001,075O,0,+,4.0,,,,S,04S01,,99X35,,,,,,<1,N,swe
30400200000,104D020000,077O,0,+,4.0,,,,S,04S02,,,,,,,,<2,N,den/est/fin/ice/lat/nor
30400200001,104D0200001,077O,0,+,4.0,,,,S,04S02,,,,,,,,<1,N,swe
30400201000,104D020100,077O,0,+,4.0,,,,,04S02,,00X10,,,,,,<2,N,den/est/ice/lat
30400201001,104D0201001,077O,0,+,4.0,,,,,04S02,,00X10,,,,,,<1,N,swe
30400210000,104D021000,077O,0,+,4.0,,,,,04S02,,00X10,,,,,,<2,N,fin
30400232500,104D040201,702O,0,+,4.0,,,,P,04E02,,,,,,,,<2,N,den/est/ice/lat
30400255000,104D0299901,702O,0,+,4.0,,,,P,04E02,,,,,,,,<1,N,swe
30400277500,104D0402005,702O,0,+,4.0,,,,P,04E02,,,,,,,,<2,N,fin/nor
30400300000,104D030000,475O,0,+,4.0,,,,,04S03,,,,,,,,<2,N,den/fin/ice/lat/nor
30400300001,104D0300001,475O,0,+,4.0,,,,,04S03,,,,,,,,<1,N,swe
30400310000,104D031000,475O,0,+,4.0,,,,,04S04,,,,,,,,<2,N,den/lat/nor
30400310001,104D0310001,475O,0,+,4.0,,,,,04S04,,,,,,,,<1,N,swe
30400320060,104D032006,851D,0,+,4.0,,,,,90T05,,90X01,,,,,,<2,N,nor
30400320070,104D032007,851D,0,+,4.0,,,,,90T05,,90X02,,,,,,<2,N,nor
30400403000,104D040300,778V,0,+,4.0,,,,,04V02,,,,,,,,<1,N,swe
30400403250,104D040398,711P,0,+,4.0,,,,P,04E11,,00X10,,,,,,<2,N,fin
30400403500,104D040399,711Q,0,+,4.0,,,,P,04E11,,,,,,,,<2,N,fin
30400404000,104D040400,711O,0,+,4.0,,,,P,04E11,,,,,,,,<2,N,den/est/ice/lat/nor
30400416833,104D403999,711P,0,+,4.0,,,,P,04E11,,00X10,,,,,,<1,N,swe
30400429666,104D404000,711Q,0,+,4.0,,,,P,04E11,,,,,,,,<1,N,swe
30400481000,104D048100,905FQ,0,+,4.0,,,,N,04D22,,,,,,,,<2,N,fin
30400482000,104D048200,901FQ,0,+,4.0,,,,N,90D02,,90X01,,,,,,<2,N,fin
30400482400,104D048240,906FQ,0,+,4.0,,,,N,90D32,,90X01,,,,,,<2,N,fin
30400482600,104D048260,908FQ,0,+,4.0,,,,N,90D42,,90X01,,,,,,<2,N,fin
30400482800,104D048280,905FS,0,+,4.0,,,,N,90D62,,90X01,,,,,,<2,N,fin
30400483000,104D048300,905FT,0,+,4.0,,,,N,90D64,,90X01,,,,,,<2,N,fin
30400483200,104D048320,917FW,0,+,4.0,,,,N,90D92,,90X01,,,,,,<2,N,fin
30400485000,104D048500,905FP,0,+,4.0,,,,N,04D21,,,,,,,,<2,N,fin
30400485200,104D048520,901FP,0,+,4.0,,,,N,90D01,,90X01,,,,,,<2,N,fin
30400485800,104D048580,906FP,0,+,4.0,,,,N,90D31,,90X01,,,,,,<2,N,fin
30400486000,104D048600,908FP,0,+,4.0,,,,N,90D41,,90X01,,,,,,<2,N,fin
30400486100,104D048610,910FP,0,+,4.0,,,,N,90D11,,90X01,,,,,,<2,N,fin
30400486200,104D048620,905FR,0,+,4.0,,,,N,90D61,,90X01,,,,,,<2,N,fin
30400486400,104D048640,917FV,0,+,4.0,,,,N,90D91,,90X01,,,,,,<2,N,fin
30400487200,104D048720,904FB,0,+,4.0,,,,N,90T01,90S01,90X01,,,,,,<2,N,fin
30400487210,104D048721,904FB,0,+,4.0,,,,N,99S80,,90X01,,,,,,<2,N,fin
30400487300,104D048730,904FA,0,+,4.0,,,,N,90T06,,90X01,,,,,,<2,N,fin
30400487310,104D048731,904FA,0,+,4.0,,,,N,90T07,,90X01,,,,,,<2,N,fin
30400487320,104D048732,904FA,0,+,4.0,,,,N,90T08,,90X01,,,,,,<2,N,fin
30400487330,104D048733,904FA,0,+,4.0,,,,N,90T05,,90X01,,,,,,<2,N,fin
30400487520,104D048752,904FE,0,+,4.0,,,,N,99T00,90S01,,,,,,,<2,N,fin
30400488000,104D048800,804NP,0,+,4.0,,,,N,04O11,,,,,,,,<2,N,ice/nor
30400488100,104D048810,804NR,0,+,4.0,,,,N,04O12,,,,,,,,<2,N,ice
30400488101,104D0488101,804NR,0,+,4.0,,,,N,04O12,,,,,,,,<1,N,nor
30400490000,104D049000,823NS,0,+,4.0,,,,N,90O02,,,,,,,,<1,N,nor
30400499600,104D049960,904O,0,+,4.0,,,,Z,,,,,,,,,<2,N,den/est/fin/lat
30400499900,104D049990,804O,0,+,4.0,,,,N,,,,,,,,,<2,N,den/est/fin/lat
30500010000,105D001000,470O,0,+,5.0,,,,S,00S20,,,,,,,,<2,N,den/est/lat
30500010002,105D0010002,470P,0,+,5.0,,,,S,05S01,,,,,,,,<2,N,ice/nor/lat
30500010003,105D0010003,471O,B,+,5.0,,,,S,05S01,,,,,,,,<1,N,swe
30500011000,105D001100,471O,B,+,5.0,,,,S,00S20,,,,,,,,<1,N,swe
30500210000,105D021000,104O,0,+,5.0,,,,S,05S02,,,,,,,,<2,N,den/est/fin/ice/lat/nor
30500210011,105D0210011,104O,0,+,5.0,,,,S,05S02,,99X35,,,,,,<1,N,swe
30500210100,105D021010,104O,0,+,5.0,,,,,05S80,,00X10,,,,,,<2,N,den/est/fin/ice/lat
30500211000,105D0211000,104O,0,+,5.0,,,,S,05S80,,,,,,,,<2,N,den/est/fin/ice/lat/nor
30500211102,105D0211102,104O,0,+,5.0,,,,S,05S80,,99X35,,,,,,<1,N,swe
30500410000,105D041000,108O,0,+,5.0,,,,S,05S06,,,,,,,,<2,N,den/est/fin/ice/lat/nor
30500410010,105D041001,108O,0,+,5.0,,,,S,05S06,,99X35,,,,,,<1,N,swe
30500411000,105D041100,108O,0,+,5.0,,,,S,05S07,05S08,,,,,,,<2,N,den/est/fin/ice/lat/nor
30500411010,105D041101,108O,0,+,5.0,,,,S,05S07,05S08,99X35,,,,,,<1,N,swe
30500413000,105D041300,108O,0,+,5.0,,,,S,05S22,05S21,,,,,,,<2,N,den/est/fin/ice/lat/nor
30500413010,105D041301,108O,0,+,5.0,,,,S,05S22,05S21,99X35,,,,,,<1,N,swe
30500600000,105D060000,107O,0,+,5.0,,,,S,05S09,,,,,,,,<2,N,den/est/fin/ice/lat/nor
30500600010,105D060001,107O,0,+,5.0,,,,S,05S09,,99X35,,,,,,<1,N,swe
30500701000,105D070100,111O,0,+,5.0,,,,S,05S07,,,,,,,,<2,N,den/est/ice/lat/nor
30500701001,105D0701001,110O,0,+,5.0,,,,S,05S07,,,,,,,,<2,N,fin
30500701010,105D070101,111O,0,+,5.0,,,,S,05S07,,99X35,,,,,,<1,N,swe
30500702000,105D070200,111O,0,+,5.0,,,,S,05S08,,,,,,,,<2,N,den/est/ice/lat/nor
30500702001,105D0702001,110O,0,+,5.0,,,,S,05S08,,,,,,,,<2,N,fin
30500702010,105D070201,111O,0,+,5.0,,,,S,05S08,,99X35,,,,,,<1,N,swe
30500703000,105D070300,111O,0,+,5.0,,,,S,05S11,,,,,,,,<2,N,den/est/ice/lat/nor
30500703001,105D0703001,110O,0,+,5.0,,,,S,05S11,,,,,,,,<2,N,fin
30500703010,105D070301,111O,0,+,5.0,,,,S,05S11,,99X35,,,,,,<1,N,swe
30500704000,105D070400,111O,0,+,5.0,,,,S,05S22,,,,,,,,<2,N,den/est/ice/lat/nor
30500704001,105D0704001,110O,0,+,5.0,,,,S,05S22,,,,,,,,<2,N,fin
30500704010,105D070401,111O,0,+,5.0,,,,S,05S22,,99X35,,,,,,<1,N,swe
30500802005,105D041310,108O,0,+,5.0,,,,N,05V15,,,,,,,,<1,N,swe
30500900000,105D090000,113O,0,+,5.0,,,,S,05S12,,,,,,,,<2,N,den/est/fin/ice/lat/nor
30500900001,105D0900001,113O,0,+,5.0,,,,S,05S12,,,,,,,,<1,N,swe
30500901000,105D090100,113O,0,+,5.0,,,,,05S12,,00X10,,,,,,<2,N,den/est/ice/lat
30500910000,105D091000,113O,0,+,5.0,,,,,05S12,,00X10,,,,,,<2,N,fin
30501101000,105D110100,117O,0,+,5.0,,,,S,05S40,,,,,,,,<1,N,swe
30501101001,105D1101001,117O,0,+,5.0,,,,S,05S40,,,,,,,,<2,N,den/est/fin/ice/lat/nor
30501101010,105D110101,117O,0,+,5.0,,,,,05S40,,00X10,,,,,,<1,N,swe
30501101011,105D1101011,117O,0,+,5.0,,,,,05S40,,00X10,,,,,,<2,N,den/est/fin/ice/lat
30501101020,105D110102,117O,0,+,5.0,,,,,05S45,,,,,,,,<1,N,swe
30501101100,105D110110,116O,0,+,5.0,,,,S,05S41,,,,,,,,<1,N,den/swe
30501101101,105D1101101,116O,0,+,5.0,,,,S,05S41,,,,,,,,<2,N,est/fin/ice/nor/lat
30501101120,105D110112,116O,0,+,5.0,,,,S,05S44,,,,,,,,<1,N,swe
30501106560,105D110113,116O,0,+,,,05P05,,S,05S44,,,,,,,,<1,N,swe
30501112000,105D111200,115O,0,+,5.0,,,,S,05S42,,,,,,,,<1,N,swe
30501112001,105D1112001,115O,0,+,5.0,,,,S,05S42,,,,,,,,<2,N,den/est/fin/ice/lat
30501112010,105D111201,115O,0,+,5.0,,,,,05S42,,00X10,,,,,,<1,N,swe
30501112011,105D1112011,115O,0,+,5.0,,,,,05S42,,00X10,,,,,,<2,N,den/est/fin/ice/lat
30501200000,105D120000,112O,0,+,5.0,,,,,05S25,,,,,,,,<2,N,den
30501200002,105D1200002,112P,0,+,5.0,,,,,05S20,,,,,,,,<1,N,swe
30501200003,105D1200102,112P,0,+,5.0,,,,,05S20,,,,,,,,<2,N,fin/ice/nor/est/lat
30501200004,105D1200004,112Q,0,+,5.0,,,,,05S25,,,,,,,,<1,N,swe
30501200005,105D1200005,112Q,0,+,5.0,,,,,05S25,,,,,,,,<2,N,fin/ice/nor/est/lat
30501200100,105D120010,112O,0,+,5.0,,,,,05S20,,,,,,,,<2,N,den
30501200200,105D120020,112O,0,+,5.0,,,,,05S16,,,,,,,,<2,N,den
30501200206,105D1200206,112Q,0,+,5.0,,,,,05S16,,,,,,,,<1,N,swe
30501200207,105D1200202,112Q,0,+,5.0,,,,,05S16,,,,,,,,<2,N,fin/ice/nor/est/lat
30501210000,105D1210000,115O,0,+,5.0,,,,S,05S42,,,,,,,,<2,N,nor
30501255000,105D1300002,119P,0,+,,,05P21,,S,05S15,,99X04,,,,,,<2,N,fin
30501277500,105D13000111,119P,0,+,,,05P21,,,05S15,,00X10,99X04,,,,,<2,N,fin
30501300000,105D130000,119O,0,+,,,05P21,,S,05S15,,,,,,,,<2,N,den/est/fin/ice/lat/nor
30501300001,105D1300001,119O,0,+,,,05P21,,S,05S15,,,,,,,,<1,N,swe
30501300010,105D130001,119O,0,+,,,05P21,,,05S15,,00X10,,,,,,<2,N,den/est/ice/lat
30501300011,105D1300011,119O,0,+,,,05P21,,,05S15,,00X10,,,,,,<2,N,fin
30501300012,105D1300012,119O,0,+,,,05P21,,,05S15,,00X10,,,,,,<1,N,swe
30501301000,105D130100,479O,0,+,5.0,,,,S,05S15,,,,,,,,<2,N,den/est/fin/ice/lat/nor
30501301001,105D1301001,479O,0,+,5.0,,,,S,05S15,,,,,,,,<1,N,swe
30501301010,105D130101,479O,0,+,5.0,,,,,05S15,,00X10,,,,,,<2,N,den/est/ice/lat
30501301011,105D1301011,479O,0,+,5.0,,,,,05S15,,00X10,,,,,,<1,N,swe
30501301100,105D130110,479O,0,+,5.0,,,,,05S15,,00X10,,,,,,<2,N,fin
30501302000,105D130200,479O,0,+,,,05P02,,S,05S15,,,,,,,,<2,N,den/est/fin/ice/lat/nor
30501302001,105D1302001,479O,0,+,,,05P02,,S,05S15,,,,,,,,<1,N,swe
30501302010,105D130201,479O,0,+,,,05P02,,,05S15,,00X10,,,,,,<2,N,den/est/ice/lat
30501302011,105D1302011,479O,0,+,,,05P02,,,05S15,,00X10,,,,,,<1,N,swe
30501302100,105D130210,479O,0,+,,,05P02,,,05S15,,00X10,,,,,,<2,N,fin
30501500000,105D150000,114O,0,+,5.0,,,,S,05S17,,,,,,,,<2,N,den/est/fin/ice/lat/nor
30501500001,105D1500001,114O,0,+,5.0,,,,S,05S17,,,,,,,,<1,N,swe
30501501000,105D150100,114O,0,+,5.0,,,,,05S17,,00X10,,,,,,<2,N,den/est/ice/lat
30501510000,105D151000,114O,0,+,5.0,,,,,05S17,,00X10,,,,,,<2,N,fin
30501655000,105D1800002,119P,0,+,5.0,,,,S,05S18,,99X04,,,,,,<2,N,fin
30501800000,105D180000,119O,0,+,5.0,,,,S,05S18,,,,,,,,<2,N,den/est/fin/ice/lat/nor
30501800001,105D1800001,119O,0,+,5.0,,,,S,05S18,,,,,,,,<1,N,swe
30501910000,105D191000,477O,0,+,5.0,,,,S,05S21,,,,,,,,<2,N,den/est/ice/lat/nor
30501910001,105D1910001,110O,0,+,5.0,,,,S,05S21,,,,,,,,<2,N,fin
30501910002,105D1910002,477O,7,+,5.0,,,,S,05S21,,,,,,,,<1,N,swe
30501949000,105D230000,125O,0,+,5.0,,,,,05S05,,,,,,,,<2,N,den/est/fin/ice/lat
30501949666,105D1949001,125O,0,+,5.0,,,,,05S05,,,,,,,,<1,N,swe
30501950000,105D195000,120O,0,+,5.0,,,,P,05S19,,,,,,,,<2,N,den/est/fin/ice/lat/nor
30501950033,105D1955,120O,0,+,,,05P05,,P,05S19,,,,,,,,<2,N,est/nor/ice/lat
30501950066,105D1950001,120O,0,+,5.0,,,,P,05S19,,,,,,,,<1,N,swe
30501950100,105D195010,120O,0,+,5.0,,,,,05S19,,00X10,,,,,,<1,N,swe
30501951000,105D195100,120O,0,+,5.0,,,,,05S19,,00X10,,,,,,<2,N,den/est/fin/ice/lat
30501955530,105D2180001,805NP,0,+,5.0,,,,N,05O02,,,,,,,,<2,N,fin/est/lat
30501960060,105D196006,851D,0,+,5.0,,,,,90T05,,90X01,,,,,,<2,N,nor
30501960070,105D196007,851D,0,+,5.0,,,,,90T05,,90X02,,,,,,<2,N,nor
30502120000,105D212000,901FQ,0,+,5.0,,,,N,05D02,,,,,,,,<2,N,fin
30502120200,105D212020,905FQ,0,+,5.0,,,,N,05D22,,,,,,,,<2,N,fin
30502120400,105D212040,905FS,0,+,5.0,,,,N,05D62,,,,,,,,<2,N,fin
30502120600,105D212060,905FT,0,+,5.0,,,,N,05D64,,,,,,,,<2,N,fin
30502121000,105D212100,901FQ,0,+,5.0,,,,N,90D02,,90X01,,,,,,<2,N,fin
30502121400,105D212140,906FQ,0,+,5.0,,,,N,90D32,,90X01,,,,,,<2,N,fin
30502121600,105D212160,908FQ,0,+,5.0,,,,N,90D42,,90X01,,,,,,<2,N,fin
30502121800,105D212180,905FS,0,+,5.0,,,,N,90D62,,90X01,,,,,,<2,N,fin
30502121900,105D212190,917FW,0,+,5.0,,,,N,90D92,,90X01,,,,,,<2,N,fin
30502123000,105D212300,901FP,0,+,5.0,,,,N,05D01,,,,,,,,<2,N,fin
30502123200,105D212320,905FP,0,+,5.0,,,,N,05D21,,,,,,,,<2,N,fin
30502123400,105D212340,906FP,0,+,5.0,,,,N,05D31,,,,,,,,<2,N,fin
30502123600,105D212360,905FR,0,+,5.0,,,,N,05D61,,,,,,,,<2,N,fin
30502123800,105D212380,910FP,0,+,5.0,,,,N,05D11,,,,,,,,<2,N,fin
30502124000,105D212400,901FP,0,+,5.0,,,,N,90D01,,90X01,,,,,,<2,N,fin
30502124200,105D212420,905FP,0,+,5.0,,,,N,90D21,,90X01,,,,,,<2,N,fin
30502124400,105D212440,906FP,0,+,5.0,,,,N,90D31,,90X01,,,,,,<2,N,fin
30502124600,105D212460,908FP,0,+,5.0,,,,N,90D41,,90X01,,,,,,<2,N,fin
30502125200,105D212520,917FV,0,+,5.0,,,,N,90D91,,90X01,,,,,,<2,N,fin
30502130300,105D213030,905FG,0,+,5.0,,,,N,90T01,,05X07,,,,,,<2,N,fin
30502130400,105D213040,917FE,0,+,5.0,,,,N,90T01,90S01,90X01,,,,,,<2,N,fin
30502131000,105D213100,917FU,0,+,5.0,,,,N,90T05,,90X01,,,,,,<2,N,fin
30502140020,105D214002,905FG,0,+,5.0,,,,N,99T00,90S01,,,,,,,<2,N,fin
30502170000,105D217000,125O,0,+,5.0,,,,,05S05,,,,,,,,<2,N,nor
30502180000,105D218000,805NP,0,+,5.0,,,,N,05O02,,,,,,,,<2,N,ice/nor
30502180100,105D218010,805NR,0,+,5.0,,,,N,05O21,,,,,,,,<2,N,ice
30502180200,105D218020,805NS,0,+,5.0,,,,N,05O22,,,,,,,,<2,N,ice
30502180300,105D218030,805NT,0,+,5.0,,,,N,05O23,,,,,,,,<2,N,ice
30502499600,105D249960,905O,0,+,5.0,,,,Z,,,,,,,,,<2,N,den/est/fin/lat
30502499900,105D249990,805O,0,+,5.0,,,,N,,,,,,,,,<2,N,den/est/fin/lat
30600110000,106D011000,156O,0,+,6.0,,,,S,06S01,,,,,,,,<2,N,den/est/fin/ice/lat/nor
30600110010,106D011001,156O,0,+,6.0,,,,S,06S01,,99X35,,,,,,<1,N,swe
30600210000,106D021000,147O,0,+,6.0,,,,S,06S03,,,,,,,,<2,N,den/est/fin/ice/lat/nor
30600210010,106D021001,147O,0,+,6.0,,,,S,06S03,,99X35,,,,,,<1,N,swe
30600310000,106D031000,149O,0,+,6.0,,,,S,06S02,,,,,,,,<2,N,den/est/fin/ice/lat/nor
30600310010,106D031001,149O,0,+,6.0,,,,S,06S02,,99X35,,,,,,<1,N,swe
30600410000,106D041000,151O,0,+,6.0,,,,S,06S04,,,,,,,,<2,N,den/est/fin/ice/lat/nor
30600410001,106D0410001,151O,0,+,6.0,,,,S,06S04,,,,,,,,<1,N,swe
30600510900,106D051090,153O,0,+,6.0,,,,S,06S06,,,,,,,,<2,N,den/est/fin/ice/lat/nor
30600510901,106D0510901,153O,0,+,6.0,,,,S,06S06,,,,,,,,<1,N,swe
30600510910,106D051091,153O,0,+,6.0,,,,,06S06,,00X10,,,,,,<2,N,den/est/fin/ice/lat
30600510911,106D0510911,153O,0,+,6.0,,,,,06S06,,00X10,,,,,,<1,N,swe
30600511000,106D051100,167O,0,+,6.0,,,,S,06S05,,,,,,,,<2,N,den/est/fin/ice/lat/nor
30600511001,106D0511001,167O,0,+,6.0,,,,S,06S05,,,,,,,,<1,N,swe
30600710000,106D071000,158O,0,+,6.0,,,,S,06S07,,,,,,,,<2,N,den/est/fin/ice/lat/nor
30600710001,106D0710001,158O,0,+,6.0,,,,S,06S07,,,,,,,,<1,N,swe
30600710010,106D071001,158O,0,+,6.0,,,,,06S07,,00X10,,,,,,<2,N,den/est/fin/ice/lat
30600710011,106D0710011,158O,0,+,6.0,,,,,06S07,,00X10,,,,,,<1,N,swe
30600800000,106D080000,160O,0,+,6.0,,,,S,06S09,,,,,,,,<2,N,fin
30600900000,106D090000,162P,0,+,6.0,,,,S,06S08,,99X04,,,,,,<2,N,den/est/fin/ice/lat/nor
30600900002,106D0900002,162P,0,+,6.0,,,,S,06S08,,99X04,,,,,,<1,N,swe
30600900200,106D090020,162P,0,+,6.0,,,,S,06S08,06S09,,,,,,,<1,N,swe
30600900201,106D0900200,162P,0,+,6.0,,,,S,06S08,06S09,,,,,,,<2,N,den/est/ice/lat/nor
30600910000,106D091000,162O,0,+,6.0,,,,S,06S08,,,,,,,,<2,N,den/est/fin/ice/lat/nor
30600910001,106D0910001,162O,0,+,6.0,,,,S,06S08,,,,,,,,<1,N,swe
30600911000,106D0911000,160O,0,+,6.0,,,,S,06S09,,,,,,,,<2,N,den/est/ice/lat/nor
30600911001,106D0911001,160O,0,+,6.0,,,,S,06S09,,,,,,,,<1,N,swe
30601100000,106D110000,171O,0,+,6.0,,,,S,06S10,,,,,,,,<2,N,den/est/fin/ice/lat/nor
30601100001,106D1100001,171O,0,+,6.0,,,,S,06S10,,,,,,,,<1,N,swe
30601100010,106D110001,171O,0,+,6.0,,,,,06S10,,00X10,,,,,,<2,N,fin
30601100100,106D110010,171O,0,+,6.0,,,,,06S10,,00X10,,,,,,<2,N,den/est/ice/lat
30601100101,106D1100101,171O,0,+,6.0,,,,,06S10,,00X10,,,,,,<1,N,swe
30601101000,106D110100,171O,0,+,6.0,,,,S,06S20,,06X06,,,,,,<2,N,den/est/fin/ice/lat/nor
30601101001,106D1101001,171O,0,+,6.0,,,,S,06S20,,06X06,,,,,,<1,N,swe
30601150000,106D115000,806NH,0,+,6.0,,,,N,90S02,90O10,,,,,,,<2,N,nor
30601200000,106D120000,703O,0,+,6.0,,,,P,06E03,,,,,,,,<2,N,den/est/fin/ice/lat/nor
30601200001,106D1200001,703O,0,+,6.0,,,,P,06E03,,,,,,,,<1,N,swe
30601200100,106D120010,713O,0,+,6.0,,,,P,06E13,,,,,,,,<2,N,den/est/fin/ice/lat/nor
30601200101,106D1200101,713O,0,+,6.0,,,,P,06E13,,,,,,,,<1,N,swe
30601200260,106D120026,851F,0,+,6.0,,,,,90T05,,90X01,,,,,,<2,N,nor
30601200270,106D120027,851F,0,+,6.0,,,,,90T05,,90X02,,,,,,<2,N,nor
30601200635,106D1201002,703O,0,+,6.0,,,,P,06E11,,90X15,,,,,,<2,N,nor/ice
30601201000,106D120100,706O,0,+,6.0,,,,P,06E06,,,,,,,,<2,N,den/est/fin/ice/lat/nor
30601201001,106D1201001,706O,0,+,6.0,,,,P,06E06,,,,,,,,<1,N,swe
30601201100,106D120110,704O,0,+,6.0,,,,P,06E04,,,,,,,,<2,N,den/est/fin/ice/lat/nor
30601201101,106D1201101,704O,0,+,6.0,,,,P,06E04,,,,,,,,<1,N,swe
30601201300,106D120130,707O,0,+,6.0,,,,P,06E07,,,,,,,,<2,N,den/est/fin/ice/lat/nor
30601201301,106D1201301,707O,0,+,6.0,,,,P,06E07,,,,,,,,<1,N,swe
30601201311,106D1201311,707P,0,+,6.0,,,,,06E08,,,,,,,,<2,N,fin/est/lat
30601201312,106D1201312,707P,0,+,6.0,,,,,06E08,,,,,,,,<1,N,ice
30601201313,106D1201313,707P,0,+,6.0,,,,P,06E08,,,,,,,,<2,N,nor
30601201400,106D120140,714O,0,+,6.0,,,,P,06E14,,,,,,,,<2,N,den/est/fin/ice/lat/nor
30601201401,106D1201401,714O,0,+,6.0,,,,P,06E14,,,,,,,,<1,N,swe
30601205000,106D120500,709O,0,+,6.0,,,,P,06E09,,,,,,,,<2,N,den/est/fin/ice/lat/nor
30601205001,106D1205001,709O,0,+,6.0,,,,P,06E09,,,,,,,,<1,N,swe
30601205003,106D120498,720P,0,+,6.0,,,,P,06E20,,00X10,,,,,,<2,N,fin
30601205005,106D120499,720Q,0,+,6.0,,,,P,06E20,,,,,,,,<2,N,fin
30601205010,106D120501,720O,0,+,6.0,,,,P,06E20,,,,,,,,<2,N,den/est/ice/lat/nor
30601205025,106D1205009,720P,0,+,6.0,,,,P,06E20,,00X10,,,,,,<1,N,swe
30601205040,106D1205010,720Q,0,+,6.0,,,,P,06E20,,,,,,,,<1,N,swe
30601205077,106D120508,720P,0,+,6.0,,,,P,06E10,06E11,00X10,,,,,,<2,N,fin
30601205085,106D120509,720Q,0,+,6.0,,,,P,06E10,06E11,,,,,,,<2,N,fin
30601205100,106D120510,720O,0,+,6.0,,,,P,06E10,06E11,,,,,,,<2,N,den/est/ice/lat/nor
30601205116,106D1205099,720P,0,+,6.0,,,,P,06E10,06E11,00X10,,,,,,<1,N,swe
30601205133,106D1205100,720Q,0,+,6.0,,,,P,06E10,06E11,,,,,,,<1,N,swe
30601205174,106D120518,710P,0,+,6.0,,,,P,06E10,,00X10,,,,,,<2,N,fin
30601205183,106D120519,710Q,0,+,6.0,,,,P,06E10,,,,,,,,<2,N,fin
30601205200,106D120520,710O,0,+,6.0,,,,P,06E10,,,,,,,,<2,N,den/est/ice/lat/nor
30601205216,106D1205199,710P,0,+,6.0,,,,P,06E10,,00X10,,,,,,<1,N,swe
30601205233,106D1205200,710Q,0,+,6.0,,,,P,06E10,,,,,,,,<1,N,swe
30601205274,106D120528,711P,0,+,6.0,,,,P,06E11,,00X10,,,,,,<2,N,fin
30601205283,106D120529,711Q,0,+,6.0,,,,P,06E11,,,,,,,,<2,N,fin
30601205300,106D120530,711O,0,+,6.0,,,,P,06E11,,,,,,,,<2,N,den/est/ice/lat/nor
30601205316,106D1205299,711P,0,+,6.0,,,,P,06E11,,00X10,,,,,,<1,N,swe
30601205333,106D1205300,711Q,0,+,6.0,,,,P,06E11,,,,,,,,<1,N,swe
30601205400,106D120540,712O,0,+,6.0,,,,P,06E12,,,,,,,,<2,N,den/est/fin/ice/lat/nor
30601205401,106D1205401,712O,0,+,6.0,,,,P,06E12,,,,,,,,<1,N,swe
30601205410,106D120541,712O,0,+,6.0,,,,,06E12,,00X10,,,,,,<1,N,swe
30601205600,106D120560,702O,0,+,6.0,,,,P,04E02,,,,,,,,<2,N,den/est/lat
30601205601,106D1205601,702O,0,+,6.0,,,,P,04E02,,,,,,,,<1,N,swe
30601220000,106D122000,906FQ,0,+,6.0,,,,N,06D32,,,,,,,,<2,N,fin
30601220200,106D122020,905FS,0,+,6.0,,,,N,06D62,,,,,,,,<2,N,fin
30601221000,106D122100,901FQ,0,+,6.0,,,,N,90D02,,90X01,,,,,,<2,N,fin
30601221200,106D122120,905FQ,0,+,6.0,,,,N,90D22,,90X01,,,,,,<2,N,fin
30601221400,106D122140,906FQ,0,+,6.0,,,,N,90D32,,90X01,,,,,,<2,N,fin
30601221600,106D122160,908FQ,0,+,6.0,,,,N,90D42,,90X01,,,,,,<2,N,fin
30601221800,106D122180,905FS,0,+,6.0,,,,N,90D62,,90X01,,,,,,<2,N,fin
30601222000,106D122200,905FT,0,+,6.0,,,,N,90D64,,90X01,,,,,,<2,,fin
30601222200,106D122220,917FW,0,+,6.0,,,,N,90D92,,90X01,,,,,,<2,N,fin
30601223000,106D122300,906FP,0,+,6.0,,,,N,06D31,,,,,,,,<2,N,fin
30601223200,106D122320,908FP,0,+,6.0,,,,N,06D41,,,,,,,,<2,N,fin
30601223400,106D122340,905FR,0,+,6.0,,,,N,06D61,,,,,,,,<2,N,fin
30601224000,106D122400,901FP,0,+,6.0,,,,N,90D01,,90X01,,,,,,<2,N,fin
30601224200,106D122420,905FP,0,+,6.0,,,,N,90D21,,90X01,,,,,,<2,N,fin
30601224400,106D122440,906FP,0,+,6.0,,,,N,90D31,,90X01,,,,,,<2,N,fin
30601224600,106D122460,908FP,0,+,6.0,,,,N,90D41,,90X01,,,,,,<2,N,fin
30601224800,106D122480,910FP,0,+,6.0,,,,N,90D11,,90X01,,,,,,<2,N,fin
30601225000,106D122500,905FR,0,+,6.0,,,,N,90D61,,90X01,,,,,,<2,N,fin
30601225200,106D122520,917FV,0,+,6.0,,,,N,90D91,,90X01,,,,,,<2,N,fin
30601230200,106D123020,906FB,0,+,6.0,,,,N,90T01,90S01,90X01,,,,,,<2,N,fin
30601230210,106D123021,906FB,0,+,6.0,,,,N,99S80,,90X01,,,,,,<2,N,fin
30601230400,106D123040,906FA,0,+,6.0,,,,N,90T06,,90X01,,,,,,<2,N,fin
30601230410,106D123041,906FA,0,+,6.0,,,,N,90T07,,90X01,,,,,,<2,N,fin
30601230420,106D123042,906FA,0,+,6.0,,,,N,90T08,,90X01,,,,,,<2,N,fin
30601230430,106D123043,906FA,0,+,6.0,,,,N,90T05,,90X01,,,,,,<2,N,fin
30601280000,106D128000,806NP,0,+,6.0,,,,N,06O04,,,,,,,,<2,N,ice
30601280001,106D1280001,806NP,0,+,6.0,,,,N,06O04,,,,,,,,<1,N,nor
30601281000,106D128100,806NR,0,+,6.0,,,,N,06O05,,,,,,,,<2,N,ice
30601281001,106D1281001,806NR,0,+,6.0,,,,N,06O05,,,,,,,,<1,N,nor
30601282000,106D128200,806NS,0,+,6.0,,,,N,06O06,,,,,,,,<2,N,ice
30601282001,106D1282001,807NP,0,+,6.0,,,,N,06O06,,,,,,,,<2,N,nor
30601299240,106D129924,906FG,0,+,6.0,,,,N,99T00,90S01,,,,,,,<2,N,fin
30601299600,106D129960,906O,0,+,6.0,,,,Z,,,,,,,,,<2,N,den/est/fin/lat
30609999990,106D999999,806O,0,+,6.0,,,,N,,,,,,,,,<2,N,den/est/fin/lat
30700100000,107D010000,192O,0,+,7.0,,,,S,07S01,,,,,,,,<2,N,den/est/fin/ice/lat/nor
30700100010,107D010001,192O,0,+,7.0,,,,S,07S01,,99X35,,,,,,<1,N,swe
30700200000,107D020000,494O,0,+,7.0,,,,S,07S05,,,,,,,,<2,N,den/est/fin/ice/lat/nor
30700200001,107D0200001,494O,0,+,7.0,,,,S,07S05,,,,,,,,<1,N,swe
30700200100,107D020010,494O,0,+,7.0,,,,,07S05,,00X10,,,,,,<2,N,den/est/ice/lat
30700200101,107D0200101,494O,0,+,,,07P14,,S,07S05,,,,,,,,<2,N,nor
30700200102,107D0200102,494O,0,+,7.0,,,,,07S05,,00X10,,,,,,<1,N,swe
30700200200,107D020020,494O,0,+,,,07P14,,S,07S05,,,,,,,,<2,N,den/est/ice/lat
30700200300,107D020030,494O,0,+,,,07P14,,,07S05,,00X10,,,,,,<2,N,den/ice
30700201000,107D020100,494O,0,+,7.0,,,,,07S05,,00X10,,,,,,<2,N,fin
30700201001,107D0201001,494O,0,+,,,07P14,,S,07S05,,,,,,,,<1,N,swe
30700202000,107D020200,494O,0,+,,,07P14,,S,07S05,,,,,,,,<2,N,fin
30700202001,107D0202001,494O,0,+,,,07P14,,,07S05,,00X10,,,,,,<1,N,swe
30700510000,107D051000,494O,0,+,7.0,,,,S,07S02,,,,,,,,<2,N,den/est/fin/ice/lat/nor
30700510001,107D0510001,494O,0,+,7.0,,,,S,07S02,,,,,,,,<1,N,swe
30700510100,107D051010,494O,0,+,7.0,,,,,07S02,,00X10,,,,,,<2,N,den/est/ice/lat
30700510101,107D0510101,494O,0,+,,,07P14,,S,07S02,,,,,,,,<2,N,nor
30700510102,107D0510102,494O,0,+,7.0,,,,,07S02,,00X10,,,,,,<1,N,swe
30700510200,107D051020,494O,0,+,,,07P14,,S,07S02,,,,,,,,<2,N,den/est/ice/lat
30700510300,107D051030,494O,0,+,,,07P14,,,07S02,,00X10,,,,,,<2,N,den/est/lat
30700511000,107D051100,494O,0,+,7.0,,,,,07S02,,00X10,,,,,,<2,N,fin
30700512000,107D051200,494O,0,+,,,07P14,,S,07S02,,,,,,,,<2,N,fin
30700515000,107D051500,494O,0,+,,,07P14,,S,07S02,,,,,,,,<1,N,swe
30700518000,107D051800,494O,0,+,,,07P14,,,07S02,,00X10,,,,,,<1,N,swe
30700610000,107D061000,494O,0,+,7.0,,,,S,07S03,,,,,,,,<2,N,den/est/fin/ice/lat/nor
30700610001,107D0610001,494O,0,+,7.0,,,,S,07S03,,,,,,,,<1,N,swe
30700610100,107D061010,494O,0,+,,,07P14,,S,07S03,,,,,,,,<2,N,ice/nor
30700610200,107D061020,494O,0,+,,,07P14,,S,07S03,,,,,,,,<2,N,den/est/lat
30700611000,107D061100,494O,0,+,,,07P14,,S,07S03,,,,,,,,<2,N,fin
30700615000,107D061500,494O,0,+,,,07P14,,S,07S03,,,,,,,,<1,N,swe
30700710000,107D071000,494O,0,+,7.0,,,,S,07S04,,,,,,,,<2,N,den/est/fin/ice/lat/nor
30700710001,107D0710001,494O,0,+,7.0,,,,S,07S04,,,,,,,,<1,N,swe
30700710100,107D071010,494O,0,+,,,07P14,,S,07S04,,,,,,,,<2,N,ice/nor
30700710200,107D071020,494O,0,+,,,07P14,,S,07S04,,,,,,,,<2,N,den/est/lat
30700711000,107D071100,494O,0,+,,,07P14,,S,07S04,,,,,,,,<2,N,fin
30700715000,107D071500,494O,0,+,,,07P14,,S,07S04,,,,,,,,<1,N,swe
30701000000,107D100000,200O,0,+,7.0,,,,S,07S06,,,,,,,,<2,N,den/est/fin/ice/lat/nor
30701000001,107D1000001,200O,0,+,7.0,,,,S,07S06,,,,,,,,<1,N,swe
30701001000,107D100100,200O,0,+,7.0,,,,,07S06,,00X10,,,,,,<2,N,den/est/ice/lat
30701001001,107D1001001,200O,0,+,7.0,,,,,07S06,,00X10,,,,,,<1,N,swe
30701010000,107D101000,200O,0,+,7.0,,,,,07S06,,00X10,,,,,,<2,N,fin
30701300000,107D130000,201O,0,+,7.0,,,,S,07S07,,,,,,,,<2,N,den/est/fin/ice/lat/nor
30701300001,107D1300001,201O,0,+,7.0,,,,S,07S07,,,,,,,,<1,N,swe
30701300100,107D130010,201O,0,+,7.0,,,,,07S07,,00X10,,,,,,<2,N,den/est/ice/lat
30701300101,107D1300101,201O,0,+,,,07P14,,S,07S07,,,,,,,,<2,N,nor
30701300102,107D1300102,201O,0,+,7.0,,,,,07S07,,00X10,,,,,,<1,N,swe
30701300200,107D130020,201O,0,+,,,07P14,,S,07S07,,,,,,,,<2,N,den/est/ice/lat
30701300300,107D130030,201O,0,+,,,07P14,,,07S07,,00X10,,,,,,<2,N,den
30701301000,107D130100,201O,0,+,7.0,,,,,07S07,,00X10,,,,,,<2,N,fin
30701302000,107D130200,201O,0,+,,,07P14,,S,07S07,,,,,,,,<2,N,fin
30701305000,107D130500,201O,0,+,,,07P14,,S,07S07,,,,,,,,<1,N,swe
30701307000,107D130700,201O,0,+,,,07P14,,,07S07,,00X10,,,,,,<1,N,swe
30701310000,107D131000,494O,0,+,7.0,,,,S,07S08,,,,,,,,<2,N,den/est/fin/ice/lat/nor
30701310001,107D1310001,494O,0,+,7.0,,,,S,07S08,,,,,,,,<1,N,swe
30701310100,107D131010,494O,0,+,7.0,,,,,07S08,,00X10,,,,,,<2,N,den/est/ice/lat
30701310101,107D1310101,494O,0,+,,,07P14,,S,07S08,,,,,,,,<2,N,nor
30701310102,107D1310102,494O,0,+,7.0,,,,,07S08,,00X10,,,,,,<1,N,swe
30701310200,107D131020,494O,0,+,,,07P14,,S,07S08,,,,,,,,<2,N,den/est/ice/lat
30701310300,107D131030,494O,0,+,,,07P14,,,07S08,,00X10,,,,,,<2,N,den/ice
30701311000,107D131100,494O,0,+,7.0,,,,,07S08,,00X10,,,,,,<2,N,fin
30701312000,107D131200,494O,0,+,,,07P14,,S,07S08,,,,,,,,<2,N,fin
30701315000,107D131500,494O,0,+,,,07P14,,S,07S08,,,,,,,,<1,N,swe
30701317000,107D131700,494O,0,+,,,07P14,,,07S08,,00X10,,,,,,<1,N,swe
30701320060,107D132006,851F,0,+,7.0,,,,,90T05,,90X01,,,,,,<2,N,nor
30701320070,107D132007,851F,0,+,7.0,,,,,90T05,,90X02,,,,,,<2,N,nor
30701400000,107D140000,713O,0,+,7.0,,,,P,07E13,,,,,,,,<2,N,den/est/fin/ice/lat/nor
30701400001,107D1400001,713O,0,+,7.0,,,,P,07E13,,,,,,,,<1,N,swe
30701401000,107D140100,714O,0,+,7.0,,,,P,07E14,,,,,,,,<2,N,den/est/fin/ice/lat/nor
30701401001,107D1401001,714O,0,+,7.0,,,,P,07E14,,,,,,,,<1,N,swe
30701401200,107D140120,706O,0,+,7.0,,,,P,07E06,,,,,,,,<2,N,den/est/fin/ice/lat/nor
30701401201,107D1401201,706O,0,+,7.0,,,,P,07E06,,,,,,,,<1,N,swe
30701406000,107D140600,715O,0,+,7.0,,,,P,07E15,,,,,,,,<2,N,den/est/fin/ice/lat/nor
30701406001,107D1406001,715O,0,+,7.0,,,,P,07E15,,,,,,,,<1,N,swe
30701406250,107D140698,711P,0,+,7.0,,,,P,06E11,,00X10,,,,,,<2,N,fin
30701406500,107D140699,711Q,0,+,7.0,,,,P,06E11,,,,,,,,<2,N,fin
30701407000,107D140700,711O,0,+,7.0,,,,P,06E11,,,,,,,,<2,N,den/est/ice/lat/nor
30701407003,107D1406999,711P,0,+,7.0,,,,P,06E11,,00X10,,,,,,<1,N,swe
30701407006,107D1407000,711Q,0,+,7.0,,,,P,06E11,,,,,,,,<1,N,swe
30701407020,107D140702,702O,0,+,7.0,,,,P,04E02,,,,,,,,<2,N,den/est/lat
30701407021,107D1407021,702O,0,+,7.0,,,,P,04E02,,,,,,,,<1,N,swe
30701491000,107D149100,906FQ,0,+,7.0,,,,N,07D32,,,,,,,,<2,N,fin
30701491200,107D149120,905FS,0,+,7.0,,,,N,07D62,,,,,,,,<2,N,fin
30701492000,107D149200,901FQ,0,+,7.0,,,,N,90D02,,90X01,,,,,,<2,N,fin
30701492200,107D149220,905FQ,0,+,7.0,,,,N,90D22,,90X01,,,,,,<2,N,fin
30701492400,107D149240,906FQ,0,+,7.0,,,,N,90D32,,90X01,,,,,,<2,N,fin
30701492600,107D149260,908FQ,0,+,7.0,,,,N,90D42,,90X01,,,,,,<2,N,fin
30701492800,107D149280,905FS,0,+,7.0,,,,N,90D62,,90X01,,,,,,<2,N,fin
30701493000,107D149300,905FT,0,+,7.0,,,,N,90D64,,90X01,,,,,,<2,N,fin
30701493200,107D149320,917FW,0,+,7.0,,,,N,90D92,,90X01,,,,,,<2,N,fin
30701494000,107D149400,906FP,0,+,7.0,,,,N,07D31,,,,,,,,<2,N,fin
30701494200,107D149420,905FR,0,+,7.0,,,,N,07D61,,,,,,,,<2,N,fin
30701494400,107D149440,901FP,0,+,7.0,,,,N,90D01,,90X01,,,,,,<2,N,fin
30701494600,107D149460,905FP,0,+,7.0,,,,N,90D21,,90X01,,,,,,<2,N,fin
30701494800,107D149480,906FP,0,+,7.0,,,,N,90D31,,90X01,,,,,,<2,N,fin
30701495000,107D149500,908FP,0,+,7.0,,,,N,90D41,,90X01,,,,,,<2,N,fin
30701495200,107D149520,910FP,0,+,7.0,,,,N,90D11,,90X01,,,,,,<2,N,fin
30701495400,107D149540,905FR,0,+,7.0,,,,N,90D61,,90X01,,,,,,<2,N,fin
30701495600,107D149560,917FV,0,+,7.0,,,,N,90D91,,90X01,,,,,,<2,N,fin
30701496200,107D149620,907FB,0,+,7.0,,,,N,90T01,90S01,90X01,,,,,,<2,N,fin
30701496210,107D149621,907FB,0,+,7.0,,,,N,99S80,,90X01,,,,,,<2,N,fin
30701496300,107D149630,907FA,0,+,7.0,,,,N,90T06,,90X01,,,,,,<2,N,fin
30701496310,107D149631,907FA,0,+,7.0,,,,N,90T07,,90X01,,,,,,<2,N,fin
30701496320,107D149632,907FA,0,+,7.0,,,,N,90T08,,90X01,,,,,,<2,N,fin
30701496330,107D149633,907FA,0,+,7.0,,,,N,90T05,,90X01,,,,,,<2,N,fin
30701498000,107D149800,807NP,0,+,7.0,,,,N,07O01,,,,,,,,<2,N,ice/nor
30701499600,107D149960,907O,0,+,7.0,,,,Z,,,,,,,,,<2,N,den/est/fin/lat
30701499900,107D149990,807O,0,+,7.0,,,,N,,,,,,,,,<2,N,den/est/fin/lat
30800300000,108D030000,209O,0,+,8.0,,,,S,08S92,,,,,,,,<2,N,den/est/fin/ice/lat/nor
30800300001,108D0300001,209O,0,+,8.0,,,,S,08S92,,,,,,,,<1,N,swe
30800300100,108D030010,209O,0,+,8.0,,,,S,08S95,,,,,,,,<2,N,den/est/ice/lat
30800300101,108D0300101,209O,0,+,8.0,,,,S,08S79,,,,,,,,<2,N,fin
30800300110,108D030011,209O,0,+,8.0,,,,S,08S95,,99X35,,,,,,<1,N,swe
30800301000,108D030100,209O,0,+,8.0,,,,S,08S81,,,,,,,,<2,N,den/est/fin/ice/lat/nor
30800301010,108D030101,209O,0,+,8.0,,,,S,08S81,,99X35,,,,,,<1,N,swe
30800302000,108D030200,209O,0,+,8.0,,,,S,08S82,,,,,,,,<2,N,den/est/fin/ice/lat/nor
30800302010,108D030201,209O,0,+,8.0,,,,S,08S82,,99X35,,,,,,<1,N,swe
30800303000,108D030300,209O,0,+,8.0,,,,S,08S83,,,,,,,,<2,N,den/est/fin/ice/lat/nor
30800303010,108D030301,209O,0,+,8.0,,,,S,08S83,,99X35,,,,,,<1,N,swe
30800400000,108D040000,217O,0,+,8.0,,,,S,08S02,,-08X14,,,,,,<2,N,den/est/fin/ice/lat/nor
30800400001,108D0400001,217O,0,+,8.0,,,,S,08S02,,-08X14,,,,,,<1,N,swe
30800405000,108D040500,212O,0,+,8.0,,,,S,08S71,,,,,,,,<2,N,nor
30800405100,108D040510,212O,0,+,8.0,,,,S,08S43,,08X20,,,,,,<2,N,nor
30800410000,108D041000,216O,0,+,8.0,,,,S,08S04,,,,,,,,<2,N,den/est/fin/ice/lat
30800410001,108D0410001,216O,0,+,8.0,,,,S,08S04,,,,,,,,<1,N,swe
30800410100,108D041010,216O,0,+,8.0,,,,,08S04,,00X10,,,,,,<2,N,den/est/ice/lat
30800410101,108D0410101,216O,0,+,8.0,,,,,08S04,,00X10,,,,,,<1,N,swe
30800411000,108D041100,216O,0,+,8.0,,,,,08S04,,00X10,,,,,,<2,N,fin
30800510000,108D051000,212O,0,+,8.0,,,,S,08S71,,,,,,,,<2,N,fin
30800511000,108D051100,212O,0,+,8.0,,,,S,08S71,,,,,,,,<2,N,den/est/ice/lat/nor
30800511001,108D0511001,212O,0,+,8.0,,,,,08S71,,00X10,,,,,,<2,N,fin
30800511002,108D0511002,212O,0,+,8.0,,,,S,08S71,,,,,,,,<1,N,swe
30800511100,108D051110,212O,0,+,8.0,,,,,08S71,,00X10,,,,,,<2,N,den/est/ice/lat
30800511101,108D0511101,212O,0,+,8.0,,,,,08S71,,00X10,,,,,,<1,N,swe
30800512000,108D051200,212O,0,+,8.0,,,,S,08S43,,08X20,,,,,,<2,N,den/est/fin/ice/lat/nor
30800512001,108D0512001,212O,0,+,8.0,,,,S,08S43,,08X20,,,,,,<1,N,swe
30800800000,108D080000,213O,0,+,8.0,,,,S,08S06,,,,,,,,<2,N,den/est/fin/ice/lat/nor
30800800010,108D080001,213O,0,+,8.0,,,,S,08S06,,99X35,,,,,,<1,N,swe
30800801000,108D080100,213O,0,+,8.0,,,,,08S06,,00X10,,,,,,<2,N,den/est/ice/lat
30800810000,108D081000,213O,0,+,8.0,,,,,08S06,,00X10,,,,,,<2,N,fin
30800900000,108D090000,491O,0,+,8.0,,,,S,08S60,,,,,,,,<2,N,den/est/fin/ice/lat/nor
30800900010,108D090001,491O,0,+,8.0,,,,S,08S60,,99X35,,,,,,<1,N,swe
30801000000,108D100000,215O,0,+,8.0,,,,S,08S08,,,,,,,,<2,N,den/est/fin/ice/lat/nor
30801000010,108D100001,215O,0,+,8.0,,,,S,08S08,,99X35,,,,,,<1,N,swe
30801001000,108D100100,215O,0,+,8.0,,,,,08S08,,00X10,,,,,,<2,N,den/est/ice/lat
30801010000,108D101000,215O,0,+,8.0,,,,,08S08,,00X10,,,,,,<2,N,fin
30801100000,108D110000,222P,0,+,8.0,,,,S,08S70,,,,,,,,<2,N,den/est/fin/ice/lat/nor
30801100001,108D1100001,222P,0,+,8.0,,,,S,08S70,,,,,,,,<1,N,swe
30801101000,108D110100,222P,0,+,8.0,,,,,08S70,,00X10,,,,,,<2,N,ice
30801200000,108D120000,222O,0,+,8.0,,,,S,08S72,,,,,,,,<2,N,den/est/fin/ice/lat/nor
30801200001,108D1200001,222O,0,+,8.0,,,,S,08S72,,,,,,,,<1,N,swe
30801200010,108D120001,222O,0,+,8.0,,,,,08S72,,00X10,,,,,,<2,N,fin
30801200100,108D120010,222O,0,+,8.0,,,,,08S72,,00X10,,,,,,<2,N,den/est/ice/lat
30801200101,108D1200101,222O,0,+,8.0,,,,,08S72,,00X10,,,,,,<1,N,swe
30801201000,108D120100,222O,0,+,8.0,,,,S,08S75,,08X10,,,,,,<2,N,den/est/fin/ice/lat/nor
30801201001,108D1201001,222O,0,+,8.0,,,,S,08S75,,08X10,,,,,,<1,N,swe
30801201010,108D120101,222O,0,+,8.0,,,,,08S75,,08X10,00X10,,,,,<2,N,fin
30801201100,108D120110,222O,0,+,8.0,,,,,08S75,,08X10,00X10,,,,,<2,N,den/est/ice/lat
30801201101,108D1201101,222O,0,+,8.0,,,,,08S75,,08X10,00X10,,,,,<1,N,swe
30801203000,108D120300,222O,0,+,8.0,,,,S,08S44,,08X10,08X20,,,,,<2,N,den/nor
30801500100,108D150010,220O,0,+,8.0,,,,S,08S53,,,,,,,,<2,N,den/est/fin/ice/lat/nor
30801500101,108D1500101,220O,0,+,8.0,,,,S,08S53,,,,,,,,<1,N,swe
30801500200,108D150020,220O,0,+,8.0,,,,S,08S73,,,,,,,,<2,N,den/est/fin/ice/lat/nor
30801500201,108D1500201,220O,0,+,8.0,,,,S,08S73,,,,,,,,<1,N,swe
30801500300,108D150030,220O,0,+,8.0,,,,S,08S75,,,,,,,,<2,N,den/est/fin/ice/lat/nor
30801500301,108D1500301,220O,0,+,8.0,,,,S,08S75,,,,,,,,<1,N,swe
30801500310,108D150031,220O,0,+,8.0,,,,,08S75,,00X10,,,,,,<2,N,den/est/fin/ice/lat
30801500311,108D1500311,220O,0,+,8.0,,,,,08S75,,00X10,,,,,,<1,N,swe
30801500400,108D150040,220O,0,+,8.0,,,,S,08S44,,08X20,,,,,,<2,N,den/nor
30801500500,108D150050,220O,0,+,8.0,,,,S,08S76,,-08X12,,,,,,<2,N,den/est/fin/ice/lat/nor
30801500501,108D1500501,220O,0,+,8.0,,,,S,08S76,,-08X12,,,,,,<1,N,swe
30801500510,108D150051,220O,0,+,8.0,,,,,08S76,,-08X12,00X10,,,,,<2,N,den/est/fin/ice/lat
30801500511,108D1500511,220O,0,+,8.0,,,,,08S76,,-08X12,00X10,,,,,<1,N,swe
30801500600,108D150060,220O,0,+,8.0,,,,S,08S76,,08X15,,,,,,<2,N,den/est/fin/ice/lat/nor
30801500601,108D1500601,220O,0,+,8.0,,,,S,08S76,,08X15,,,,,,<1,N,swe
30801500610,108D150061,220O,0,+,8.0,,,,,08S76,,08X15,00X10,,,,,<2,N,den/est/fin/ice/lat
30801500611,108D1500611,220O,0,+,8.0,,,,,08S76,,08X15,00X10,,,,,<1,N,swe
30801500700,108D150070,220O,0,+,8.0,,,,S,08S45,,-08X12,08X20,,,,,<2,N,den/est/fin/ice/lat/nor
30801500701,108D1500701,220O,0,+,8.0,,,,S,08S45,,-08X12,08X20,,,,,<1,N,swe
30801500800,108D150080,220O,0,+,8.0,,,,S,08S45,,08X15,08X20,,,,,<2,N,den/est/fin/ice/lat/nor
30801500801,108D1500801,220O,0,+,8.0,,,,S,08S45,,08X15,08X20,,,,,<1,N,swe
30801500900,108D150090,220O,0,+,8.0,,,,S,08S50,,-08X13,,,,,,<2,N,den/est/fin/ice/lat/nor
30801500901,108D1500901,220O,0,+,8.0,,,,S,08S50,,-08X13,,,,,,<1,N,swe
30801501000,108D150100,220O,0,+,8.0,,,,S,08S50,,08X11,,,,,,<2,N,den/est/fin/ice/lat/nor
30801501001,108D1501001,220O,0,+,8.0,,,,S,08S50,,08X11,,,,,,<1,N,swe
30801501100,108D150110,220O,0,+,8.0,,,,S,08S40,,-08X13,08X20,,,,,<2,N,den/est/fin/ice/lat/nor
30801501101,108D1501101,220O,0,+,8.0,,,,S,08S40,,-08X13,08X20,,,,,<1,N,swe
30801501200,108D150120,220O,0,+,8.0,,,,S,08S40,,08X11,08X20,,,,,<2,N,den/est/fin/ice/lat/nor
30801501201,108D1501201,220O,0,+,8.0,,,,S,08S40,,08X11,08X20,,,,,<1,N,swe
30802300000,108D230000,225P,0,+,8.0,,,,S,08S77,,,,,,,,<2,N,fin
30802300100,108D230010,225P,0,+,8.0,,,,,08S77,,00X10,,,,,,<2,N,fin
30802301000,108D230100,225O,0,+,8.0,,,,S,08S74,,,,,,,,<2,N,den/est/fin/ice/lat/nor
30802301001,108D2301001,225O,0,+,8.0,,,,S,08S74,,,,,,,,<1,N,swe
30802301010,108D230101,225O,0,+,8.0,,,,,08S74,,00X10,,,,,,<2,N,den/est/ice/lat
30802301011,108D2301011,225O,0,+,8.0,,,,,08S74,,00X10,,,,,,<1,N,swe
30802301100,108D230110,225O,0,+,8.0,,,,,08S74,,00X10,,,,,,<2,N,fin
30802301200,108D230120,225O,0,+,8.0,,,,S,08S76,,,,,,,,<2,N,den/est/fin/ice/lat/nor
30802301201,108D2301201,225O,0,+,8.0,,,,S,08S76,,,,,,,,<1,N,swe
30802301210,108D230121,225O,0,+,8.0,,,,,08S76,,00X10,,,,,,<2,N,den/est/ice/lat
30802301211,108D2301211,225O,0,+,8.0,,,,,08S76,,00X10,,,,,,<1,N,swe
30802301300,108D230130,225O,0,+,8.0,,,,,08S76,,00X10,,,,,,<2,N,fin
30802301400,108D230140,225O,0,+,8.0,,,,S,08S45,,08X20,,,,,,<2,N,den/est/fin/ice/lat/nor
30802301401,108D2301401,225O,0,+,8.0,,,,S,08S45,,08X20,,,,,,<1,N,swe
30802301600,108D230160,225O,0,+,8.0,,,,S,08S47,,08X21,,,,,,<2,N,den/est/fin/ice/lat/nor
30802301601,108D2301601,225O,0,+,8.0,,,,S,08S47,,08X21,,,,,,<1,N,swe
30802301610,108D230161,225O,0,+,8.0,,,,,08S47,,08X21,00X10,,,,,<2,N,den/est/ice/lat
30802301611,108D2301611,225O,0,+,8.0,,,,,08S47,,08X21,00X10,,,,,<1,N,swe
30802301700,108D230170,225O,0,+,8.0,,,,,08S47,,08X21,00X10,,,,,<2,N,fin
30802400000,108D240000,224O,0,+,,,08P01,,S,08S98,-,,,,,,,<2,N,den/est/fin/ice/lat
30802400001,108D2400001,224O,0,+,,,08P01,,S,08S98,-,,,,,,,<1,N,swe
30802401000,108D240100,228O,0,+,8.0,,,,S,08S57,,,,,,,,<2,N,den/est/fin/ice/lat/nor
30802401001,108D2401001,228O,0,+,8.0,,,,S,08S57,,,,,,,,<1,N,swe
30802401010,108D240101,234O,0,+,8.0,,,,S,08S20,,,,,,,,<2,N,den/est/fin/ice/lat/nor
30802401011,108D2401011,234O,0,+,8.0,,,,,08S20,,00X10,,,,,,<2,N,est/fin/ice/lat
30802401012,108D2401012,234O,0,+,8.0,,,,S,08S20,,,,,,,,<1,N,swe
30802401013,108D2401013,234O,0,+,8.0,,,,,08S20,,00X10,,,,,,<1,N,swe
30802401100,108D240110,229O,0,+,8.0,,,,S,08S58,,,,,,,,<2,N,den/est/fin/ice/lat/nor
30802401101,108D2401101,229O,0,+,8.0,,,,S,08S58,,,,,,,,<1,N,swe
30802401110,108D240111,229O,0,+,8.0,,,,,08S58,,00X10,,,,,,<2,N,den/est/fin/ice/lat
30802401111,108D2401111,229O,0,+,8.0,,,,,08S58,,00X10,,,,,,<1,N,swe
30802401200,108D240120,229O,0,+,8.0,,,,S,08S02,,08X14,,,,,,<2,N,den/est/fin/ice/lat/nor
30802401201,108D2401201,229O,0,+,8.0,,,,S,08S02,,08X14,,,,,,<1,N,swe
30802401300,108D240130,229O,0,+,8.0,,,,S,08S42,,08X20,,,,,,<2,N,den/est/fin/ice/lat/nor
30802401301,108D2401301,229O,0,+,8.0,,,,S,08S42,,08X20,,,,,,<1,N,swe
30802510000,108D251000,223O,0,+,8.0,,,,S,08S51,,,,,,,,<2,N,den/est/fin/ice/lat/nor
30802510001,108D2510001,223O,0,+,8.0,,,,S,08S51,,,,,,,,<1,N,swe
30802510100,108D251010,223O,0,+,8.0,,,,S,08S55,,,,,,,,<2,N,den/est/fin/ice/lat/nor
30802510101,108D2510101,223O,0,+,8.0,,,,S,08S55,,,,,,,,<1,N,swe
30802515000,108D251500,224P,0,+,8.0,,,,S,08S54,,,,,,,,<2,N,nor
30802516000,108D251600,224Q,0,+,8.0,,,,S,08S59,,,,,,,,<2,N,nor
30802520000,108D252000,224O,0,+,8.0,,,,S,08S52,,,,,,,,<2,N,den/est/fin/ice/lat
30802520001,108D2520001,224O,0,+,8.0,,,,S,08S52,,,,,,,,<1,N,swe
30802520010,108D252001,224O,0,+,8.0,,,,,08S52,,00X10,,,,,,<2,N,den/est/fin/ice/lat
30802520011,108D2520011,224O,0,+,8.0,,,,,08S52,,00X10,,,,,,<1,N,swe
30802520100,108D252010,224O,0,+,8.0,,,,S,08S40,,08X20,,,,,,<2,N,den/est/fin/ice/lat
30802520101,108D2520101,224O,0,+,8.0,,,,S,08S40,,08X20,,,,,,<1,N,swe
30802520200,108D252020,224O,0,+,8.0,,,,S,08S41,,08X20,,,,,,<2,N,den/est/fin/ice/lat
30802520201,108D2520201,224O,0,+,8.0,,,,S,08S41,,08X20,,,,,,<1,N,swe
30802520300,108D252030,224O,0,+,8.0,,,,S,08S50,,,,,,,,<2,N,den/est/fin/ice/lat
30802520301,108D2520301,224O,0,+,8.0,,,,S,08S50,,,,,,,,<1,N,swe
30802520400,108D252040,224O,0,+,8.0,,,,S,08S56,,,,,,,,<2,N,den/est/fin/ice/lat
30802520401,108D2520401,224O,0,+,8.0,,,,S,08S56,,,,,,,,<1,N,swe
30802520410,108D252041,224O,0,+,8.0,,,,,08S56,,00X10,,,,,,<2,N,den/est/fin/ice/lat
30802520411,108D2520411,224O,0,+,8.0,,,,,08S56,,00X10,,,,,,<1,N,swe
30802710000,108D271000,227O,0,+,8.0,,,,S,08S12,,,,,,,,<2,N,den/est/fin/ice/lat/nor
30802710001,108D2710001,227O,0,+,8.0,,,,S,08S12,,,,,,,,<1,N,swe
30802710010,108D271001,227O,0,+,8.0,,,,,08S12,,00X10,,,,,,<2,N,den/est/fin/ice/lat
30802710011,108D2710011,227O,0,+,8.0,,,,,08S12,,00X10,,,,,,<1,N,swe
30802710100,108D271010,227O,0,+,8.0,,,,S,08S40,,,,,,,,<2,N,den/est/fin/ice/lat/nor
30802710101,108D2710101,227O,0,+,8.0,,,,S,08S40,,,,,,,,<1,N,swe
30802710200,108D271020,227O,0,+,8.0,,,,S,08S41,,,,,,,,<2,N,den/est/fin/ice/lat/nor
30802710201,108D2710201,227O,0,+,8.0,,,,S,08S41,,,,,,,,<1,N,swe
30802710300,108D271030,227O,0,+,8.0,,,,S,08S42,,,,,,,,<2,N,den/est/fin/ice/lat/nor
30802710301,108D2710301,227O,0,+,8.0,,,,S,08S42,,,,,,,,<1,N,swe
30802710400,108D271040,227O,0,+,8.0,,,,S,08S43,,,,,,,,<2,N,den/est/fin/ice/lat/nor
30802710401,108D2710401,227O,0,+,8.0,,,,S,08S43,,,,,,,,<1,N,swe
30802710500,108D271050,227O,0,+,8.0,,,,S,08S44,,,,,,,,<2,N,den/nor
30802710600,108D271060,227O,0,+,8.0,,,,S,08S45,,,,,,,,<2,N,den/est/fin/ice/lat/nor
30802710601,108D2710601,227O,0,+,8.0,,,,S,08S45,,,,,,,,<1,N,swe
30802810000,108D281000,230O,0,+,8.0,,,,S,08S13,,,,,,,,<2,N,den/est/fin/ice/lat/nor
30802810001,108D2810001,230O,0,+,8.0,,,,S,08S13,,,,,,,,<1,N,swe
30802810100,108D281010,230O,0,+,8.0,,,,,08S91,,,,,,,,<2,N,den/est/fin/ice/lat/nor
30802810101,108D2810101,230O,0,+,8.0,,,,,08S91,,,,,,,,<1,N,swe
30802830000,108D283000,231O,0,+,8.0,,,,S,08S11,,,,,,,,<2,N,den/est/fin/ice/lat/nor
30802830001,108D2830001,231O,0,+,8.0,,,,S,08S11,,,,,,,,<1,N,swe
30802830010,108D283001,231O,0,+,8.0,,,,,08S11,,00X10,,,,,,<2,N,den/est/fin/ice/lat
30802830011,108D2830011,231O,0,+,8.0,,,,,08S11,,00X10,,,,,,<1,N,swe
30803000000,108D300000,232O,0,+,8.0,,,,S,08S19,,,,,,,,<2,N,den/est/fin/ice/lat/nor
30803000001,108D3000001,232O,0,+,8.0,,,,S,08S19,,,,,,,,<1,N,swe
30803000010,108D300001,232O,0,+,8.0,,,,,08S19,,00X10,,,,,,<2,N,den/est/fin/ice/lat
30803000100,108D300010,077O,0,+,8.0,,,,S,04S02,,,,,,,,<2,N,den/est/fin/ice/lat/nor
30803000101,108D3000101,077O,0,+,8.0,,,,S,04S02,,,,,,,,<1,N,swe
30803000110,108D300011,077O,0,+,8.0,,,,,04S02,,00X10,,,,,,<2,N,den/est/fin/ice/lat
30803000111,108D3000111,077O,0,+,8.0,,,,,04S02,,00X10,,,,,,<1,N,swe
30803000270,108D300027,851X,0,+,8.0,,,,,90T05,,90X02,,,,,,<2,N,nor
30803100000,108D310000,808NH,0,+,8.0,,,,N,90S02,90O10,,,,,,,<2,N,nor
30803182500,108D310020,808NH,0,+,,,,,N,90S02,90O10,02X30,,,,,,<2,N,nor
30803210000,108D321000,901FQ,0,+,8.0,,,,N,08D02,,,,,,,,<2,N,fin
30803210400,108D321040,908FQ,0,+,8.0,,,,N,08D42,,,,,,,,<2,N,fin
30803211000,108D321100,901FQ,0,+,8.0,,,,N,90D02,,90X01,,,,,,<2,N,fin
30803211200,108D321120,905FQ,0,+,8.0,,,,N,90D22,,90X01,,,,,,<2,N,fin
30803211400,108D321140,906FQ,0,+,8.0,,,,N,90D32,,90X01,,,,,,<2,N,fin
30803211600,108D321160,905FS,0,+,8.0,,,,N,90D62,,90X01,,,,,,<2,N,fin
30803211800,108D321180,905FT,0,+,8.0,,,,N,90D64,,90X01,,,,,,<2,N,fin
30803212000,108D321200,917FW,0,+,8.0,,,,N,90D92,,90X01,,,,,,<2,N,fin
30803213000,108D321300,908FP,0,+,8.0,,,,N,08D41,,,,,,,,<2,N,fin
30803213200,108D321320,905FR,0,+,8.0,,,,N,08D61,,,,,,,,<2,N,fin
30803213400,108D321340,901FP,0,+,8.0,,,,N,90D01,,90X01,,,,,,<2,N,fin
30803213600,108D321360,905FP,0,+,8.0,,,,N,90D21,,90X01,,,,,,<2,N,fin
30803213800,108D321380,906FP,0,+,8.0,,,,N,90D31,,90X01,,,,,,<2,N,fin
30803214200,108D321420,910FP,0,+,8.0,,,,N,90D11,,90X01,,,,,,<2,N,fin
30803214400,108D321440,905FR,0,+,8.0,,,,N,90D61,,90X01,,,,,,<2,N,fin
30803214600,108D321460,917FV,0,+,8.0,,,,N,90D91,,90X01,,,,,,<2,N,fin
30803215200,108D321520,908FB,0,+,8.0,,,,N,90T01,90S01,90X01,,,,,,<2,N,fin
30803215210,108D321521,908FB,0,+,8.0,,,,N,99S80,,90X01,,,,,,<2,N,fin
30803216400,108D321640,908FA,0,+,8.0,,,,N,90T06,,90X01,,,,,,<2,N,fin
30803216410,108D321641,908FA,0,+,8.0,,,,N,90T07,,90X01,,,,,,<2,N,fin
30803216420,108D321642,908FA,0,+,8.0,,,,N,90T08,,90X01,,,,,,<2,N,fin
30803216430,108D321643,908FA,0,+,8.0,,,,N,90T05,,90X01,,,,,,<2,N,fin
30803216500,108D321650,908FE,0,+,8.0,,,,N,99T00,90S01,,,,,,,<2,N,fin
30803216700,108D321670,908FE,0,+,8.0,,,,N,99T00,90S04,,,,,,,<2,N,fin
30803220000,108D322000,808NP,0,+,8.0,,,,N,08O09,,,,,,,,<2,N,ice
30803221000,108D322100,808NR,0,+,8.0,,,,N,08O14,,,,,,,,<2,N,ice
30803221001,108D3221001,808NI,0,+,8.0,,,,N,08O23,90O11,,,,,,,<2,N,nor
30803222000,108D322200,808NS,0,+,8.0,,,,N,08O15,,,,,,,,<2,N,ice
30803223000,108D322300,808NT,0,+,8.0,,,,N,08O16,,,,,,,,<2,N,ice
30803224000,108D322400,808NU,0,+,8.0,,,,N,08O17,,,,,,,,<2,N,ice/nor
30803225000,108D322500,808NV,0,+,8.0,,,,N,08O18,,,,,,,,<2,N,ice
30803226000,108D322600,808NW,0,+,8.0,,,,N,08O19,,,,,,,,<2,N,ice
30803226001,108D3226001,808NW,0,+,8.0,,,,N,08O19,,,,,,,,<1,N,nor
30803227000,108D322700,808NY,0,+,8.0,,,,N,08O20,,,,,,,,<2,N,ice
30803227001,108D3227001,808NY,0,+,8.0,,,,N,08O20,,,,,,,,<1,N,nor
30803228000,108D322800,808NZ,0,+,8.0,,,,N,08O21,,,,,,,,<2,N,ice
30803229000,108D322900,908NR,0,+,8.0,,,,N,08O22,,,,,,,,<2,N,ice
30803299600,108D329960,908O,0,+,8.0,,,,Z,,,,,,,,,<2,N,den/est/fin/lat
30803299900,108D329990,808O,0,+,8.0,,,,N,,,,,,,,,<2,N,den/est/fin/lat
30900280000,109D02800,530O,0,+,,,09P04,,S,09S12,,,,,,,,<2,N,nor
30900280100,109D02801,530O,0,+,,,09P04,,S,09S11,,,,,,,,<2,N,nor
30900290050,109D02802,530O,0,+,,,09P04,,S,09S02,,,,,,,,<2,N,nor
30900300000,109D030000,268O,0,+,9.0,,,,S,09S02,,,,,,,,<2,N,den/est/fin/ice/lat/nor
30900300001,109D0300001,268O,0,+,9.0,,,,S,09S02,,,,,,,,<1,N,swe
30900300100,109D030010,268O,0,+,9.0,,,,,09S02,,00X10,,,,,,<2,N,den/est/ice/lat
30900300101,109D0300101,268O,0,+,9.0,,,,,09S02,,00X10,,,,,,<1,N,swe
30900301000,109D030100,268O,0,+,9.0,,,,,09S02,,00X10,,,,,,<2,N,fin
30900401000,109D040100,266O,0,+,9.0,,,,S,09S01,,,,,,,,<2,N,den/est/fin/ice/lat/nor
30900401001,109D0401001,266O,0,+,9.0,,,,S,09S01,,,,,,,,<1,N,swe
30900401100,109D040110,266O,0,+,9.0,,,,,09S01,,00X10,,,,,,<2,N,den/est/ice/lat
30900401101,109D0401101,266O,0,+,9.0,,,,,09S01,,00X10,,,,,,<1,N,swe
30900402000,109D040200,266O,0,+,9.0,,,,,09S01,,00X10,,,,,,<2,N,fin
30901200000,109D120000,267O,0,+,9.0,,,,S,09S06,,,,,,,,<2,N,den/est/fin/ice/lat/nor
30901200001,109D1200001,267O,0,+,9.0,,,,S,09S06,,,,,,,,<1,N,swe
30901200010,109D120001,267O,0,+,9.0,,,,,09S06,,00X10,,,,,,<2,N,fin
30901200100,109D120010,267O,0,+,9.0,,,,,09S06,,00X10,,,,,,<2,N,den/est/ice/lat
30901200101,109D1200101,267O,0,+,9.0,,,,,09S06,,00X10,,,,,,<1,N,swe
30901201000,109D120100,267O,0,+,9.0,,,,,09S20,,09X06,,,,,,<2,N,den/est/fin/ice/lat/nor
30901201001,109D1201001,267O,0,+,9.0,,,,,09S20,,09X06,,,,,,<1,N,swe
30901297000,109D129700,809NH,0,+,9.0,,,,N,90S02,90O10,,,,,,,<2,N,nor
30901298000,109D129800,809NP,0,+,9.0,,,,N,09O01,09O90,,,,,,,<2,N,ice/nor
30901298100,109D129810,809NR,0,+,9.0,,,,N,09O05,,,,,,,,<2,N,ice/nor
30901298200,109D129820,809NS,0,+,9.0,,,,N,09O10,,,,,,,,<2,N,ice/nor
30901301000,109D130100,270O,0,+,9.0,,,,S,09S07,,,,,,,,<2,N,den/est/fin/ice/lat/nor
30901301001,109D1301001,270O,0,+,9.0,,,,S,09S07,,,,,,,,<1,N,swe
30901302000,109D130200,270O,0,+,9.0,,,,,09S08,,,,,,,,<2,N,den/est/fin/lat
30901302001,109D1302001,270O,0,+,9.0,,,,S,09S08,,,,,,,,<2,N,ice/nor
30901302100,109D130210,270O,0,+,9.0,,,,,09S08,,00X10,,,,,,<2,N,ice
30901302150,109D1302003,270O,0,+,9.0,,,,,09S08,,,,,,,,<1,N,swe
30901302200,109D130220,270O,0,+,9.0,,,,,09S10,,,,,,,,<1,N,swe
30901303060,109D130306,851J,0,+,9.0,,,,,90T05,,90X01,,,,,,<2,N,nor
30901303070,109D130307,851J,0,+,9.0,,,,,90T05,,90X02,,,,,,<2,N,nor
30901490000,109D149000,901FQ,0,+,9.0,,,,N,90D02,,90X01,,,,,,<2,N,fin
30901490001,109D1490001,809NJ,0,+,9.0,,,,N,09O12,,,,,,,,<2,N,nor
30901490200,109D149020,905FQ,0,+,9.0,,,,N,90D22,,90X01,,,,,,<2,N,fin
30901490400,109D149040,906FQ,0,+,9.0,,,,N,90D32,,90X01,,,,,,<2,N,fin
30901490600,109D149060,908FQ,0,+,9.0,,,,N,90D42,,90X01,,,,,,<2,N,fin
30901490800,109D149080,905FS,0,+,9.0,,,,N,90D62,,90X01,,,,,,<2,N,fin
30901491000,109D149100,905FT,0,+,9.0,,,,N,90D64,,90X01,,,,,,<2,N,fin
30901491200,109D149120,917FW,0,+,9.0,,,,N,90D92,,90X01,,,,,,<2,N,fin
30901492000,109D149200,901FP,0,+,9.0,,,,N,90D01,,90X01,,,,,,<2,N,fin
30901492200,109D149220,905FP,0,+,9.0,,,,N,90D21,,90X01,,,,,,<2,N,fin
30901492400,109D149240,906FP,0,+,9.0,,,,N,90D31,,90X01,,,,,,<2,N,fin
30901492600,109D149260,908FP,0,+,9.0,,,,N,90D41,,90X01,,,,,,<2,N,fin
30901492800,109D149280,910FP,0,+,9.0,,,,N,90D11,,90X01,,,,,,<2,N,fin
30901493000,109D149300,905FR,0,+,9.0,,,,N,90D61,,90X01,,,,,,<2,N,fin
30901493200,109D149320,917FV,0,+,9.0,,,,N,90D91,,90X01,,,,,,<2,N,fin
30901494200,109D149420,909FB,0,+,9.0,,,,N,90T01,90S01,90X01,,,,,,<2,N,fin
30901494210,109D149421,909FB,0,+,9.0,,,,N,99S80,,90X01,,,,,,<2,N,fin
30901494300,109D149430,909FA,0,+,9.0,,,,N,90T06,,90X01,,,,,,<2,N,fin
30901494310,109D149431,909FA,0,+,9.0,,,,N,90T07,,90X01,,,,,,<2,N,fin
30901494320,109D149432,909FA,0,+,9.0,,,,N,90T08,,90X01,,,,,,<2,N,fin
30901494330,109D149433,909FA,0,+,9.0,,,,N,90T05,,90X01,,,,,,<2,N,fin
30901494500,109D149450,909FF,0,+,9.0,,,,N,99T00,90S01,,,,,,,<2,N,fin
30901497000,109D149700,809NT,0,+,9.0,,,,N,40O01,,,,,,,,<2,N,nor
30901498300,109D149830,809NT,0,+,9.0,,,,N,09O11,,,,,,,,<2,N,ice/nor
30901499000,109D149900,823NS,0,+,9.0,,,,N,90O02,,,,,,,,<2,N,nor
30901499600,109D149960,909O,0,+,9.0,,,,Z,,,,,,,,,<2,N,den/est/fin/lat
30901499900,109D149990,809O,0,+,9.0,,,,N,,,,,,,,,<2,N,den/est/fin/lat
30905000000,109D500000,501O,0,+,30.0,,,,S,30S03,30S11,30X01,,,,,,<2,N,den/est/fin/ice/lat/nor
30905000010,109D500001,501O,0,+,30.0,,,,S,30S03,30S11,30X01,99X35,,,,,<1,N,swe
30905001000,109D500100,501O,0,+,30.0,,,,S,30S11,,,,,,,,<2,N,den/est/fin/ice/lat/nor
30905001010,109D500101,501O,0,+,30.0,,,,S,30S11,,99X35,,,,,,<1,N,swe
30905011000,109D501100,258O,0,+,30.0,,,,S,30S03,,30X01,,,,,,<2,N,den/est/fin/ice/lat/nor
30905011010,109D501101,258O,0,+,30.0,,,,S,30S03,,30X01,99X35,,,,,<1,N,swe
30905020100,109D502010,260O,0,+,30.0,,,,S,30S04,,30X01,,,,,,<2,N,den/est/fin/ice/lat/nor
30905020101,109D5020101,260O,0,+,30.0,,,,S,30S04,,30X01,,,,,,<1,N,swe
30905020200,109D502020,260O,0,+,30.0,,,,S,30S05,,30X01,,,,,,<2,N,den/est/fin/ice/lat/nor
30905020201,109D5020201,260O,0,+,30.0,,,,S,30S05,,30X01,,,,,,<1,N,swe
30905020210,109D502021,260O,0,+,30.0,,,,,30S05,,30X01,00X10,,,,,<2,N,den/est/fin/ice/lat
30905020211,109D5020211,260O,0,+,30.0,,,,,30S05,,30X01,00X10,,,,,<1,N,swe
30905023000,109D502300,261O,0,+,30.0,,,,S,30S03,,,,,,,,<2,N,den/est/fin/ice/lat/nor
30905023010,109D502301,261O,0,+,30.0,,,,S,30S03,,99X35,,,,,,<1,N,swe
30905023100,109D502310,261O,0,+,30.0,,,,S,30S04,,,,,,,,<2,N,den/est/fin/ice/lat/nor
30905023101,109D5023101,261O,0,+,30.0,,,,S,30S04,,,,,,,,<1,N,swe
30905023200,109D502320,261O,0,+,,,30P01,,S,30S03,,,,,,,,<2,N,den/est/fin/ice/lat/nor
30905023210,109D502321,261O,0,+,,,30P01,,S,30S03,,99X35,,,,,,<1,N,swe
30905110000,109D511000,262O,0,+,30.0,,,,S,30S05,,,,,,,,<2,N,den/est/fin/ice/lat/nor
30905110001,109D5110001,262O,0,+,30.0,,,,S,30S05,,,,,,,,<1,N,swe
30905110010,109D511001,262O,0,+,30.0,,,,,30S05,,00X10,,,,,,<2,N,fin
30905110100,109D511010,262O,0,+,30.0,,,,,30S05,,00X10,,,,,,<2,N,den/est/ice/lat
30905110101,109D5110101,262O,0,+,30.0,,,,,30S05,,00X10,,,,,,<1,N,swe
30905120000,109D512000,509O,0,+,30.0,,,,S,30S99,,,,,,,,<2,N,den/est/fin/ice/lat/nor
30905120001,109D5120001,509O,0,+,30.0,,,,S,30S99,,,,,,,,<1,N,swe
30905120010,109D512001,509O,0,+,30.0,,,,,30S99,,00X10,,,,,,<2,N,den/est/ice/lat
30905120011,109D5120011,509O,0,+,30.0,,,,,30S99,,00X10,,,,,,<1,N,swe
30905120100,109D512010,509O,0,+,30.0,,,,,30S99,,00X10,,,,,,<2,N,fin
30905120160,109D512016,851K,0,+,30.0,,,,,90T05,,90X01,,,,,,<2,N,nor
30905120170,109D512017,851K,0,+,30.0,,,,,90T05,,90X02,,,,,,<2,N,nor
30905141000,109D514100,930FQ,0,+,30.0,,,,N,30D72,,,,,,,,<2,N,fin
30905142000,109D514200,901FQ,0,+,30.0,,,,N,90D02,,90X01,,,,,,<2,N,fin
30905142200,109D514220,905FQ,0,+,30.0,,,,N,90D22,,90X01,,,,,,<2,N,fin
30905142400,109D514240,906FQ,0,+,30.0,,,,N,90D32,,90X01,,,,,,<2,N,fin
30905142600,109D514260,908FQ,0,+,30.0,,,,N,90D42,,90X01,,,,,,<2,N,fin
30905142800,109D514280,905FS,0,+,30.0,,,,N,90D62,,90X01,,,,,,<2,N,fin
30905143000,109D514300,905FT,0,+,30.0,,,,N,90D64,,90X01,,,,,,<2,N,fin
30905143200,109D514320,917FW,0,+,30.0,,,,N,90D92,,90X01,,,,,,<2,N,fin
30905144000,109D514400,930FP,0,+,30.0,,,,N,30D71,,,,,,,,<2,N,fin
30905144200,109D514420,901FP,0,+,30.0,,,,N,90D01,,90X01,,,,,,<2,N,fin
30905144400,109D514440,905FP,0,+,30.0,,,,N,90D21,,90X01,,,,,,<2,N,fin
30905144600,109D514460,906FP,0,+,30.0,,,,N,90D31,,90X01,,,,,,<2,N,fin
30905144800,109D514480,908FP,0,+,30.0,,,,N,90D41,,90X01,,,,,,<2,N,fin
30905145000,109D514500,910FP,0,+,30.0,,,,N,90D11,,90X01,,,,,,<2,N,fin
30905145200,109D514520,905FR,0,+,30.0,,,,N,90D61,,90X01,,,,,,<2,N,fin
30905145400,109D514540,917FV,0,+,30.0,,,,N,90D91,,90X01,,,,,,<2,N,fin
30905146300,109D514630,930FB,0,+,30.0,,,,N,90T01,90S01,90X01,,,,,,<2,N,fin
30905146310,109D514631,930FB,0,+,30.0,,,,N,99S80,,90X01,,,,,,<2,N,fin
30905146400,109D514640,930FA,0,+,30.0,,,,N,90T06,,90X01,,,,,,<2,N,fin
30905146410,109D514641,930FA,0,+,30.0,,,,N,90T07,,90X01,,,,,,<2,N,fin
30905146420,109D514642,930FA,0,+,30.0,,,,N,90T08,,90X01,,,,,,<2,N,fin
30905146430,109D514643,930FA,0,+,30.0,,,,N,90T05,,90X01,,,,,,<2,N,fin
30905147000,109D514700,830NP,0,+,30.0,,,,N,30O01,,,,,,,,<2,N,ice
30905149600,109D514960,930O,0,+,30.0,,,,Z,,,,,,,,,<2,N,den/est/fin/lat
30905149900,109D514990,830O,0,+,30.0,,,,N,,,,,,,,,<2,N,den/est/fin/lat
31000100000,110D010000,285O,0,+,10.0,,,,S,10S01,,,,,,,,<2,N,den/est/fin/ice/lat/nor
31000100010,110D010001,285O,0,+,10.0,,,,S,10S01,,99X35,,,,,,<1,N,swe
31000210000,110D021000,286O,0,+,10.0,,,,S,10S02,,,,,,,,<2,N,den
31000210004,110D0210002,287O,0,+,10.0,,,,S,10S02,,,,,,,,<2,N,est/fin/nor/ice/lat
31000210006,110D0210001,286O,0,+,10.0,,,,S,10S02,,,,,,,,<1,N,swe
31000210010,110D021001,287O,0,+,10.0,,,,,10S02,,00X10,,,,,,<2,N,fin
31000210100,110D021010,286O,0,+,10.0,,,,,10S02,,00X10,,,,,,<2,N,den
31000210550,110D0210102,287O,0,+,10.0,,,,,10S02,,00X10,,,,<0,,<2,N,est/ice/lat
31000210700,110D0210101,286O,0,+,10.0,,,,,10S02,,00X10,,,,,,<1,N,swe
31000211000,110D021100,286O,0,+,10.0,,,,S,10S09,,10X02,,,,,,<2,N,den
31000211004,110D0211002,287O,0,+,10.0,,,,S,10S09,,10X02,,,,,,<2,N,est/fin/nor/ice/lat
31000211010,110D021101,286O,0,+,10.0,,,,S,10S09,,10X02,99X35,,,,,<1,N,swe
31000400000,110D040000,288O,0,+,10.0,,,,S,10S20,,,,,,,,<2,N,den/est/fin/ice/lat/nor
31000400001,110D0400001,288O,0,+,10.0,,,,S,10S20,,,,,,,,<1,N,swe
31000400100,110D040010,288P,0,+,10.0,,,,S,10S04,,,,,,,,<2,N,den/est/fin/ice/lat/nor
31000400101,110D0400101,288P,0,+,10.0,,,,S,10S04,,,,,,,,<1,N,swe
31000400110,110D040011,288P,0,+,10.0,,,,,10S04,,00X10,,,,,,<2,N,den/est/fin/ice/lat
31000400111,110D0400111,288P,0,+,10.0,,,,,10S04,,00X10,,,,,,<1,N,swe
31000510000,110D051000,289O,0,+,10.0,,,,S,10S05,,,,,,,,<2,N,den
31000510037,110D0510003,287O,0,+,10.0,,,,S,10S05,,,,,,,,<2,N,est/nor/ice/lat
31000510050,110D0510001,287O,0,+,10.0,,,,S,10S05,,,,,,,,<3,N,fin
31000510075,110D0510002,289O,0,+,10.0,,,,S,10S05,,,,,,,,<1,N,swe
31000510100,110D051010,289O,0,+,10.0,,,,,10S05,,00X10,,,,,,<2,N,den
31000510550,110D0510102,287O,0,+,10.0,,,,,10S05,,00X10,,,,,,<2,N,est/ice/lat
31000510700,110D0510101,289O,0,+,10.0,,,,,10S05,,00X10,,,,,,<1,N,swe
31000511000,110D051100,287O,0,+,10.0,,,,,10S05,,00X10,,,,,,<3,N,fin
31000520000,110D052000,289O,0,+,,,10P01,,S,10S05,,,,,,,,<2,N,den
31000520025,110D0520003,287O,0,+,,,10P01,,S,10S05,,,,,,,,<2,N,est/nor/ice/lat
31000520050,110D0520001,287O,0,+,,,10P01,,S,10S05,,,,,,,,<3,N,fin
31000520075,110D0520002,289O,0,+,,,10P01,,S,10S05,,,,,,,,<1,N,swe
31000520100,110D052010,289O,0,+,,,10P01,,,10S05,,00X10,,,,,,<2,N,den
31000520400,110D0520102,287O,0,+,,,10P01,,,10S05,,00X10,,,,,,<2,N,est/ice/lat
31000520700,110D0520101,289O,0,+,,,10P01,,,10S05,,00X10,,,,,,<1,N,swe
31000521000,110D052100,287O,0,+,,,10P01,,,10S05,,00X10,,,,,,<3,N,fin
31000600000,110D060000,290O,0,+,10.0,,,,S,10S06,,,,,,,,<2,N,den/est/ice/lat/nor
31000600001,110D0600001,290O,0,+,10.0,,,,S,10S06,,,,,,,,<3,N,fin
31000600002,110D0600002,290O,0,+,10.0,,,,S,10S06,,,,,,,,<1,N,swe
31000601000,110D060100,290O,0,+,10.0,,,,,10S06,,00X10,,,,,,<2,N,den/est/ice/lat
31000601001,110D0601001,290O,0,+,10.0,,,,,10S06,,00X10,,,,,,<1,N,swe
31000610000,110D061000,290O,0,+,10.0,,,,,10S06,,00X10,,,,,,<3,N,fin
31000710000,110D080000,315P,0,+,,,11P01,,P,11S16,,,,,,,,<1,,swe
31000760000,110D080010,315P,0,+,,,11P01,,S,11S13,,,,,,,,<1,,swe
31000785000,110D080020,315P,0,+,,,11P01,,S,11S14,,,,,,,,<1,,swe
31000797500,110D080030,315P,0,+,,,11P01,,,11S14,,00X10,,,,,,<1,,swe
31000810000,110D081000,293O,0,+,10.0,,,,S,10S08,,,,,,,,<2,N,den/est/fin/ice/lat/nor
31000810001,110D0810001,293O,0,+,10.0,,,,S,10S08,,,,,,,,<1,N,swe
31000810010,110D081001,293O,0,+,10.0,,,,,10S08,,00X10,,,,,,<2,N,den/est/ice/lat
31000810100,110D081010,293O,0,+,10.0,,,,,10S08,,00X10,,,,,,<2,N,fin
31000810101,110D0810101,293O,0,+,10.0,,,,,10S08,,00X10,,,,,,<1,N,swe
31000910000,110D091000,340O,0,+,10.0,,,,S,12S03,,10X01,,,,,,<2,N,den/est/fin/ice/lat/nor
31000910001,110D0910001,340O,0,+,10.0,,,,S,12S03,,10X01,,,,,,<1,N,swe
31000910100,110D091010,340O,0,+,10.0,,,,,12S03,,10X01,00X10,,,,,<2,N,den/est/ice/lat
31000910101,110D0910101,340O,0,+,10.0,,,,,12S03,,10X01,00X10,,,,,<1,N,swe
31000911000,110D091100,340O,0,+,10.0,,,,,12S03,,10X01,00X10,,,>6574,,<2,N,fin
31000911060,110D091106,851X,0,+,10.0,,,,,90T05,,90X01,,,,,,<2,N,nor
31000911070,110D091107,851X,0,+,10.0,,,,,90T05,,90X02,,,,,,<2,N,nor
31000928302,110D097998,720P,0,+,10.0,,,,P,17E10,17E11,00X10,,,,,,<2,N,fin
31000945535,110D097999,720Q,0,+,10.0,,,,P,17E10,17E11,,,,,,,<2,N,fin
31000980000,110D098000,720O,0,+,10.0,,,,P,17E10,17E11,,,,,,,<2,N,den/est/ice/lat/nor
31000980166,110D979999,720P,0,+,10.0,,,,P,17E10,17E11,00X10,,,,,,<1,N,swe
31000980333,110D980000,720Q,0,+,10.0,,,,P,17E10,17E11,,,,,,,<1,N,swe
31000980749,110D098098,710P,0,+,10.0,,,,P,17E10,,00X10,,,,,,<2,N,fin
31000980833,110D098099,710Q,0,+,10.0,,,,P,17E10,,,,,,,,<2,N,fin
31000981000,110D098100,710O,0,+,10.0,,,,P,17E10,,,,,,,,<2,N,den/est/ice/lat/nor
31000981166,110D980999,710P,0,+,10.0,,,,P,17E10,,00X10,,,,,,<1,N,swe
31000981333,110D981000,710Q,0,+,10.0,,,,P,17E10,,,,,,,,<1,N,swe
31000981749,110D098198,711P,0,+,10.0,,,,P,17E11,,00X10,,,,,,<2,N,fin
31000981833,110D098199,711Q,0,+,10.0,,,,P,17E11,,,,,,,,<2,N,fin
31000982000,110D098200,711O,0,+,10.0,,,,P,17E11,,,,,,,,<2,N,den/est/ice/lat/nor
31000982016,110D981999,711P,0,+,10.0,,,,P,17E11,,00X10,,,,,,<1,N,swe
31000982033,110D982000,711Q,0,+,10.0,,,,P,17E11,,,,,,,,<1,N,swe
31000982100,110D098210,712O,0,+,10.0,,,,P,06E12,,,,,,,,<2,N,den/est/ice/lat/nor
31000982101,110D0982101,712O,0,+,10.0,,,,P,06E12,,,,,,,,<1,N,swe
31000982110,110D098211,712O,0,+,10.0,,,,,06E12,,00X10,,,,,,<1,N,swe
31000983000,110D098300,712O,0,+,10.0,,,,P,06E12,,,,,,,,<2,N,fin
31001010000,110D101000,901FQ,0,+,10.0,,,,N,10D02,,,,,,,,<2,N,fin
31001010100,110D101010,905FS,0,+,10.0,,,,N,10D62,,,,,,,,<2,N,fin
31001010200,110D101020,901FQ,0,+,10.0,,,,N,90D02,,90X01,,,,,,<2,N,fin
31001010300,110D101030,905FQ,0,+,10.0,,,,N,90D22,,90X01,,,,,,<2,N,fin
31001010400,110D101040,906FQ,0,+,10.0,,,,N,90D32,,90X01,,,,,,<2,N,fin
31001010600,110D101060,908FQ,0,+,10.0,,,,N,90D42,,90X01,,,,,,<2,N,fin
31001010800,110D101080,905FS,0,+,10.0,,,,N,90D62,,90X01,,,,,,<2,N,fin
31001011000,110D101100,905FT,0,+,10.0,,,,N,90D64,,90X01,,,,,,<2,N,fin
31001011200,110D101120,917FW,0,+,10.0,,,,N,90D92,,90X01,,,,,,<2,N,fin
31001012000,110D101200,901FP,0,+,10.0,,,,N,10D01,,,,,,,,<2,N,fin
31001012200,110D101220,905FP,0,+,10.0,,,,N,10D21,,,,,,,,<2,N,fin
31001012600,110D101260,908FP,0,+,10.0,,,,N,10D41,,,,,,,,<2,N,fin
31001012800,110D101280,910FP,0,+,10.0,,,,N,10D11,,,,,,,,<2,N,fin
31001013000,110D101300,901FP,0,+,10.0,,,,N,90D01,,90X01,,,,,,<2,N,fin
31001013200,110D101320,905FP,0,+,10.0,,,,N,90D21,,90X01,,,,,,<2,N,fin
31001013400,110D101340,906FP,0,+,10.0,,,,N,90D31,,90X01,,,,,,<2,N,fin
31001013600,110D101360,908FP,0,+,10.0,,,,N,90D41,,90X01,,,,,,<2,N,fin
31001014000,110D101400,905FR,0,+,10.0,,,,N,90D61,,90X01,,,,,,<2,N,fin
31001014200,110D101420,917FV,0,+,10.0,,,,N,90D91,,90X01,,,,,,<2,N,fin
31001020200,110D102020,910FD,0,+,10.0,,,,N,90T01,90S01,90X01,,,,,,<2,N,fin
31001020210,110D102021,910FD,0,+,10.0,,,,N,99S80,,90X01,,,,,,<2,N,fin
31001020300,110D102030,910FB,0,+,10.0,,,,N,90T08,,90X01,,,,,,<2,N,fin
31001020400,110D102040,910FB,0,+,10.0,,,,N,90T07,,90X01,,,,,,<2,N,fin
31001020500,110D102050,910FA,0,+,10.0,,,,N,90T06,,90X01,,,,,,<2,N,fin
31001020510,110D102051,910FA,0,+,10.0,,,,N,90T05,,90X01,,,,,,<2,N,fin
31001020600,110D102060,910FI,0,+,10.0,,,,N,99T00,90S01,,,,,,,<2,N,fin
31001030000,110D103000,810NP,0,+,10.0,,,,N,10O01,,,,,,,,<2,N,ice
31001031000,110D103100,810NR,0,+,10.0,,,,N,10O02,,,,,,,,<2,N,ice/nor
31001032000,110D103200,810NS,0,+,10.0,,,,N,10O03,,,,,,,,<2,N,ice
31001033000,110D103300,802NR,0,+,10.0,,,,N,02O02,,,,,,,,<2,N,ice
31001033001,110D1033001,802NP,0,+,10.0,,,,N,02O02,,,,,,,,<1,N,nor
31001066300,124D2010002,295O,0,+,,10M01,,,Z,,,,,,,,,<2,N,fin/ice
31001099600,110D109960,910O,0,+,10.0,,,,Z,,,,,,,,,<2,N,den/est/fin/lat
31001099750,110D109992,317O,0,+,,,11P01,,,11S09,,,,,,,,<2,N,fin/est/lat/ice
31001099900,110D109990,810O,0,+,10.0,,,,N,,,,,,,,,<2,N,den/est/fin/lat
31100300000,111D030000,305O,0,+,11.0,,,,S,11S02,,,,,,,,<2,N,den/est/fin/ice/lat/nor
31100300010,111D030001,305O,0,+,11.0,,,,S,11S02,,99X35,,,,,,<1,N,swe
31100500000,111D050000,309O,0,+,11.0,,,,S,11S03,,,,,,,,<2,N,den/est/fin/ice/lat/nor
31100500001,111D0500001,309O,0,+,11.0,,,,S,11S03,,,,,,,,<1,N,swe
31100501000,111D050100,309O,0,+,11.0,,,,,11S03,,00X10,,,,,,<2,N,den/est/ice/lat
31100501001,111D0501001,309O,0,+,11.0,,,,,11S03,,00X10,,,,,,<1,N,swe
31100510000,111D051000,309O,0,+,11.0,,,,,11S03,,00X10,,,,,,<2,N,fin
31100890000,111D089000,311P,0,+,11.0,,,,S,11S20,,,,,,,,<2,N,fin
31100900000,111D090000,311O,0,+,11.0,,,,S,11S05,,,,,,,,<2,N,den/est/fin/ice/lat/nor
31100900001,111D0900001,311O,0,+,11.0,,,,S,11S05,,,,,,,,<1,N,swe
31100901000,111D090100,311O,0,+,11.0,,,,,11S05,,00X10,,,,,,<2,N,den/est/ice/lat
31100901001,111D0901001,311O,0,+,11.0,,,,,11S05,,00X10,,,,,,<1,N,swe
31100910000,111D091000,311O,0,+,11.0,,,,,11S05,,00X10,,,,,,<2,N,fin
31101010000,111D101000,307P,0,+,11.0,,,,S,11S11,,,,,,,,<2,N,fin/nor
31101110000,111D111000,314O,0,+,11.0,,,,S,11S06,,,,,,,,<2,N,den/est/fin/ice/lat/nor
31101110001,111D1110001,314O,0,+,11.0,,,,S,11S06,,,,,,,,<1,N,swe
31101110100,111D111010,314O,0,+,11.0,,,,,11S06,,00X10,,,,,,<2,N,den/est/ice/lat
31101110101,111D1110101,314O,0,+,11.0,,,,,11S06,,00X10,,,,,,<1,N,swe
31101111000,111D111100,314O,0,+,11.0,,,,,11S06,,00X10,,,,,,<2,N,fin
31101255000,111D139000,315P,0,+,11.0,,,,P,11S16,,,,,,,,<1,,swe
31101327000,111D139010,315P,0,+,11.0,,,,S,11S13,,,,,,,,<1,,swe
31101363000,111D139020,315P,0,+,11.0,,,,S,11S14,,,,,,,,<1,,swe
31101381000,111D139030,315P,0,+,11.0,,,,,11S14,,00X10,,,,,,<1,,swe
31101399000,111D139900,315O,0,+,11.0,,,,S,11S07,,,,,,,,<2,N,den/fin/ice/lat/nor/est
31101400005,111D1400005,315O,0,+,11.0,,,,S,11S07,-11S09,,,,,,,<1,N,swe
31101400010,111D140001,315O,0,+,11.0,,,,,11S07,,00X10,,,,,,<2,N,den/est/fin/ice/lat
31101400020,111D140002,315O,0,+,,,11P01,,S,11S07,-11S09,,,,,,,<1,N,swe
31101400030,111D140003,315O,0,+,,,11P01,,,11S07,-11S09,00X10,,,,,,<1,N,swe
31101400101,111D1400101,315O,0,+,,,11P01,,S,11S07,,,,,,,,<2,N,den/est/fin/ice/lat/nor
31101400102,111D1400102,315O,0,+,11.0,,,,,11S07,-11S09,00X10,,,,,,<1,N,swe
31101401000,111D140100,315O,0,+,11.0,,,,S,11S90,,11X01,,,,,,<2,N,den/est/fin/ice/lat/nor
31101401001,111D1401001,315O,0,+,11.0,,,,S,11S90,,11X01,,,,,,<1,N,swe
31101401100,111D140110,315O,0,+,11.0,,,,,11S90,,11X01,00X10,,,,,<2,N,den/est/fin/ice/lat
31101401101,111D1401101,315O,0,+,11.0,,,,,11S90,,11X01,00X10,,,,,<1,N,swe
31101401292,111D1401120,315O,0,+,11.0,,,,S,11S17,,,,,,,,<1,N,swe
31101401484,111D1401123,315O,0,+,11.0,,,,,11S17,,00X10,,,,,,<1,N,swe
31101401676,111D1401124,315O,0,+,,,11P01,,S,11S17,,,,,,,,<1,N,swe
31101401868,111D1401125,315O,0,+,,,11P01,,,11S17,,00X10,,,,,,<1,N,swe
31101402060,111D140206,851X,0,+,11.0,,,,,90T05,,90X01,,,,,,<2,N,nor
31101402070,111D140207,851X,0,+,11.0,,,,,90T05,,90X02,,,,,,<2,N,nor
31101510000,111D151000,317O,0,+,11.0,11M02,,,,,,,,,,,,<2,N,den/est/fin/ice/lat/nor
31101513333,111D149000,317O,0,+,,,11P01,,,11S09,,,,,,,,<1,N,swe
31101516666,111D1510002,317O,0,+,11.0,11M02,,,,,,,,,,,,<1,N,swe
31101520000,111D152000,317O,0,+,11.0,,,,,11S09,,,,,,,,<2,N,den/est/fin/ice/lat/nor
31101520001,111D1520002,317O,0,+,11.0,,,,,11S09,,,,,,,,<1,N,swe
31101601000,111D160100,716O,0,+,11.0,,,,P,11E16,,,,,,,,<2,N,den/est/fin/ice/lat/nor
31101601001,111D1601001,716O,0,+,11.0,,,,P,11E16,,,,,,,,<1,N,swe
31101602000,111D160200,717O,0,+,11.0,,,,P,11E17,,,,,,,,<2,N,den/est/fin/ice/lat/nor
31101602001,111D1602001,717O,0,+,11.0,,,,P,11E17,,,,,,,,<1,N,swe
31101603000,111D160300,718O,0,+,11.0,,,,P,11E18,,,,,,,,<2,N,den/est/fin/ice/lat/nor
31101603001,111D1603001,718O,0,+,11.0,,,,P,11E18,,,,,,,,<1,N,swe
31101610000,111D161000,712O,0,+,11.0,,,,P,06E12,,11X01,,,,,,<1,N,swe
31101610100,111D161010,712O,0,+,11.0,,,,,06E12,,11X01,00X10,,,,,<1,N,swe
31101611000,111D161100,906FQ,0,+,11.0,,,,N,11D32,,,,,,,,<2,N,fin
31101611200,111D161120,905FS,0,+,11.0,,,,N,11D62,,,,,,,,<2,N,fin
31101611400,111D161140,901FQ,0,+,11.0,,,,N,90D02,,90X01,,,,,,<2,N,fin
31101611600,111D161160,905FQ,0,+,11.0,,,,N,90D22,,90X01,,,,,,<2,N,fin
31101611800,111D161180,906FQ,0,+,11.0,,,,N,90D32,,90X01,,,,,,<2,N,fin
31101612000,111D161200,908FQ,0,+,11.0,,,,N,90D42,,90X01,,,,,,<2,N,fin
31101612200,111D161220,905FS,0,+,11.0,,,,N,90D62,,90X01,,,,,,<2,N,fin
31101612400,111D161240,905FT,0,+,11.0,,,,N,90D64,,90X01,,,,,,<2,N,fin
31101612600,111D161260,917FW,0,+,11.0,,,,N,90D92,,90X01,,,,,,<2,N,fin
31101613000,111D161300,905FP,0,+,11.0,,,,N,11D21,,,,,,,,<2,N,fin
31101613200,111D161320,906FP,0,+,11.0,,,,N,11D31,,,,,,,,<2,N,fin
31101613600,111D161360,901FP,0,+,11.0,,,,N,90D01,,90X01,,,,,,<2,N,fin
31101613800,111D161380,905FP,0,+,11.0,,,,N,90D21,,90X01,,,,,,<2,N,fin
31101614000,111D161400,906FP,0,+,11.0,,,,N,90D31,,90X01,,,,,,<2,N,fin
31101614200,111D161420,908FP,0,+,11.0,,,,N,90D41,,90X01,,,,,,<2,N,fin
31101614400,111D161440,910FP,0,+,11.0,,,,N,90D11,,90X01,,,,,,<2,N,fin
31101614600,111D161460,905FR,0,+,11.0,,,,N,90D61,,90X01,,,,,,<2,N,fin
31101614800,111D161480,917FV,0,+,11.0,,,,N,90D91,,90X01,,,,,,<2,N,fin
31101620200,111D162020,911FB,0,+,11.0,,,,N,90T01,90S01,90X01,,,,,,<2,N,fin
31101620210,111D162021,911FB,0,+,11.0,,,,N,99S80,,90X01,,,,,,<2,N,fin
31101620300,111D162030,911FA,0,+,11.0,,,,N,90T06,,90X01,,,,,,<2,N,fin
31101620310,111D162031,911FA,0,+,11.0,,,,N,90T05,,90X01,,,,,,<2,N,fin
31101620400,111D162040,911FE,0,+,11.0,,,,N,99T00,90S03,,,,,,,<2,N,fin
31101620500,111D162050,911FG,0,+,11.0,,,,N,99T00,90S01,,,,,,,<2,N,fin
31101690000,111D169000,323O,0,+,11.0,,,,,11S08,,,,,,,,<2,N,den/est/fin/ice/lat/nor
31101690001,111D1690001,323O,0,+,11.0,,,,,11S08,,,,,,,,<1,N,swe
31101696000,111D169600,335O,0,+,11.0,,,,S,12S01,,,,,,,,<2,N,den/est/fin/ice/lat/nor
31101696010,111D169601,335O,0,+,11.0,,,,S,12S01,,99X35,,,,,,<1,N,swe
31101697000,111D169700,337O,0,+,11.0,,,,S,12S04,,,,,,,,<2,N,den/est/fin/ice/lat/nor
31101697001,111D1697001,337O,0,+,11.0,,,,S,12S04,,,,,,,,<1,N,swe
31101697010,111D169701,337O,0,+,11.0,,,,,12S04,,00X10,,,,,,<2,N,ice
31101697011,111D1697011,337O,0,+,11.0,,,,,12S04,,00X10,,,,,,<1,N,swe
31101698000,111D169800,811NP,0,+,11.0,,,,N,11O01,,,,,,,,<2,N,ice/nor
31101698100,111D169810,811NR,0,+,11.0,,,,N,11O03,,,,,,,,<2,N,ice
31101698101,111D1698101,811NR,0,+,11.0,,,,N,11O03,,,,,,,,<1,N,nor
31101698200,111D169820,811NS,0,+,11.0,,,,N,11O05,,,,,,,,<2,N,ice
31101698201,111D1698201,811NS,0,+,11.0,,,,N,11O05,,,,,,,,<1,N,nor
31101698300,111D169830,812NP,0,+,11.0,,,,N,12O01,,,,,,,,<2,N,ice
31101698301,111D1698301,812NP,0,+,11.0,,,,N,12O01,,,,,,,,<1,N,nor
31101699600,111D169960,911O,0,+,11.0,,,,Z,,,,,,,,,<2,N,den/est/fin/lat
31101699900,111D169990,811O,0,+,11.0,,,,N,,,,,,,,,<2,N,den/est/fin/lat
31200100000,112D010000,335O,0,+,12.0,,,,S,12S01,,,,,,,,<2,N,den/est/fin/ice/lat/nor
31200100010,112D010001,335O,0,+,12.0,,,,S,12S01,,99X35,,,,,,<1,N,swe
31200300000,112D030000,341O,0,+,12.0,,,,S,12S02,,,,,,,,<2,N,den/est/fin/ice/lat/nor
31200300001,112D0300001,341O,0,+,12.0,,,,S,12S02,,,,,,,,<1,N,swe
31200301000,112D030100,341O,0,+,12.0,,,,,12S02,,00X10,,,,,,<2,N,den/est/ice/lat
31200301001,112D0301001,341O,0,+,12.0,,,,,12S02,,00X10,,,,,,<1,N,swe
31200310000,112D031000,341O,0,+,12.0,,,,,12S02,,00X10,,,,,,<2,N,fin
31200620000,112D062000,340O,0,+,12.0,,,,S,12S03,,,,,,,,<2,N,den/est/fin/ice/lat/nor
31200620001,112D0620001,340O,0,+,12.0,,,,S,12S03,,,,,,,,<1,N,swe
31200620100,112D062010,340O,0,+,12.0,,,,,12S03,,00X10,,,,,,<2,N,den/est/ice/lat
31200620101,112D0620101,340O,0,+,12.0,,,,,12S03,,00X10,,,,,,<1,N,swe
31200621000,112D062100,340O,0,+,12.0,,,,,12S03,,00X10,,,,,,<2,N,fin
31200800000,112D080000,337O,0,+,12.0,,,,S,12S04,,,,,,,,<2,N,den/est/fin/ice/lat/nor
31200800001,112D0800001,337O,0,+,12.0,,,,S,12S04,,,,,,,,<1,N,swe
31200800100,112D080010,337O,0,+,12.0,,,,,12S04,,00X10,,,,,,<2,N,den/est/ice/lat
31200800101,112D0800101,337O,0,+,12.0,,,,,12S04,,00X10,,,,,,<1,N,swe
31200801000,112D080100,337O,0,+,12.0,,,,,12S04,,00X10,,,,,,<2,N,fin
31200910000,112D091000,343O,0,+,12.0,,,,S,12S05,,,,,,,,<2,N,den/est/fin/ice/lat/nor
31200910001,112D0910001,343O,0,+,12.0,,,,S,12S05,,,,,,,,<1,N,swe
31201090000,112D109000,311P,0,+,12.0,,,,S,11S20,,,,,,,,<2,N,fin
31201100000,112D110000,345O,0,+,12.0,12M01,,,S,12S08,,,,,,,,<2,N,den/est/fin/ice/lat/nor
31201100001,112D1100001,345O,0,+,12.0,12M01,,,S,12S08,,,,,,,,<1,N,swe
31201100010,112D110001,345O,0,+,12.0,12M01,,,,12S08,,00X10,,,,,,<2,N,fin
31201100100,112D110010,345O,0,+,12.0,12M01,,,,12S08,,00X10,,,,,,<2,N,den/est/ice/lat
31201100101,112D1100101,345O,0,+,12.0,12M01,,,,12S08,,00X10,,,,,,<1,N,swe
31201101000,112D110100,345O,0,+,12.0,12M01,,,S,12S07,,,,,,,,<2,N,den/est/fin/ice/lat/nor
31201101001,112D1101001,345O,0,+,12.0,12M01,,,S,12S07,,,,,,,,<1,N,swe
31201101010,112D110101,345O,0,+,12.0,12M01,,,,12S07,,00X10,,,,,,<2,N,fin
31201101100,112D110110,345O,0,+,12.0,12M01,,,,12S07,,00X10,,,,,,<2,N,den/est/ice/lat
31201101101,112D1101101,345O,0,+,12.0,12M01,,,,12S07,,00X10,,,,,,<1,N,swe
31201120000,112D112000,345O,0,+,12.0,,,,S,12S08,,,,,,,,<2,N,den/est/fin/ice/lat/nor
31201120001,112D1120001,345O,0,+,12.0,,,,S,12S08,,,,,,,,<1,N,swe
31201120010,112D112001,345O,0,+,12.0,,,,,12S08,,00X10,,,,,,<2,N,fin
31201120100,112D112010,345O,0,+,12.0,,,,,12S08,,00X10,,,,,,<2,N,den/est/ice/lat
31201120101,112D1120101,345O,0,+,12.0,,,,,12S08,,00X10,,,,,,<1,N,swe
31201212000,112D121200,716O,0,+,12.0,,,,P,12E16,,,,,,,,<2,N,den/est/fin/ice/lat/nor
31201212001,112D1212001,716O,0,+,12.0,,,,P,12E16,,,,,,,,<1,N,swe
31201252000,112D125200,718O,0,+,12.0,,,,P,12E18,,,,,,,,<2,N,den/est/fin/ice/lat/nor
31201252001,112D1252001,718O,0,+,12.0,,,,P,12E18,,,,,,,,<1,N,swe
31201280000,112D128000,351O,0,+,12.0,,,,,12S07,,,,,,,,<2,N,den/est/fin/ice/lat/nor
31201280001,112D1280001,351O,0,+,12.0,,,,,12S07,,,,,,,,<1,N,swe
31201280400,112D128040,314O,0,+,12.0,,,,S,11S06,,,,,,,,<2,N,den/est/fin/ice/lat/nor
31201280401,112D1280401,314O,0,+,12.0,,,,S,11S06,,,,,,,,<1,N,swe
31201280410,112D128041,314O,0,+,12.0,,,,,11S06,,00X10,,,,,,<2,N,den/est/fin/ice/lat
31201280411,112D1280411,314O,0,+,12.0,,,,,11S06,,00X10,,,,,,<1,N,swe
31201280560,112D128056,851N,0,+,12.0,,,,,90T05,,90X01,,,,,,<2,N,nor
31201280570,112D128057,851N,0,+,12.0,,,,,90T05,,90X02,,,,,,<2,N,nor
31201291000,112D129100,906FQ,0,+,12.0,,,,N,12D32,,,,,,,,<2,N,fin
31201291200,112D129120,905FS,0,+,12.0,,,,N,12D62,,,,,,,,<2,N,fin
31201291400,112D129140,901FQ,0,+,12.0,,,,N,90D02,,90X01,,,,,,<2,N,fin
31201291600,112D129160,905FQ,0,+,12.0,,,,N,90D22,,90X01,,,,,,<2,N,fin
31201291800,112D129180,906FQ,0,+,12.0,,,,N,90D32,,90X01,,,,,,<2,N,fin
31201292000,112D129200,908FQ,0,+,12.0,,,,N,90D42,,90X01,,,,,,<2,N,fin
31201292200,112D129220,905FS,0,+,12.0,,,,N,90D62,,90X01,,,,,,<2,N,fin
31201292400,112D129240,905FT,0,+,12.0,,,,N,90D64,,90X01,,,,,,<2,N,fin
31201292600,112D129260,917FW,0,+,12.0,,,,N,90D92,,90X01,,,,,,<2,N,fin
31201293000,112D129300,906FP,0,+,12.0,,,,N,12D31,,,,,,,,<2,N,fin
31201293200,112D129320,905FR,0,+,12.0,,,,N,12D61,,,,,,,,<2,N,fin
31201293400,112D129340,901FP,0,+,12.0,,,,N,90D01,,90X01,,,,,,<2,N,fin
31201293600,112D129360,905FP,0,+,12.0,,,,N,90D21,,90X01,,,,,,<2,N,fin
31201293700,112D129370,906FP,0,+,12.0,,,,N,90D31,,90X01,,,,,,<2,N,fin
31201293800,112D129380,908FP,0,+,12.0,,,,N,90D41,,90X01,,,,,,<2,N,fin
31201293900,112D129390,910FP,0,+,12.0,,,,N,90D11,,90X01,,,,,,<2,N,fin
31201294000,112D129400,905FR,0,+,12.0,,,,N,90D61,,90X01,,,,,,<2,N,fin
31201294200,112D129420,917FV,0,+,12.0,,,,N,90D91,,90X01,,,,,,<2,N,fin
31201295200,112D129520,912FB,0,+,12.0,,,,N,90T01,90S01,90X01,,,,,,<2,N,fin
31201295210,112D129521,912FB,0,+,12.0,,,,N,99S80,,90X01,,,,,,<2,N,fin
31201295290,112D129529,912FC,0,+,12.0,,,,N,90T07,,90X01,,,,,,<2,N,fin
31201295300,112D129530,912FA,0,+,12.0,,,,N,90T06,,90X01,,,,,,<2,N,fin
31201295320,112D129532,912FA,0,+,12.0,,,,N,90T08,,90X01,,,,,,<2,N,fin
31201295330,112D129533,912FA,0,+,12.0,,,,N,90T05,,90X01,,,,,,<2,N,fin
31201295400,112D129540,912FE,0,+,12.0,,,,N,99T00,90S02,,,,,,,<2,N,fin
31201295500,112D129550,912FF,0,+,12.0,,,,N,99S61,,,,,,,,<2,N,fin
31201295600,112D129560,912FE,0,+,12.0,,,,N,99T00,90S04,,,,,,,<2,N,fin
31201297000,112D129700,812NP,0,+,12.0,,,,N,12O01,,,,,,,,<2,N,ice
31201297166,112D12970005,812NP,0,+,23.0,,,,N,12O02,,,,,,,,<2,N,ice
31201297333,112D1297001,812NP,0,+,12.0,,,,N,12O01,,,,,,,,<1,N,nor
31201297500,112D12975,812NP,0,+,23.0,,,,N,12O02,,,,,,,,<1,N,nor
31201298000,112D129800,811NR,0,+,12.0,,,,N,11O03,,,,,,,,<2,N,ice
31201298001,112D1298001,811NR,0,+,12.0,,,,N,11O03,,,,,,,,<1,N,nor
31201298100,112D129810,811NS,0,+,12.0,,,,N,11O05,,,,,,,,<2,N,ice
31201298101,112D1298101,811NS,0,+,12.0,,,,N,11O05,,,,,,,,<1,N,nor
31201298850,112D129959,843V,0,,,,,,,12V02,,,,,,,,<2,,fin
31201299600,112D129960,912O,0,+,12.0,,,,Z,,,,,,,,,<2,N,den/est/fin/lat
31201299900,112D129990,812O,0,+,12.0,,,,N,,,,,,,,,<2,N,den/est/fin/lat
31300100000,113D010000,353O,0,+,13.0,,,,S,13S01,,,,,,,,<2,N,den/est/fin/ice/lat/nor
31300100010,113D010001,353O,0,+,13.0,,,,S,13S01,,99X35,,,,,,<1,N,swe
31300200000,113D020000,357O,0,+,,,13P01,,P,13S02,,,,,,,,<2,N,den/est/fin/ice/lat/nor
31300200001,113D0200001,357O,0,+,,,13P01,,P,13S02,,,,,,,,<1,N,swe
31300300000,113D030000,355O,0,+,,,13P02,,P,13S02,,,,,,,,<2,N,den/est/fin/ice/lat/nor
31300300001,113D0300001,355O,0,+,,,13P02,,P,13S02,,,,,,,,<1,N,swe
31300338250,113D0500008,359Q,0,+,13.0,,,,P,13O05,,,,,,,,<2,N,nor
31300375500,113D040000,813NR,0,+,13.0,,,,N,13O01,,,,,,,,<2,N,ice/nor
31300450000,113D045000,813NR,0,+,13.0,,,,N,13O02,,,,,,,,<2,N,ice/nor
31300500000,113D050000,359O,0,+,13.0,,,,P,13S02,,,,,,,,<2,N,den/est/lat
31300500002,113D0500002,359P,0,+,13.0,,,,P,13S21,,,,,,,,<2,N,fin/ice
31300500003,113D0500003,359P,0,+,13.0,,,,P,13S21,,,,,,,,<1,N,swe
31300500004,113D0500004,359R,0,+,13.0,,,,P,13S22,,,,,,,,<2,N,fin/ice
31300500005,113D0500005,359R,0,+,13.0,,,,P,13S22,,,,,,,,<1,N,swe
31300500006,113D0500006,359Q,0,+,13.0,,,,P,13S09,,,,,,,,<2,N,fin/ice
31300500668,113D0500009,359Q,0,+,13.0,,,,P,13S09,,,,,,,,<1,N,swe
31300700000,113D070000,356O,0,+,13.0,,,,S,13S05,,,,,,,,<2,N,den/est/fin/ice/lat/nor
31300700001,113D0700001,356O,0,+,13.0,,,,S,13S05,,,,,,,,<1,N,swe
31300800000,113D080000,361O,0,+,13.0,,,,S,13S03,,,,,,,,<2,N,den/est/fin/ice/lat/nor
31300800001,113D0800001,361O,0,+,13.0,,,,S,13S03,,,,,,,,<1,N,swe
31301000000,113D100000,364O,0,+,13.0,,,,S,13S06,,,,,,,,<2,N,den/est/fin/ice/lat/nor
31301000001,113D1000001,364O,0,+,13.0,,,,S,13S06,,,,,,,,<1,N,swe
31301000010,113D100001,364O,0,+,13.0,,,,,13S06,,00X10,,,,,,<2,N,fin
31301001000,113D100100,364O,0,+,13.0,,,,,13S06,,00X10,,,,,,<2,N,den/est/ice/lat
31301001001,113D1001001,364O,0,+,13.0,,,,,13S06,,00X10,,,,,,<1,N,swe
31301002000,113D100200,364O,0,+,13.0,,,,,13V07,,,,,,,,<2,N,nor
31301002010,113D100201,364O,0,+,13.0,,,,,13V07,,,,,,,,<1,N,swe
31301010000,113D101000,360O,0,+,13.0,,,,S,13S04,,,,,,,,<2,N,den/est/fin/ice/lat/nor
31301010001,113D1010001,360O,0,+,13.0,,,,S,13S04,,,,,,,,<1,N,swe
31301010010,113D101001,360O,0,+,13.0,,,,,13S04,,00X10,,,,,,<2,N,fin
31301011000,113D101100,360O,0,+,13.0,,,,,13S04,,00X10,,,,,,<2,N,den/est/ice/lat
31301011001,113D1011001,360O,0,+,13.0,,,,,13S04,,00X10,,,,,,<1,N,swe
31301200000,113D120000,362O,0,+,13.0,,,,S,13S07,,,,,,,,<2,N,den/est/fin/ice/lat/nor
31301200001,113D1200001,362O,0,+,13.0,,,,S,13S07,,,,,,,,<1,N,swe
31301300000,113D130000,365O,0,+,13.0,,,,S,13S08,,,,,,,,<2,N,den/est/fin/ice/lat/nor
31301300001,113D1300001,365O,0,+,13.0,,,,S,13S08,,,,,,,,<1,N,swe
31301300100,113D130010,365O,0,+,13.0,,,,,13S08,,00X10,,,,,,<2,N,den/est/ice/lat
31301300101,113D1300101,365O,0,+,13.0,,,,,13S08,,00X10,,,,,,<1,N,swe
31301301000,113D130100,365O,0,+,13.0,,,,,13S08,,00X10,,,,,,<2,N,fin
31301301060,113D130106,851X,0,+,13.0,,,,,90T05,,90X01,,,,,,<2,N,nor
31301301070,113D130107,851X,0,+,13.0,,,,,90T05,,90X02,,,,,,<2,N,nor
31301302052,113D130498,710P,0,+,13.0,,,,P,13E10,,00X10,,,,,,<2,N,fin
31301303035,113D130499,710Q,0,+,13.0,,,,P,13E10,,,,,,,,<2,N,fin
31301305000,113D130500,710O,0,+,13.0,,,,P,13E10,,,,,,,,<2,N,den/est/ice/lat/nor
31301305833,113D1304999,710P,0,+,13.0,,,,P,13E10,,00X10,,,,,,<1,N,swe
31301306666,113D1305000,710Q,0,+,13.0,,,,P,13E10,,,,,,,,<1,N,swe
31301310000,113D131000,719O,0,+,13.0,,,,P,13E19,,,,,,,,<2,N,den/est/fin/ice/lat/nor
31301310001,113D1310001,719O,0,+,13.0,,,,P,13E19,,,,,,,,<1,N,swe
31301310100,113D131010,719O,0,+,13.0,,,,,13E19,,00X10,,,,,,<1,N,swe
31301311000,113D131100,718O,0,+,13.0,,,,P,13E18,,,,,,,,<2,N,den/est/fin/ice/lat/nor
31301311001,113D1311001,718O,0,+,13.0,,,,P,13E18,,,,,,,,<1,N,swe
31301401200,113D140120,905FS,0,+,13.0,,,,N,13D62,,,,,,,,<2,N,fin
31301401400,113D140140,901FQ,0,+,13.0,,,,N,90D02,,90X01,,,,,,<2,N,fin
31301401600,113D140160,905FQ,0,+,13.0,,,,N,90D22,,90X01,,,,,,<2,N,fin
31301401800,113D140180,906FQ,0,+,13.0,,,,N,90D32,,90X01,,,,,,<2,N,fin
31301402000,113D140200,908FQ,0,+,13.0,,,,N,90D42,,90X01,,,,,,<2,N,fin
31301402200,113D140220,905FS,0,+,13.0,,,,N,90D62,,90X01,,,,,,<2,N,fin
31301402400,113D140240,905FT,0,+,13.0,,,,N,90D64,,90X01,,,,,,<2,N,fin
31301402600,113D140260,917FW,0,+,13.0,,,,N,90D92,,90X01,,,,,,<2,N,fin
31301403000,113D140300,906FP,0,+,13.0,,,,N,13D31,,,,,,,,<2,N,fin
31301403100,113D140310,905FR,0,+,13.0,,,,N,13D61,,,,,,,,<2,N,fin
31301403200,113D140320,901FP,0,+,13.0,,,,N,90D01,,90X01,,,,,,<2,N,fin
31301403400,113D140340,905FP,0,+,13.0,,,,N,90D21,,90X01,,,,,,<2,N,fin
31301403600,113D140360,906FP,0,+,13.0,,,,N,90D31,,90X01,,,,,,<2,N,fin
31301403800,113D140380,908FP,0,+,13.0,,,,N,90D41,,90X01,,,,,,<2,N,fin
31301404000,113D140400,910FP,0,+,13.0,,,,N,90D11,,90X01,,,,,,<2,N,fin
31301404200,113D140420,905FR,0,+,13.0,,,,N,90D61,,90X01,,,,,,<2,N,fin
31301404400,113D140440,917FV,0,+,13.0,,,,N,90D91,,90X01,,,,,,<2,N,fin
31301405200,113D140520,913FB,0,+,13.0,,,,N,90T01,90S01,90X01,,,,,,<2,N,fin
31301405210,113D140521,913FB,0,+,13.0,,,,N,99S80,,90X01,,,,,,<2,N,fin
31301405300,113D140530,913FA,0,+,13.0,,,,N,90T06,,90X01,,,,,,<2,N,fin
31301405310,113D140531,913FA,0,+,13.0,,,,N,90T07,,90X01,,,,,,<2,N,fin
31301405320,113D140532,913FA,0,+,13.0,,,,N,90T08,,90X01,,,,,,<2,N,fin
31301405330,113D140533,913FA,0,+,13.0,,,,N,90T05,,90X01,,,,,,<2,N,fin
31301462000,113D146200,813NS,0,+,13.0,,,,N,13O03,,,,,,,,<2,N,ice/nor
31301463000,113D146300,813NT,0,+,13.0,,,,N,13O04,,,,,,,,<2,N,ice
31301463001,113D1463001,813NT,0,+,13.0,,,,N,13O04,,,,,,,,<1,N,nor
31301499600,113D149960,913O,0,+,13.0,,,,Z,,,,,,,,,<2,N,est/fin
31301499900,113D149990,813O,0,+,13.0,,,,N,,,,,,,,,<2,N,den/est/fin/lat
31400390000,114D039000,377O,0,+,14.0,,,,S,,,,,,,,,<2,N,den/est/fin/ice/lat/nor
31400390001,114D0390001,377O,0,+,14.0,,,,S,,,,,,,,,<1,N,swe
31400390010,114D039001,377O,0,+,14.0,,,,,,,00X10,,,,,,<2,N,den/est/ice/lat
31400390011,114D0390011,377O,0,+,14.0,,,,,,,00X10,,,,,,<1,N,swe
31400390100,114D039010,377O,0,+,14.0,,,,,,,00X10,,,,,,<2,N,fin
31400392325,114D039898,711P,0,+,14.0,,,,P,14E11,,00X10,,,,,,<2,N,fin
31400394550,114D039899,711Q,0,+,14.0,,,,P,14E11,,,,,,,,<2,N,fin
31400399000,114D039900,711O,0,+,14.0,,,,P,14E11,,,,,,,,<2,N,den/est/ice/lat/nor
31400399016,114D398999,711P,0,+,14.0,,,,P,14E11,,00X10,,,,,,<1,N,swe
31400399033,114D399000,711Q,0,+,14.0,,,,P,14E11,,,,,,,,<1,N,swe
31400399100,114D039910,719O,0,+,14.0,,,,P,14E19,,,,,,,,<2,N,den/est/fin/ice/lat/nor
31400399101,114D0399101,719O,0,+,14.0,,,,P,14E19,,,,,,,,<1,N,swe
31404017000,114D401700,901FQ,0,+,14.0,,,,N,14D02,,,,,,,,<2,N,fin
31404018000,114D401800,930FQ,0,+,14.0,,,,N,14D72,,,,,,,,<2,N,fin
31404024000,114D402400,901FQ,0,+,14.0,,,,N,90D02,,90X01,,,,,,<2,N,fin
31404024200,114D402420,905FQ,0,+,14.0,,,,N,90D22,,90X01,,,,,,<2,N,fin
31404024400,114D402440,906FQ,0,+,14.0,,,,N,90D32,,90X01,,,,,,<2,N,fin
31404024600,114D402460,908FQ,0,+,14.0,,,,N,90D42,,90X01,,,,,,<2,N,fin
31404024800,114D402480,905FS,0,+,14.0,,,,N,90D62,,90X01,,,,,,<2,N,fin
31404025000,114D402500,905FT,0,+,14.0,,,,N,90D64,,90X01,,,,,,<2,N,fin
31404025200,114D402520,917FW,0,+,14.0,,,,N,90D92,,90X01,,,,,,<2,N,fin
31404026000,114D402600,901FP,0,+,14.0,,,,N,14D01,,,,,,,,<2,N,fin
31404026100,114D402610,910FP,0,+,14.0,,,,N,14D11,,,,,,,,<2,N,fin
31404026200,114D402620,914FP,0,+,14.0,,,,N,14D51,,,,,,,,<2,N,fin/ice
31404026201,114D4026201,914FP,0,+,14.0,,,,N,14D51,,,,,,,,<1,N,nor
31404026210,114D402621,914FP,0,+,14.0,,,,N,14O04,,,,,,,,<1,N,nor
31404026300,114D402630,930FP,0,+,14.0,,,,N,14D71,,,,,,,,<2,N,fin
31404026400,114D402640,901FP,0,+,14.0,,,,N,90D01,,90X01,,,,,,<2,N,fin
31404026600,114D402660,905FP,0,+,14.0,,,,N,90D21,,90X01,,,,,,<2,N,fin
31404026800,114D402680,906FP,0,+,14.0,,,,N,90D31,,90X01,,,,,,<2,N,fin
31404027000,114D402700,908FP,0,+,14.0,,,,N,90D41,,90X01,,,,,,<2,N,fin
31404027400,114D402740,905FR,0,+,14.0,,,,N,90D61,,90X01,,,,,,<2,N,fin
31404027600,114D402760,917FV,0,+,14.0,,,,N,90D91,,90X01,,,,,,<2,N,fin
31409998000,114D999800,914O,0,+,14.0,,,,Z,,,,,,,,,<2,N,den/est/fin/lat
31409998001,114D9998001,914O,0,+,14.0,,,,Z,,-99V21,,,,,,,<2,N,ice
31409998002,114D9998002,914O,0,+,14.0,,,,Z,,,,,,,,,<1,N,nor
31409999000,114D999900,814O,0,+,14.0,,,,N,,,,,,,,,<2,N,den/est/fin/lat
31409999001,114D9999001,814O,0,+,14.0,,,,N,,-99V21,,,,,,,<2,N,ice
31409999002,114D9999002,823P,0,+,14.0,,,,N,,,,,,,,,<1,N,nor
31600110020,116D011002,393O,0,+,16.0,,,,S,16S10,,,,,,,,<2,N,nor
31600300000,116D030000,394O,0,+,16.0,,,,S,16S02,,,,,,,,<2,N,den/est/fin/ice/lat/nor
31600300001,116D0300001,394O,0,+,16.0,,,,S,16S02,,,,,,,,<1,N,swe
31600301000,116D030100,394O,0,+,16.0,,,,,16S02,,00X10,,,,,,<2,N,den/est/ice/lat
31600301001,116D0301001,394O,0,+,16.0,,,,,16S02,,00X10,,,,,,<1,N,swe
31600310000,116D031000,394O,0,+,16.0,,,,,16S02,,00X10,,,,,,<2,N,fin
31600310070,116D031007,851R,0,+,16.0,,,,,90T05,,90X02,,,,,,<2,N,nor
31600335052,116D040998,720P,0,+,16.0,,,,P,17E10,17E11,00X10,,,,,,<2,N,fin
31600360035,116D040999,720Q,0,+,16.0,,,,P,17E10,17E11,,,,,,,<2,N,fin
31600410000,116D041000,720O,0,+,16.0,,,,P,17E10,17E11,,,,,,,<2,N,den/est/ice/lat/nor
31600410166,116D409999,720P,0,+,16.0,,,,P,17E10,17E11,00X10,,,,,,<1,N,swe
31600410333,116D410000,720Q,0,+,16.0,,,,P,17E10,17E11,,,,,,,<1,N,swe
31600410749,116D041098,710P,0,+,16.0,,,,P,17E10,,00X10,,,,,,<2,N,fin
31600410833,116D041099,710Q,0,+,16.0,,,,P,17E10,,,,,,,,<2,N,fin
31600411000,116D041100,710O,0,+,16.0,,,,P,17E10,,,,,,,,<2,N,den/est/ice/lat/nor
31600411166,116D410999,710P,0,+,16.0,,,,P,17E10,,00X10,,,,,,<1,N,swe
31600411333,116D411000,710Q,0,+,16.0,,,,P,17E10,,,,,,,,<1,N,swe
31600411749,116D041198,711P,0,+,16.0,,,,P,17E11,,00X10,,,,,,<2,N,fin
31600411833,116D041199,711Q,0,+,16.0,,,,P,17E11,,,,,,,,<2,N,fin
31600412000,116D041200,711O,0,+,16.0,,,,P,17E11,,,,,,,,<2,N,den/est/ice/lat/nor
31600413333,116D411999,711P,0,+,16.0,,,,P,17E11,,00X10,,,,,,<1,N,swe
31600414666,116D412000,711Q,0,+,16.0,,,,P,17E11,,,,,,,,<1,N,swe
31600420000,116D042000,905FS,0,+,16.0,,,,N,16D62,,,,,,,,<2,N,fin
31600421000,116D042100,901FQ,0,+,16.0,,,,N,90D02,,90X01,,,,,,<2,N,fin
31600421200,116D042120,905FQ,0,+,16.0,,,,N,90D22,,90X01,,,,,,<2,N,fin
31600421400,116D042140,906FQ,0,+,16.0,,,,N,90D32,,90X01,,,,,,<2,N,fin
31600421600,116D042160,908FQ,0,+,16.0,,,,N,90D42,,90X01,,,,,,<2,N,fin
31600421800,116D042180,905FS,0,+,16.0,,,,N,90D62,,90X01,,,,,,<2,N,fin
31600422000,116D042200,905FT,0,+,16.0,,,,N,90D64,,90X01,,,,,,<2,N,fin
31600422200,116D042220,917FW,0,+,16.0,,,,N,90D92,,90X01,,,,,,<2,N,fin
31600423000,116D042300,906FP,0,+,16.0,,,,N,16D31,,,,,,,,<2,N,fin
31600423200,116D042320,901FP,0,+,16.0,,,,N,90D01,,90X01,,,,,,<2,N,fin
31600423400,116D042340,910FP,0,+,16.0,,,,N,90D11,,90X01,,,,,,<2,N,fin
31600423600,116D042360,905FP,0,+,16.0,,,,N,90D21,,90X01,,,,,,<2,N,fin
31600423800,116D042380,906FP,0,+,16.0,,,,N,90D31,,90X01,,,,,,<2,N,fin
31600424000,116D042400,908FP,0,+,16.0,,,,N,90D41,,90X01,,,,,,<2,N,fin
31600424200,116D042420,905FR,0,+,16.0,,,,N,90D61,,90X01,,,,,,<2,N,fin
31600424400,116D042440,917FV,0,+,16.0,,,,N,90D91,,90X01,,,,,,<2,N,fin
31600430020,116D043002,916FE,0,+,16.0,,,,N,99T00,90S01,,,,,,,<2,N,fin
31600481000,116D048100,816NR,0,+,16.0,,,,N,16O02,,,,,,,,<2,N,ice/nor
31600499600,116D049960,916O,0,+,16.0,,,,Z,,,,,,,,,<2,N,den/est/fin/lat
31600499900,116D049990,816O,0,+,16.0,,,,N,,,,,,,,,<2,N,den/est/fin/lat
31700109200,117D010920,917FB,0,+,17.0,17M01,,,N,90T01,90S01,,,,,,,<2,N,fin
31700109210,117D010921,917FB,0,+,17.0,17M01,,,N,99S80,,,,,,,,<2,N,fin
31700109220,117D010922,917FB,0,+,17.0,17M02,,,N,90T01,90S01,,,,,,,<2,N,fin
31700109230,117D010923,917FB,0,+,17.0,17M02,,,N,99S80,,,,,,,,<2,N,fin
31700109300,117D010930,917FA,0,+,17.0,17M01,,,N,90T06,,,,,,,,<2,N,fin
31700109310,117D010931,917FA,0,+,17.0,17M01,,,N,90T07,,,,,,,,<2,N,fin
31700109320,117D010932,917FA,0,+,17.0,17M01,,,N,90T08,,,,,,,,<2,N,fin
31700109330,117D010933,917FA,0,+,17.0,17M02,,,N,90T06,,,,,,,,<2,N,fin
31700109340,117D010934,917FA,0,+,17.0,17M02,,,N,90T07,,,,,,,,<2,N,fin
31700109350,117D010935,917FA,0,+,17.0,17M02,,,N,90T08,,,,,,,,<2,N,fin
31700109360,117D010936,917FA,0,+,17.0,17M01,,,N,90T05,,,,,,,,<2,N,fin
31700109370,117D010937,917FA,0,+,17.0,17M02,,,N,90T05,,,,,,,,<2,N,fin
31700109990,117D010999,917O,0,+,17.0,17M01,,,Z,,,,,,,,,<2,N,den/est/fin/lat
31700110000,117D011000,402O,0,+,17.0,17M01,,,S,17S01,,,,,,,,<2,N,den/est/fin/ice/lat/nor
31700110001,117D0110001,402O,0,+,17.0,17M01,,,S,17S01,,,,,,,,<1,N,swe
31700110100,117D011010,402O,0,+,17.0,17M01,,,,17S01,,00X10,,,,,,<2,N,den/est/ice/lat
31700110101,117D0110101,402O,0,+,17.0,17M01,,,,17S01,,00X10,,,,,,<1,N,swe
31700111000,117D011100,402O,0,+,17.0,17M01,,,,17S01,,00X10,,,,,,<2,N,fin
31700200000,117D020000,402O,0,+,17.0,17M02,,,S,,,,,,,,,<2,N,den/est/fin/ice/lat/nor
31700200001,117D0200001,402O,0,+,17.0,17M02,,,S,,,,,,,,,<1,N,swe
31700200010,117D020001,402O,0,+,17.0,17M02,,,,,,00X10,,,,,,<2,N,den/est/ice/lat
31700200011,117D0200011,402O,0,+,17.0,17M02,,,,,,00X10,,,,,,<1,N,swe
31700200100,117D020010,402O,0,+,17.0,17M02,,,,,,00X10,,,,,,<2,N,fin
31700210000,117D021000,407O,0,+,17.0,17M05,,,S,17S01,,,,,,,,<2,N,den/est/fin/ice/lat/nor
31700210001,117D0210001,407O,0,+,17.0,17M05,,,S,17S01,,,,,,,,<1,N,swe
31700210010,117D021001,407O,0,+,17.0,17M05,,,,17S01,,00X10,,,,,,<2,N,den/est/fin/ice/lat
31700210011,117D0210011,407O,0,+,17.0,17M05,,,,17S01,,00X10,,,,,,<1,N,swe
31700210100,117D021010,407O,0,+,17.0,17M06,,,S,17S01,,,,,,,,<2,N,den/est/fin/ice/lat/nor
31700210101,117D0210101,407O,0,+,17.0,17M06,,,S,17S01,,,,,,,,<1,N,swe
31700210110,117D021011,407O,0,+,17.0,17M06,,,,17S01,,00X10,,,,,,<2,N,den/est/fin/ice/lat
31700210111,117D0210111,407O,0,+,17.0,17M06,,,,17S01,,00X10,,,,,,<1,N,swe
31700220000,117D022000,408O,0,+,17.0,17M05,,,S,,,,,,,,,<2,N,den/est/fin/ice/lat/nor
31700220001,117D0220001,408O,0,+,17.0,17M05,,,S,,,,,,,,,<1,N,swe
31700220010,117D022001,408O,0,+,17.0,17M05,,,,,,00X10,,,,,,<2,N,den/est/fin/ice/lat
31700220011,117D0220011,408O,0,+,17.0,17M05,,,,,,00X10,,,,,,<1,N,swe
31700220100,117D022010,408O,0,+,17.0,17M06,,,S,,,,,,,,,<2,N,den/est/fin/ice/lat/nor
31700220101,117D0220101,408O,0,+,17.0,17M06,,,S,,,,,,,,,<1,N,swe
31700220110,117D022011,408O,0,+,17.0,17M06,,,,,,00X10,,,,,,<2,N,den/est/fin/ice/lat
31700220111,117D0220111,408O,0,+,17.0,17M06,,,,,,00X10,,,,,,<1,N,swe
31700229980,117D022998,003P,0,+,17.0,,,,S,01S50,,,,,,,,<2,N,den/est/fin/lat
31700229990,117D022999,003P,0,+,17.0,,,,S,01S50,,,,,,,,<2,N,ice
31700229991,117D0229991,003P,0,+,17.0,,,,S,01S50,,,,,,,,<1,N,swe
31700230000,117D023000,409O,0,+,17.0,17M10,,,,,,,,,,,,<2,N,den/est/fin/ice/lat
31700240000,117D024000,492O,0,+,17.0,17M11,,,,,,17X01,,,,,,<2,N,den/est/fin/ice/lat
31700240001,117D0240001,492O,0,+,17.0,17M11,,,,,,17X01,,,,,,<1,N,swe
31700250000,117D025000,410O,0,+,17.0,17M11,,,,,,,,,,,,<2,N,fin/ice
31700250001,117D0250001,410O,0,+,17.0,17M11,,,,,,,,,,,,<1,N,swe
31700253060,117D025306,851R,0,+,17.0,17M01,,,,90T05,,90X01,,,,,,<2,N,nor
31700253160,117D025316,851R,0,+,17.0,17M02,,,,90T05,,90X01,,,,,,<2,N,nor
31700253260,117D025326,851X,0,+,17.0,,,,,90T05,,90X01,,,,,,<2,N,nor
31700253270,117D025327,851X,0,+,17.0,,,,,90T05,,90X02,,,,,,<2,N,nor
31700260100,117D026010,713O,0,+,17.0,,,,P,17E13,,,,,,,,<2,N,den/est/fin/ice/lat/nor
31700260101,117D0260101,713O,0,+,17.0,,,,P,17E13,,,,,,,,<1,N,swe
31700260300,117D026030,716O,0,+,17.0,,,,P,17E16,,,,,,,,<2,N,den/est/fin/ice/lat/nor
31700260301,117D0260301,716O,0,+,17.0,,,,P,17E16,,,,,,,,<1,N,swe
31700260400,117D026040,714O,0,+,17.0,,,,P,17E14,,,,,,,,<2,N,den/est/fin/ice/lat/nor
31700260401,117D0260401,714O,0,+,17.0,,,,P,17E14,,,,,,,,<1,N,swe
31700260500,117D026050,704O,0,+,17.0,,,,P,17E04,,,,,,,,<2,N,den/est/fin/ice/lat/nor
31700260501,117D0260501,704O,0,+,17.0,,,,P,17E04,,,,,,,,<1,N,swe
31700260600,117D026060,706O,0,+,17.0,,,,P,17E06,,,,,,,,<2,N,den/est/fin/ice/lat/nor
31700260601,117D0260601,706O,0,+,17.0,,,,P,17E06,,,,,,,,<1,N,swe
31700260800,117D026080,707O,0,+,17.0,,,,P,17E07,,,,,,,,<2,N,den/est/fin/ice/lat/nor
31700260801,117D0260801,707O,0,+,17.0,,,,P,17E07,,,,,,,,<1,N,swe
31700261000,117D026100,715O,0,+,17.0,,,,P,17E15,,,,,,,,<2,N,den/est/fin/ice/lat/nor
31700261001,117D0261001,715O,0,+,17.0,,,,P,17E15,,,,,,,,<1,N,swe
31700261100,117D026110,702O,0,+,17.0,,,,P,17E02,,,,,,,,<2,N,den/est/fin/ice/lat/nor
31700261101,117D0261101,702O,0,+,17.0,,,,P,17E02,,,,,,,,<1,N,swe
31700261200,117D026120,717O,0,+,17.0,,,,P,17E17,,,,,,,,<2,N,den/est/fin/ice/lat/nor
31700261201,117D0261201,717O,0,+,17.0,,,,P,17E17,,,,,,,,<1,N,swe
31700261300,117D026130,709O,0,+,17.0,,,,P,17E09,,,,,,,,<2,N,den/est/fin/ice/lat/nor
31700261301,117D0261301,709O,0,+,17.0,,,,P,17E09,,,,,,,,<1,N,swe
31700261325,117D026138,720P,0,+,17.0,,,,P,17E10,17E11,00X10,,,,,,<2,N,fin
31700261350,117D026139,720Q,0,+,17.0,,,,P,17E10,17E11,,,,,,,<2,N,fin
31700261400,117D026140,720O,0,+,17.0,,,,P,17E10,17E11,,,,,,,<2,N,den/est/ice/lat/nor
31700261416,117D261399,720P,0,+,17.0,,,,P,17E10,17E11,00X10,,,,,,<1,N,swe
31700261433,117D261400,720Q,0,+,17.0,,,,P,17E10,17E11,,,,,,,<1,N,swe
31700261474,117D026148,710P,0,+,17.0,,,,P,17E10,,00X10,,,,,,<2,N,fin
31700261483,117D026149,710Q,0,+,17.0,,,,P,17E10,,,,,,,,<2,N,fin
31700261500,117D026150,710O,0,+,17.0,,,,P,17E10,,,,,,,,<2,N,den/est/ice/lat/nor
31700261516,117D261499,710P,0,+,17.0,,,,P,17E10,,00X10,,,,,,<1,N,swe
31700261533,117D261500,710Q,0,+,17.0,,,,P,17E10,,,,,,,,<1,N,swe
31700261574,117D026158,711P,0,+,17.0,,,,P,17E11,,00X10,,,,,,<2,N,fin
31700261583,117D026159,711Q,0,+,17.0,,,,P,17E11,,,,,,,,<2,N,fin
31700261600,117D026160,711O,0,+,17.0,,,,P,17E11,,,,,,,,<2,N,den/est/ice/lat/nor
31700261616,117D261599,711P,0,+,17.0,,,,P,17E11,,00X10,,,,,,<1,N,swe
31700261633,117D261600,711Q,0,+,17.0,,,,P,17E11,,,,,,,,<1,N,swe
31700261700,117D026170,701O,0,+,17.0,,,,P,17E01,,,,,,,,<2,N,den/est/fin/ice/lat/nor
31700261701,117D0261701,701O,0,+,17.0,,,,P,17E01,,,,,,,,<1,N,swe
31700261800,117D026180,718O,0,+,17.0,,,,P,17E18,,,,,,,,<2,N,den/est/fin/ice/lat/nor
31700261801,117D0261801,718O,0,+,17.0,,,,P,17E18,,,,,,,,<1,N,swe
31700261900,117D026190,712O,0,+,17.0,,,,P,17E12,,,,,,,,<2,N,den/est/fin/ice/lat/nor
31700261901,117D0261901,712O,0,+,17.0,,,,P,17E12,,,,,,,,<1,N,swe
31700261910,117D026191,712O,0,+,17.0,,,,,17E12,,00X10,,,,,,<1,N,swe
31700262000,117D026200,719O,0,+,17.0,,,,P,17E19,,,,,,,,<2,N,den/est/fin/ice/lat/nor
31700262001,117D0262001,719O,0,+,17.0,,,,P,17E19,,,,,,,,<1,N,swe
31700280000,117D028000,901FQ,0,+,17.0,,,,N,90D02,,,,,,,,<2,N,fin
31700280200,117D028020,905FQ,0,+,17.0,,,,N,90D22,,,,,,,,<2,N,fin
31700280400,117D028040,906FQ,0,+,17.0,,,,N,90D32,,,,,,,,<2,N,fin
31700280600,117D028060,908FQ,0,+,17.0,,,,N,90D42,,,,,,,,<2,N,fin
31700280800,117D028080,905FS,0,+,17.0,,,,N,90D62,,,,,,,,<2,N,fin
31700281000,117D028100,905FT,0,+,17.0,,,,N,90D64,,,,,,,,<2,N,fin
31700281200,117D028120,917FW,0,+,17.0,,,,N,90D92,,,,,,,,<2,N,fin
31700282000,117D028200,901FP,0,+,17.0,,,,N,90D01,,,,,,,,<2,N,fin
31700282200,117D028220,910FP,0,+,17.0,,,,N,90D11,,,,,,,,<2,N,fin
31700282400,117D028240,905FP,0,+,17.0,,,,N,90D21,,,,,,,,<2,N,fin
31700282600,117D028260,906FP,0,+,17.0,,,,N,90D31,,,,,,,,<2,N,fin
31700282800,117D028280,908FP,0,+,17.0,,,,N,90D41,,,,,,,,<2,N,fin
31700283000,117D028300,905FR,0,+,17.0,,,,N,90D61,,,,,,,,<2,N,fin
31700283200,117D028320,917FV,0,+,17.0,,,,N,90D91,,,,,,,,<2,N,fin
31700286000,117D028600,917FE,0,+,17.0,,,,N,90T01,90S01,,,,,,,<2,N,fin
31700286100,117D028610,917FE,0,+,17.0,,,,N,90T01,,99X20,,,,,,<2,N,fin
31700286200,117D028620,917FE,0,+,17.0,,,,N,99S80,90S01,90X01,,,,,,<2,N,fin
31700287000,117D028700,917FU,0,+,17.0,,,,N,90T05,,,,,,,,<2,N,fin
31700290200,117D029020,817NS,0,+,17.0,,,,N,17O03,,,,,,,,<2,N,ice
31700290201,117D0290201,817NS,0,+,17.0,,,,N,17O03,,,,,,,,<1,N,nor
31700290800,117D029080,816NP,0,+,17.0,,,,N,16O01,,,,,,,,<2,N,ice/nor
31700290900,117D029090,816NR,0,+,17.0,,,,N,16O02,,,,,,,,<2,N,ice/nor
31700299800,117D029980,917O,0,+,17.0,,,,Z,,,,,,,,,<2,N,den/est/fin/lat
31700299801,117D0299801,917O,0,+,17.0,,,,Z,,-99V21,,,,,,,<2,N,ice
31700299900,117D029990,817O,0,+,17.0,,,,N,,,,,,,,,<2,N,den/est/fin/lat
31800000000,118D000000,415O,0,+,18.0,,,,S,,,,,,,,,<2,N,den/est/ice/lat/nor
31800000001,118D0000001,415O,0,+,18.0,,,,S,,,,,,,,,<2,N,fin
31800000002,118D0000002,415O,0,+,18.0,,,,S,,,,,,,,,<1,N,swe
31800000010,118D000001,415O,0,+,18.0,,,,,,,00X10,,,,,,<2,N,fin
31800000100,118D000010,415O,0,+,18.0,,,,,,,00X10,,,,,,<2,N,den/est/ice/lat
31800000101,118D0000101,415O,0,+,18.0,,,,,,,00X10,,,,,,<1,N,swe
31800010000,118D001000,901FQ,0,+,18.0,,,,N,01D02,,,,,,,,<2,N,fin
31800010200,118D001020,905FQ,0,+,18.0,,,,N,05D22,,,,,,,,<2,N,fin
31800010400,118D001040,906FQ,0,+,18.0,,,,N,06D32,,,,,,,,<2,N,fin
31800010600,118D001060,905FS,0,+,18.0,,,,N,05D62,,,,,,,,<2,N,fin
31800010800,118D001080,905FT,0,+,18.0,,,,N,05D64,,,,,,,,<2,N,fin
31800011000,118D001100,908FQ,0,+,18.0,,,,N,08D42,,,,,,,,<2,N,fin
31800011200,118D001120,930FQ,0,+,18.0,,,,N,30D72,,,,,,,,<2,N,fin
31800011400,118D001140,917FW,0,+,18.0,,,,N,90D92,,90X01,,,,,,<2,N,fin
31800012000,118D001200,901FP,0,+,18.0,,,,N,01D01,,,,,,,,<2,N,fin
31800012200,118D001220,905FP,0,+,18.0,,,,N,05D21,,,,,,,,<2,N,fin
31800012400,118D001240,906FP,0,+,18.0,,,,N,06D31,,,,,,,,<2,N,fin
31800012600,118D001260,908FP,0,+,18.0,,,,N,08D41,,,,,,,,<2,N,fin
31800012800,118D001280,910FP,0,+,18.0,,,,N,10D11,,,,,,,,<2,N,fin
31800013000,118D001300,930FP,0,+,18.0,,,,N,30D71,,,,,,,,<2,N,fin
31800013200,118D001320,917FV,0,+,18.0,,,,N,90D91,,90X01,,,,,,<2,N,fin
31800014400,118D001440,917FE,0,+,18.0,,,,N,90T01,90S01,90X01,,,,,,<2,N,fin
31800015000,118D001500,917FU,0,+,18.0,,,,N,90T05,,90X01,,,,,,<2,N,fin
31800098100,118D009810,918FA,0,+,18.0,,,,N,99T00,90S01,,,,,,,<2,N,fin
31800098200,118D009820,918FA,0,+,18.0,,,,N,99T00,90S04,,,,,,,<2,N,fin
31800099800,118D009980,918O,0,+,18.0,,,,Z,,,,,,,,,<2,N,den/est/fin/lat
31800099801,118D0099801,918O,0,+,18.0,,,,Z,,-99V21,,,,,,,<2,N,ice
31800099802,118D0099802,918O,0,+,18.0,,,,Z,,,,,,,,,<1,N,nor
31800099900,118D009990,818O,0,+,18.0,,,,N,,,,,,,,,<2,N,den/est/fin/lat
31900000002,119D0000002,570O,0,+,19.0,,,,S,01S51,,,,,,,,<2,N,den/est/ice/lat/nor
31900000003,119D00000020,570O,0,+,19.0,,,,S,01S51,,,,,,,,<3,N,fin
31900000005,P19000P02O,P02O,0,+,19.0,,,,,19V15,,,,,,,,<3,N,fin
31900000009,P19000P26O,P26O,0,+,19.0,,,,,19V14,,,,,,,,<3,N,fin
31900000014,119D0000003,570O,0,+,19.0,,,,S,01S51,,,,,,,,<1,N,swe
31900000019,P19000P01O,P01O,0,+,19.0,19M53,,,S,,,,,,,,,<3,,fin
31900000032,119D000000,424O,0,+,19.0,,,,S,,,,,,,,,<2,N,den/est/ice/lat/nor
31900000046,119D0000001,424O,0,+,19.0,,,,S,,,,,,,,,<3,N,fin
31900000059,119D0000005,424O,0,+,19.0,,,,S,,-19V02,,,,,,,<1,N,swe
31900000073,119D000001,424O,0,+,19.0,,,,,,,00X10,,,,,,<2,N,den/est/ice/lat
31900000086,119D0000011,424O,0,+,19.0,,,,,,-19V02,00X10,,,,,,<1,N,swe
31900000100,119D000010,424O,0,+,19.0,,,,,,,00X10,,,,,,<3,N,fin
31900010000,119D001000,901FQ,0,+,19.0,,,,N,01D02,,,,,,,,<2,N,fin
31900010200,119D001020,905FQ,0,+,19.0,,,,N,05D22,,,,,,,,<2,N,fin
31900010400,119D001040,905FS,0,+,19.0,,,,N,05D62,,,,,,,,<2,N,fin
31900010600,119D001060,905FT,0,+,19.0,,,,N,05D64,,,,,,,,<2,N,fin
31900010800,119D001080,908FQ,0,+,19.0,,,,N,08D42,,,,,,,,<2,N,fin
31900011000,119D001100,930FQ,0,+,19.0,,,,N,14D72,,,,,,,,<2,N,fin
31900011200,119D001120,917FW,0,+,19.0,,,,N,90D92,,90X01,,,,,,<2,N,fin
31900012000,119D001200,901FP,0,+,19.0,,,,N,01D01,,,,,,,,<2,N,fin
31900012200,119D001220,905FP,0,+,19.0,,,,N,05D21,,,,,,,,<2,N,fin
31900012400,119D001240,906FP,0,+,19.0,,,,N,06D31,,,,,,,,<2,N,fin
31900012600,119D001260,908FP,0,+,19.0,,,,N,08D41,,,,,,,,<2,N,fin
31900012800,119D001280,910FP,0,+,19.0,,,,N,10D11,,,,,,,,<2,N,fin
31900013000,119D001300,930FP,0,+,19.0,,,,N,30D71,,,,,,,,<2,N,fin
31900013200,119D001320,917FV,0,+,19.0,,,,N,90D91,,90X01,,,,,,<2,N,fin
31900098001,119D0098001,801NU,0,+,19.0,,,,N,01O11,,,,,,,,<2,N,ice
31900098002,119D0098002,801NU,0,+,19.0,,,,N,01O11,,,,,,,,<1,N,nor
31900099600,119D009960,919O,0,+,19.0,,,,Z,,,,,,,,,<2,N,den/est/lat
31900099900,119D009990,819O,0,+,19.0,,,,N,,,,,,,,,<2,N,den/est/lat
32000049950,119D0099901,819O,0,+,19.0,,,,P,,,,,,,,,<3,N,fin
32003381618,P19000P03O,P03O,0,+,19.0,19M01,,,,,,,,,,,,<3,N,fin
32006713286,P19000P04O,P04O,0,+,19.0,19M03,,,,,,,,,,,,<3,N,fin
32010044955,P19000P05O,P05O,0,+,19.0,19M07,,,,,,,,,,,,<3,N,fin
32013376623,P19000P27O,P27O,0,+,19.0,19M08,,,,,,,,,,,,<3,N,fin
32016708291,P19000P06O,P06O,0,+,19.0,19M10,,,,,,,,,,,,<3,N,fin
32020039960,P19000P07O,P07O,0,+,19.0,19M20,,,,,,,,,,,,<3,N,fin
32023371628,P19000P08O,P08O,0,+,19.0,19M30,,,,,,,,,,,,<3,N,fin
32026703296,P19000P09O,P09O,0,+,19.0,19M31,,,,,,,,,,,,<3,N,fin
32030034965,P19000432O,432O,0,+,19.0,19M32,,,,,,,,,,,,<3,N,fin
32033366633,P19000P25O,P25O,0,+,19.0,19M99,,,,,,,,,,,,<3,N,fin
32036698301,P19000P10O,P10O,0,+,19.0,19M40,,,,,,,,,,,,<3,N,fin
32040029970,P19000P11O,P11O,0,+,19.0,19M41,,,,,,,,,,,,<3,N,fin
32043361638,P19000P12O,P12O,0,+,19.0,19M42,,,,,,,,,,,,<3,N,fin
32046693306,P19000P13O,P13O,0,+,19.0,19M43,,,,,,,,,,,,<3,N,fin
32050024975,P19000P28O,P28O,0,+,19.0,19M44,,,,,,,,,,,,<3,N,fin
32053356643,P19000P14O,P14O,0,+,19.0,19M45,,,,,,,,,,,,<3,N,fin
32056688311,P19000P15O,P15O,0,+,19.0,19M46,,,,,,,,,,,,<3,N,fin
32060019980,P19000P16O,P16O,0,+,19.0,19M47,,,,,,,,,,,,<3,N,fin
32063351648,P19000P17O,P17O,0,+,19.0,19M48,,,,,,,,,,,,<3,N,fin
32066683316,P19000P18O,P18O,0,+,19.0,19M49,,,,,,,,,,,,<3,N,fin
32070014985,P19000P19O,P19O,0,+,19.0,19M50,,,,,,,,,,,,<3,N,fin
32073346653,P19000P20O,P20O,0,+,19.0,19M51,,,,,,,,,,,,<3,N,fin
32076678321,P19000P21O,P21O,0,+,19.0,19M52,,,,,,,,,,,,<3,N,fin
32080009990,P19000P22O,P22O,0,+,19.0,19M53,,,,,,,,,,,,<3,N,fin
32083341658,P19000P29O,P29O,0,+,19.0,19M54,,,,,,,,,,,,<3,N,fin
32086673326,P19000P23O,P23O,0,+,19.0,19M55,,,,,,,,,,,,<3,N,fin
32090004995,P19000P30O,P30O,0,+,19.0,19M56,,,,,,,,,,,,<3,N,fin
32093336663,P19000P24O,P24O,0,+,19.0,19M57,,,,,,,,,,,,<3,N,fin
32096668331,P19000P31O,P31O,0,+,19.0,19M58,,,,,,,,,,,,<3,N,fin
32100000000,121D000000,442O,0,+,21.0,,,,S,99S90,,21X05,,,,,,<2,N,den/est/fin/ice/lat/nor
32100000001,121D0000001,442O,0,+,21.0,,,,S,99S90,,21X05,,,,,,<1,N,swe
32100000010,121D000001,442O,0,+,21.0,,,,,99S90,,21X05,00X10,,,,,<2,N,den/est/fin/ice/lat
32100020000,121D002000,439O,0,+,21.0,,,,S,21S02,,,,,,,,<2,N,den/est/fin/ice/lat/nor
32100020001,121D0020001,439O,0,+,21.0,,,,S,21S02,,,,,,,,<1,N,swe
32100030000,121D003000,441O,0,+,21.0,,,,S,21S03,,,,,,,,<2,N,den/est/fin/ice/lat/nor
32100030001,121D0030001,441O,0,+,21.0,,,,S,21S03,,,,,,,,<1,N,swe
32100030010,121D003001,441O,0,+,21.0,,,,,21S03,,00X10,,,,,,<2,N,den/est/ice/lat
32100030011,121D0030011,441O,0,+,21.0,,,,,21S03,,00X10,,,,,,<1,N,swe
32100030100,121D003010,441O,0,+,21.0,,,,,21S03,,00X10,,,,,,<2,N,fin
32100040100,121D004010,443O,0,+,21.0,,,,S,21S04,,,,,,,,<2,N,den/est/fin/ice/lat/nor
32100040101,121D0040101,443O,0,+,21.0,,,,S,21S04,,,,,,,,<1,N,swe
32100040200,121D004020,443O,0,+,21.0,,,,S,21S05,,,,,,,,<2,N,den/est/fin/ice/lat/nor
32100040201,121D0040201,443O,0,+,21.0,,,,S,21S05,,,,,,,,<1,N,swe
32100040210,121D004021,443O,0,+,21.0,,,,,21S05,,00X10,,,,,,<2,N,den/est/fin/ice/lat
32100040211,121D0040211,443O,0,+,21.0,,,,,21S05,,00X10,,,,,,<1,N,swe
32100040300,121D004030,443O,0,+,21.0,,,,S,21S09,,,,,,,,<2,N,den/est/fin/ice/lat/nor
32100040301,121D0040301,443O,0,+,21.0,,,,S,21S09,,,,,,,,<1,N,swe
32100040310,121D004031,443O,0,+,21.0,,,,,21S09,,00X10,,,,,,<2,N,den/est/fin/ice/lat
32100040311,121D0040311,443O,0,+,21.0,,,,,21S09,,00X10,,,,,,<1,N,swe
32100040400,121D004040,443O,0,+,21.0,,,,S,21S20,,21X08,,,,,,<2,N,den/est/fin/ice/lat/nor
32100040401,121D0040401,443O,0,+,21.0,,,,S,21S20,,21X08,,,,,,<1,N,swe
32100040500,121D004050,443O,0,+,21.0,,,,S,,,21X05,,,,,,<2,N,den/est/fin/ice/lat/nor
32100040501,121D0040501,443O,0,+,21.0,,,,S,,,21X05,,,,,,<1,N,swe
32100040510,121D004051,443O,0,+,21.0,,,,,,,21X05,00X10,,,,,<2,N,den/est/fin/ice/lat
32100040511,121D0040511,443O,0,+,21.0,,,,,,,21X05,00X10,,,,,<1,N,swe
32100050100,121D005010,703O,0,+,21.0,,,,P,21E03,,,,,,,,<2,N,den/est/fin/ice/lat/nor
32100050101,121D0050101,703O,0,+,21.0,,,,P,21E03,,,,,,,,<1,N,swe
32100050200,121D005020,714O,0,+,21.0,,,,P,21E14,,,,,,,,<2,N,den/est/fin/ice/lat/nor
32100050201,121D0050201,714O,0,+,21.0,,,,P,21E14,,,,,,,,<1,N,swe
32100050300,121D005030,716O,0,+,21.0,,,,P,21E16,,,,,,,,<2,N,den/est/fin/ice/lat/nor
32100050301,121D0050301,716O,0,+,21.0,,,,P,21E16,,,,,,,,<1,N,swe
32100050400,121D005040,706O,0,+,21.0,,,,P,21E06,,,,,,,,<2,N,den/est/fin/ice/lat/nor
32100050401,121D0050401,706O,0,+,21.0,,,,P,21E06,,,,,,,,<1,N,swe
32100050700,121D005070,702O,0,+,21.0,,,,P,21E02,,,,,,,,<2,N,den/est/fin/ice/lat/nor
32100050701,121D0050701,702O,0,+,21.0,,,,P,21E02,,,,,,,,<1,N,swe
32100050750,121D005075,710O,0,+,21.0,,,,P,21E10,,,,,,,,<2,N,den/est/lat
32100050758,121D50749,710P,0,+,21.0,,,,P,21E10,,00X10,,,,,,<1,N,swe
32100050766,121D50750,710Q,0,+,21.0,,,,P,21E10,,,,,,,,<1,N,swe
32100050800,121D005080,717O,0,+,21.0,,,,P,21E17,,,,,,,,<2,N,den/est/fin/ice/lat/nor
32100050801,121D0050801,717O,0,+,21.0,,,,P,21E17,,,,,,,,<1,N,swe
32100050850,121D005098,711P,0,+,21.0,,,,P,21E11,,00X10,,,,,,<2,N,fin
32100050900,121D005099,711Q,0,+,21.0,,,,P,21E11,,,,,,,,<2,N,fin
32100051000,121D005100,711O,0,+,21.0,,,,P,21E11,,,,,,,,<2,N,den/est/ice/lat/nor
32100051016,121D50999,711P,0,+,21.0,,,,P,21E11,,00X10,,,,,,<1,N,swe
32100051033,121D51000,711Q,0,+,21.0,,,,P,21E11,,,,,,,,<1,N,swe
32100051100,121D005110,718O,0,+,21.0,,,,P,21E18,,,,,,,,<2,N,den/est/fin/ice/lat/nor
32100051101,121D0051101,718O,0,+,21.0,,,,P,21E18,,,,,,,,<1,N,swe
32100070000,121D007000,901FQ,0,+,21.0,,,,N,21D02,,,,,,,,<2,N,fin
32100070200,121D007020,905FQ,0,+,21.0,,,,N,21D22,,,,,,,,<2,N,fin
32100070400,121D007040,906FQ,0,+,21.0,,,,N,21D32,,,,,,,,<2,N,fin
32100070600,121D007060,908FQ,0,+,21.0,,,,N,21D42,,,,,,,,<2,N,fin
32100071000,121D007100,901FP,0,+,21.0,,,,N,21D01,,,,,,,,<2,N,fin
32100071200,121D007120,905FP,0,+,21.0,,,,N,21D21,,,,,,,,<2,N,fin
32100071400,121D007140,906FP,0,+,21.0,,,,N,21D31,,,,,,,,<2,N,fin
32100071600,121D007160,908FP,0,+,21.0,,,,N,21D41,,,,,,,,<2,N,fin
32100080000,121D008000,808NW,0,+,21.0,,,,N,08O19,,,,,,,,<2,N,ice
32100080001,121D0080001,808NW,0,+,21.0,,,,N,08O19,,,,,,,,<1,N,nor
32100081000,121D008100,808NY,0,+,21.0,,,,N,08O20,,,,,,,,<2,N,ice
32100081001,121D0081001,808NY,0,+,21.0,,,,N,08O20,,,,,,,,<1,N,nor
32100082000,121D008200,808NZ,0,+,21.0,,,,N,08O21,,,,,,,,<2,N,ice
32100099600,121D009960,921O,0,+,21.0,,,,Z,,,,,,,,,<2,N,den/est/fin/lat
32100099750,121D0099601,921O,0,+,24.0,,,,Z,,,,,,,,,<2,N,fin
32100099900,121D009990,821O,0,+,21.0,,,,N,,,,,,,,,<2,N,den/est/fin/lat
32150155000,121D0099901,821O,0,+,24.0,,,,N,,,,,,,,,<2,N,fin
32200210100,122D021010,472O,0,+,22.0,,,,S,22S01,,22X01,,,,,,<2,N,den/est/ice/lat/nor
32200210101,122D0210101,472O,0,+,22.0,,,,S,22S01,,22X01,,,,,,<1,N,swe
32200210102,122D0210102,459O,0,+,22.0,,,,S,22S01,,22X01,,,,,,<2,N,fin
32200210110,122D021011,472O,0,+,22.0,,,,,22S01,,22X01,00X10,,,,,<2,N,den/est/ice/lat
32200210111,122D0210111,472O,0,+,22.0,,,,,22S01,,22X01,00X10,,,,,<1,N,swe
32200210112,122D0210112,459O,0,+,22.0,,,,,22S01,,22X01,00X10,,,,,<2,N,fin
32200210200,122D021020,472O,0,+,22.0,,,,S,22S01,,22X02,22X10,,,,,<2,N,den/est/ice/lat/nor
32200210201,122D0210201,472O,0,+,22.0,,,,S,22S01,,22X02,22X10,,,,,<1,N,swe
32200210202,122D0210202,459O,0,+,22.0,,,,S,22S01,,22X02,22X10,,,,,<2,N,fin
32200210210,122D021021,472O,0,+,22.0,,,,,22S01,,22X02,22X10,00X10,,,,<2,N,den/est/ice/lat
32200210211,122D0210211,472O,0,+,22.0,,,,,22S01,,22X02,22X10,00X10,,,,<1,N,swe
32200210212,122D0210212,459O,0,+,22.0,,,,,22S01,,22X02,22X10,00X10,,,,<2,N,fin
32200210300,122D021030,472O,0,+,22.0,,,,S,22S01,,22X02,22X03,,,,,<2,N,den/est/ice/lat/nor
32200210301,122D0210301,472O,0,+,22.0,,,,S,22S01,,22X02,22X03,,,,,<1,N,swe
32200210302,122D0210302,459O,0,+,22.0,,,,S,22S01,,22X02,22X03,,,,,<2,N,fin
32200210310,122D021031,472O,0,+,22.0,,,,,22S01,,22X02,22X03,00X10,,,,<2,N,den/est/ice/lat
32200210311,122D0210311,472O,0,+,22.0,,,,,22S01,,22X02,22X03,00X10,,,,<1,N,swe
32200210312,122D0210312,459O,0,+,22.0,,,,,22S01,,22X02,22X03,00X10,,,,<2,N,fin
32200210400,122D021040,472O,0,+,22.0,,,,S,22S01,,22X02,22X04,,,,,<2,N,den/est/ice/lat/nor
32200210401,122D0210401,472O,0,+,22.0,,,,S,22S01,,22X02,22X04,,,,,<1,N,swe
32200210402,122D0210402,459O,0,+,22.0,,,,S,22S01,,22X02,22X04,,,,,<2,N,fin
32200210410,122D021041,472O,0,+,22.0,,,,,22S01,,22X02,22X04,00X10,,,,<2,N,den/est/ice/lat
32200210411,122D0210411,472O,0,+,22.0,,,,,22S01,,22X02,22X04,00X10,,,,<1,N,swe
32200210412,122D0210412,459O,0,+,22.0,,,,,22S01,,22X02,22X04,00X10,,,,<2,N,fin
32200210500,122D021050,472O,0,+,22.0,,,,S,22S01,,22X02,22X05,,,,,<2,N,den/est/ice/lat/nor
32200210501,122D0210501,472O,0,+,22.0,,,,S,22S01,,22X02,22X05,,,,,<1,N,swe
32200210502,122D0210502,459O,0,+,22.0,,,,S,22S01,,22X02,22X05,,,,,<2,N,fin
32200210510,122D021051,472O,0,+,22.0,,,,,22S01,,22X02,22X05,00X10,,,,<2,N,den/est/ice/lat
32200210511,122D0210511,472O,0,+,22.0,,,,,22S01,,22X02,22X05,00X10,,,,<1,N,swe
32200210512,122D0210512,459O,0,+,22.0,,,,,22S01,,22X02,22X05,00X10,,,,<2,N,fin
32200210600,122D021060,472O,0,+,22.0,,,,S,22S01,,22X03,22X10,,,,,<2,N,den/est/ice/lat/nor
32200210601,122D0210601,472O,0,+,22.0,,,,S,22S01,,22X03,22X10,,,,,<1,N,swe
32200210602,122D0210602,459O,0,+,22.0,,,,S,22S01,,22X03,22X10,,,,,<2,N,fin
32200210610,122D021061,472O,0,+,22.0,,,,,22S01,,22X03,22X10,00X10,,,,<2,N,den/est/ice/lat
32200210611,122D0210611,472O,0,+,22.0,,,,,22S01,,22X03,22X10,00X10,,,,<1,N,swe
32200210612,122D0210612,459O,0,+,22.0,,,,,22S01,,22X03,22X10,00X10,,,,<2,N,fin
32200210700,122D021070,472O,0,+,22.0,,,,S,22S01,,22X03,22X04,,,,,<2,N,den/est/ice/lat/nor
32200210701,122D0210701,472O,0,+,22.0,,,,S,22S01,,22X03,22X04,,,,,<1,N,swe
32200210702,122D0210702,459O,0,+,22.0,,,,S,22S01,,22X03,22X04,,,,,<2,N,fin
32200210710,122D021071,472O,0,+,22.0,,,,,22S01,,22X03,22X04,00X10,,,,<2,N,den/est/ice/lat
32200210711,122D0210711,472O,0,+,22.0,,,,,22S01,,22X03,22X04,00X10,,,,<1,N,swe
32200210712,122D0210712,459O,0,+,22.0,,,,,22S01,,22X03,22X04,00X10,,,,<2,N,fin
32200210800,122D021080,472O,0,+,22.0,,,,S,22S01,,22X03,22X05,,,,,<2,N,den/est/ice/lat/nor
32200210801,122D0210801,472O,0,+,22.0,,,,S,22S01,,22X03,22X05,,,,,<1,N,swe
32200210802,122D0210802,459O,0,+,22.0,,,,S,22S01,,22X03,22X05,,,,,<2,N,fin
32200210810,122D021081,472O,0,+,22.0,,,,,22S01,,22X03,22X05,00X10,,,,<2,N,den/est/ice/lat
32200210811,122D0210811,472O,0,+,22.0,,,,,22S01,,22X03,22X05,00X10,,,,<1,N,swe
32200210812,122D0210812,459O,0,+,22.0,,,,,22S01,,22X03,22X05,00X10,,,,<2,N,fin
32200210900,122D021090,472O,0,+,22.0,,,,S,22S01,,22X04,22X10,,,,,<2,N,den/est/ice/lat/nor
32200210901,122D0210901,472O,0,+,22.0,,,,S,22S01,,22X04,22X10,,,,,<1,N,swe
32200210902,122D0210902,459O,0,+,22.0,,,,S,22S01,,22X04,22X10,,,,,<2,N,fin
32200210910,122D021091,472O,0,+,22.0,,,,,22S01,,22X04,22X10,00X10,,,,<2,N,den/est/ice/lat
32200210911,122D0210911,472O,0,+,22.0,,,,,22S01,,22X04,22X10,00X10,,,,<1,N,swe
32200210912,122D0210912,459O,0,+,22.0,,,,,22S01,,22X04,22X10,00X10,,,,<2,N,fin
32200211000,122D021100,472O,0,+,22.0,,,,S,22S01,,22X04,22X05,,,,,<2,N,den/est/ice/lat/nor
32200211001,122D0211001,472O,0,+,22.0,,,,S,22S01,,22X04,22X05,,,,,<1,N,swe
32200211002,122D0211002,459O,0,+,22.0,,,,S,22S01,,22X04,22X05,,,,,<2,N,fin
32200211010,122D021101,472O,0,+,22.0,,,,,22S01,,22X04,22X05,00X10,,,,<2,N,den/est/ice/lat
32200211011,122D0211011,472O,0,+,22.0,,,,,22S01,,22X04,22X05,00X10,,,,<1,N,swe
32200211012,122D0211012,459O,0,+,22.0,,,,,22S01,,22X04,22X05,00X10,,,,<2,N,fin
32200211100,122D021110,472O,0,+,22.0,,,,S,22S01,,22X05,22X10,,,,,<2,N,den/est/ice/lat/nor
32200211101,122D0211101,472O,0,+,22.0,,,,S,22S01,,22X05,22X10,,,,,<1,N,swe
32200211102,122D0211102,459O,0,+,22.0,,,,S,22S01,,22X05,22X10,,,,,<2,N,fin
32200211110,122D021111,472O,0,+,22.0,,,,,22S01,,22X05,22X10,00X10,,,,<2,N,den/est/ice/lat
32200211111,122D0211111,472O,0,+,22.0,,,,,22S01,,22X05,22X10,00X10,,,,<1,N,swe
32200211112,122D0211112,459O,0,+,22.0,,,,,22S01,,22X05,22X10,00X10,,,,<2,N,fin
32200220100,122D022010,472O,0,+,22.0,,,,S,22S02,,22X01,,,,,,<2,N,den/est/ice/lat/nor
32200220101,122D0220101,472O,0,+,22.0,,,,S,22S02,,22X01,,,,,,<1,N,swe
32200220102,122D0220102,459O,0,+,22.0,,,,S,22S02,,22X01,,,,,,<2,N,fin
32200220110,122D022011,472O,0,+,22.0,,,,,22S02,,22X01,00X10,,,,,<2,N,den/est/ice/lat
32200220111,122D0220111,472O,0,+,22.0,,,,,22S02,,22X01,00X10,,,,,<1,N,swe
32200220112,122D0220112,459O,0,+,22.0,,,,,22S02,,22X01,00X10,,,,,<2,N,fin
32200220200,122D022020,472O,0,+,22.0,,,,S,22S02,,22X02,22X10,,,,,<2,N,den/est/ice/lat/nor
32200220201,122D0220201,472O,0,+,22.0,,,,S,22S02,,22X02,22X10,,,,,<1,N,swe
32200220202,122D0220202,459O,0,+,22.0,,,,S,22S02,,22X02,22X10,,,,,<2,N,fin
32200220210,122D022021,472O,0,+,22.0,,,,,22S02,,22X02,22X10,00X10,,,,<2,N,den/est/ice/lat
32200220211,122D0220211,472O,0,+,22.0,,,,,22S02,,22X02,22X10,00X10,,,,<1,N,swe
32200220212,122D0220212,459O,0,+,22.0,,,,,22S02,,22X02,22X10,00X10,,,,<2,N,fin
32200220300,122D022030,472O,0,+,22.0,,,,S,22S02,,22X02,22X03,,,,,<2,N,den/est/ice/lat/nor
32200220301,122D0220301,472O,0,+,22.0,,,,S,22S02,,22X02,22X03,,,,,<1,N,swe
32200220302,122D0220302,459O,0,+,22.0,,,,S,22S02,,22X02,22X03,,,,,<2,N,fin
32200220310,122D022031,472O,0,+,22.0,,,,,22S02,,22X02,22X03,00X10,,,,<2,N,den/est/ice/lat
32200220311,122D0220311,472O,0,+,22.0,,,,,22S02,,22X02,22X03,00X10,,,,<1,N,swe
32200220312,122D0220312,459O,0,+,22.0,,,,,22S02,,22X02,22X03,00X10,,,,<2,N,fin
32200220400,122D022040,472O,0,+,22.0,,,,S,22S02,,22X02,22X04,,,,,<2,N,den/est/ice/lat/nor
32200220401,122D0220401,472O,0,+,22.0,,,,S,22S02,,22X02,22X04,,,,,<1,N,swe
32200220402,122D0220402,459O,0,+,22.0,,,,S,22S02,,22X02,22X04,,,,,<2,N,fin
32200220410,122D022041,472O,0,+,22.0,,,,,22S02,,22X02,22X04,00X10,,,,<2,N,den/est/ice/lat
32200220411,122D0220411,472O,0,+,22.0,,,,,22S02,,22X02,22X04,00X10,,,,<1,N,swe
32200220412,122D0220412,459O,0,+,22.0,,,,,22S02,,22X02,22X04,00X10,,,,<2,N,fin
32200220500,122D022050,472O,0,+,22.0,,,,S,22S02,,22X02,22X05,,,,,<2,N,den/est/ice/lat/nor
32200220501,122D0220501,472O,0,+,22.0,,,,S,22S02,,22X02,22X05,,,,,<1,N,swe
32200220502,122D0220502,459O,0,+,22.0,,,,S,22S02,,22X02,22X05,,,,,<2,N,fin
32200220510,122D022051,472O,0,+,22.0,,,,,22S02,,22X02,22X05,00X10,,,,<2,N,den/est/ice/lat
32200220511,122D0220511,472O,0,+,22.0,,,,,22S02,,22X02,22X05,00X10,,,,<1,N,swe
32200220512,122D0220512,459O,0,+,22.0,,,,,22S02,,22X02,22X05,00X10,,,,<2,N,fin
32200220600,122D022060,472O,0,+,22.0,,,,S,22S02,,22X03,22X10,,,,,<2,N,den/est/ice/lat/nor
32200220601,122D0220601,472O,0,+,22.0,,,,S,22S02,,22X03,22X10,,,,,<1,N,swe
32200220602,122D0220602,459O,0,+,22.0,,,,S,22S02,,22X03,22X10,,,,,<2,N,fin
32200220610,122D022061,472O,0,+,22.0,,,,,22S02,,22X03,22X10,00X10,,,,<2,N,den/est/ice/lat
32200220611,122D0220611,472O,0,+,22.0,,,,,22S02,,22X03,22X10,00X10,,,,<1,N,swe
32200220612,122D0220612,459O,0,+,22.0,,,,,22S02,,22X03,22X10,00X10,,,,<2,N,fin
32200220700,122D022070,472O,0,+,22.0,,,,S,22S02,,22X03,22X04,,,,,<2,N,den/est/ice/lat/nor
32200220701,122D0220701,472O,0,+,22.0,,,,S,22S02,,22X03,22X04,,,,,<1,N,swe
32200220702,122D0220702,459O,0,+,22.0,,,,S,22S02,,22X03,22X04,,,,,<2,N,fin
32200220710,122D022071,472O,0,+,22.0,,,,,22S02,,22X03,22X04,00X10,,,,<2,N,den/est/ice/lat
32200220711,122D0220711,472O,0,+,22.0,,,,,22S02,,22X03,22X04,00X10,,,,<1,N,swe
32200220712,122D0220712,459O,0,+,22.0,,,,,22S02,,22X03,22X04,00X10,,,,<2,N,fin
32200220800,122D022080,472O,0,+,22.0,,,,S,22S02,,22X03,22X05,,,,,<2,N,den/est/ice/lat/nor
32200220801,122D0220801,472O,0,+,22.0,,,,S,22S02,,22X03,22X05,,,,,<1,N,swe
32200220802,122D0220802,459O,0,+,22.0,,,,S,22S02,,22X03,22X05,,,,,<2,N,fin
32200220810,122D022081,472O,0,+,22.0,,,,,22S02,,22X03,22X05,00X10,,,,<2,N,den/est/ice/lat
32200220811,122D0220811,472O,0,+,22.0,,,,,22S02,,22X03,22X05,00X10,,,,<1,N,swe
32200220812,122D0220812,459O,0,+,22.0,,,,,22S02,,22X03,22X05,00X10,,,,<2,N,fin
32200220900,122D022090,472O,0,+,22.0,,,,S,22S02,,22X04,22X10,,,,,<2,N,den/est/ice/lat/nor
32200220901,122D0220901,472O,0,+,22.0,,,,S,22S02,,22X04,22X10,,,,,<1,N,swe
32200220902,122D0220902,459O,0,+,22.0,,,,S,22S02,,22X04,22X10,,,,,<2,N,fin
32200220910,122D022091,472O,0,+,22.0,,,,,22S02,,22X04,22X10,00X10,,,,<2,N,den/est/ice/lat
32200220911,122D0220911,472O,0,+,22.0,,,,,22S02,,22X04,22X10,00X10,,,,<1,N,swe
32200220912,122D0220912,459O,0,+,22.0,,,,,22S02,,22X04,22X10,00X10,,,,<2,N,fin
32200221000,122D022100,472O,0,+,22.0,,,,S,22S02,,22X04,22X05,,,,,<2,N,den/est/ice/lat/nor
32200221001,122D0221001,472O,0,+,22.0,,,,S,22S02,,22X04,22X05,,,,,<1,N,swe
32200221002,122D0221002,459O,0,+,22.0,,,,S,22S02,,22X04,22X05,,,,,<2,N,fin
32200221010,122D022101,472O,0,+,22.0,,,,,22S02,,22X04,22X05,00X10,,,,<2,N,den/est/ice/lat
32200221011,122D0221011,472O,0,+,22.0,,,,,22S02,,22X04,22X05,00X10,,,,<1,N,swe
32200221012,122D0221012,459O,0,+,22.0,,,,,22S02,,22X04,22X05,00X10,,,,<2,N,fin
32200221100,122D022110,472O,0,+,22.0,,,,S,22S02,,22X05,22X10,,,,,<2,N,den/est/ice/lat/nor
32200221101,122D0221101,472O,0,+,22.0,,,,S,22S02,,22X05,22X10,,,,,<1,N,swe
32200221102,122D0221102,459O,0,+,22.0,,,,S,22S02,,22X05,22X10,,,,,<2,N,fin
32200221110,122D022111,472O,0,+,22.0,,,,,22S02,,22X05,22X10,00X10,,,,<2,N,den/est/ice/lat
32200221111,122D0221111,472O,0,+,22.0,,,,,22S02,,22X05,22X10,00X10,,,,<1,N,swe
32200221112,122D0221112,459O,0,+,22.0,,,,,22S02,,22X05,22X10,00X10,,,,<2,N,fin
32200250000,122D025000,458O,0,+,22.0,,,,S,22S01,,,,,,,,<2,N,den/est/fin/ice/lat/nor
32200250001,122D0250001,458O,0,+,22.0,,,,S,22S01,,,,,,,,<1,N,swe
32200250010,122D025001,458O,0,+,22.0,,,,,22S01,,00X10,,,,,,<2,N,den/est/fin/ice/lat
32200250011,122D0250011,458O,0,+,22.0,,,,,22S01,,00X10,,,,,,<1,N,swe
32200251000,122D025100,459O,0,+,22.0,,,,S,22S02,,,,,,,,<2,N,den/est/fin/ice/lat/nor
32200251001,122D0251001,459O,0,+,22.0,,,,S,22S02,,,,,,,,<1,N,swe
32200251010,122D025101,459O,0,+,22.0,,,,,22S02,,00X10,,,,,,<2,N,den/est/fin/ice/lat
32200251011,122D0251011,459O,0,+,22.0,,,,,22S02,,00X10,,,,,,<1,N,swe
32200252000,122D025200,703O,0,+,22.0,,,,P,22E03,,,,,,,,<2,N,den/est/fin/ice/lat/nor
32200252001,122D0252001,703O,0,+,22.0,,,,P,22E03,,,,,,,,<1,N,swe
32200252100,122D025210,706O,0,+,22.0,,,,P,22E06,,,,,,,,<2,N,den/est/fin/ice/lat/nor
32200252101,122D0252101,706O,0,+,22.0,,,,P,22E06,,,,,,,,<1,N,swe
32200252113,106D120131,707P,0,+,6.0,,,,P,06E08,,,,,,,,<1,N,swe
32200252125,122D025218,711P,0,+,22.0,,,,P,22E11,,00X10,,,,,,<2,N,fin
32200252150,122D025219,711Q,0,+,22.0,,,,P,22E11,,,,,,,,<2,N,fin
32200252200,122D025220,711O,0,+,22.0,,,,P,22E11,,,,,,,,<2,N,den/est/ice/lat/nor
32200255166,122D252199,711P,0,+,22.0,,,,P,22E11,,00X10,,,,,,<1,N,swe
32200258133,122D252200,711Q,0,+,22.0,,,,P,22E11,,,,,,,,<1,N,swe
32200270000,122D027000,901FQ,0,+,22.0,,,,N,01D02,,,,,,,,<2,N,fin
32200270200,122D027020,905FQ,0,+,22.0,,,,N,05D22,,,,,,,,<2,N,fin
32200270400,122D027040,905FS,0,+,22.0,,,,N,05D62,,,,,,,,<2,N,fin
32200270600,122D027060,905FT,0,+,22.0,,,,N,05D64,,,,,,,,<2,N,fin
32200270800,122D027080,906FQ,0,+,22.0,,,,N,06D32,,,,,,,,<2,N,fin
32200271000,122D027100,908FQ,0,+,22.0,,,,N,08D42,,,,,,,,<2,N,fin
32200272000,122D027200,901FP,0,+,22.0,,,,N,01D01,,,,,,,,<2,N,fin
32200272200,122D027220,905FP,0,+,22.0,,,,N,05D21,,,,,,,,<2,N,fin
32200272400,122D027240,906FP,0,+,22.0,,,,N,06D31,,,,,,,,<2,N,fin
32200272600,122D027260,908FP,0,+,22.0,,,,N,08D41,,,,,,,,<2,N,fin
32200272800,122D027280,910FP,0,+,22.0,,,,N,10D11,,,,,,,,<2,N,fin
32200299700,122D029970,822P,0,+,22.0,,,,,22S03,,,,,,,,<2,N,fin
32200299710,122D029971,822P,0,+,22.0,,,,,22S04,,22X01,,,,,,<2,N,fin
32200299800,122D029980,922O,0,+,22.0,,,,Z,,,,,,,,,<2,N,den/est/fin/lat
32200299900,122D029990,822O,0,+,22.0,,,,N,,,,,,,,,<2,N,den/est/fin/lat
32300000000,123D000000,470X,7,+,23.0,23M01,,,S,,,23X11,,,,,,<2,N,nor
32300000100,123D000010,470X,7,+,23.0,23M01,,,S,,,23X10,,,,,,<2,N,nor
32300001000,123D000100,461O,0,+,23.0,,,,S,,,,,,,,,<2,N,den/est/fin/ice/lat/nor
32300001001,123D0001001,461O,0,+,23.0,,,,S,,,,,,,,,<1,N,swe
32300001010,123D000101,461O,0,+,23.0,,,,,,,00X10,,,,,,<2,N,den/est/ice/lat
32300001100,123D000110,461O,0,+,23.0,,,,,,,00X10,,,,,,<2,N,fin
32300001350,123D000208,720P,0,+,23.0,,,,P,17E10,17E11,00X10,,,,,,<2,N,fin
32300001600,123D000209,720Q,0,+,23.0,,,,P,17E10,17E11,,,,,,,<2,N,fin
32300002100,123D000210,720O,0,+,23.0,,,,P,17E10,17E11,,,,,,,<2,N,den/est/ice/lat/nor
32300002116,123D2099,720P,0,+,23.0,,,,P,17E10,17E11,00X10,,,,,,<1,N,swe
32300002133,123D2100,720Q,0,+,23.0,,,,P,17E10,17E11,,,,,,,<1,N,swe
32300002174,123D000218,710P,0,+,23.0,,,,P,17E10,,00X10,,,,,,<2,N,fin
32300002183,123D000219,710Q,0,+,23.0,,,,P,17E10,,,,,,,,<2,N,fin
32300002200,123D000220,710O,0,+,23.0,,,,P,17E10,,,,,,,,<2,N,den/est/ice/lat/nor
32300002216,123D2199,710P,0,+,23.0,,,,P,17E10,,00X10,,,,,,<1,N,swe
32300002233,123D2200,710Q,0,+,23.0,,,,P,17E10,,,,,,,,<1,N,swe
32300002274,123D000228,711P,0,+,23.0,,,,P,17E11,,00X10,,,,,,<2,N,fin
32300002283,123D000229,711Q,0,+,23.0,,,,P,17E11,,,,,,,,<2,N,fin
32300002300,123D000230,711O,0,+,23.0,,,,P,17E11,,,,,,,,<2,N,den/est/ice/lat/nor
32300002316,123D2299,711P,0,+,23.0,,,,P,17E11,,00X10,,,,,,<1,N,swe
32300002333,123D2300,711Q,0,+,23.0,,,,P,17E11,,,,,,,,<1,N,swe
32300002400,123D000240,718O,0,+,23.0,,,,P,17E18,,,,,,,,<2,N,den/est/fin/ice/lat/nor
32300002401,123D0002401,718O,0,+,23.0,,,,P,17E18,,,,,,,,<1,N,swe
32300020000,123D002000,901FQ,0,+,23.0,,,,N,01D02,,,,,,,,<2,N,fin
32300020200,123D002020,905FQ,0,+,23.0,,,,N,05D22,,,,,,,,<2,N,fin
32300020400,123D002040,905FS,0,+,23.0,,,,N,05D62,,,,,,,,<2,N,fin
32300020600,123D002060,905FT,0,+,23.0,,,,N,05D64,,,,,,,,<2,N,fin
32300020800,123D002080,906FQ,0,+,23.0,,,,N,06D32,,,,,,,,<2,N,fin
32300021000,123D002100,908FQ,0,+,23.0,,,,N,08D42,,,,,,,,<2,N,fin
32300021200,123D002120,930FQ,0,+,23.0,,,,N,30D72,,,,,,,,<2,N,fin
32300021300,123D002130,917FW,0,+,23.0,,,,N,90D92,,90X01,,,,,,<2,N,fin
32300022000,123D002200,901FP,0,+,23.0,,,,N,01D01,,,,,,,,<2,N,fin
32300022200,123D002220,905FP,0,+,23.0,,,,N,05D21,,,,,,,,<2,N,fin
32300022400,123D002240,906FP,0,+,23.0,,,,N,06D31,,,,,,,,<2,N,fin
32300022600,123D002260,908FP,0,+,23.0,,,,N,08D41,,,,,,,,<2,N,fin
32300022800,123D002280,910FP,0,+,23.0,,,,N,10D11,,,,,,,,<2,N,fin
32300023000,123D002300,930FP,0,+,23.0,,,,N,30D71,,,,,,,,<2,N,fin
32300023200,123D002320,917FV,0,+,23.0,,,,N,90D91,,90X01,,,,,,<2,N,fin
32300030400,123D003040,917FE,0,+,23.0,,,,N,90T01,90S01,90X01,,,,,,<2,N,fin
32300031000,123D003100,917FU,0,+,23.0,,,,N,90T05,,90X01,,,,,,<2,N,fin
32300100000,123D010000,462O,0,+,23.0,23M01,,,,,,,,,,,,<2,N,den/est/fin/lat
32300100001,123D0100001,462O,0,+,,,23P90,,,,,,,,,,,<2,N,ice
32300100002,123D0100002,862O,0,+,,,23P90,,,,,,,,,,,<2,N,nor
32300100003,123D0100003,462O,0,+,23.0,23M01,,,,,,,,,,,,<1,N,swe
32300100100,123D010010,862B,0,+,23.0,23M01,,,,,,23X11,,,,,,<2,N,nor
32300100200,123D010020,862B,0,+,23.0,23M01,,,,,,23X10,,,,,,<2,N,nor
32300100300,123D010030,959W,0,+,,,23P03,,N,,,,,,,,,<2,N,nor
32300100650,123D010099,928O,0,+,23.0,23M06,,,Z,,,,,,,,,<2,N,ice
32300101000,123D010100,923O,0,+,23.0,23M01,,,,,-99V21,,,,,,,<2,N,ice
32300101500,123D010150,812NP,0,+,23.0,,,,N,12O01,,,,,,,,<2,N,nor
32300320010,123D032001,901O,0,+,23.0,23M04,,,Z,,,01K99,,,,,,<2,N,est/fin/ice/lat
32300320020,123D032002,902O,0,+,23.0,23M04,,,Z,,,02K99,,,,,,<2,N,est/fin/ice/lat
32300320030,123D032003,903O,0,+,23.0,23M04,,,Z,,,03K99,,,,,,<2,N,est/fin/ice/lat
32300320040,123D032004,904O,0,+,23.0,23M04,,,Z,,,04K99,,,,,,<2,N,est/fin/ice/lat
32300320050,123D032005,905O,0,+,23.0,23M04,,,Z,,,05K99,,,,,,<2,N,est/fin/ice/lat
32300320060,123D032006,906O,0,+,23.0,23M04,,,Z,,,06K99,,,,,,<2,N,est/fin/ice/lat
32300320070,123D032007,907O,0,+,23.0,23M04,,,Z,,,07K99,,,,,,<2,N,est/fin/ice/lat
32300320080,123D032008,908O,0,+,23.0,23M04,,,Z,,,08K99,,,,,,<2,N,est/fin/ice/lat
32300320090,123D032009,909O,0,+,23.0,23M04,,,Z,,,09K99,,,,,,<2,N,est/fin/ice/lat
32300320100,123D032010,930O,0,+,23.0,23M04,,,Z,,,30K99,,,,,,<2,N,est/fin/ice/lat
32300320110,123D032011,910O,0,+,23.0,23M04,,,Z,,,10K99,,,,,,<2,N,est/fin/ice/lat
32300320120,123D032012,911O,0,+,23.0,23M04,,,Z,,,11K99,,,,,,<2,N,est/fin/ice/lat
32300320130,123D032013,912O,0,+,23.0,23M04,,,Z,,,12K99,,,,,,<2,N,est/fin/ice/lat
32300320140,123D032014,913O,0,+,23.0,23M04,,,Z,,,13K99,,,,,,<2,N,est/fin/ice/lat
32300320150,123D032015,914O,0,+,23.0,23M04,,,Z,,,14K99,,,,,,<2,N,est/fin/ice/lat
32300320160,123D032016,915O,0,+,23.0,23M04,,,Z,,,15K99,,,,,,<2,N,est/fin/ice/lat
32300320170,123D032017,916O,0,+,23.0,23M04,,,Z,,,16K99,,,,,,<2,N,est/fin/ice/lat
32300320180,123D032018,917O,0,+,23.0,23M04,,,Z,,,17K99,,,,,,<2,N,est/fin/ice/lat
32300320190,123D032019,918O,0,+,23.0,23M04,,,Z,,,18K99,,,,,,<2,N,est/fin/ice/lat
32300320200,123D032020,919O,0,+,23.0,23M04,,,Z,,,19K99,,,,,,<2,N,est/ice/lat
32300320210,123D032021,921O,0,+,23.0,23M04,,,Z,,,21K99,,,,,,<2,N,est/fin/ice/lat
32300320220,123D032022,922O,0,+,23.0,23M04,,,Z,,,22K99,,,,,,<2,N,est/fin/ice/lat
32300320230,123D032023,921O,0,+,23.0,23M04,,,Z,,,24K90,,,,,,<2,N,est/fin/lat
32300359115,123D039899,823T,0,+,,,,,N,40V10,,,,,,,,<2,,fin
32300378557,123D039799,928O,0,+,23.0,23M06,,,Z,,,,,,,,,<2,N,fin
32300398000,123D039800,923O,0,+,23.0,,,,Z,,,,,,,,,<2,N,den/est/fin/lat
32300399000,123D039900,823O,0,+,23.0,,,,N,,,,,,,,,<2,N,den/est/fin/lat
32400000000,124D000000,801NR,0,+,,,90P01,,N,01O02,,,,,,,,<1,N,nor
32400000010,124D000001,801NU,0,+,,,90P01,,N,01O11,,,,,,,,<1,N,nor
32400000020,124D000002,809NS,0,+,,,,,N,09O10,,09X07,,,,,,<2,N,nor
32400000030,124D000003,851X,0,+,,,,,,90T05,,,,,,,,<2,N,nor
32400000100,124D000010,823T,0,+,,,,,Z,90O04,,,,,,,,<1,,nor
32400000130,124D000013,809NT,0,+,,,,,N,09O11,,09X07,,,,,,<2,N,nor
32400000140,124D000014,814NR,0,+,,,,,N,14O02,,14X40,,,,,,<2,N,nor
32400000170,124D000017,914FP,0,+,,,,,N,14D51,,14X40,,,,,,<1,N,nor
32400000180,124D000018,914FP,0,+,,,,,N,14O04,,14X40,,,,,,<1,N,nor
32400000600,124D000060,996NP,0,+,1.0,,,,Z,99V21,,,,,,,,<2,N,nor
32400000610,124D000061,996NP,0,+,5.0,,,,Z,99V21,,,,,,,,<2,N,nor
32400000620,124D000062,996NP,0,+,6.0,,,,Z,99V21,,,,,,,,<2,N,nor
32400000630,124D000063,996NP,0,+,7.0,,,,Z,99V21,,,,,,,,<2,N,nor
32400000640,124D000064,996NP,0,+,8.0,,,,Z,99V21,,,,,,,,<2,N,nor
32400000650,124D000065,996NP,0,+,10.0,,,,Z,99V21,,,,,,,,<2,N,nor
32400000900,124D000090,996NP,0,+,,,,,Z,99V21,,,,,,,,<2,N,nor
32402001000,124D200100,025NP,0,+,,,01P06,,Z,,,,,,,,,<1,N,nor
32402001010,124D200101,025NR,0,+,1.0,01M13,,,Z,,,,,,,,,<1,N,nor
32402001020,124D200102,019O,0,+,1.0,01M08,,,Z,,,,,,,,,<1,N,nor
32402001030,124D200103,012O,0,+,1.0,01M03,,,Z,,,,,,,,,<1,N,nor
32402001040,124D200104,012O,0,+,1.0,01M04,,,Z,,,,,,,,,<1,N,nor
32402003000,124D200300,069O,0,+,3.0,03M05,,,Z,,,,,,,,,<1,N,nor
32402003010,124D200301,185O,0,+,3.0,03M99,,,Z,,,,,,,,,<1,N,nor
32402003020,124D200302,520NO,0,+,3.0,03M10,,,Z,,,,,,,,,<1,N,nor
32402004000,124D200400,097O,0,+,4.0,04M11,,,Z,,,,,,,,,<1,N,nor
32402004010,124D200401,088O,0,+,4.0,04M07,,,Z,,,,,,,,,<1,N,nor
32402004020,124D200402,082O,0,+,4.0,04M03,,,Z,,,,,,,,,<1,N,nor
32402004030,124D200403,080O,0,+,4.0,04M02,,,Z,,,,,,,,,<1,N,nor
32402004040,124D200404,080O,0,+,4.0,04M08,,,Z,,,,,,,,,<1,N,nor
32402005000,124D200500,139O,0,+,5.0,05M10,,,Z,,,,,,,,,<1,N,nor
32402005010,124D200501,134O,0,+,5.0,05M08,,,Z,,,,,,,,,<1,N,nor
32402005020,124D200502,133O,0,+,5.0,05M07,,,Z,,,,,,,,,<1,N,nor
32402005030,124D200503,133O,0,+,5.0,05M11,,,Z,,,,,,,,,<1,N,nor
32402005040,124D200504,127O,0,+,5.0,05M03,,,Z,,,,,,,,,<1,N,nor
32402005050,124D200505,131O,0,+,5.0,05M06,,,Z,,,-05X40,,,,,,<1,N,nor
32402006000,124D200600,173O,0,+,6.0,06M02,,,Z,,,,,,,,,<1,N,nor
32402006010,124D200601,179O,0,+,6.0,06M06,,,Z,,,,,,,,,<1,N,nor
32402006020,124D200602,190P,0,+,6.0,,,,Z,,,06X91,,,,,,<1,N,nor
32402007000,124D200700,206O,0,+,7.0,07M01,,,Z,,,,,,,,,<1,N,nor
32402007010,124D200701,206O,0,+,7.0,07M04,,,Z,,,,,,,,,<1,N,nor
32402007020,124D200702,208O,0,+,7.0,07M99,,,Z,,,,,,,,,<1,N,nor
32402008000,124D200800,256O,0,+,8.0,08M01,,,Z,,,,,,,,,<1,N,nor
32402008010,124D200801,256O,0,+,8.0,08M02,,,Z,,,,,,,,,<1,N,nor
32402008020,124D200802,256O,0,+,8.0,08M03,,,Z,,,,,,,,,<1,N,nor
32402008030,124D200803,256O,0,+,8.0,08M14,,,Z,,,,,,,,,<1,N,nor
32402008040,124D200804,256O,0,+,8.0,08M15,,,Z,,,,,,,,,<1,N,nor
32402008050,124D200805,242O,0,+,8.0,08M21,,,Z,,,,,,,,,<1,N,nor
32402008060,124D200806,242P,0,+,8.0,08M23,,,Z,,,,,,,,,<1,N,nor
32402008070,124D200807,242Q,0,+,8.0,08M24,,,Z,,,,,,,,,<1,N,nor
32402008080,124D200808,248O,0,+,8.0,08M12,,,Z,,,,,,,,,<1,N,nor
32402008090,124D200809,243NO,0,+,8.0,08M08,,,Z,,,,,,,,,<1,N,nor
32402009000,124D200900,281O,0,+,9.0,09M07,,,Z,,,,,,,,,<1,N,nor
32402009010,124D200901,271O,0,+,9.0,09M02,,,Z,,,,,,,,,<1,N,nor
32402009020,124D200902,284O,0,+,,,09P01,,Z,,,,,,,,,<1,N,nor
32402009030,124D200903,284P,0,+,,,09P02,,Z,,,,,,,,,<1,N,nor
32402009040,124D200904,284Q,0,+,,,09P03,,Z,,,,,,,,,<1,N,nor
32402009500,124D200950,275O,0,+,30.0,30M04,,,Z,,,,,,,,,<1,N,nor
32402010000,124D201000,295O,0,+,10.0,10M01,,,Z,,,,,,,,,<1,N,nor
32402010010,124D201001,301O,0,+,,,10P02,,Z,,,,,,,,,<1,N,nor
32402010020,124D201002,301P,0,+,,,10P03,,Z,,,,,,,,,<1,N,nor
32402011000,124D201100,316O,0,+,11.0,11M01,,,Z,,,,,,,,,<1,N,nor
32402011010,124D201101,319O,0,+,11.0,11M03,,,Z,,,,,,,,,<1,N,nor
32402011020,124D201102,333P,0,+,11.0,,,,Z,,,11X04,,,,,,<1,N,nor
32402012000,124D201200,347O,0,+,12.0,12M01,,,Z,,,,,,,,,<1,N,nor
32402013000,124D201300,367O,0,+,13.0,13M01,,,Z,,,,,,,,,<1,N,nor
32402017000,124D201700,404O,0,+,17.0,17M01,,,Z,,,,,,,,,<1,N,nor
32402017010,124D201701,404O,0,+,17.0,17M02,,,Z,,,,,,,,,<1,N,nor
32402098000,124D209800,369P,0,+,,,99P01,,Z,,,,,,,,,<1,N,nor
32500320010,125D032001,901O,0,+,23.0,23M04,,,Z,,,01X99,,,,,,<1,N,nor
32500320020,125D032002,902O,0,+,23.0,23M04,,,Z,,,02X99,,,,,,<1,N,nor
32500320030,125D032003,903O,0,+,23.0,23M04,,,Z,,,03X99,,,,,,<1,N,nor
32500320040,125D032004,904O,0,+,23.0,23M04,,,Z,,,04X99,,,,,,<1,N,nor
32500320050,125D032005,905O,0,+,23.0,23M04,,,Z,,,05X99,,,,,,<1,N,nor
32500320060,125D032006,906O,0,+,23.0,23M04,,,Z,,,06X99,,,,,,<1,N,nor
32500320070,125D032007,907O,0,+,23.0,23M04,,,Z,,,07X99,,,,,,<1,N,nor
32500320080,125D032008,908O,0,+,23.0,23M04,,,Z,,,08X99,,,,,,<1,N,nor
32500320090,125D032009,909O,0,+,23.0,23M04,,,Z,,,09X99,,,,,,<1,N,nor
32500320100,125D032010,930O,0,+,23.0,23M04,,,Z,,,30X99,,,,,,<1,N,nor
32500320110,125D032011,910O,0,+,23.0,23M04,,,Z,,,10X99,,,,,,<1,N,nor
32500320120,125D032012,911O,0,+,23.0,23M04,,,Z,,,11X99,,,,,,<1,N,nor
32500320130,125D032013,912O,0,+,23.0,23M04,,,Z,,,12X99,,,,,,<1,N,nor
32500320140,125D032014,913O,0,+,23.0,23M04,,,Z,,,13X99,,,,,,<1,N,nor
32500320150,125D032015,914O,0,+,23.0,23M04,,,Z,,,14X99,,,,,,<1,N,nor
32500320160,125D032016,915O,0,+,23.0,23M04,,,Z,,,15X99,,,,,,<1,N,nor
32500320170,125D032017,916O,0,+,23.0,23M04,,,Z,,,16X99,,,,,,<1,N,nor
32500320180,125D032018,917O,0,+,23.0,23M04,,,Z,,,17X99,,,,,,<1,N,nor
32500320190,125D032019,918O,0,+,23.0,23M04,,,Z,,,18X99,,,,,,<1,N,nor
32500320200,125D032020,919O,0,+,23.0,23M04,,,Z,,,19X99,,,,,,<1,N,nor
32500320210,125D032021,921O,0,+,23.0,23M04,,,Z,,,21X99,,,,,,<1,N,nor
32500320220,125D032022,922O,0,+,23.0,23M04,,,Z,,,22X99,,,,,,<1,N,nor
39000099000,190D009900,570O,0,+,,,,,S,01S51,,,,,,,,<2,N,den/est/fin/ice/lat/nor
39000099001,190D0099001,570O,0,+,,,,,S,01S51,,,,,,,,<1,N,swe
39000201000,190D020100,037O,0,+,,,,,S,02S01,,08X30,,,,,,<2,N,den/est/fin/ice/lat/nor
39000201001,190D0201001,037O,0,+,,,,,S,02S01,,08X30,,,,,,<1,N,swe
39000201010,190D020101,037O,0,+,,,,,,02S01,,08X30,00X10,,,,,<2,N,ice
39000201011,190D0201011,037O,0,+,,,,,,02S01,,08X30,00X10,,,,,<1,N,swe
39000203000,190D020300,041O,0,+,,,,,S,02S03,,08X30,,,,,,<1,N,swe
39000203001,190D0203001,041O,0,+,,,,,S,02S03,,08X30,,,,,,<2,N,est/ice/lat/nor
39000203010,190D020301,041O,0,+,,,,,,02S03,,08X30,00X10,,,,,<1,N,swe
39000203011,190D0203011,041O,0,+,,,,,,02S03,,08X30,00X10,,,,,<2,N,den/est/ice/lat
39000300000,190D030000,169O,0,+,,,,,S,03S05,,08X30,,,,,,<2,N,den/est/fin/ice/lat/nor
39000300001,190D0300001,169O,0,+,,,,,S,03S05,,08X30,,,,,,<1,N,swe
39000300010,190D030001,169O,0,+,,,,,,03S05,,08X30,00X10,,,,,<2,N,ice
39000300011,190D0300011,169O,0,+,,,,,,03S05,,08X30,00X10,,,,,<1,N,swe
39000300500,190D030050,063O,0,+,,,,,S,03S12,,08X30,,,,,,<2,N,den/est/fin/ice/lat/nor
39000300501,190D0300501,063O,0,+,,,,,S,03S12,,08X30,,,,,,<1,N,swe
39000300510,190D030051,063O,0,+,,,,,,03S12,,08X30,00X10,,,,,<2,N,ice
39000300511,190D0300511,063O,0,+,,,,,,03S12,,08X30,00X10,,,,,<1,N,swe
39000304300,190D030430,056O,0,+,,,,,S,03S07,,08X30,,,,,,<2,N,den/est/fin/ice/lat/nor
39000304301,190D0304301,056O,0,+,,,,,S,03S07,,08X30,,,,,,<1,N,swe
39000500000,190D050000,120O,A,+,,,,,S,,,05X06,,,,,,<2,N,den/est/fin/ice/lat/nor
39000500001,190D0500001,120O,A,+,,,,,S,,,05X06,,,,,,<1,N,swe
39000500010,190D050001,120O,A,+,,,,,,,,05X06,00X10,,,,,<2,N,den/ice
39000500011,190D0500011,120O,A,+,,,,,,,,05X06,00X10,,,,,<1,N,swe
39000600000,190D060000,171O,0,+,,,,,S,06S30,,06X07,,,,,,<2,N,den/est/fin/ice/lat/nor
39000600001,190D0600001,171O,0,+,,,,,S,06S30,,06X07,,,,,,<1,N,swe
39000600100,190D060010,227O,0,+,,,08P03,,S,08S12,,,,,,,,<2,N,den/est/ice/lat/nor
39000600101,190D0600101,227O,0,+,,,08P03,,S,08S12,,,,,,,,<1,N,swe
39000600110,190D060011,227O,0,+,,,08P03,,,08S12,,00X10,,,,,,<2,N,den/est/ice/lat
39000600111,190D0600111,227O,0,+,,,08P03,,,08S12,,00X10,,,,,,<1,N,swe
39000600200,190D060020,227O,0,+,,,08P03,,S,08S12,,,,,,,,<2,N,fin
39000900000,190D090000,258O,0,+,,,,,S,30S03,,30X01,,,,,,<2,N,den/est/fin/ice/lat/nor
39000900010,190D090001,258O,0,+,,,,,S,30S03,,30X01,99X35,,,,,<1,N,swe
39000900100,190D090010,258O,0,+,,,,,S,30S11,,30X01,,,,,,<2,N,den/est/ice/lat/nor
39000900110,190D090011,258O,0,+,,,,,S,30S11,,30X01,99X35,,,,,<1,N,swe
39000900200,190D090020,258O,0,+,,,,,S,30S11,,30X01,,,,,,<2,N,fin
39000902900,190D090290,260O,0,+,,,,,S,30S04,,30X01,,,,,,<2,N,fin
39000903000,190D090300,260O,0,+,,,,,S,30S04,,30X01,,,,,,<2,N,den/est/ice/lat/nor
39000903001,190D0903001,260O,0,+,,,,,S,30S04,,30X01,,,,,,<1,N,swe
39000903100,190D090310,260O,0,+,,,,,S,30S05,,30X01,,,,,,<2,N,den/est/fin/ice/lat/nor
39000903101,190D0903101,260O,0,+,,,,,S,30S05,,30X01,,,,,,<1,N,swe
39000903110,190D090311,260O,0,+,,,,,,30S05,,30X01,00X10,,,,,<2,N,ice
39000903111,190D0903111,260O,0,+,,,,,,30S05,,30X01,00X10,,,,,<1,N,swe
39001000000,190D100000,293O,0,+,,,,,S,08S10,,10X03,,,,,,<2,N,den/est/fin/ice/lat/nor
39001000001,190D1000001,293O,0,+,,,,,S,08S10,,10X03,,,,,,<1,N,swe
39001100000,190D110000,315O,0,+,,,,,S,11S10,,11X02,,,,,,<2,N,den/est/fin/ice/lat/nor
39001100001,190D1100001,315O,0,+,,,,,S,11S10,,11X02,,,,,,<1,N,swe
39006041000,190D604100,443O,0,+,,,00P21,,S,21S04,,,,,,,,<2,N,den/est/fin/ice/lat/nor
39006041001,190D6041001,443O,0,+,,,00P21,,S,21S04,,,,,,,,<1,N,swe
39100000001,191D0000001,468O,7,+,,,,,S,99S90,,,,,,,,<2,N,ice/nor
39100100000,191D010000,801NU,7,+,,,,,N,01O11,,,,,,,,<2,N,ice
39100100001,191D0100001,801NU,7,+,,,,,N,01O11,,,,,,,,<1,N,nor
39100101000,191D010100,801NS,7,+,,,,,N,01O03,,01X23,,,,,,<2,N,ice
39100102000,191D010200,801NV,7,+,,,,,N,01O10,,01X23,,,,,,<2,N,ice
39100103000,191D010300,801NR,7,+,,,,,N,01O02,,90X11,,,,,,<2,N,ice
39100500000,191D050000,805NT,0,+,,,,,N,05O23,,,,,,,,<2,N,ice
39100501000,191D050100,805NS,0,+,,,,,N,05O22,,,,,,,,<2,N,ice
39100800000,191D080000,908NR,0,+,,,,,N,08O22,,,,,,,,<2,N,ice
39100800200,191D080020,809NS,0,+,,,,,N,09O10,,,,,,,,<1,N,nor
39100900000,191D090000,809NS,0,+,,,,,N,09O10,,09X07,,,,,,<2,N,ice
39100901000,191D090100,809NT,0,+,,,,,N,09O11,,09X07,,,,,,<2,N,ice
39101100000,191D110000,811NR,0,+,,,,,N,11O03,,90X12,,,,,,<2,N,ice
39101100001,191D1100001,811NR,0,+,,,,,N,11O03,,90X12,,,,,,<1,N,nor
39101200000,191D120000,811NR,0,+,,,,,N,12O01,,90X12,,,,,,<2,N,ice
39101200001,191D1200001,811NR,0,+,,,,,N,12O01,,90X12,,,,,,<1,N,nor
39101301000,191D130100,813NR,0,+,,,,,N,13O04,,13X05,,,,,,<2,N,ice
39101302000,191D130200,814NR,0,+,,,,,N,14O02,,14X40,,,,,,<2,N,ice
39101308000,191D130800,914FP,0,+,,,,,N,14D51,,14X40,,,,,,<2,N,ice
39101309000,191D130900,913O,0,+,,,,,N,,,13X05,,,,,,<2,N,ice
39101309010,191D130901,913O,0,+,,,,,N,,,13X05,,,,,,<2,N,nor
39101409000,191D140900,914O,0,+,,,,,N,,,14X40,,,,,,<2,N,ice
39101409010,191D140901,914O,0,+,,,,,N,,,14X40,,,,,,<1,N,nor
39101409020,191D140902,816NR,0,+,,,,,N,16O02,,,,,,,,<2,N,nor
39101409050,191D140905,464P,0,+,,,90P01,,N,,,,,,,,,<1,N,nor
39102300000,191D230000,823NP,0,+,,,,,N,23O01,,,,,,,,<2,N,ice
39102301000,191D230100,823NR,0,+,,,,,N,23O02,,,,,,,,<2,N,ice
39102302000,191D230200,823NS,0,+,,,,,N,90O02,,,,,,,,<2,N,ice
39102302001,191D2302001,823NS,0,+,,,,,N,90O02,,,,,,,,<1,N,nor
39102303000,191D230300,823NT,0,+,,,,,N,23O04,,,,,,,,<2,N,ice
39102304000,191D230400,823NU,0,+,,,,,N,90O03,,,,,,,,<2,N,ice
39102304001,191D2304001,823NU,0,+,,,,,N,90O03,,,,,,,,<1,N,nor
39700109000,197D010900,901O,0,+,1.0,,,,Z,,-99V21,,,,,,,<2,N,ice
39700109001,197D0109001,901O,0,+,1.0,,,,Z,,,,,,,,,<1,N,nor
39700109010,197D010901,901O,0,+,,,90P81,,Z,,-99V21,01X90,,,,,,<2,N,ice
39700109011,197D0109011,901O,0,+,,,90P81,,Z,,,01X90,,,,,,<1,N,nor
39700209000,197D020900,902O,0,+,2.0,,,,Z,,-99V21,,,,,,,<2,N,ice
39700209001,197D0209001,902O,0,+,2.0,,,,Z,,,,,,,,,<1,N,nor
39700209010,197D020901,902O,0,+,,,90P81,,Z,,-99V21,02X90,,,,,,<2,N,ice
39700209011,197D0209011,902O,0,+,,,90P81,,Z,,,02X90,,,,,,<1,N,nor
39700309000,197D030900,903O,0,+,3.0,,,,Z,,-99V21,,,,,,,<2,N,ice
39700309001,197D0309001,903O,0,+,3.0,,,,Z,,,,,,,,,<1,N,nor
39700309010,197D030901,903O,0,+,,,90P81,,Z,,-99V21,03X90,,,,,,<2,N,ice
39700309011,197D0309011,903O,0,+,,,90P81,,Z,,,03X90,,,,,,<1,N,nor
39700409000,197D040900,904O,0,+,4.0,,,,Z,,-99V21,,,,,,,<2,N,ice
39700409001,197D0409001,904O,0,+,4.0,,,,Z,,,,,,,,,<1,N,nor
39700509000,197D050900,905O,0,+,5.0,,,,Z,,-99V21,,,,,,,<2,N,ice
39700509001,197D0509001,905O,0,+,5.0,,,,Z,,,,,,,,,<1,N,nor
39700609000,197D060900,906O,0,+,6.0,,,,Z,,-99V21,,,,,,,<2,N,ice
39700609001,197D0609001,906O,0,+,6.0,,,,Z,,,,,,,,,<1,N,nor
39700709000,197D070900,907O,0,+,7.0,,,,Z,,-99V21,,,,,,,<2,N,ice
39700709001,197D0709001,907O,0,+,7.0,,,,Z,,,,,,,,,<1,N,nor
39700809000,197D080900,908O,0,+,8.0,,,,Z,,-99V21,,,,,,,<2,N,ice
39700809001,197D0809001,908O,0,+,8.0,,,,Z,,,,,,,,,<1,N,nor
39700809010,197D080901,908O,0,+,,,90P81,,Z,,-99V21,08X90,,,,,,<2,N,ice
39700809011,197D0809011,908O,0,+,,,90P81,,Z,,,08X90,,,,,,<1,N,nor
39700859005,198D001000,808O,0,+,8.0,,,,N,,,,,,,,,<1,N,nor
39700909000,197D090900,909O,0,+,9.0,,,,Z,,-99V21,,,,,,,<2,N,ice
39700909001,197D0909001,909O,0,+,9.0,,,,Z,,,,,,,,,<1,N,nor
39700959000,197D095900,930O,0,+,30.0,,,,Z,,-99V21,,,,,,,<2,N,ice
39700959001,197D0959001,930O,0,+,30.0,,,,Z,,,,,,,,,<1,N,nor
39701009000,197D100900,910O,0,+,10.0,,,,Z,,-99V21,,,,,,,<2,N,ice
39701009001,197D1009001,910O,0,+,10.0,,,,Z,,,,,,,,,<1,N,nor
39701109000,197D110900,911O,0,+,11.0,,,,Z,,-99V21,,,,,,,<2,N,ice
39701109001,197D1109001,911O,0,+,11.0,,,,Z,,,,,,,,,<1,N,nor
39701109010,197D110901,911O,0,+,,,90P81,,Z,,-99V21,11X90,,,,,,<2,N,ice
39701109011,197D1109011,911O,0,+,,,90P81,,Z,,,11X90,,,,,,<1,N,nor
39701209000,197D120900,912O,0,+,12.0,,,,Z,,-99V21,,,,,,,<2,N,ice
39701209001,197D1209001,912O,0,+,12.0,,,,Z,,,,,,,,,<1,N,nor
39701309000,197D130900,913O,0,+,13.0,,,,Z,,-99V21,,,,,,,<2,N,ice
39701309001,197D1309001,913O,0,+,13.0,,,,Z,,,,,,,,,<1,N,nor
39701309010,197D130901,913O,0,+,,,90P81,,Z,,-99V21,13X90,,,,,,<2,N,ice
39701309011,197D1309011,913O,0,+,,,90P81,,Z,,,13X90,,,,,,<1,N,nor
39701609000,197D160900,916O,0,+,16.0,,,,Z,,-99V21,,,,,,,<2,N,ice
39701609001,197D1609001,916O,0,+,16.0,,,,Z,,,,,,,,,<1,N,nor
39701709000,197D170900,917O,0,+,17.0,,,,Z,,,,,,,,,<1,N,nor
39701909000,197D190900,919O,0,+,19.0,,,,Z,,-99V21,,,,,,,<2,N,ice
39701909001,197D1909001,919O,0,+,19.0,,,,Z,,,,,,,,,<1,N,nor
39702109000,197D210900,921O,0,+,21.0,,,,Z,,-99V21,,,,,,,<2,N,ice
39702109001,197D2109001,921O,0,+,21.0,,,,Z,,,,,,,,,<1,N,nor
39702209000,197D220900,922O,0,+,22.0,,,,Z,,-99V21,,,,,,,<2,N,ice
39702209001,197D2209001,922O,0,+,22.0,,,,Z,,,,,,,,,<1,N,nor
39702309000,197D230900,923O,0,+,23.0,,,,Z,,-99V21,,,,,,,<2,N,ice
39734906000,197D220950,928O,0,+,23.0,23M06,,,Z,,,,,,,,,<1,N,nor
39767503000,197D2309001,923O,0,+,23.0,,,,Z,,,,,,,,,<1,N,nor
39800100000,198D010000,801O,0,+,1.0,,,,N,,-99V21,,,,,,,<2,N,ice
39800100003,198D00100,701O,0,,,,,,P,03E01,,,,,,,,<2,N,nor
39800100006,198D0100001,823P,0,+,,,,,N,,,,,,,,,<1,N,nor
39800100010,198D010001,801O,0,+,,,90P81,,N,,-99V21,01X90,,,,,,<2,N,ice
39800200000,198D020000,802O,0,+,2.0,,,,N,,-99V21,,,,,,,<2,N,ice
39800200010,198D020001,802O,0,+,,,90P81,,N,,-99V21,02X90,,,,,,<2,N,ice
39800300000,198D030000,803O,0,+,3.0,,,,N,,-99V21,,,,,,,<2,N,ice
39800300010,198D030001,803O,0,+,,,90P81,,N,,-99V21,03X90,,,,,,<2,N,ice
39800400000,198D040000,804O,0,+,4.0,,,,N,,-99V21,,,,,,,<2,N,ice
39800500000,198D050000,805O,0,+,5.0,,,,N,,-99V21,,,,,,,<2,N,ice
39800600000,198D060000,806O,0,+,6.0,,,,N,,-99V21,,,,,,,<2,N,ice
39800700000,198D070000,807O,0,+,7.0,,,,N,,-99V21,,,,,,,<2,N,ice
39800800000,198D080000,808O,0,+,8.0,,,,N,,-99V21,,,,,,,<2,N,ice
39800800010,198D080001,808O,0,+,,,90P81,,N,,-99V21,08X90,,,,,,<2,N,ice
39800900000,198D090000,809O,0,+,9.0,,,,N,,-99V21,,,,,,,<2,N,ice
39800950000,198D095000,830O,0,+,30.0,,,,N,,-99V21,,,,,,,<2,N,ice
39801000000,198D100000,810O,0,+,10.0,,,,N,,-99V21,,,,,,,<2,N,ice
39801100000,198D110000,811O,0,+,11.0,,,,N,,-99V21,,,,,,,<2,N,ice
39801100010,198D110001,811O,0,+,,,90P81,,N,,-99V21,11X90,,,,,,<2,N,ice
39801200000,198D120000,812O,0,+,12.0,,,,N,,-99V21,,,,,,,<2,N,ice
39801300000,198D130000,813O,0,+,13.0,,,,N,,-99V21,,,,,,,<2,N,ice
39801300010,198D130001,813O,0,+,,,90P81,,N,,-99V21,13X90,,,,,,<2,N,ice
39801600000,198D160000,816O,0,+,16.0,,,,N,,-99V21,,,,,,,<2,N,ice
39801700000,198D170000,817O,0,+,17.0,,,,N,,-99V21,,,,,,,<2,N,ice
39801800000,198D180000,818O,0,+,18.0,,,,N,,-99V21,,,,,,,<2,N,ice
39801900000,198D190000,819O,0,+,19.0,,,,N,,-99V21,,,,,,,<2,N,ice
39802100000,198D210000,821O,0,+,21.0,,,,N,,-99V21,,,,,,,<2,N,ice
39802200000,198D220000,822O,0,+,22.0,,,,N,,-99V21,,,,,,,<2,N,ice
39802300000,198D230000,823O,0,+,23.0,,,,N,,-99V21,,,,,,,<2,N,ice
39900000000,199D000000,468O,7,+,,,,,S,99S90,,,,,,,,<2,N,den/est/fin/lat
39900000001,199D0000001,468O,7,+,,,,,S,99S90,,,,,,,,<1,N,swe
39900001000,199D000100,468O,7,+,,,,,,99S90,,00X10,,,,,,<2,N,fin
39900900010,199D090001,980A,0,+,1.0,,40P80,,,,,,,,,,,<2,N,nor
39900900020,199D090002,980X,0,+,2.0,,40P80,,,,,,,,,,,<2,N,nor
39900900030,199D090003,980C,0,+,3.0,,40P80,,,,,,,,,,,<2,N,nor
39900900040,199D090004,980D,0,+,4.0,,40P80,,,,,,,,,,,<2,N,nor
39900900050,199D090005,980E,0,+,5.0,,40P80,,,,,,,,,,,<2,N,nor
39900900060,199D090006,980F,0,+,6.0,,40P80,,,,,,,,,,,<2,N,nor
39900900070,199D090007,980X,0,+,7.0,,40P80,,,,,,,,,,,<2,N,nor
39900900080,199D090008,980H,0,+,8.0,,40P80,,,,,,,,,,,<2,N,nor
39900900090,199D090009,980X,0,+,9.0,,40P80,,,,,,,,,,,<2,N,nor
39900900100,199D090010,980X,0,+,10.0,,40P80,,,,,,,,,,,<2,N,nor
39900900110,199D090011,980X,0,+,11.0,,40P80,,,,,,,,,<0,,<2,N,nor
39900900120,199D090012,980X,0,+,12.0,,40P80,,,,,,,,,,,<2,N,nor
39900900130,199D090013,980X,0,+,13.0,,40P80,,,,,,,,,,,<2,N,nor
39900900140,199D090014,980X,0,+,14.0,,40P80,,,,,,,,,,,<2,N,nor
39900900150,199D090015,980X,0,+,15.0,,40P80,,,,,,,,,,,<2,N,nor
39900900160,199D090016,980X,0,+,16.0,,40P80,,,,,,,,,,,<2,N,nor
39900900170,199D090017,980X,0,+,17.0,,40P80,,,,,,,,,,,<2,N,nor
39900900180,199D090018,980X,0,+,18.0,,40P80,,,,,,,,,,,<2,N,nor
39900900190,199D090019,980T,0,+,19.0,,40P80,,,,,,,,,,,<2,N,nor
39900900210,199D090021,980U,0,+,21.0,,40P80,,,,,,,,,,,<2,N,nor
39900900220,199D090022,980U,0,+,22.0,,40P80,,,,,,,,,,,<2,N,nor
39900900230,199D090023,980X,0,+,23.0,,40P80,,,,,,,,,,,<2,N,nor
39900900240,199D090024,980U,0,+,24.0,,40P80,,,,,,,,,,,<2,N,nor
39900900300,199D090030,980X,0,+,30.0,,40P80,,,,,,,,,,,<2,N,nor
50000010000,200D001000,864V,0,,,,,,,17V01,,,,,,,,<1,N,swe
50000011000,200D001100,870V,0,,,,,,,17V07,,,,,,,,<1,N,swe
50000040000,200D004000,866V,0,,,,,,,40V45,,,,,,,,<1,N,swe
50000050000,200D005000,890V,0,,,,,,,40V04,,,,,,,,<1,N,swe
50000055000,200D005500,760V,0,,,,,,,02V02,,,,,,,,<1,N,swe
50000060000,200D006000,762W,0,,,,,,,02V07,,,,,,,,<1,N,swe
50000080000,200D008000,846V,0,,,,,,,13V01,,,,,,,,<1,N,swe
50000090000,200D009000,867V,0,,,,,,,40V47,40V48,,,,,,,<1,N,swe
50000120000,200D012000,847V,0,,,,,,,13V02,,,,,,,,<1,N,swe
50000130000,200D013000,869V,0,,,,,,,40V46,,,,,,,,<1,N,swe
50000150000,200D015000,853V,0,,,,,,,14V01,,,,,,,,<1,N,swe
50000190000,200D019000,784V,0,,,,,,,05V03,,,,,,,,<1,N,swe
50000200000,200D020000,783V,0,,,,,,,05V02,,,,,,,,<1,N,swe
50000211000,200D021100,797V,0,,,,,,,06V07,,,,,,,,<1,N,swe
50000220000,200D022000,822V,0,,,,,,,10V07,,,,,,,,<1,N,swe
50000240000,200D024000,786V,0,,,,,,,05V08,05V09,,,,,,,<1,N,swe
50000250000,200D025000,838V,0,,,,,,,11V01,,,,,,,,<1,N,swe
50000260000,200D026000,860V,0,,,,,,,16V02,,,,,,,,<1,N,swe
50000261000,200D026100,860V,0,,,,,,,16V04,01V04,,,,,,,<1,N,swe
50000264000,200D026400,871V,0,,,,,,,17V08,,,,,,,,<1,N,swe
50000280000,200D028000,881V,0,,,,,,,21V01,,,,,,,,<1,N,swe
50000291000,200D029100,888W,0,,,,,,,40V02,,,,,,,,<1,N,swe
50000293000,200D029300,913V,0,,,,,,,40V26,,,,,,,,<1,N,swe
50000295000,200D029500,898V,0,,,,,,,40V11,,,,,,,,<1,N,swe
50000301000,200D030100,888V,0,,,,,,,40V01,,,,,,,,<1,N,swe
50000310000,200D031000,860V,0,,,,,,,16V03,,,,,,,,<1,N,swe
50000320000,200D032000,873V,0,,,,,,,40V48,,,,,,,,<1,N,swe
50000325000,200D032500,872V,0,,,,,,,40V47,,,,,,,,<1,N,swe
50000341000,200D034100,751W,0,,,,,,,01V09,,90X11,,,,,,<1,N,swe
50000341300,200D034130,751V,0,,,,,,,01V02,,90X11,,,,,,<1,N,swe
50000341500,200D034150,910W,0,,,,,,,40V53,,90X11,,,,,,<1,N,swe
50000342000,200D034200,910V,0,,,,,,,40V52,,,,,,,,<1,N,swe
50000343000,200D034300,930V,0,,,,,,,40V51,,,,,,,,<1,N,swe
50000345000,200D034500,931V,0,,,,,,,40V54,,90X11,,,,,,<1,N,swe
50000349000,200D034900,754V,0,,,,,,,01V05,,,,,,,,<1,N,swe
50000360000,200D036000,753V,0,,,,,,,01V04,,,,,,,,<1,N,swe
50000400000,200D040000,843V,0,,,,,,,12V02,,,,,,,,<1,N,swe
50000420000,200D042000,895V,0,,,,,,,40V08,,,,,,,,<1,N,swe
50000440000,200D044000,809V,0,,,,,,,08V04,,,,,,,,<1,N,swe
50000450000,200D045000,807V,0,,,,,,,08V02,,,,,,,,<1,N,swe
50000460000,200D046000,793V,0,,,,,,,05V12,,,,,,,,<1,N,swe
50000480000,200D048000,831V,0,,,,,,,10V02,,,,,,,,<1,N,swe
50000530000,200D053000,862V,0,,,,,,,16V04,,,,,,,,<1,N,swe
50000540000,200D054000,789V,0,,,,,,,05V08,,,,,,,,<1,N,swe
50000550000,200D055000,810V,0,,,,,,,08V05,,,,,,,,<1,N,swe
50000560000,200D056000,886V,0,,,,,,,30V01,,,,,,,,<1,N,swe
50000570000,200D057000,892V,0,,,,,,,40V06,,,,,,,,<1,N,swe
50000590000,200D059000,761V,0,,,,,,,02V03,,,,,,,,<1,N,swe
50000600000,200D060000,759V,0,,,,,,,02V01,,,,,,,,<1,N,swe
50000620000,200D062000,785V,0,,,,,,,05V04,,,,,,,,<1,N,swe
50000629000,200D062900,799W,0,,,,,,,07V02,,,,,,,,<1,N,swe
50000629250,200D062940,893V,0,,,,,,,40V60,,,,,,,,<1,N,swe
50000629500,200D062950,891V,0,,,,,,,40V50,,,,,,,,<1,N,swe
50000630000,200D063000,799V,0,,,,,,,06V03,,,,,,,,<1,N,swe
50000640000,200D064000,830V,0,,,,,,,10V01,,,,,,,,<1,N,swe
50000650000,200D065000,833V,0,,,,,,,10V04,,,,,,,,<1,N,swe
50000660000,200D065500,Z71R,8,+,,99M02,,,,99V22,,,,,,,,<1,N,swe
50000665000,200D066500,Z71R,8,+,,99M02,,,,99V21,,,,,,,,<1,N,swe
50000670000,200D067000,874W,0,+,17.0,,,,,99V22,,,,,,,,<1,N,swe
50000670010,200D067001,874W,0,+,23.0,23M04,,,,99V22,,17K99,,,,,,<1,N,swe
50000670500,200D067050,473O,0,+,17.0,17M01,,,N,99V20,99V35,,,,,>6574,,<1,N,swe
50000670510,200D067051,405O,0,+,17.0,17M01,,,N,99V20,99V35,,,,,,,<1,N,swe
50000670600,200D067060,404O,0,+,17.0,17M02,,,N,99V20,99V35,,,,,,,<1,N,swe
50000670700,200D067070,411O,0,+,17.0,17M05,,,N,99V20,99V35,,,,,,,<1,N,swe
50000670950,200D067095,933S,0,+,17.0,,,,,40V20,,,,,,,,<1,N,swe
50000671000,200D067100,874V,0,+,17.0,,,,N,99V20,99V35,,,,,,,<1,N,swe
50000671010,200D067101,874V,0,+,23.0,23M04,,,N,99V20,99V35,17K99,,,,,,<1,N,swe
50000671050,200D067105,874T,0,+,17.0,,,,,99V23,99V35,,,,,,,<1,N,swe
50000700000,200D070000,798V,0,,,,,,,06V02,,,,,,,,<1,N,swe
50000710000,200D071000,805W,0,+,7.0,,,,,99V22,,,,,,,,<1,N,swe
50000711000,200D071100,805W,0,+,23.0,23M04,,,,99V22,,07K99,,,,,,<1,N,swe
50000712000,200D071200,202O,0,+,7.0,07M01,,,N,99V20,99V35,,,,,,,<1,N,swe
50000713000,200D071300,203O,0,+,7.0,07M02,,,N,99V20,99V35,,,,,,,<1,N,swe
50000714000,200D071400,204O,0,+,7.0,07M03,,,N,99V20,99V35,,,,,,,<1,N,swe
50000715000,200D071500,206O,0,+,7.0,07M04,,,N,99V20,99V35,,,,,,,<1,N,swe
50000719000,200D071900,805V,0,,,,,,N,07V01,99V35,,,,,,,<1,N,swe
50000720000,200D072000,805V,0,+,7.0,,,,N,99V20,99V35,,,,,,,<1,N,swe
50000721000,200D072100,805V,0,+,23.0,23M04,,,N,99V20,99V35,07K99,,,,,,<1,N,swe
50000725000,200D072500,805T,0,+,7.0,,,,,99V23,99V35,,,,,,,<1,N,swe
50000730000,200D073000,863W,0,+,16.0,,,,,99V22,,,,,,,,<1,N,swe
50000731000,200D073100,863W,0,+,23.0,23M04,,,,99V22,,16K99,,,,,,<1,N,swe
50000732000,200D073200,395O,0,+,16.0,16M01,,,N,99V20,99V35,,,,,>6574,,<1,N,swe
50000733000,200D073300,396O,0,+,16.0,16M01,,,N,99V20,99V35,,,,,,,<1,N,swe
50000734000,200D073400,397O,0,+,16.0,16M02,,,N,99V20,99V35,,,,,,,<1,N,swe
50000739950,200D073995,933R,0,+,16.0,,,,,40V20,,,,,,,,<1,N,swe
50000740000,200D074000,863V,0,+,16.0,,,,N,99V20,99V35,,,,,,,<1,N,swe
50000741000,200D074100,863V,0,+,23.0,23M04,,,N,99V20,99V35,16K99,,,,,,<1,N,swe
50000745000,200D074500,863T,0,+,16.0,,,,,99V23,99V35,,,,,,,<1,N,swe
50000780000,200D078000,842W,0,+,11.0,,,,,99V22,,,,,,,,<1,N,swe
50000781000,200D078100,842W,0,+,23.0,23M04,,,,99V22,,11K99,,,,,,<1,N,swe
50000782000,200D078200,316O,0,+,11.0,11M01,,,N,99V20,99V35,,,,,,,<1,N,swe
50000783000,200D078300,319O,0,+,11.0,11M03,,,N,99V20,99V35,,,,,,,<1,N,swe
50000784000,200D078400,321O,0,+,11.0,11M04,,,N,99V20,99V35,,,,,,,<1,N,swe
50000785000,200D078500,324O,0,+,11.0,11M05,,,N,99V20,99V35,,,,,,,<1,N,swe
50000786000,200D078600,326O,0,+,11.0,11M06,,,N,99V20,99V35,,,,,,,<1,N,swe
50000787000,200D078700,329O,0,+,11.0,11M07,,,N,99V20,99V35,,,,,,,<1,N,swe
50000789950,200D078995,933M,0,+,11.0,,,,,40V20,,,,,,,,<1,N,swe
50000790000,200D079000,842V,0,+,11.0,,,,N,99V20,99V35,,,,,,,<1,N,swe
50000791000,200D079100,842V,0,+,23.0,23M04,,,N,99V20,99V35,11K99,,,,,,<1,N,swe
50000791500,200D079150,839V,0,,,,,,,11V02,,,,,,,,<1,N,swe
50000795000,200D079500,842T,0,+,11.0,,,,,99V23,99V35,,,,,,,<1,N,swe
50000810000,200D081000,781W,0,+,4.0,,,,,99V22,,,,,,,,<1,N,swe
50000811000,200D081100,781W,0,+,23.0,23M04,,,,99V22,,04K99,,,,,,<1,N,swe
50000811100,200D081110,078O,0,+,4.0,04M01,,,N,99V20,99V35,,,,,,,<1,N,swe
50000811200,200D081120,080O,0,+,4.0,04M02,,,N,99V20,99V35,,,,,>6574,,<1,N,swe
50000811250,200D081121,080O,0,+,,,04P02,,N,99V20,99V35,04X11,,,,>6574,,<1,N,swe
50000811300,200D081130,081O,0,+,4.0,04M02,,,N,99V20,99V35,,,,,,,<1,N,swe
50000811350,200D081131,081O,0,+,,,04P02,,N,99V20,99V35,04X11,,,,,,<1,N,swe
50000811400,200D081140,082O,0,+,4.0,04M03,,,N,99V20,99V35,,,,,,,<1,N,swe
50000811500,200D081150,084O,0,+,4.0,04M04,,,N,99V20,99V35,,,,,,,<1,N,swe
50000811600,200D081160,086O,0,+,4.0,04M05,,,N,99V20,99V35,,,,,,,<1,N,swe
50000811700,200D081170,087O,0,+,4.0,04M06,,,N,99V20,99V35,,,,,,,<1,N,swe
50000811800,200D081180,087O,0,+,,,04P01,,N,99V20,99V35,04X03,,,,,,<1,N,swe
50000811850,200D081181,087O,0,+,,,04P02,,N,99V20,99V35,04X03,,,,,,<1,N,swe
50000811900,200D081190,088O,0,+,4.0,04M07,,,N,99V20,99V35,,,,,,,<1,N,swe
50000812000,200D081200,091O,0,+,4.0,04M08,,,N,99V20,99V35,,,,,,,<1,N,swe
50000812050,200D081201,091O,0,+,,,04P02,,N,99V20,99V35,04X10,,,,,,<1,N,swe
50000812100,200D081210,093O,0,+,4.0,04M09,,,N,99V20,99V35,,,,,,,<1,N,swe
50000812200,200D081220,095O,0,+,4.0,04M10,,,N,99V20,99V35,,,,,,,<1,N,swe
50000812300,200D081230,098O,0,+,4.0,04M11,,,N,99V20,99V35,,,,,,,<1,N,swe
50000812400,200D081240,100O,0,+,4.0,04M12,,,N,99V20,99V35,,,,,,,<1,N,swe
50000819950,200D081995,933D,0,+,4.0,,,,,40V20,,,,,,,,<1,N,swe
50000820000,200D082000,781V,0,+,4.0,,,,N,99V20,99V35,,,,,,,<1,N,swe
50000821000,200D082100,781V,0,+,23.0,23M04,,,N,99V20,99V35,04K99,,,,,,<1,N,swe
50000825000,200D082500,781T,0,+,4.0,,,,,99V23,99V35,,,,,,,<1,N,swe
50000835000,200D083500,766V,0,,,,,,,03V01,,,,,,,,<1,N,swe
50000840000,200D084000,769V,0,,,,,,,03V04,,,,,,,,<1,N,swe
50000850000,200D085000,795W,0,+,5.0,,,,,99V22,,,,,,,,<1,N,swe
50000851000,200D085100,795W,0,+,23.0,23M04,,,,99V22,,05K99,,,,,,<1,N,swe
50000851100,200D085110,126O,0,+,5.0,05M02,,,N,99V20,99V35,,,,,,,<1,N,swe
50000851200,200D085120,122O,0,+,5.0,,,,N,99V20,99V35,05X01,05X02,,,,,<1,N,swe
50000851300,200D085130,122O,0,+,5.0,,,,N,99V20,99V35,05X01,,,,,,<1,N,swe
50000851400,200D085140,127O,0,+,5.0,05M03,,,N,99V20,99V35,,,,,,,<1,N,swe
50000851500,200D085150,128O,0,+,5.0,05M04,,,N,99V20,99V35,,,,,,,<1,N,swe
50000851600,200D085160,129O,0,+,5.0,05M05,,,N,99V20,99V35,,,,,,,<1,N,swe
50000851700,200D085170,131O,0,+,5.0,05M06,,,N,99V20,99V35,,,,,,,<1,N,swe
50000851800,200D085180,133O,0,+,5.0,05M07,,,N,99V20,99V35,,,,,,,<1,N,swe
50000851900,200D085190,136O,0,+,5.0,05M09,,,N,99V20,99V35,,,,,>6574,,<1,N,swe
50000852000,200D085200,136O,0,+,5.0,05M90,,,N,99V20,99V35,05X04,,,,>6574,,<1,N,swe
50000852090,200D085209,137P,0,+,5.0,05M09,,,N,99V20,99V35,00X10,,,,,,<1,N,swe
50000852100,200D085210,137Q,0,+,5.0,05M09,,,N,99V20,99V35,,,,,,,<1,N,swe
50000852190,200D085219,137P,0,+,5.0,05M90,,,N,99V20,99V35,05X04,00X10,,,,,<1,N,swe
50000852200,200D085220,137Q,0,+,5.0,05M90,,,N,99V20,99V35,05X04,,,,,,<1,N,swe
50000852300,200D085230,139O,0,+,5.0,05M10,,,N,99V20,99V35,,,,,,,<1,N,swe
50000852400,200D085240,140O,0,+,5.0,05M11,,,N,99V20,99V35,,,,,,,<1,N,swe
50000852500,200D085250,142O,0,+,5.0,05M12,,,N,99V20,99V35,,,,,,,<1,N,swe
50000852600,200D085260,143O,0,+,5.0,05M13,,,N,99V20,99V35,,,,,,,<1,N,swe
50000852800,200D085280,134O,0,+,5.0,05M08,,,N,99V20,99V35,,,,,,,<1,N,swe
50000860000,200D086000,795V,0,+,5.0,,,,N,99V20,99V35,,,,,,,<1,N,swe
50000861000,200D086100,795V,0,+,23.0,23M04,,,N,99V20,99V35,05K99,,,,,,<1,N,swe
50000861100,200D086110,795V,0,,,,,,N,05V11,99V35,,,,,,,<1,N,swe
50000861200,200D086120,794V,0,,,,,,,05V13,,,,,,,,<1,N,swe
50000861300,200D086130,794V,0,,,,,,,05V01,,,,,,,,<1,N,swe
50000865000,200D086500,795T,0,+,5.0,,,,,99V23,99V35,,,,,,,<1,N,swe
50000880000,200D088000,812V,0,,,,,,,08V07,,,,,,,,<1,N,swe
50000883000,200D088300,821W,0,+,8.0,,,,,99V22,,,,,,,,<1,N,swe
50000884000,200D088400,821W,0,+,23.0,23M04,,,,99V22,,08K99,,,,,,<1,N,swe
50000910000,200D091000,834V,0,,,,,,,10V05,,,,,,,,<1,N,swe
50000930000,200D093000,848V,0,,,,,,,13V04,,,,,,,,<1,N,swe
50000940000,200D094000,814P,0,,,,,,,14V02,,,,,,,,<1,N,swe
50000950000,200D095000,875W,0,+,18.0,,,,,99V22,,,,,,,,<1,N,swe
50000951000,200D095100,875W,0,+,23.0,23M04,,,,99V22,,18K99,,,,,,<1,N,swe
50000953500,200D095175,490O,0,+,,,18P01,,N,99V20,99V35,18X01,,,,,,<1,N,swe
50000954500,200D095450,416O,0,+,18.0,18M01,,,N,99V20,99V35,,,,,,,<1,N,swe
50000956000,200D095600,418O,0,+,18.0,18M02,,,N,99V20,99V35,,,,,,,<1,N,swe
50000957000,200D095700,420O,0,+,18.0,18M03,,,N,99V20,99V35,,,,,,,<1,N,swe
50000958000,200D095800,421O,0,+,18.0,18M04,,,N,99V20,99V35,,,,,,,<1,N,swe
50000960000,200D096000,875V,0,+,18.0,,,,N,99V20,99V35,,,,,,,<1,N,swe
50000961000,200D096100,875V,0,+,23.0,23M04,,,N,99V20,99V35,18K99,,,,,,<1,N,swe
50000965000,200D096500,875T,0,+,18.0,,,,,99V23,99V35,,,,,,,<1,N,swe
50000970000,200D097000,758W,0,+,1.0,,,,,99V22,,,,,,,,<1,N,swe
50000971000,200D097100,758W,0,+,23.0,23M04,,,,99V22,,01K99,,,,,,<1,N,swe
50000971100,200D097110,020O,0,+,1.0,01M09,,,N,99V20,99V35,,,,,,,<1,N,swe
50000971190,200D097119,011P,0,+,1.0,01M02,,,N,99V20,99V35,00X10,,,,,,<1,N,swe
50000971200,200D097120,011Q,0,+,1.0,01M02,,,N,99V20,99V35,,,,,,,<1,N,swe
50000971400,200D097140,009O,0,+,1.0,01M01,,,N,99V20,99V35,,,,,,,<1,N,swe
50000971500,200D097150,012O,0,+,1.0,01M03,,,N,99V20,99V35,,,,,,,<1,N,swe
50000971600,200D097160,013O,0,+,1.0,01M04,,,N,99V20,99V35,,,,,,,<1,N,swe
50000971700,200D097170,014O,0,+,1.0,01M05,,,N,99V20,99V35,,,,,,,<1,N,swe
50000971800,200D097180,014O,0,+,1.0,01M06,,,N,99V20,99V35,01X03,,,,,,<1,N,swe
50000971900,200D097190,017O,0,+,1.0,01M06,,,N,99V20,99V35,01X04,,,,,,<1,N,swe
50000972000,200D097200,015O,0,+,1.0,01M06,,,N,99V20,99V35,,,,,,,<1,N,swe
50000972100,200D097210,017O,0,+,1.0,01M07,,,N,99V20,99V35,,,,,,,<1,N,swe
50000972200,200D097220,019O,0,+,1.0,01M08,,,N,99V20,99V35,,,,,,,<1,N,swe
50000972300,200D097230,021O,0,+,1.0,01M10,,,N,99V20,99V35,,,,,,,<1,N,swe
50000972400,200D097240,023O,0,+,1.0,01M12,,,N,99V20,99V35,,,,,,,<1,N,swe
50000972490,200D097249,026P,0,+,1.0,01M13,,,N,99V20,99V35,00X10,,,,,,<1,N,swe
50000972500,200D097250,026Q,0,+,1.0,01M13,,,N,99V20,99V35,,,,,,,<1,N,swe
50000972600,200D097260,027O,0,+,1.0,01M14,,,N,99V20,99V35,01X01,,,,,,<1,N,swe
50000972700,200D097270,030O,0,+,1.0,01M14,,,N,99V20,99V35,,,,,,,<1,N,swe
50000972800,200D097280,033O,0,+,1.0,01M15,,,N,99V20,99V35,,,,,,,<1,N,swe
50000979990,200D097999,758P,0,+,1.0,,,,N,99V20,99V35,00X10,,,,,,<1,N,swe
50000980050,200D098005,933A,0,+,1.0,,,,,40V20,,,,,,,,<1,N,swe
50000980100,200D098010,758Q,0,+,1.0,,,,N,99V20,99V35,,,,,,,<1,N,swe
50000980990,200D098099,758P,0,+,23.0,23M04,,,N,99V20,99V35,01K99,00X10,,,,,<1,N,swe
50000981000,200D098100,758Q,0,+,23.0,23M04,,,N,99V20,99V35,01K99,,,,,,<1,N,swe
50000983000,200D098300,750V,0,,,,,,,01V01,,,,,,,,<1,N,swe
50000985000,200D098500,758T,0,+,1.0,,,,,99V23,99V35,,,,,,,<1,N,swe
50000985200,200D098520,755V,0,,,,,,,01V06,,,,,,,,<1,N,swe
50000985500,200D098550,757V,0,,,,,,,01V08,,,,,,,,<1,N,swe
50000990000,200D099000,791V,0,,,,,,,05V10,,,,,,,,<1,N,swe
50001010000,200D101000,824V,0,,,,,,,09V03,,,,,,,,<1,N,swe
50001020000,200D102000,825W,0,,,,,,,09V09,,,,,,,,<1,N,swe
50001020100,200D102010,825W,0,,,,,,,09V04,,09X21,,,,,,<1,N,swe
50001029900,200D102990,825V,0,,,,,,,09V04,,,,,,,,<1,N,swe
50001029950,200D102999,858W,0,+,,,10P05,,,99V22,,,,,,<365,,<1,N,swe
50001030000,200D103000,858W,0,+,15.0,,,,,99V22,,,,,,,,<1,N,swe
50001031000,200D103100,858W,0,+,23.0,23M04,,,,99V22,,15K99,,,,,,<1,N,swe
50001035500,200D103190,858V,0,+,,,10P05,,N,99V20,99V35,,,,,<365,,<1,N,swe
50001040000,200D104000,858V,0,+,15.0,,,,N,99V20,99V35,,,,,,,<1,N,swe
50001041000,200D104100,858V,0,+,23.0,23M04,,,N,99V20,99V35,15K99,,,,,,<1,N,swe
50001043000,200D104490,858T,0,+,,,10P05,,,99V23,99V35,,,,,<365,,<1,N,swe
50001045000,200D104500,858T,0,+,15.0,,,,,99V23,99V35,,,,,,,<1,N,swe
50001050000,200D105000,887W,0,+,30.0,,,,,99V22,,,,,,,,<1,N,swe
50001051000,200D105100,887W,0,+,23.0,23M04,,,,99V22,,30K99,,,,,,<1,N,swe
50001055000,200D105500,275O,0,+,30.0,30M04,,,N,99V20,99V35,,,,,,,<1,N,swe
50001055950,200D105595,933K,0,+,30.0,,,,,40V20,,,,,,,,<1,N,swe
50001060000,200D106000,887V,0,+,30.0,,,,N,99V20,99V35,,,,,,,<1,N,swe
50001061000,200D106100,887V,0,+,23.0,23M04,,,N,99V20,99V35,30K99,,,,,,<1,N,swe
50001065000,200D106500,887T,0,+,30.0,,,,,99V23,99V35,,,,,,,<1,N,swe
50001070000,200D107000,894V,0,,,,,,,40V07,,,,,,,,<1,N,swe
50001090000,200D109000,894V,0,,,,,,,40V15,04V03,,,,,,,<1,N,swe
50001095000,200D109500,779V,0,,,,,,,04V03,,,,,,,,<1,N,swe
50001100000,200D110000,901V,0,,,,,,,40V14,,,,,,,,<1,N,swe
50001120000,200D112000,756V,0,,,,,,,01V07,,,,,,,,<1,N,swe
50001140000,200D114000,802V,0,,,,,,,06V06,,,,,,,,<1,N,swe
50001150000,200D115000,803W,0,+,6.0,,,,,99V22,,,,,,,,<1,N,swe
50001151000,200D115100,803W,0,+,23.0,23M04,,,,99V22,,06K99,,,,,,<1,N,swe
50001151990,200D115199,173P,0,+,6.0,06M02,,,N,99V20,99V35,00X10,,,,,,<1,N,swe
50001152000,200D115200,173Q,0,+,6.0,06M02,,,N,99V20,99V35,,,,,,,<1,N,swe
50001153000,200D115300,175O,0,+,6.0,06M05,,,N,99V20,99V35,,,,,,,<1,N,swe
50001154000,200D115400,175O,0,+,6.0,06M03,,,N,99V20,99V35,,,,,,,<1,N,swe
50001155000,200D115500,179O,0,+,6.0,06M06,,,N,99V20,99V35,,,,,,,<1,N,swe
50001156000,200D115600,181O,0,+,6.0,06M07,,,N,99V20,99V35,,,,,,,<1,N,swe
50001157500,200D115701,182E,0,+,,,06P05,,N,99V20,99V35,,,,,>6574,,<1,N,swe
50001157750,200D115702,182F,0,+,,,06P05,,N,99V20,99V35,,,,,,,<1,N,swe
50001157875,200D115703,184E,0,+,,,06P06,,N,99V20,99V35,,,,,>6574,,<1,N,swe
50001157937,200D115704,184F,0,+,,,06P06,,N,99V20,99V35,,,,,,,<1,N,swe
50001159990,200D115999,803P,0,+,6.0,,,,N,99V20,99V35,00X10,,,,,,<1,N,swe
50001160050,200D116005,933F,0,+,6.0,,,,,40V20,,,,,,,,<1,N,swe
50001160100,200D116010,803Q,0,+,6.0,,,,N,99V20,99V35,,,,,,,<1,N,swe
50001160990,200D116099,803P,0,+,23.0,23M04,,,N,99V20,99V35,06K99,00X10,,,,,<1,N,swe
50001161000,200D116100,803Q,0,+,23.0,23M04,,,N,99V20,99V35,06K99,,,,,,<1,N,swe
50001165000,200D116500,803T,0,+,6.0,,,,,99V23,99V35,,,,,,,<1,N,swe
50001190000,200D119000,836W,0,+,10.0,,,,,99V22,,,,,,,,<1,N,swe
50001191000,200D119100,836W,0,+,23.0,23M04,,,,99V22,,10K99,,,,,,<1,N,swe
50001193500,200D119202,291P,0,+,10.0,10M01,,,N,99V20,99V35,,,,,>6574,,<1,N,swe
50001193750,200D119302,291Q,0,+,10.0,10M01,,,N,99V20,99V35,,,,,,,<1,N,swe
50001194000,200D119400,297O,0,+,10.0,10M02,,,N,99V20,99V35,,,,,,,<1,N,swe
50001195000,200D119500,299O,0,+,10.0,10M03,,,N,99V20,99V35,,,,,,,<1,N,swe
50001200000,200D120000,836V,0,+,10.0,,,,N,99V20,99V35,,,,,,,<1,N,swe
50001201000,200D120100,836V,0,+,23.0,23M04,,,N,99V20,99V35,10K99,,,,,,<1,N,swe
50001201500,200D120150,835V,0,,,,,,,10V06,,,,,,,,<1,N,swe
50001201600,200D120160,832V,0,,,,,,,10V03,,,,,,,,<1,N,swe
50001205000,200D120500,836T,0,+,10.0,,,,,99V23,99V35,,,,,,,<1,N,swe
50001230000,200D123000,877V,0,,,,,,,19V02,,,,,,,,<1,N,swe
50001230002,200D1230002,621A,0,+,19.0,,,1.0,,,,93X93,,,,,,<1,N,swe
50001230004,200D1230004,621A,0,+,19.0,,,,,,,93X93,50X55,,,,,<1,N,swe
50001230006,200D1230006,621B,0,+,19.0,,,,,,,93X93,,,,,,<1,N,swe
50001230008,200D1230008,880W,0,+,19.0,,,,,99V22,,,,,,,,<1,N,swe
50001230010,200D1230010,601G,0,+,19.0,19M01,,1.0,,99V20,,,,,,>21915,,<1,N,swe
50001230012,200D1230012,601G,0,+,19.0,19M01,,,,99V20,,50X55,,,,>21915,,<1,N,swe
50001230014,200D1230014,601H,0,+,19.0,19M01,,,,99V20,,,,,,>21915,,<1,N,swe
50001230200,200D123020,601C,0,+,19.0,19M01,,1.0,,99V20,,,,,,,,<1,N,swe
50001230220,200D123022,601C,0,+,19.0,19M01,,,,99V20,,50X55,,,,,,<1,N,swe
50001230240,200D123024,601D,0,+,19.0,19M01,,,,99V20,,,,,,,,<1,N,swe
50001230420,200D123042,602H,0,+,19.0,19M02,,1.0,,99V20,,,,,,>21915,,<1,N,swe
50001230440,200D123044,602H,0,+,19.0,19M02,,,,99V20,,50X55,,,,>21915,,<1,N,swe
50001230460,200D123046,602I,0,+,19.0,19M02,,,,99V20,,,,,,>21915,,<1,N,swe
50001230520,200D123052,602C,0,+,19.0,19M02,,1.0,,99V20,,,,,,,,<1,N,swe
50001230540,200D123054,602C,0,+,19.0,19M02,,,,99V20,,50X55,,,,,,<1,N,swe
50001230560,200D123056,602D,0,+,19.0,19M02,,,,99V20,,,,,,,,<1,N,swe
50001230620,200D123062,603C,0,+,19.0,19M03,,1.0,,99V20,,,,,,,,<1,N,swe
50001230640,200D123064,603C,0,+,19.0,19M03,,,,99V20,,50X55,,,,,,<1,N,swe
50001230660,200D123066,603D,0,+,19.0,19M03,,,,99V20,,,,,,,,<1,N,swe
50001230920,200D123092,604C,0,+,19.0,19M04,,1.0,,99V20,,,,,,,,<1,N,swe
50001230940,200D123094,604C,0,+,19.0,19M04,,,,99V20,,50X55,,,,,,<1,N,swe
50001230960,200D123096,604D,0,+,19.0,19M04,,,,99V20,,,,,,,,<1,N,swe
50001231020,200D123102,604G,0,+,19.0,19M05,,1.0,,99V20,,,,,,,,<1,N,swe
50001231040,200D123104,604G,0,+,19.0,19M05,,,,99V20,,50X55,,,,,,<1,N,swe
50001231060,200D123106,604H,0,+,19.0,19M05,,,,99V20,,,,,,,,<1,N,swe
50001231120,200D123112,605C,0,+,19.0,19M06,,1.0,,99V20,,,,,,,,<1,N,swe
50001231140,200D123114,605C,0,+,19.0,19M06,,,,99V20,,50X55,,,,,,<1,N,swe
50001231160,200D123116,605D,0,+,19.0,19M06,,,,99V20,,,,,,,,<1,N,swe
50001231220,200D123122,606C,0,+,19.0,19M07,,1.0,,99V20,,,,,,,,<1,N,swe
50001231240,200D123124,606C,0,+,19.0,19M07,,,,99V20,,50X55,,,,,,<1,N,swe
50001231260,200D123126,606D,0,+,19.0,19M07,,,,99V20,,,,,,,,<1,N,swe
50001231320,200D123132,607B,0,+,19.0,19M08,,1.0,,99V20,,,,,,,,<1,N,swe
50001231340,200D123134,607B,0,+,19.0,19M08,,,,99V20,,50X55,,,,,,<1,N,swe
50001231360,200D123136,607C,0,+,19.0,19M08,,,,99V20,,,,,,,,<1,N,swe
50001231420,200D123142,608K,0,+,19.0,19M10,,1.0,,99V20,,,,,,>21915,,<1,N,swe
50001231440,200D123144,608K,0,+,19.0,19M10,,,,99V20,,50X55,,,,>21915,,<1,N,swe
50001231460,200D123146,608L,0,+,19.0,19M10,,,,99V20,,,,,,>21915,,<1,N,swe
50001231520,200D123152,608F,0,+,19.0,19M10,,1.0,,99V20,,,,,,>10957,,<1,N,swe
50001231540,200D123154,608F,0,+,19.0,19M10,,,,99V20,,50X55,,,,>10957,,<1,N,swe
50001231560,200D123156,608G,0,+,19.0,19M10,,,,99V20,,,,,,>10957,,<1,N,swe
50001231620,200D123162,608A,0,+,19.0,19M10,,1.0,,99V20,,,,,,,,<1,N,swe
50001231640,200D123164,608A,0,+,19.0,19M10,,,,99V20,,50X55,,,,,,<1,N,swe
50001231660,200D123166,608B,0,+,19.0,19M10,,,,99V20,,,,,,,,<1,N,swe
50001231720,200D123172,609C,0,+,19.0,19M11,,1.0,,99V20,,,,,,,,<1,N,swe
50001231740,200D123174,609C,0,+,19.0,19M11,,,,99V20,,50X55,,,,,,<1,N,swe
50001231760,200D123176,609D,0,+,19.0,19M11,,,,99V20,,,,,,,,<1,N,swe
50001231820,200D123182,610C,0,+,19.0,19M12,,1.0,,99V20,,,,,,,,<1,N,swe
50001231840,200D123184,610C,0,+,19.0,19M12,,,,99V20,,50X55,,,,,,<1,N,swe
50001231860,200D123186,610D,0,+,19.0,19M12,,,,99V20,,,,,,,,<1,N,swe
50001231920,200D123192,611C,0,+,19.0,19M13,,1.0,,99V20,,,,,,,,<1,N,swe
50001231940,200D123194,611C,0,+,19.0,19M13,,,,99V20,,50X55,,,,,,<1,N,swe
50001231960,200D123196,611D,0,+,19.0,19M13,,,,99V20,,,,,,,,<1,N,swe
50001232020,200D123202,619C,0,+,19.0,19M20,,1.0,,99V20,,19X01,,,,,,<1,N,swe
50001232040,200D123204,619C,0,+,19.0,19M20,,,,99V20,,19X01,50X55,,,,,<1,N,swe
50001232060,200D123206,619D,0,+,19.0,19M20,,,,99V20,,19X01,,,,,,<1,N,swe
50001232120,200D123212,620B,0,+,19.0,19M20,,1.0,,99V20,,,,,,,,<1,N,swe
50001232140,200D123214,620B,0,+,19.0,19M20,,,,99V20,,50X55,,,,,,<1,N,swe
50001232160,200D123216,620C,0,+,19.0,19M20,,,,99V20,,,,,,,,<1,N,swe
50001232220,200D123222,612C,0,+,19.0,19M30,,1.0,,99V20,,,,,,,,<1,N,swe
50001232240,200D123224,612C,0,+,19.0,19M30,,,,99V20,,50X55,,,,,,<1,N,swe
50001232260,200D123226,612D,0,+,19.0,19M30,,,,99V20,,,,,,,,<1,N,swe
50001232320,200D123232,613C,0,+,19.0,19M31,,1.0,,99V20,,,,,,,,<1,N,swe
50001232340,200D123234,613C,0,+,19.0,19M31,,,,99V20,,50X55,,,,,,<1,N,swe
50001232360,200D123236,613D,0,+,19.0,19M31,,,,99V20,,,,,,,,<1,N,swe
50001232720,200D123272,614B,0,+,19.0,19M33,,1.0,,99V20,,,,,,,,<1,N,swe
50001232740,200D123274,614B,0,+,19.0,19M33,,,,99V20,,50X55,,,,,,<1,N,swe
50001232760,200D123276,614C,0,+,19.0,19M33,,,,99V20,,,,,,,,<1,N,swe
50001232820,200D123282,615C,0,+,19.0,19M32,,1.0,,99V20,,,,,,,,<1,N,swe
50001232840,200D123284,615C,0,+,19.0,19M32,,,,99V20,,50X55,,,,,,<1,N,swe
50001232860,200D123286,615D,0,+,19.0,19M32,,,,99V20,,,,,,,,<1,N,swe
50001232920,200D123292,616C,0,+,19.0,19M98,,1.0,,99V20,,,,,,,,<1,N,swe
50001232940,200D123294,616C,0,+,19.0,19M98,,,,99V20,,50X55,,,,,,<1,N,swe
50001232960,200D123296,616D,0,+,19.0,19M98,,,,99V20,,,,,,,,<1,N,swe
50001241000,200D124100,880W,0,+,23.0,23M04,,,,99V22,,19K99,,,,,,<1,N,swe
50001250012,200D124500,520O,0,+,3.0,03M10,,,N,99V20,99V35,,,,,,,<1,N,swe
50001250025,200D124550,520O,0,+,,,03P05,,N,03V02,99V35,,,,,,,<1,N,swe
50001250050,200D124560,767V,0,,,,,,,03V02,,,,,,,,<1,N,swe
50001250100,200D125010,621C,0,+,19.0,,,1.0,,99V20,,,,,,,,<1,N,swe
50001250120,200D125012,621C,0,+,19.0,,,,,99V20,,50X55,,,,,,<1,N,swe
50001250140,200D125014,621D,0,+,19.0,,,,,99V20,,,,,,,,<1,N,swe
50001251100,200D125110,621D,0,+,23.0,23M04,,,,99V20,,19K99,,,,,,<1,N,swe
50001255100,200D125510,880T,0,+,19.0,,,,,99V23,,,,,,,,<1,N,swe
50001260000,200D126000,840V,0,,,,,,,11V03,,,,,,,,<1,N,swe
50001330000,200D133000,790V,0,,,,,,,05V09,,,,,,,,<1,N,swe
50001340000,200D133100,E63Z,0,+,5.0,,,,,05V39,,-00X63,,,,,,<1,N,swe
50001350000,200D135000,902V,0,,,,,,,40V15,,,,,,,,<1,N,swe
50001360000,200D136000,908V,0,,,,,,,40V21,,,,,,,,<1,N,swe
50001369000,200D136900,470M,0,,,,,,,40V39,,-00X63,,,,,,<1,N,swe
50001370000,200D137000,926V,0,+,,,23P05,,,40V39,,,,,,,,<1,N,swe
50001380000,200D138000,845W,0,+,12.0,,,,,99V22,,,,,,,,<1,N,swe
50001381000,200D138100,845W,0,+,23.0,23M04,,,,99V22,,12K99,,,,,,<1,N,swe
50001383000,200D138300,347O,0,+,12.0,12M01,,,N,99V20,99V35,,,,,,,<1,N,swe
50001384000,200D138400,349O,0,+,12.0,12M02,,,N,99V20,99V35,,,,,,,<1,N,swe
50001384500,200D138433,845P,0,+,12.0,,,,N,99V20,12S10,99X35,00X10,,,,,<1,N,swe
50001384750,200D138467,845Q,0,+,12.0,,,,N,99V20,12S10,99X35,,,,,,<1,N,swe
50001385000,200D138500,350O,0,+,12.0,12M03,,,N,99V20,99V35,,,,,,,<1,N,swe
50001389990,200D138999,845P,0,+,12.0,,,,N,99V20,99V35,00X10,,,,,,<1,N,swe
50001390050,200D139005,933N,0,+,12.0,,,,,40V20,,,,,,,,<1,N,swe
50001390100,200D139010,845Q,0,+,12.0,,,,N,99V20,99V35,,,,,,,<1,N,swe
50001390990,200D139099,845P,0,+,23.0,23M04,,,N,99V20,99V35,12K99,00X10,,,,,<1,N,swe
50001391000,200D139100,845Q,0,+,23.0,23M04,,,N,99V20,99V35,12K99,,,,,,<1,N,swe
50001395000,200D139500,845T,0,+,12.0,,,,,99V23,99V35,,,,,,,<1,N,swe
50001440000,200D144000,771V,0,,,,,,,03V06,,,,,,,,<1,N,swe
50001480000,200D148000,811V,0,,,,,,,08V06,,,,,,,,<1,N,swe
50001491000,200D149100,235O,0,+,8.0,08M01,,,N,99V20,99V35,,,,,,,<1,N,swe
50001491100,200D149110,236O,0,+,8.0,08M02,,,N,99V20,99V35,,,,,,,<1,N,swe
50001491200,200D149120,237O,0,+,8.0,08M03,,,N,99V20,99V35,,,,,,,<1,N,swe
50001491300,200D149130,238O,0,+,8.0,08M04,,,N,99V20,99V35,,,,,,,<1,N,swe
50001491400,200D149140,239O,0,+,8.0,08M05,,,N,99V20,99V35,,,,,,,<1,N,swe
50001491500,200D149150,515O,0,+,8.0,08M20,,,N,99V20,99V35,,,,,,,<1,N,swe
50001491600,200D149160,516O,0,+,8.0,08M21,,,N,99V20,99V35,,,,,,,<1,N,swe
50001491700,200D149170,517O,0,+,8.0,08M22,,,N,99V20,99V35,,,,,,,<1,N,swe
50001491800,200D149180,241O,0,+,8.0,08M23,,,N,99V20,99V35,,,,,,,<1,N,swe
50001491900,200D149190,242O,0,+,8.0,08M24,,,N,99V20,99V35,,,,,,,<1,N,swe
50001492000,200D149200,243O,0,+,8.0,08M08,,,N,99V20,99V35,,,,,,,<1,N,swe
50001492100,200D149210,245O,0,+,8.0,08M09,,,N,99V20,99V35,,,,,,,<1,N,swe
50001492200,200D149220,247O,0,+,8.0,08M11,,,N,99V20,99V35,,,,,,,<1,N,swe
50001492300,200D149230,248O,0,+,8.0,08M12,,,N,99V20,99V35,,,,,,,<1,N,swe
50001492400,200D149240,249O,0,+,8.0,08M13,,,N,99V20,99V35,,,,,,,<1,N,swe
50001492500,200D149250,251O,0,+,8.0,08M14,,,N,99V20,99V35,,,,,,,<1,N,swe
50001492590,200D149259,254P,0,+,8.0,08M15,,,N,99V20,99V35,00X10,,,,>6574,,<1,N,swe
50001492600,200D149260,254Q,0,+,8.0,08M15,,,N,99V20,99V35,,,,,>6574,,<1,N,swe
50001492700,200D149270,255O,0,+,8.0,08M15,,,N,99V20,99V35,,,,,,,<1,N,swe
50001493990,200D149399,821P,0,+,8.0,,,,N,99V20,99V35,00X10,,,,,,<1,N,swe
50001494050,200D149405,933H,0,+,8.0,,,,,40V20,,,,,,,,<1,N,swe
50001494100,200D149410,821Q,0,+,8.0,,,,N,99V20,99V35,,,,,,,<1,N,swe
50001495990,200D149599,821P,0,+,23.0,23M04,,,N,99V20,99V35,08K99,00X10,,,,,<1,N,swe
50001496000,200D149600,821Q,0,+,23.0,23M04,,,N,99V20,99V35,08K99,,,,,,<1,N,swe
50001498000,200D149800,900V,0,,,,,,,40V13,,,,,,,,<1,N,swe
50001498200,200D149820,780V,0,,,,,,,04V04,,,,,,,,<1,N,swe
50001498400,200D149840,787V,0,,,,,,,05V06,,,,,,,,<1,N,swe
50001510000,200D151000,882W,0,+,21.0,,,,,99V22,,,,,,,,<1,N,swe
50001511000,200D151100,882W,0,+,23.0,23M04,,,,99V22,,21K99,,,,,,<1,N,swe
50001511100,200D151110,487O,0,+,,,00P21,,N,99V20,99V35,24X10,24X20,,,,,<1,N,swe
50001511200,200D151120,487O,0,+,,,00P21,,N,99V20,99V35,24X10,24X30,,,,,<1,N,swe
50001511300,200D151130,487O,0,+,,,00P21,,N,99V20,99V35,24X10,24X40,,,,,<1,N,swe
50001511400,200D151140,487O,0,+,,,00P21,,N,99V20,99V35,24X10,24X50,,,,,<1,N,swe
50001511500,200D151150,487O,0,+,,,00P21,,N,99V20,99V35,24X10,24X60,,,,,<1,N,swe
50001511600,200D151160,487O,0,+,,,00P21,,N,99V20,99V35,24X10,24X70,,,,,<1,N,swe
50001511700,200D151170,487O,0,+,,,00P21,,N,99V20,99V35,24X10,24X71,21X01,,,,<1,N,swe
50001511800,200D151180,487O,0,+,,,00P21,,N,99V20,99V35,24X10,24X72,21X03,,,,<1,N,swe
50001511900,200D151190,487O,0,+,,,00P21,,N,99V20,99V35,24X10,24X80,,,,,<1,N,swe
50001512000,200D151200,487O,0,+,,,00P21,,N,99V20,99V35,24X10,24X81,21X02,,,,<1,N,swe
50001512100,200D151210,487O,0,+,,,00P21,,N,99V20,99V35,24X20,24X30,,,,,<1,N,swe
50001512200,200D151220,487O,0,+,,,00P21,,N,99V20,99V35,24X20,24X40,,,,,<1,N,swe
50001512300,200D151230,487O,0,+,,,00P21,,N,99V20,99V35,24X20,24X50,,,,,<1,N,swe
50001512400,200D151240,487O,0,+,,,00P21,,N,99V20,99V35,24X20,24X60,,,,,<1,N,swe
50001512500,200D151250,487O,0,+,,,00P21,,N,99V20,99V35,24X20,24X70,,,,,<1,N,swe
50001512600,200D151260,487O,0,+,,,00P21,,N,99V20,99V35,24X20,24X71,21X01,,,,<1,N,swe
50001512700,200D151270,487O,0,+,,,00P21,,N,99V20,99V35,24X20,24X72,21X03,,,,<1,N,swe
50001512800,200D151280,487O,0,+,,,00P21,,N,99V20,99V35,24X20,24X80,,,,,<1,N,swe
50001512900,200D151290,487O,0,+,,,00P21,,N,99V20,99V35,24X20,24X81,21X02,,,,<1,N,swe
50001513000,200D151300,487O,0,+,,,00P21,,N,99V20,99V35,24X30,24X40,,,,,<1,N,swe
50001513100,200D151310,487O,0,+,,,00P21,,N,99V20,99V35,24X30,24X50,,,,,<1,N,swe
50001513200,200D151320,487O,0,+,,,00P21,,N,99V20,99V35,24X30,24X60,,,,,<1,N,swe
50001513300,200D151330,487O,0,+,,,00P21,,N,99V20,99V35,24X30,24X70,,,,,<1,N,swe
50001513400,200D151340,487O,0,+,,,00P21,,N,99V20,99V35,24X30,24X71,21X01,,,,<1,N,swe
50001513500,200D151350,487O,0,+,,,00P21,,N,99V20,99V35,24X30,24X72,21X03,,,,<1,N,swe
50001513600,200D151360,487O,0,+,,,00P21,,N,99V20,99V35,24X30,24X80,,,,,<1,N,swe
50001513700,200D151370,487O,0,+,,,00P21,,N,99V20,99V35,24X30,24X81,21X02,,,,<1,N,swe
50001513800,200D151380,487O,0,+,,,00P21,,N,99V20,99V35,24X40,24X50,,,,,<1,N,swe
50001513900,200D151390,487O,0,+,,,00P21,,N,99V20,99V35,24X40,24X60,,,,,<1,N,swe
50001514000,200D151400,487O,0,+,,,00P21,,N,99V20,99V35,24X40,24X70,,,,,<1,N,swe
50001514100,200D151410,487O,0,+,,,00P21,,N,99V20,99V35,24X40,24X71,21X01,,,,<1,N,swe
50001514200,200D151420,487O,0,+,,,00P21,,N,99V20,99V35,24X40,24X72,21X03,,,,<1,N,swe
50001514300,200D151430,487O,0,+,,,00P21,,N,99V20,99V35,24X40,24X80,,,,,<1,N,swe
50001514400,200D151440,487O,0,+,,,00P21,,N,99V20,99V35,24X40,24X81,21X02,,,,<1,N,swe
50001514500,200D151450,487O,0,+,,,00P21,,N,99V20,99V35,24X50,24X60,,,,,<1,N,swe
50001514600,200D151460,487O,0,+,,,00P21,,N,99V20,99V35,24X50,24X70,,,,,<1,N,swe
50001514700,200D151470,487O,0,+,,,00P21,,N,99V20,99V35,24X50,24X71,21X01,,,,<1,N,swe
50001514800,200D151480,487O,0,+,,,00P21,,N,99V20,99V35,24X50,24X72,21X03,,,,<1,N,swe
50001514900,200D151490,487O,0,+,,,00P21,,N,99V20,99V35,24X50,24X80,,,,,<1,N,swe
50001515000,200D151500,487O,0,+,,,00P21,,N,99V20,99V35,24X50,24X81,21X02,,,,<1,N,swe
50001515100,200D151510,487O,0,+,,,00P21,,N,99V20,99V35,24X60,24X70,,,,,<1,N,swe
50001515200,200D151520,487O,0,+,,,00P21,,N,99V20,99V35,24X60,24X71,21X01,,,,<1,N,swe
50001515300,200D151530,487O,0,+,,,00P21,,N,99V20,99V35,24X60,24X72,21X03,,,,<1,N,swe
50001515400,200D151540,487O,0,+,,,00P21,,N,99V20,99V35,24X60,24X80,,,,,<1,N,swe
50001515500,200D151550,487O,0,+,,,00P21,,N,99V20,99V35,24X60,24X81,21X02,,,,<1,N,swe
50001515600,200D151560,487O,0,+,,,00P21,,N,99V20,99V35,24X70,24X80,,,,,<1,N,swe
50001515700,200D151570,487O,0,+,,,00P21,,N,99V20,99V35,24X71,21X01,24X80,,,,<1,N,swe
50001515800,200D151580,487O,0,+,,,00P21,,N,99V20,99V35,24X72,21X03,24X80,,,,<1,N,swe
50001515900,200D151590,487O,0,+,,,00P21,,N,99V20,99V35,24X70,24X81,21X02,,,,<1,N,swe
50001516000,200D151600,487O,0,+,,,00P21,,N,99V20,99V35,24X71,21X01,24X81,21X02,,,<1,N,swe
50001516100,200D151610,487O,0,+,,,00P21,,N,99V20,99V35,24X72,21X03,24X81,21X02,,,<1,N,swe
50001516200,200D151620,487O,0,+,,,00P21,,N,99V20,99V35,24X90,,,,,,<1,N,swe
50001516300,200D151630,448O,0,+,21.0,21M02,,,N,99V20,99V35,,,,,,,<1,N,swe
50001516400,200D151640,448O,0,+,21.0,21M03,,,N,99V20,99V35,21X06,,,,,,<1,N,swe
50001516500,200D151650,453O,0,+,21.0,,,,N,99V20,99V35,21X05,,,,,,<1,N,swe
50001516600,200D151660,450O,0,+,21.0,21M03,,,N,99V20,99V35,,,,,,,<1,N,swe
50001516700,200D151670,445O,0,+,21.0,21M01,,,N,99V20,99V35,,,,,,,<1,N,swe
50001520000,200D152000,882V,0,+,21.0,,,,N,99V20,99V35,,,,,,,<1,N,swe
50001521000,200D152100,882V,0,+,23.0,23M04,,,N,99V20,99V35,21K99,,,,,,<1,N,swe
50001525000,200D152500,882T,0,+,21.0,,,,,99V23,99V35,,,,,,,<1,N,swe
50001530000,200D153000,883W,0,+,22.0,,,,,99V22,,,,,,,,<1,N,swe
50001531000,200D153100,883W,0,+,23.0,23M04,,,,99V22,,22K99,,,,,,<1,N,swe
50001531100,200D153110,457O,0,+,22.0,,,,N,99V20,99V35,22X01,,,,,,<1,N,swe
50001531200,200D153120,457O,0,+,22.0,,,,N,99V20,99V35,22X02,22X10,,,,,<1,N,swe
50001531300,200D153130,457O,0,+,22.0,,,,N,99V20,99V35,22X02,22X03,,,,,<1,N,swe
50001531400,200D153140,457O,0,+,22.0,,,,N,99V20,99V35,22X02,22X04,,,,,<1,N,swe
50001531500,200D153150,457O,0,+,22.0,,,,N,99V20,99V35,22X02,22X05,,,,,<1,N,swe
50001531600,200D153160,457O,0,+,22.0,,,,N,99V20,99V35,22X03,22X10,,,,,<1,N,swe
50001531700,200D153170,457O,0,+,22.0,,,,N,99V20,99V35,22X03,22X04,,,,,<1,N,swe
50001531800,200D153180,457O,0,+,22.0,,,,N,99V20,99V35,22X03,22X05,,,,,<1,N,swe
50001531900,200D153190,457O,0,+,22.0,,,,N,99V20,99V35,22X04,22X10,,,,,<1,N,swe
50001532000,200D153200,457O,0,+,22.0,,,,N,99V20,99V35,22X04,22X05,,,,,<1,N,swe
50001532100,200D153210,457O,0,+,22.0,,,,N,99V20,99V35,22X05,22X10,,,,,<1,N,swe
50001540000,200D154000,883V,0,+,22.0,,,,N,99V20,99V35,,,,,,,<1,N,swe
50001541000,200D154100,883V,0,+,23.0,23M04,,,N,99V20,99V35,22K99,,,,,,<1,N,swe
50001545000,200D154500,883T,0,+,22.0,,,,,99V23,99V35,,,,,,,<1,N,swe
50001550000,200D155000,884W,0,+,24.0,,,,,99V22,,,,,,,,<1,N,swe
50001551000,200D155100,884W,0,+,23.0,23M04,,,,99V22,,24K90,,,,,,<1,N,swe
50001561000,200D156100,884V,0,+,23.0,23M04,,,N,99V20,99V35,24K90,,,,,,<1,N,swe
50001565000,200D156500,884T,0,+,24.0,,,,,99V23,99V35,,,,,,,<1,N,swe
50001590000,200D159000,911V,0,,,,,,,40V24,,,,,,,,<1,N,swe
50001620000,200D162000,770V,0,,,,,,,03V05,,,,,,,,<1,N,swe
50001640000,200D164000,905W,0,,,,,,,11V05,,,,,,,,<1,N,swe
50001650000,200D165000,905V,0,,,,,,,05V14,,,,,,,,<1,N,swe
50001670000,200D167000,920V,0,,,,,,,40V33,,,,,,,,<1,N,swe
50001690000,200D169000,776W,0,+,3.0,,,,,99V22,,,,,,,,<1,N,swe
50001691000,200D169100,776W,0,+,23.0,23M04,,,,99V22,,03K99,,,,,,<1,N,swe
50001691100,200D169110,064O,0,+,3.0,03M01,,,N,99V20,99V35,,,,,,,<1,N,swe
50001691200,200D169120,065O,0,+,3.0,03M02,,,N,99V20,99V35,,,,,,,<1,N,swe
50001691300,200D169130,066O,0,+,3.0,03M03,,,N,99V20,99V35,,,,,,,<1,N,swe
50001691400,200D169140,070O,0,+,3.0,03M05,,,N,99V20,99V35,,,,,,,<1,N,swe
50001691500,200D169150,071O,0,+,3.0,03M06,,,N,99V20,99V35,,,,,,,<1,N,swe
50001691600,200D169160,072O,0,+,3.0,03M07,,,N,99V20,99V35,,,,,,,<1,N,swe
50001691700,200D169170,073O,0,+,3.0,03M08,,,N,99V20,99V35,,,,,>6574,,<1,N,swe
50001691800,200D169180,074O,0,+,3.0,03M08,,,N,99V20,99V35,,,,,,,<1,N,swe
50001700000,200D170000,776V,0,+,3.0,,,,N,99V20,99V35,,,,,,,<1,N,swe
50001701000,200D170100,776V,0,+,23.0,23M04,,,N,99V20,99V35,03K99,,,,,,<1,N,swe
50001701050,200D170120,061C,0,+,3.0,,,,Z,03V12,,99X00,99X02,,,,,<1,N,swe
50001701075,200D170130,061C,0,+,3.0,,,,Z,03V13,,99X00,99X02,,,,,<1,N,swe
50001701087,200D170140,061C,0,+,3.0,,,,Z,03V12,,99X04,,,,,,<1,N,swe
50001701093,200D170150,061C,0,+,3.0,,,,Z,03V13,,99X04,,,,,,<1,N,swe
50001701096,200D170160,061D,0,+,3.0,,,,Z,03V12,,,,,,,,<1,N,swe
50001701098,200D170170,061D,0,+,3.0,,,,Z,03V13,,,,,,,,<1,N,swe
50001701100,200D170110,774V,0,,,,,,,03V09,,,,,,,,<1,N,swe
50001702000,200D170200,768V,0,,,,,,,03V03,,,,,,,,<1,N,swe
50001702100,200D170210,823T,0,,,,,,N,40V10,,,,,,,,<1,,swe
50001702200,200D170220,912V,0,,,,,,,40V25,,,,,,,,<1,N,swe
50001702500,200D170250,776T,0,+,3.0,,,,,99V23,99V35,,,,,,,<1,N,swe
50001704000,200D170400,773V,0,,,,,,,03V08,,,,,,,,<1,N,swe
50001721300,200D172130,814V,0,,,,,,,08V09,,,,,,,,<1,N,swe
50001721500,200D172150,816V,0,,,,,,,08V11,,,,,,,,<1,N,swe
50001725000,200D172500,821T,0,+,8.0,,,,,99V23,99V35,,,,,,,<1,N,swe
50001726300,200D172630,817V,0,,,,,,,08V12,,,,,,,,<1,N,swe
50001726500,200D172650,820V,0,,,,,,,08V15,,,,,,,,<1,N,swe
50001727000,200D172700,813V,0,,,,,,,08V08,,,,,,,,<1,N,swe
50001727500,200D172750,815V,0,,,,,,,08V10,,,,,,,,<1,N,swe
50001728000,200D172800,899V,0,,,,,,,40V12,,,,,,,,<1,N,swe
50001740000,200D174000,829W,0,+,9.0,,,,,99V22,,,,,,,,<1,N,swe
50001741000,200D174100,829W,0,+,23.0,23M04,,,,99V22,,09K99,,,,,,<1,N,swe
50001742000,200D174200,271O,0,+,9.0,09M02,,,N,99V20,99V35,,,,,,,<1,N,swe
50001743000,200D174300,273O,0,+,9.0,09M03,,,N,99V20,99V35,,,,,,,<1,N,swe
50001744000,200D174400,273O,0,+,9.0,09M99,,,N,99V20,99V35,09X02,09X03,,,,,<1,N,swe
50001745000,200D174500,278O,0,+,9.0,09M01,,,N,99V20,99V35,,,,,,,<1,N,swe
50001746000,200D174600,278O,0,+,9.0,09M07,,,N,99V20,99V35,09X05,,,,,,<1,N,swe
50001747000,200D174700,278O,0,+,9.0,09M06,,,N,99V20,99V35,,,,,,,<1,N,swe
50001748000,200D174800,281O,0,+,9.0,09M07,,,N,99V20,99V35,,,,,>6574,,<1,N,swe
50001749000,200D174900,282O,0,+,9.0,09M07,,,N,99V20,99V35,,,,,,,<1,N,swe
50001749990,200D174999,829P,0,+,9.0,,,,N,99V20,99V35,00X10,,,,,,<1,N,swe
50001750000,200D175000,829Q,0,+,9.0,,,,N,99V20,99V35,,,,,,,<1,N,swe
50001750990,200D175099,829P,0,+,23.0,23M04,,,N,99V20,99V35,09K99,00X10,,,,,<1,N,swe
50001751000,200D175100,829Q,0,+,23.0,23M04,,,N,99V20,99V35,09K99,,,,,,<1,N,swe
50001751300,200D175130,826V,0,,,,,,,09V05,,,,,,,,<1,N,swe
50001751500,200D175150,829T,0,+,9.0,,,,,99V23,99V35,,,,,,,<1,N,swe
50001752000,200D175200,823V,0,,,,,,,09V02,,,,,,,,<1,N,swe
50001760000,200D176000,841V,0,,,,,,,11V04,,,,,,,,<1,N,swe
50001770000,200D177000,819V,0,,,,,,,08V14,,,,,,,,<1,N,swe
50001780000,200D178000,852W,0,+,13.0,,,,,99V22,,,,,,,,<1,N,swe
50001781000,200D178100,852W,0,+,23.0,23M04,,,,99V22,,13K99,,,,,,<1,N,swe
50001782990,200D178299,376P,0,+,13.0,13M01,,,N,99V20,99V35,00X10,,,,,,<1,N,swe
50001783000,200D178300,376Q,0,+,13.0,13M01,,,N,99V20,99V35,,,,,,,<1,N,swe
50001784000,200D178400,368O,0,+,13.0,13M03,,,N,99V20,99V35,,,,,,,<1,N,swe
50001789000,200D178900,383O,0,+,13.0,,,1.0,N,99V20,99V35,14X01,,,,,,<1,N,swe
50001789990,200D178999,852P,0,+,13.0,,,,N,99V20,99V35,00X10,,,,,,<1,N,swe
50001790050,200D179005,933O,0,+,13.0,,,,,40V20,,,,,,,,<1,N,swe
50001790070,200D179007,907V,0,,,,,,,40V20,,,,,,,,<1,N,swe
50001790100,200D179010,852Q,0,+,13.0,,,,N,99V20,99V35,,,,,,,<1,N,swe
50001790990,200D179099,852P,0,+,23.0,23M04,,,N,99V20,99V35,13K99,00X10,,,,,<1,N,swe
50001791000,200D179100,852Q,0,+,23.0,23M04,,,N,99V20,99V35,13K99,,,,,,<1,N,swe
50001792000,123D0001011,461O,0,+,23.0,,,,,,,00X10,,,,,,<1,N,swe
50001793000,200D179300,851V,0,,,,,,,13V06,,,,,,,,<1,N,swe
50001795000,200D179500,852T,0,+,13.0,,,,,99V23,99V35,,,,,,,<1,N,swe
50001810000,200D181000,879V,0,,,,,,,19V04,,,,,,,,<1,N,swe
50001820000,200D182000,915V,0,,,,,,,40V28,,,,,,,,<1,N,swe
50001840000,200D184000,762V,0,,,,,,,02V04,,,,,,,,<1,N,swe
50001850000,200D185000,772V,0,,,,,,,03V07,,,,,,,,<1,N,swe
50001880000,200D188000,857W,0,+,14.0,,,,,99V22,,,,,,,,<1,N,swe
50001881000,200D188100,857W,0,+,23.0,23M04,,,,99V22,,14K99,,,,,,<1,N,swe
50001881200,200D188120,383O,0,+,14.0,,,1.0,N,99V20,99V35,14X01,,,,,,<1,N,swe
50001881400,200D188140,380O,0,+,14.0,14M03,,,,99V20,99V35,,,,,,,<1,N,swe
50001881500,200D188150,379O,0,+,14.0,14M04,,,N,99V20,99V35,,,,,,,<1,N,swe
50001881600,200D188160,382O,0,+,14.0,14M06,,,N,99V20,99V35,,,,,,,<1,N,swe
50001881700,200D188170,383O,0,+,14.0,,,,N,99V20,99V35,14X10,,,,,,<1,N,swe
50001881800,200D188180,376O,0,+,14.0,,,,N,99V20,99V35,14X05,,,,,,<1,N,swe
50001881900,200D188190,376O,0,+,14.0,,,,N,99V20,99V35,14X32,,,,,,<1,N,swe
50001882000,200D188200,376O,0,+,14.0,,,,N,99V20,99V35,14X04,,,,,,<1,N,swe
50001890000,200D189000,857V,0,+,14.0,,,,N,99V20,99V35,,,,,,,<1,N,swe
50001891000,200D189100,857V,0,+,23.0,23M04,,,N,99V20,99V35,14K99,,,,,,<1,N,swe
50001895000,200D189500,857T,0,+,14.0,,,,,99V23,99V35,,,,,,,<1,N,swe
50001930000,200D193000,856V,0,,,,,,,14V04,,,,,,,,<1,N,swe
50001940000,200D194000,765W,0,+,2.0,,,,,99V22,,,,,,,,<1,N,swe
50001941000,200D194100,765W,0,+,23.0,23M04,,,,99V22,,02K99,,,,,,<1,N,swe
50001942000,200D194200,043O,0,+,2.0,02M01,,,N,99V20,99V35,,,,,,,<1,N,swe
50001943000,200D194300,044O,0,+,2.0,02M02,,,N,99V20,99V35,,,,,,,<1,N,swe
50001944000,200D194400,045O,0,+,2.0,02M03,,,N,99V20,99V35,,,,,,,<1,N,swe
50001950000,200D195000,765V,0,+,2.0,,,,N,99V20,99V35,,,,,,,<1,N,swe
50001951000,200D195100,765V,0,+,23.0,23M04,,,N,99V20,99V35,02K99,,,,,,<1,N,swe
50001951500,200D195150,765T,0,+,2.0,,,,,99V23,99V35,,,,,,,<1,N,swe
50001952700,200D195270,884P,0,+,,,90P11,,,99V22,,,,,,,,<1,N,swe
50001952800,200D195280,884O,0,+,,,90P11,,N,99V20,99V35,,,,,,,<1,N,swe
50001952900,200D195290,884Z,0,+,,,90P11,,,99V23,99V35,,,,,,,<1,N,swe
50001953000,200D195300,884W,0,+,23.0,,,,,99V22,,,,,,,,<1,N,swe
50001953500,200D155250,X97O,0,+,,,18P10,,,40V58,99V35,,,,,,,<1,N,swe
50001954000,200D195400,884V,0,+,23.0,,,,N,99V20,99V35,,,,,,,<1,N,swe
50001955000,200D195500,884T,0,+,23.0,,,,,99V23,99V35,,,,,,,<1,N,swe
50001956000,200D195600,763V,0,,,,,,,02V05,,,,,,,,<1,N,swe
50001960000,200D196000,922V,0,,,,,,,40V35,,,,,,,,<1,N,swe
50001970000,200D197000,775V,0,,,,,,,03V10,,,,,,,,<1,N,swe
50001990000,200D199000,923V,0,,,,,,,40V36,,,,,,,,<1,N,swe
50002000000,200D200000,918V,0,,,,,,,40V31,,,,,,,,<1,N,swe
50002010000,200D201000,828V,0,,,,,,,09V07,,,,,,,,<1,N,swe
50002020000,200D202000,928V,0,,,,,,,40V41,,,,,,,,<1,N,swe
50002030000,200D203000,827V,0,,,,,,,40V44,,,,,,,,<1,N,swe
50002040000,200D204000,925V,0,,,,,,,40V38,,,,,,,,<1,N,swe
50002050000,200D205000,921V,0,,,,,,,40V34,,,,,,,,<1,N,swe
50002060000,200D206000,924V,0,,,,,,,40V37,,,,,,,,<1,N,swe
50002070000,200D207000,764V,0,,,,,,,02V06,,,,,,,,<1,N,swe
50002080000,200D208000,826W,0,,,,,,,09V08,,,,,,,,<1,N,swe
50002080100,200D208010,970A,0,+,1.0,,,,,99V20,99V39,,,,,,,<1,N,swe
50002080250,200D208025,970A,0,+,23.0,23M04,,,,99V20,99V39,01K99,,,,,,<1,N,swe
50002080500,200D208050,970B,0,+,2.0,,,,,99V20,99V39,,,,,,,<1,N,swe
50002080750,200D208075,970B,0,+,23.0,23M04,,,,99V20,99V39,02K99,,,,,,<1,N,swe
50002081000,200D208100,970C,0,+,3.0,,,,,99V20,99V39,,,,,,,<1,N,swe
50002081250,200D208125,970C,0,+,23.0,23M04,,,,99V20,99V39,03K99,,,,,,<1,N,swe
50002081500,200D208150,970D,0,+,4.0,,,,,99V20,99V39,,,,,,,<1,N,swe
50002081750,200D208175,970D,0,+,23.0,23M04,,,,99V20,99V39,04K99,,,,,,<1,N,swe
50002082000,200D208200,970E,0,+,5.0,,,,,99V20,99V39,,,,,,,<1,N,swe
50002082250,200D208225,970E,0,+,23.0,23M04,,,,99V20,99V39,05K99,,,,,,<1,N,swe
50002082350,200D208235,970E,0,,,,,,,05V11,99V39,,,,,,,<1,N,swe
50002082500,200D208250,970F,0,+,6.0,,,,,99V20,99V39,,,,,,,<1,N,swe
50002082750,200D208275,970F,0,+,23.0,23M04,,,,99V20,99V39,06K99,,,,,,<1,N,swe
50002083000,200D208300,970G,0,+,7.0,,,,,99V20,99V39,,,,,,,<1,N,swe
50002083250,200D208325,970G,0,+,23.0,23M04,,,,99V20,99V39,07K99,,,,,,<1,N,swe
50002083350,200D208335,970G,0,,,,,,,07V01,99V39,,,,,,,<1,N,swe
50002083500,200D208350,970H,0,+,8.0,,,,,99V20,99V39,,,,,,,<1,N,swe
50002083750,200D208375,970H,0,+,23.0,23M04,,,,99V20,99V39,08K99,,,,,,<1,N,swe
50002084000,200D208400,970J,0,+,9.0,,,,,99V20,99V39,,,,,,,<1,N,swe
50002084250,200D208425,970J,0,+,23.0,23M04,,,,99V20,99V39,09K99,,,,,,<1,N,swe
50002084500,200D208450,970K,0,+,30.0,,,,,99V20,99V39,,,,,,,<1,N,swe
50002084750,200D208475,970K,0,+,23.0,23M04,,,,99V20,99V39,30K99,,,,,,<1,N,swe
50002085000,200D208500,970L,0,+,10.0,,,,,99V20,99V39,,,,,,,<1,N,swe
50002085250,200D208525,970L,0,+,23.0,23M04,,,,99V20,99V39,10K99,,,,,,<1,N,swe
50002085500,200D208550,970M,0,+,11.0,,,,,99V20,99V39,,,,,,,<1,N,swe
50002085750,200D208575,970M,0,+,23.0,23M04,,,,99V20,99V39,11K99,,,,,,<1,N,swe
50002086000,200D208600,970N,0,+,12.0,,,,,99V20,99V39,,,,,,,<1,N,swe
50002086250,200D208625,970N,0,+,23.0,23M04,,,,99V20,99V39,12K99,,,,,,<1,N,swe
50002086500,200D208650,970SO,0,+,13.0,,,,,99V20,99V39,,,,,,,<1,N,swe
50002086750,200D208675,970SO,0,+,23.0,23M04,,,,99V20,99V39,13K99,,,,,,<1,N,swe
50002087000,200D208700,970P,0,+,14.0,,,,,99V20,99V39,,,,,,,<1,N,swe
50002087250,200D208725,970P,0,+,23.0,23M04,,,,99V20,99V39,14K99,,,,,,<1,N,swe
50002087375,200D208745,970Q,0,+,,,10P05,,,99V20,99V39,,,,,<365,,<1,N,swe
50002087500,200D208750,970Q,0,+,15.0,,,,,99V20,99V39,,,,,,,<1,N,swe
50002087750,200D208775,970Q,0,+,23.0,23M04,,,,99V20,99V39,15K99,,,,,,<1,N,swe
50002088000,200D208800,960R,0,+,16.0,,,,,99V20,99V39,,,,,,,<1,N,swe
50002088250,200D208825,960R,0,+,23.0,23M04,,,,99V20,99V39,16K99,,,,,,<1,N,swe
50002088500,200D208850,970R,0,+,17.0,,,,,99V20,99V39,,,,,,,<1,N,swe
50002088750,200D208875,970R,0,+,23.0,23M04,,,,99V20,99V39,17K99,,,,,,<1,N,swe
50002089000,200D208900,970S,0,+,18.0,,,,,99V20,99V39,,,,,,,<1,N,swe
50002089250,200D208925,970S,0,+,23.0,23M04,,,,99V20,99V39,18K99,,,,,,<1,N,swe
50002090000,200D209000,970U,0,+,21.0,,,,,99V20,99V39,,,,,,,<1,N,swe
50002090250,200D209025,970U,0,+,23.0,23M04,,,,99V20,99V39,21K99,,,,,,<1,N,swe
50002090500,200D209050,970W,0,+,,,90P11,,,99V20,99V39,,,,,,,<1,N,swe
50002090750,200D209075,970Y,0,+,22.0,,,,,99V20,99V39,,,,,,,<1,N,swe
50002091000,200D209100,970Y,0,+,23.0,23M04,,,,99V20,99V39,22K99,,,,,,<1,N,swe
50002091125,200D2091125,X97O,0,+,,,18P10,,,99V20,99V39,,,,,,,<1,N,swe
50002091187,200D2091126,X97O,0,,,,,,,40V58,99V39,,,,,,,<1,N,swe
50002091250,200D209125,970SV,0,+,24.0,,,,,99V20,99V39,,,,,,,<1,N,swe
50002091500,200D209150,970SV,0,+,23.0,,,,,99V20,99V39,,,,,,,<1,N,swe
50002110000,200D211000,951V,0,,,,,,,99V37,99V20,,,,,,,<1,N,swe
50002115000,200D211500,876V,0,,,,,,,19V01,,,,,,,,<1,N,swe
50002130000,200D213000,953V,0,,,,,,,99V35,99V21,,,,,,,<1,N,swe
50002150000,200D215000,955V,0,,,,,,,99V34,99V20,,,,,,,<1,N,swe
50002155000,200D215500,909V,0,,,,,,,40V22,,,,,,,,<1,N,swe
50002190000,200D219000,959V,0,,,,,,,99V33,99V20,,,,,,,<1,N,swe
50002200000,200D220000,960V,0,,,,,,,99V37,99V21,,,,,,,<1,N,swe
50002220000,200D222000,962V,0,,,,,,,99V36,99V20,,,,,,,<1,N,swe
50002229500,200D222950,981V,0,,,,,,,99V43,99V20,,,,,,,<1,N,swe
50002250000,200D225000,965V,0,,,,,,,99V30,99V20,,,,,,,<1,N,swe
50002260000,200D226000,966V,0,,,,,,,99V32,99V20,,,,,,,<1,N,swe
50002270000,200D227000,967V,0,,,,,,,99V31,99V20,,,,,,,<1,N,swe
50002280000,200D228000,968V,0,,,,,,,99V34,99V21,,,,,,,<1,N,swe
50002290000,200D229000,969V,0,,,,,,,99V38,99V20,,,,,,,<1,N,swe
50002299000,200D229900,927V,0,,,,,,,40V40,,,,,,,,<1,N,swe
50002300000,200D230000,970V,0,,,,,,,99V39,99V20,,,,,,,<1,N,swe
50002310000,200D231000,971V,0,,,,,,,99V33,99V21,,,,,,,<1,N,swe
50002322000,200D232200,972V,0,,,,,,,99V40,99V20,,,,,,,<1,N,swe
50002330000,200D233000,973V,0,,,,,,,99V36,99V21,,,,,,,<1,N,swe
50002333000,200D234100,X97O,0,+,,,18P10,,,99V42,,,,,,,,<1,N,swe
50002336000,200D234150,X97O,0,,,,,,,40V58,99V42,,,,,,,<1,N,swe
50002342000,200D234200,974V,0,,,,,,,99V42,99V20,,,,,,,<1,N,swe
50002343000,200D234300,974V,0,,,,,,,99V42,99V21,,,,,,,<1,N,swe
50002346500,200D2346500,974V,0,+,,99M02,,,,99V20,,,,,,,,<1,N,swe
50002350000,200D235000,975V,0,,,,,,,99V30,99V21,,,,,,,<1,N,swe
50002360000,200D236000,976V,0,,,,,,,99V32,99V21,,,,,,,<1,N,swe
50002372000,200D237200,977V,0,,,,,,,99V41,99V20,,,,,,,<1,N,swe
50002380000,200D238000,978V,0,,,,,,,99V31,99V21,,,,,,,<1,N,swe
50002390000,200D239000,979V,0,,,,,,,99V38,99V21,,,,,,,<1,N,swe
50002395000,200D239500,983V,0,,,,,,,99V43,99V21,,,,,,,<1,N,swe
50002400000,200D240000,980V,0,,,,,,,99V39,99V21,,,,,,,<1,N,swe
50002405000,200D240500,972Y,0,,,,,,,99V40,99V21,,,,,,,<1,N,swe
50002406000,200D240600,977Y,0,,,,,,,99V41,99V21,,,,,,,<1,N,swe
57002500100,270D250010,929W,0,,,,,,,99V23,,,,,,,,<1,N,swe
57809900000,278D990000,470V,2,+,98.0,,,,,,,,,,,,,<1,,swe
57809900010,000D0040109,470V,2,+,98.0,,,,,,,,,,,,,<2,,est/fin/ice/lat/nor
57900010000,199D001000,477O,7,+,,,,,P,,,,,,,,,<2,N,den/est/fin/ice/lat
57900010001,199D0010001,477O,7,+,,,,,S,,,,,,,,,<2,N,nor
57900020000,199D002000,998NO,0,,,,,,,99V21,,,,,,,,<2,N,ice
57900900000,199D090000,980X,0,+,,,40P80,,,,,,,,,<29,,<2,N,nor
57900900400,199D090040,981X,0,+,,,,,,,,,,,,,,<2,N,nor
58000000000,280D000000,477O,7,+,,,,,S,,,,,,,,,<1,N,swe
58000000010,280D000001,477O,7,+,,,,,,,,00X10,,,,,,<1,N,swe
59909999900,299D999990,470U,9,,,,,,,,,,,,,,,<2,N,fin/est
59909999901,299D9999901,470Z,9,,,,,,,,,,,,,,,<2,N,ice
59909999902,299D9999902,470Z,9,,,,,,,,,,,,,,,<1,N,swe
64955499951,400D090000,W95N,0,+,,,23P20,,,,,,,,,,,>0,,swe
67478249975,400D300300,495X,0,+,,,,,S,00S04,,,,,,,,,,den/est/fin/ice/lat/nor/swe
70001000000,400D100000,480X,0,+,,,,,S,00S01,,,,,,,,,,fin
70001001000,400D100100,480X,0,+,,,,,S,00S01,,,,,,,,,,den/est/ice/lat/nor
70001001090,400D100109,480X,0,+,,,,,S,00S01,,,,,,,,,,swe
70002001000,400D200100,481B,0,+,,,,,,17S03,,,,,,>6574,,,,den/fin/ice/lat/nor
70002001090,400D200109,518N,0,+,,,,,,17S03,,,,,,>6574,,,,swe
70002001100,400D200110,481C,0,+,,,,,,17S03,,,,,,,,,,den/fin/ice/lat/nor
70002001101,400D2001101,518B,0,+,,,,,,17S03,,,,,,,,,,swe
70002001200,400D200120,481A,0,+,,,,,,17S04,,,,,,,,,,den/fin/ice/lat/nor
70002001201,400D2001201,481C,0,+,,,,1.0,,17S04,,,,,,,,,,swe
70002001290,400D200129,481N,0,+,,,,,,17S04,,,,,,,,,,swe
70003001000,400D300100,103X,0,+,,,,,S,00S07,,,,,,,,,,den/est/fin/ice/lat/nor/swe
70003002000,400D300200,103X,0,+,5.0,,,,S,05S01,,,,,,,,,,den/est/fin/ice/lat/nor/swe
70003004000,400D300400,191A,0,+,,,,,S,00S06,,,,,,,,,,den/est/fin/ice/lat/nor/swe
70003005000,400D300500,302X,0,+,,,,,S,11S01,,,,,,,,,,den/fin/ice/lat/nor
70003005001,400D3005001,302X,0,+,11.0,,,,S,11S01,,,,,,,,,,est
70003005010,400D300501,302C,0,+,,,,,S,11S01,,11X05,,,,,,,,swe
70003005050,400D300505,302C,0,+,,,,1.0,S,11S01,,,,,,,,,,swe
70003005090,400D300509,302N,0,+,,,,,S,11S01,,,,,,,,,,swe
70003006000,400D300600,482X,0,+,,,00P11,,S,00S03,,,,,,,,,,den/fin/ice/lat/nor
70003006050,400D300605,482C,0,+,,,00P11,1.0,S,00S03,,,,,,,,,,swe
70003006060,400D300606,482C,0,+,,,,,S,00S03,00S05,,,,,,,,,swe
70003006090,400D300609,482N,0,+,,,00P11,,S,00S03,,,,,,,,,,swe
70003006140,400D300614,482N,0,+,,,,,S,00S09,,,,,,,,,,swe
70003006150,400D300615,482X,0,+,,,,,S,00S09,,,,,,,,,,fin/nor
70003008000,400D300800,483X,0,+,,,,,S,00S03,,,,,,,,,,den/fin/ice/lat/nor
70003008001,400D3008001,483M,0,+,,,,2.0,S,00S03,,,,,,,,,,swe
70003008090,400D300809,483N,0,+,,,,,S,00S03,,,,,,,,,,swe
70003008100,400D300810,483B,0,+,,,,,S,00S20,,,,,,,,,,swe
70003008110,400D300811,483B,0,+,,,,,S,00S21,05S02,,,,,,,,,swe
70003008120,400D300812,483B,0,+,,,,,S,00S21,05S09,,,,,,,,,swe
70003008200,400D300820,483B,0,+,,,,,S,00S20,,,,,,,,,,ice
70003008300,400D300830,483B,0,+,,,,,S,00S21,05S02,,,,,,,,,ice
70003008400,400D300840,483B,0,+,,,,,S,00S21,05S09,,,,,,,,,ice
70003008500,400D300850,483B,0,+,,,,,S,00S20,,,,,,,,,,fin
70003008600,400D300860,483B,0,+,,,,,S,00S21,05S02,,,,,,,,,fin
70003008700,400D300870,483B,0,+,,,,,S,00S21,05S09,,,,,,,,,fin
70003009000,400D300900,483B,0,+,,,,,S,00S20,,,,,,,,,,den/est/lat/nor
70003009100,400D300910,483B,0,+,,,,,S,00S21,05S02,,,,,,,,,nor
70003009200,400D300920,483B,0,+,,,,,S,00S21,05S09,,,,,,,,,nor
70003009500,400D300950,483B,0,+,,,,,S,00S21,05S02,,,,,,,,,den/lat
70003009700,400D300970,483B,0,+,,,,,S,00S21,05S09,,,,,,,,,den/lat
70003100000,400D310000,550E,0,+,,,01P10,,N,,,23X20,23F52,,,,,,,den/est/fin/ice/swe
70003100500,400D310010,550E,0,+,,,05P11,,N,,,23X20,01X05,23F52,,,,,,swe
70003101000,400D310100,550D,0,+,,,01P10,,N,,,23X20,23F11,23F72,,,,,,den/est/fin/ice/swe
70003101500,400D310110,550D,0,+,,,05P11,,N,,,23X20,01X05,23F11,23F72,,,,,swe
70003102000,400D310200,550C,0,+,,,01P10,,N,,,23X20,23F11,,,,,,,den/est/fin/ice/swe
70003102500,400D310210,550C,0,+,,,05P11,,N,,,23X20,01X05,23F11,,,,,,swe
70003103000,400D310300,550B,0,+,,,01P10,,N,,,23X20,23F72,,,,,,,den/est/fin/ice/swe
70003103500,400D310310,550B,0,+,,,05P11,,N,,,23X20,01X05,23F72,,,,,,swe
70003104000,400D310400,550A,0,+,,,01P10,,N,,,23X20,,,,,,,,den/est/fin/ice/lat/swe
70003104500,400D310410,550A,0,+,,,05P11,,N,,,23X20,01X05,,,,,,,swe
70003105000,400D310500,551B,0,+,,,01P11,,N,,,23X20,23F72,,,,,,,den/est/fin/ice/swe
70003106000,400D310600,551A,0,+,,,01P11,,N,,,23X20,,,,,,,,den/est/fin/ice/lat/swe
70003107000,400D310700,552C,0,+,,,01P12,,N,,,23X20,23F71,23F02,,,,,,den/est/fin/ice/swe
70003108000,400D310800,552B,0,+,,,01P12,,N,,,23X20,23F71,,,,,,,den/est/fin/ice/swe
70003109000,400D310900,552A,0,+,,,01P12,,N,,,23X20,,,,,,,,den/est/fin/ice/lat/swe
70003110000,400D311000,553B,0,+,,,01P13,,N,,,23X20,23F51,,,,,,,den/est/fin/ice/swe
70003111000,400D311100,553A,0,+,,,01P13,,N,,,23X20,,,,,,,,den/est/fin/ice/lat/swe
70003112000,400D311200,554B,0,+,,,01P14,,N,,,23X20,23F72,,,,,,,den/est/fin/ice/swe
70003113000,400D311300,554A,0,+,,,01P14,,N,,,23X20,,,,,,,,den/est/fin/ice/lat/swe
70003114000,400D311400,555B,0,+,,,01P15,,N,,,23X20,23F72,,,,,,,den/est/fin/ice/swe
70003115000,400D311500,555A,0,+,,,01P15,,N,,,23X20,,,,,,,,den/est/fin/ice/lat/swe
70003116000,400D311600,556B,0,+,,,05P10,,N,,,23X20,23F71,,,,,,,den/est/fin/ice/swe
70003117000,400D311700,556A,0,+,,,05P10,,N,,,23X20,,,,,,,,den/est/fin/ice/lat/swe
70003118000,400D311800,557E,0,+,,,08P10,,N,,,23X20,23F32,23F41,,,,,,den/est/fin/ice/swe
70003119000,400D311900,557D,0,+,,,08P10,,N,,,23X20,23F32,,,,,,,den/est/fin/ice/swe
70003120000,400D312000,557C,0,+,,,08P10,,N,,,23X20,23F41,,,,,,,den/est/fin/ice/swe
70003121000,400D312100,557B,0,+,,,08P10,,N,,,23X20,23F72,,,,,,,den/est/fin/ice/swe
70003122000,400D312200,557A,0,+,,,08P10,,N,,,23X20,,,,,,,,den/est/fin/ice/lat/swe
70003123000,400D312300,558C,0,+,,,21P10,,N,,,23X20,23F32,,,,,,,den/est/fin/ice/swe
70003124000,400D312400,558B,0,+,,,21P10,,N,,,23X20,23F61,,,,,,,den/est/fin/ice/swe
70003125000,400D312500,558A,0,+,,,21P10,,N,,,23X20,,,,,,,,den/est/fin/ice/lat/swe
70003126000,400D312600,559B,0,+,,,23P10,,N,,,23X20,23F72,,,,,,,den/est/fin/ice/swe
70003127000,400D312700,559A,0,+,,,23P10,,N,,,23X20,,,,,,,,den/est/fin/ice/lat/swe
70003128000,400D312800,560E,0,+,,,,,N,,,23X20,23F31,23F91,,,,,,den/est/fin/ice/swe
70003129000,400D312900,560D,0,+,,,,,N,,,23X20,23F31,,,,,,,den/est/fin/ice/swe
70003130000,400D313000,560C,0,+,,,,,N,,,23X20,23F91,,,,,,,den/est/fin/ice/swe
70003131000,400D313100,560B,0,+,,,,,N,,,23X20,23F62,,,,,,,den/est/fin/ice/swe
70003132000,400D313200,560A,0,+,,,,,N,,,23X20,,,,,,,,den/est/fin/ice/lat/swe
70005100000,400D510000,484X,0,+,,,00P21,,S,21S04,,24X10,24X20,,,,,,,den/est/ice/lat/nor/swe
70005100100,400D510010,484X,0,+,,,00P21,,S,21S04,,24X10,24X30,,,,,,,den/est/ice/lat/nor/swe
70005100200,400D510020,484X,0,+,,,00P21,,S,21S04,,24X10,24X40,,,,,,,den/est/ice/lat/nor/swe
70005100300,400D510030,484X,0,+,,,00P21,,S,21S04,,24X10,24X50,,,,,,,den/est/ice/lat/nor/swe
70005100400,400D510040,484X,0,+,,,00P21,,S,21S04,,24X10,24X60,,,,,,,den/est/ice/lat/nor/swe
70005100500,400D510050,484X,0,+,,,00P21,,S,21S04,,24X10,24X70,,,,,,,den/est/ice/lat/nor/swe
70005100600,400D510060,484X,0,+,,,00P21,,S,21S04,,24X10,24X71,21X01,,,,,,den/est/ice/lat/nor/swe
70005100700,400D510070,484X,0,+,,,00P21,,S,21S04,,24X10,24X72,21X03,,,,,,den/est/ice/lat/nor/swe
70005100800,400D510080,484X,0,+,,,00P21,,S,21S04,,24X10,24X80,,,,,,,den/est/ice/lat/nor/swe
70005100900,400D510090,484X,0,+,,,00P21,,S,21S04,,24X10,24X81,21X02,,,,,,den/est/ice/lat/nor/swe
70005101000,400D510100,484X,0,+,,,00P21,,S,21S04,,24X20,24X30,,,,,,,den/est/ice/lat/nor/swe
70005101100,400D510110,484X,0,+,,,00P21,,S,21S04,,24X20,24X40,,,,,,,den/est/ice/lat/nor/swe
70005101110,400D510111,484N,0,+,,,24P01,,S,21S04,,24X11,24X21,,,,,,,fin
70005101200,400D510120,484X,0,+,,,00P21,,S,21S04,,24X20,24X50,,,,,,,den/est/ice/lat/nor/swe
70005101210,400D510121,484N,0,+,,,24P01,,S,21S04,,24X11,24X22,,,,,,,fin
70005101300,400D510130,484X,0,+,,,00P21,,S,21S04,,24X20,24X60,,,,,,,den/est/ice/lat/nor/swe
70005101310,400D510131,484N,0,+,,,24P01,,S,21S04,,24X11,24X31,,,,,,,fin
70005101400,400D510140,484X,0,+,,,00P21,,S,21S04,,24X20,24X70,,,,,,,den/est/ice/lat/nor/swe
70005101410,400D510141,484N,0,+,,,24P01,,S,21S04,,24X11,24X41,,,,,,,fin
70005101500,400D510150,484X,0,+,,,00P21,,S,21S04,,24X20,24X71,21X01,,,,,,den/est/ice/lat/nor/swe
70005101510,400D510151,484N,0,+,,,24P01,,S,21S04,,24X11,24X61,,,,,,,fin
70005101600,400D510160,484X,0,+,,,00P21,,S,21S04,,24X20,24X72,21X03,,,,,,den/est/ice/lat/nor/swe
70005101700,400D510170,484X,0,+,,,00P21,,S,21S04,,24X20,24X80,,,,,,,den/est/ice/lat/nor/swe
70005101800,400D510180,484X,0,+,,,00P21,,S,21S04,,24X20,24X81,21X02,,,,,,den/est/ice/lat/nor/swe
70005101900,400D510190,484X,0,+,,,00P21,,S,21S04,,24X30,24X40,,,,,,,den/est/ice/lat/nor/swe
70005102000,400D510200,484X,0,+,,,00P21,,S,21S04,,24X30,24X50,,,,,,,den/est/ice/lat/nor/swe
70005102100,400D510210,484X,0,+,,,00P21,,S,21S04,,24X30,24X60,,,,,,,den/est/ice/lat/nor/swe
70005102200,400D510220,484X,0,+,,,00P21,,S,21S04,,24X30,24X70,,,,,,,den/est/ice/lat/nor/swe
70005102300,400D510230,484X,0,+,,,00P21,,S,21S04,,24X30,24X71,21X01,,,,,,den/est/ice/lat/nor/swe
70005102400,400D510240,484X,0,+,,,00P21,,S,21S04,,24X30,24X72,21X03,,,,,,den/est/ice/lat/nor/swe
70005102500,400D510250,484X,0,+,,,00P21,,S,21S04,,24X30,24X80,,,,,,,den/est/ice/lat/nor/swe
70005102600,400D510260,484X,0,+,,,00P21,,S,21S04,,24X30,24X81,21X02,,,,,,den/est/ice/lat/nor/swe
70005102700,400D510270,484X,0,+,,,00P21,,S,21S04,,24X40,24X50,,,,,,,den/est/ice/lat/nor/swe
70005102800,400D510280,484X,0,+,,,00P21,,S,21S04,,24X40,24X60,,,,,,,den/est/ice/lat/nor/swe
70005102900,400D510290,484X,0,+,,,00P21,,S,21S04,,24X40,24X70,,,,,,,den/est/ice/lat/nor/swe
70005103000,400D510300,484X,0,+,,,00P21,,S,21S04,,24X40,24X71,21X01,,,,,,den/est/ice/lat/nor/swe
70005103100,400D510310,484X,0,+,,,00P21,,S,21S04,,24X40,24X72,21X03,,,,,,den/est/ice/lat/nor/swe
70005103200,400D510320,484X,0,+,,,00P21,,S,21S04,,24X40,24X80,,,,,,,den/est/ice/lat/nor/swe
70005103300,400D510330,484X,0,+,,,00P21,,S,21S04,,24X40,24X81,21X02,,,,,,den/est/ice/lat/nor/swe
70005103400,400D510340,484X,0,+,,,00P21,,S,21S04,,24X50,24X60,,,,,,,den/est/ice/lat/nor/swe
70005103500,400D510350,484X,0,+,,,00P21,,S,21S04,,24X50,24X70,,,,,,,den/est/ice/lat/nor/swe
70005103600,400D510360,484X,0,+,,,00P21,,S,21S04,,24X50,24X71,21X01,,,,,,den/est/ice/lat/nor/swe
70005103700,400D510370,484X,0,+,,,00P21,,S,21S04,,24X50,24X72,21X03,,,,,,den/est/ice/lat/nor/swe
70005103800,400D510380,484X,0,+,,,00P21,,S,21S04,,24X50,24X80,,,,,,,den/est/ice/lat/nor/swe
70005103900,400D510390,484X,0,+,,,00P21,,S,21S04,,24X50,24X81,21X02,,,,,,den/est/ice/lat/nor/swe
70005104000,400D510400,484X,0,+,,,00P21,,S,21S04,,24X60,24X70,,,,,,,den/est/ice/lat/nor/swe
70005104100,400D510410,484X,0,+,,,00P21,,S,21S04,,24X60,24X71,21X01,,,,,,den/est/ice/lat/nor/swe
70005104200,400D510420,484X,0,+,,,00P21,,S,21S04,,24X60,24X72,21X03,,,,,,den/est/ice/lat/nor/swe
70005104300,400D510430,484X,0,+,,,00P21,,S,21S04,,24X60,24X80,,,,,,,den/est/ice/lat/nor/swe
70005104400,400D510440,484X,0,+,,,00P21,,S,21S04,,24X60,24X81,21X02,,,,,,den/est/ice/lat/nor/swe
70005104500,400D510450,484X,0,+,,,00P21,,S,21S04,,24X70,24X80,,,,,,,den/est/ice/lat/nor/swe
70005104600,400D510460,484X,0,+,,,00P21,,S,21S04,,24X71,21X01,24X80,,,,,,den/est/ice/lat/nor/swe
70005104700,400D510470,484X,0,+,,,00P21,,S,21S04,,24X72,21X03,24X80,,,,,,den/est/ice/lat/nor/swe
70005104800,400D510480,484X,0,+,,,00P21,,S,21S04,,24X70,24X81,21X02,,,,,,den/est/ice/lat/nor/swe
70005104900,400D510490,484X,0,+,,,00P21,,S,21S04,,24X71,21X01,24X81,21X02,,,,,den/est/ice/lat/nor/swe
70005104920,400D510492,484X,0,+,,,00P21,,S,21S04,,24X72,21X01,24X81,21X02,,,,,nor
70005105000,400D510500,484X,0,+,,,00P21,,S,21S04,,24X72,21X03,24X81,21X02,,,,,den/est/ice/lat/swe
70005105100,400D510510,484X,0,+,,,00P21,,S,21S04,,24X90,,,,,,,,den/est/ice/lat/nor/swe
70005105110,400D512000,486X,0,+,,,00P21,,S,21S03,,24X10,24X20,,,,,,,ice/nor/swe
70005105120,400D512001,486X,0,+,,,00P21,,,21S03,,24X10,24X20,00X10,,,,,,ice/swe
70005105130,400D512010,486X,0,+,,,00P21,,S,21S03,,24X10,24X30,,,,,,,ice/nor/swe
70005105140,400D512011,486X,0,+,,,00P21,,,21S03,,24X10,24X30,00X10,,,,,,ice/swe
70005105150,400D512020,486X,0,+,,,00P21,,S,21S03,,24X10,24X40,,,,,,,ice/nor/swe
70005105160,400D512021,486X,0,+,,,00P21,,,21S03,,24X10,24X40,00X10,,,,,,ice/swe
70005105170,400D512030,486X,0,+,,,00P21,,S,21S03,,24X10,24X50,,,,,,,ice/nor/swe
70005105180,400D512031,486X,0,+,,,00P21,,,21S03,,24X10,24X50,00X10,,,,,,ice/swe
70005105190,400D512040,486X,0,+,,,00P21,,S,21S03,,24X10,24X60,,,,,,,ice/nor/swe
70005105200,400D512041,486X,0,+,,,00P21,,,21S03,,24X10,24X60,00X10,,,,,,ice/swe
70005105210,400D512050,486X,0,+,,,00P21,,S,21S03,,24X10,24X70,,,,,,,ice/nor/swe
70005105220,400D512051,486X,0,+,,,00P21,,,21S03,,24X10,24X70,00X10,,,,,,ice/swe
70005105230,400D512060,486X,0,+,,,00P21,,S,21S03,,24X10,24X71,21X01,,,,,,ice/nor/swe
70005105240,400D512061,486X,0,+,,,00P21,,,21S03,,24X10,24X71,21X01,00X10,,,,,ice/swe
70005105250,400D512070,486X,0,+,,,00P21,,S,21S03,,24X10,24X72,21X03,,,,,,ice/nor/swe
70005105260,400D512071,486X,0,+,,,00P21,,,21S03,,24X10,24X72,21X03,00X10,,,,,ice/swe
70005105270,400D512080,486X,0,+,,,00P21,,S,21S03,,24X10,24X80,,,,,,,ice/nor/swe
70005105280,400D512081,486X,0,+,,,00P21,,,21S03,,24X10,24X80,00X10,,,,,,ice/swe
70005105290,400D512090,486X,0,+,,,00P21,,S,21S03,,24X10,24X81,21X02,,,,,,ice/nor/swe
70005105300,400D512091,486X,0,+,,,00P21,,,21S03,,24X10,24X81,21X02,00X10,,,,,ice/swe
70005105310,400D512100,486X,0,+,,,00P21,,S,21S03,,24X20,24X30,,,,,,,ice/nor/swe
70005105320,400D512101,486X,0,+,,,00P21,,,21S03,,24X20,24X30,00X10,,,,,,ice/swe
70005105330,400D512110,486X,0,+,,,00P21,,S,21S03,,24X20,24X40,,,,,,,ice/nor/swe
70005105340,400D512111,486X,0,+,,,00P21,,,21S03,,24X20,24X40,00X10,,,,,,ice/swe
70005105350,400D512120,486X,0,+,,,00P21,,S,21S03,,24X20,24X50,,,,,,,ice/nor/swe
70005105360,400D512121,486X,0,+,,,00P21,,,21S03,,24X20,24X50,00X10,,,,,,ice/swe
70005105370,400D512130,486X,0,+,,,00P21,,S,21S03,,24X20,24X60,,,,,,,ice/nor/swe
70005105380,400D512131,486X,0,+,,,00P21,,,21S03,,24X20,24X60,00X10,,,,,,ice/swe
70005105390,400D512140,486X,0,+,,,00P21,,S,21S03,,24X20,24X70,,,,,,,ice/nor/swe
70005105400,400D512141,486X,0,+,,,00P21,,,21S03,,24X20,24X70,00X10,,,,,,ice/swe
70005105410,400D512150,486X,0,+,,,00P21,,S,21S03,,24X20,24X71,21X01,,,,,,ice/nor/swe
70005105420,400D512151,486X,0,+,,,00P21,,,21S03,,24X20,24X71,21X01,00X10,,,,,ice/swe
70005105430,400D512160,486X,0,+,,,00P21,,S,21S03,,24X20,24X72,21X03,,,,,,ice/nor/swe
70005105440,400D512161,486X,0,+,,,00P21,,,21S03,,24X20,24X72,21X03,00X10,,,,,ice/swe
70005105450,400D512170,486X,0,+,,,00P21,,S,21S03,,24X20,24X80,,,,,,,ice/nor/swe
70005105460,400D512171,486X,0,+,,,00P21,,,21S03,,24X20,24X80,00X10,,,,,,ice/swe
70005105470,400D512180,486X,0,+,,,00P21,,S,21S03,,24X20,24X81,21X02,,,,,,ice/nor/swe
70005105480,400D512181,486X,0,+,,,00P21,,,21S03,,24X20,24X81,21X02,00X10,,,,,ice/swe
70005105490,400D512190,486X,0,+,,,00P21,,S,21S03,,24X30,24X40,,,,,,,ice/nor/swe
70005105500,400D512191,486X,0,+,,,00P21,,,21S03,,24X30,24X40,00X10,,,,,,ice/swe
70005105510,400D512200,486X,0,+,,,00P21,,S,21S03,,24X30,24X50,,,,,,,ice/nor/swe
70005105520,400D512201,486X,0,+,,,00P21,,,21S03,,24X30,24X50,00X10,,,,,,ice/swe
70005105530,400D512210,486X,0,+,,,00P21,,S,21S03,,24X30,24X60,,,,,,,ice/nor/swe
70005105540,400D512211,486X,0,+,,,00P21,,,21S03,,24X30,24X60,00X10,,,,,,ice/swe
70005105550,400D512220,486X,0,+,,,00P21,,S,21S03,,24X30,24X70,,,,,,,ice/nor/swe
70005105560,400D512221,486X,0,+,,,00P21,,,21S03,,24X30,24X70,00X10,,,,,,ice/swe
70005105570,400D512230,486X,0,+,,,00P21,,S,21S03,,24X30,24X71,21X01,,,,,,ice/nor/swe
70005105580,400D512231,486X,0,+,,,00P21,,,21S03,,24X30,24X71,21X01,00X10,,,,,ice/swe
70005105590,400D512240,486X,0,+,,,00P21,,S,21S03,,24X30,24X72,21X03,,,,,,ice/nor/swe
70005105600,400D512241,486X,0,+,,,00P21,,,21S03,,24X30,24X72,21X03,00X10,,,,,ice/swe
70005105610,400D512250,486X,0,+,,,00P21,,S,21S03,,24X30,24X80,,,,,,,ice/nor/swe
70005105620,400D512251,486X,0,+,,,00P21,,,21S03,,24X30,24X80,00X10,,,,,,ice/swe
70005105630,400D512260,486X,0,+,,,00P21,,S,21S03,,24X30,24X81,21X02,,,,,,ice/nor/swe
70005105640,400D512261,486X,0,+,,,00P21,,,21S03,,24X30,24X81,21X02,00X10,,,,,ice/swe
70005105650,400D512270,486X,0,+,,,00P21,,S,21S03,,24X40,24X50,,,,,,,ice/nor/swe
70005105660,400D512271,486X,0,+,,,00P21,,,21S03,,24X40,24X50,00X10,,,,,,ice/swe
70005105670,400D512280,486X,0,+,,,00P21,,S,21S03,,24X40,24X60,,,,,,,ice/nor/swe
70005105680,400D512281,486X,0,+,,,00P21,,,21S03,,24X40,24X60,00X10,,,,,,ice/swe
70005105690,400D512290,486X,0,+,,,00P21,,S,21S03,,24X40,24X70,,,,,,,ice/nor/swe
70005105700,400D512291,486X,0,+,,,00P21,,,21S03,,24X40,24X70,00X10,,,,,,ice/swe
70005105710,400D512300,486X,0,+,,,00P21,,S,21S03,,24X40,24X71,21X01,,,,,,ice/nor/swe
70005105720,400D512301,486X,0,+,,,00P21,,,21S03,,24X40,24X71,21X01,00X10,,,,,ice/swe
70005105730,400D512310,486X,0,+,,,00P21,,S,21S03,,24X40,24X72,21X03,,,,,,ice/nor/swe
70005105740,400D512311,486X,0,+,,,00P21,,,21S03,,24X40,24X72,21X03,00X10,,,,,ice/swe
70005105750,400D512320,486X,0,+,,,00P21,,S,21S03,,24X40,24X80,,,,,,,ice/nor/swe
70005105760,400D512321,486X,0,+,,,00P21,,,21S03,,24X40,24X80,00X10,,,,,,ice/swe
70005105770,400D512330,486X,0,+,,,00P21,,S,21S03,,24X40,24X81,21X02,,,,,,ice/nor/swe
70005105780,400D512331,486X,0,+,,,00P21,,,21S03,,24X40,24X81,21X02,00X10,,,,,ice/swe
70005105790,400D512340,486X,0,+,,,00P21,,S,21S03,,24X50,24X60,,,,,,,ice/nor/swe
70005105800,400D512341,486X,0,+,,,00P21,,,21S03,,24X50,24X60,00X10,,,,,,ice/swe
70005105810,400D512350,486X,0,+,,,00P21,,S,21S03,,24X50,24X70,,,,,,,ice/nor/swe
70005105820,400D512351,486X,0,+,,,00P21,,,21S03,,24X50,24X70,00X10,,,,,,ice/swe
70005105830,400D512360,486X,0,+,,,00P21,,S,21S03,,24X50,24X71,21X01,,,,,,ice/nor/swe
70005105840,400D512361,486X,0,+,,,00P21,,,21S03,,24X50,24X71,21X01,00X10,,,,,ice/swe
70005105850,400D512370,486X,0,+,,,00P21,,S,21S03,,24X50,24X72,21X03,,,,,,ice/nor/swe
70005105860,400D512371,486X,0,+,,,00P21,,,21S03,,24X50,24X72,21X03,00X10,,,,,ice/swe
70005105870,400D512380,486X,0,+,,,00P21,,S,21S03,,24X50,24X80,,,,,,,ice/nor/swe
70005105880,400D512381,486X,0,+,,,00P21,,,21S03,,24X50,24X80,00X10,,,,,,ice/swe
70005105890,400D512390,486X,0,+,,,00P21,,S,21S03,,24X50,24X81,21X02,,,,,,ice/nor/swe
70005105900,400D512391,486X,0,+,,,00P21,,,21S03,,24X50,24X81,21X02,00X10,,,,,ice/swe
70005105910,400D512400,486X,0,+,,,00P21,,S,21S03,,24X60,24X70,,,,,,,ice/nor/swe
70005105920,400D512401,486X,0,+,,,00P21,,,21S03,,24X60,24X70,00X10,,,,,,ice/swe
70005105930,400D512410,486X,0,+,,,00P21,,S,21S03,,24X60,24X71,21X01,,,,,,ice/nor/swe
70005105940,400D512411,486X,0,+,,,00P21,,,21S03,,24X60,24X71,21X01,00X10,,,,,ice/swe
70005105950,400D512420,486X,0,+,,,00P21,,S,21S03,,24X60,24X72,21X03,,,,,,ice/nor/swe
70005105960,400D512421,486X,0,+,,,00P21,,,21S03,,24X60,24X72,21X03,00X10,,,,,ice/swe
70005105970,400D512430,486X,0,+,,,00P21,,S,21S03,,24X60,24X80,,,,,,,ice/nor/swe
70005105980,400D512431,486X,0,+,,,00P21,,,21S03,,24X60,24X80,00X10,,,,,,ice/swe
70005105990,400D512440,486X,0,+,,,00P21,,S,21S03,,24X60,24X81,21X02,,,,,,ice/nor/swe
70005106000,400D512441,486X,0,+,,,00P21,,,21S03,,24X60,24X81,21X02,00X10,,,,,ice/swe
70005106010,400D512450,486X,0,+,,,00P21,,S,21S03,,24X70,24X80,,,,,,,ice/nor/swe
70005106020,400D512451,486X,0,+,,,00P21,,,21S03,,24X70,24X80,00X10,,,,,,ice/swe
70005106030,400D512460,486X,0,+,,,00P21,,S,21S03,,24X71,21X01,24X80,,,,,,ice/nor/swe
70005106040,400D512461,486X,0,+,,,00P21,,,21S03,,24X71,21X01,24X80,00X10,,,,,ice/swe
70005106050,400D512470,486X,0,+,,,00P21,,S,21S03,,24X72,21X03,24X80,,,,,,ice/nor/swe
70005106060,400D512471,486X,0,+,,,00P21,,,21S03,,24X72,21X03,24X80,00X10,,,,,ice/swe
70005106070,400D512480,486X,0,+,,,00P21,,S,21S03,,24X70,24X81,21X02,,,,,,ice/nor/swe
70005106080,400D512481,486X,0,+,,,00P21,,,21S03,,24X70,24X81,21X02,00X10,,,,,ice/swe
70005106090,400D512490,486X,0,+,,,00P21,,S,21S03,,24X71,21X01,24X81,21X02,,,,,ice/nor/swe
70005106100,400D512491,486X,0,+,,,00P21,,,21S03,,24X71,21X01,24X81,00X10,,,,,ice/swe
70005106110,400D512500,486X,0,+,,,00P21,,S,21S03,,24X72,21X03,24X81,21X02,,,,,ice/nor/swe
70005106120,400D512501,486X,0,+,,,00P21,,,21S03,,24X72,21X03,24X81,00X10,,,,,ice/swe
70005106130,400D512510,486X,0,+,,,00P21,,S,21S03,,24X90,,,,,,,,ice/nor/swe
70005106140,400D512511,486X,0,+,,,00P21,,,21S03,,24X90,00X10,,,,,,,ice/swe
70005106150,400D513000,486X,0,+,,,00P21,,S,21S09,,24X10,24X20,,,,,,,ice/nor/swe
70005106160,400D513001,486X,0,+,,,00P21,,,21S09,,24X10,24X20,00X10,,,,,,ice/swe
70005106170,400D513010,486X,0,+,,,00P21,,S,21S09,,24X10,24X30,,,,,,,ice/nor/swe
70005106180,400D513011,486X,0,+,,,00P21,,,21S09,,24X10,24X30,00X10,,,,,,ice/swe
70005106190,400D513020,486X,0,+,,,00P21,,S,21S09,,24X10,24X40,,,,,,,ice/nor/swe
70005106200,400D513021,486X,0,+,,,00P21,,,21S09,,24X10,24X40,00X10,,,,,,ice/swe
70005106210,400D513030,486X,0,+,,,00P21,,S,21S09,,24X10,24X50,,,,,,,ice/nor/swe
70005106220,400D513031,486X,0,+,,,00P21,,,21S09,,24X10,24X50,00X10,,,,,,ice/swe
70005106230,400D513040,486X,0,+,,,00P21,,S,21S09,,24X10,24X60,,,,,,,ice/nor/swe
70005106240,400D513041,486X,0,+,,,00P21,,,21S09,,24X10,24X60,00X10,,,,,,ice/swe
70005106250,400D513050,486X,0,+,,,00P21,,S,21S09,,24X10,24X70,,,,,,,ice/nor/swe
70005106260,400D513051,486X,0,+,,,00P21,,,21S09,,24X10,24X70,00X10,,,,,,ice/swe
70005106270,400D513060,486X,0,+,,,00P21,,S,21S09,,24X10,24X71,21X01,,,,,,ice/nor/swe
70005106280,400D513061,486X,0,+,,,00P21,,,21S09,,24X10,24X71,21X01,00X10,,,,,ice/swe
70005106290,400D513070,486X,0,+,,,00P21,,S,21S09,,24X10,24X72,21X03,,,,,,ice/nor/swe
70005106300,400D513071,486X,0,+,,,00P21,,,21S09,,24X10,24X72,21X03,00X10,,,,,ice/swe
70005106310,400D513080,486X,0,+,,,00P21,,S,21S09,,24X10,24X80,,,,,,,ice/nor/swe
70005106320,400D513081,486X,0,+,,,00P21,,,21S09,,24X10,24X80,00X10,,,,,,ice/swe
70005106330,400D513090,486X,0,+,,,00P21,,S,21S09,,24X10,24X81,21X02,,,,,,ice/nor/swe
70005106340,400D513091,486X,0,+,,,00P21,,,21S09,,24X10,24X81,21X02,00X10,,,,,ice/swe
70005106350,400D513100,486X,0,+,,,00P21,,S,21S09,,24X20,24X30,,,,,,,ice/nor/swe
70005106360,400D513101,486X,0,+,,,00P21,,,21S09,,24X20,24X30,00X10,,,,,,ice/swe
70005106370,400D513110,486X,0,+,,,00P21,,S,21S09,,24X20,24X40,,,,,,,ice/nor/swe
70005106380,400D513111,486X,0,+,,,00P21,,,21S09,,24X20,24X40,00X10,,,,,,ice/swe
70005106390,400D513120,486X,0,+,,,00P21,,S,21S09,,24X20,24X50,,,,,,,ice/nor/swe
70005106400,400D513121,486X,0,+,,,00P21,,,21S09,,24X20,24X50,00X10,,,,,,ice/swe
70005106410,400D513130,486X,0,+,,,00P21,,S,21S09,,24X20,24X60,,,,,,,ice/nor/swe
70005106420,400D513131,486X,0,+,,,00P21,,,21S09,,24X20,24X60,00X10,,,,,,ice/swe
70005106430,400D513140,486X,0,+,,,00P21,,S,21S09,,24X20,24X70,,,,,,,ice/nor/swe
70005106440,400D513141,486X,0,+,,,00P21,,,21S09,,24X20,24X70,00X10,,,,,,ice/swe
70005106450,400D513150,486X,0,+,,,00P21,,S,21S09,,24X20,24X71,21X01,,,,,,ice/nor/swe
70005106460,400D513151,486X,0,+,,,00P21,,,21S09,,24X20,24X71,21X01,00X10,,,,,ice/swe
70005106470,400D513160,486X,0,+,,,00P21,,S,21S09,,24X20,24X72,21X03,,,,,,ice/nor/swe
70005106480,400D513161,486X,0,+,,,00P21,,,21S09,,24X20,24X72,21X03,00X10,,,,,ice/swe
70005106490,400D513170,486X,0,+,,,00P21,,S,21S09,,24X20,24X80,,,,,,,ice/nor/swe
70005106500,400D513171,486X,0,+,,,00P21,,,21S09,,24X20,24X80,00X10,,,,,,ice/swe
70005106510,400D513180,486X,0,+,,,00P21,,S,21S09,,24X20,24X81,21X02,,,,,,ice/nor/swe
70005106520,400D513181,486X,0,+,,,00P21,,,21S09,,24X20,24X81,21X02,00X10,,,,,ice/swe
70005106530,400D513190,486X,0,+,,,00P21,,S,21S09,,24X30,24X40,,,,,,,ice/nor/swe
70005106540,400D513191,486X,0,+,,,00P21,,,21S09,,24X30,24X40,00X10,,,,,,ice/swe
70005106550,400D513200,486X,0,+,,,00P21,,S,21S09,,24X30,24X50,,,,,,,ice/nor/swe
70005106560,400D513201,486X,0,+,,,00P21,,,21S09,,24X30,24X50,00X10,,,,,,ice/swe
70005106570,400D513210,486X,0,+,,,00P21,,S,21S09,,24X30,24X60,,,,,,,ice/nor/swe
70005106580,400D513211,486X,0,+,,,00P21,,,21S09,,24X30,24X60,00X10,,,,,,ice/swe
70005106590,400D513220,486X,0,+,,,00P21,,S,21S09,,24X30,24X70,,,,,,,ice/nor/swe
70005106600,400D513221,486X,0,+,,,00P21,,,21S09,,24X30,24X70,00X10,,,,,,ice/swe
70005106610,400D513230,486X,0,+,,,00P21,,S,21S09,,24X30,24X71,21X01,,,,,,ice/nor/swe
70005106620,400D513231,486X,0,+,,,00P21,,,21S09,,24X30,24X71,21X01,00X10,,,,,ice/swe
70005106630,400D513240,486X,0,+,,,00P21,,S,21S09,,24X30,24X72,21X03,,,,,,ice/nor/swe
70005106640,400D513241,486X,0,+,,,00P21,,,21S09,,24X30,24X72,21X03,00X10,,,,,ice/swe
70005106650,400D513250,486X,0,+,,,00P21,,S,21S09,,24X30,24X80,,,,,,,ice/nor/swe
70005106660,400D513251,486X,0,+,,,00P21,,,21S09,,24X30,24X80,00X10,,,,,,ice/swe
70005106670,400D513260,486X,0,+,,,00P21,,S,21S09,,24X30,24X81,21X02,,,,,,ice/nor/swe
70005106680,400D513261,486X,0,+,,,00P21,,,21S09,,24X30,24X81,21X02,00X10,,,,,ice/swe
70005106690,400D513270,486X,0,+,,,00P21,,S,21S09,,24X40,24X50,,,,,,,ice/nor/swe
70005106700,400D513271,486X,0,+,,,00P21,,,21S09,,24X40,24X50,00X10,,,,,,ice/swe
70005106710,400D513280,486X,0,+,,,00P21,,S,21S09,,24X40,24X60,,,,,,,ice/nor/swe
70005106720,400D513281,486X,0,+,,,00P21,,,21S09,,24X40,24X60,00X10,,,,,,ice/swe
70005106730,400D513290,486X,0,+,,,00P21,,S,21S09,,24X40,24X70,,,,,,,ice/nor/swe
70005106740,400D513291,486X,0,+,,,00P21,,,21S09,,24X40,24X70,00X10,,,,,,ice/swe
70005106750,400D513300,486X,0,+,,,00P21,,S,21S09,,24X40,24X71,21X01,,,,,,ice/nor/swe
70005106760,400D513301,486X,0,+,,,00P21,,,21S09,,24X40,24X71,21X01,00X10,,,,,ice/swe
70005106770,400D513310,486X,0,+,,,00P21,,S,21S09,,24X40,24X72,21X03,,,,,,ice/nor/swe
70005106780,400D513311,486X,0,+,,,00P21,,,21S09,,24X40,24X72,21X03,00X10,,,,,ice/swe
70005106790,400D513320,486X,0,+,,,00P21,,S,21S09,,24X40,24X80,,,,,,,ice/nor/swe
70005106800,400D513321,486X,0,+,,,00P21,,,21S09,,24X40,24X80,00X10,,,,,,ice/swe
70005106810,400D513330,486X,0,+,,,00P21,,S,21S09,,24X40,24X81,21X02,,,,,,ice/nor/swe
70005106820,400D513331,486X,0,+,,,00P21,,,21S09,,24X40,24X81,21X02,00X10,,,,,ice/swe
70005106830,400D513340,486X,0,+,,,00P21,,S,21S09,,24X50,24X60,,,,,,,ice/nor/swe
70005106840,400D513341,486X,0,+,,,00P21,,,21S09,,24X50,24X60,00X10,,,,,,ice/swe
70005106850,400D513350,486X,0,+,,,00P21,,S,21S09,,24X50,24X70,,,,,,,ice/nor/swe
70005106860,400D513351,486X,0,+,,,00P21,,,21S09,,24X50,24X70,00X10,,,,,,ice/swe
70005106870,400D513360,486X,0,+,,,00P21,,S,21S09,,24X50,24X71,21X01,,,,,,ice/nor/swe
70005106880,400D513361,486X,0,+,,,00P21,,,21S09,,24X50,24X71,21X01,00X10,,,,,ice/swe
70005106890,400D513370,486X,0,+,,,00P21,,S,21S09,,24X50,24X72,21X03,,,,,,ice/nor/swe
70005106900,400D513371,486X,0,+,,,00P21,,,21S09,,24X50,24X72,21X03,00X10,,,,,ice/swe
70005106910,400D513380,486X,0,+,,,00P21,,S,21S09,,24X50,24X80,,,,,,,ice/nor/swe
70005106920,400D513381,486X,0,+,,,00P21,,,21S09,,24X50,24X80,00X10,,,,,,ice/swe
70005106930,400D513390,486X,0,+,,,00P21,,S,21S09,,24X50,24X81,21X02,,,,,,ice/nor/swe
70005106940,400D513391,486X,0,+,,,00P21,,,21S09,,24X50,24X81,21X02,00X10,,,,,ice/swe
70005106950,400D513400,486X,0,+,,,00P21,,S,21S09,,24X60,24X70,,,,,,,ice/nor/swe
70005106960,400D513401,486X,0,+,,,00P21,,,21S09,,24X60,24X70,00X10,,,,,,ice/swe
70005106970,400D513410,486X,0,+,,,00P21,,S,21S09,,24X60,24X71,21X01,,,,,,ice/nor/swe
70005106980,400D513411,486X,0,+,,,00P21,,,21S09,,24X60,24X71,21X01,00X10,,,,,ice/swe
70005106990,400D513420,486X,0,+,,,00P21,,S,21S09,,24X60,24X72,21X03,,,,,,ice/nor/swe
70005107000,400D513421,486X,0,+,,,00P21,,,21S09,,24X60,24X72,21X03,00X10,,,,,ice/swe
70005107010,400D513430,486X,0,+,,,00P21,,S,21S09,,24X60,24X80,,,,,,,ice/nor/swe
70005107020,400D513431,486X,0,+,,,00P21,,,21S09,,24X60,24X80,00X10,,,,,,ice/swe
70005107030,400D513440,486X,0,+,,,00P21,,S,21S09,,24X60,24X81,21X02,,,,,,ice/nor/swe
70005107040,400D513441,486X,0,+,,,00P21,,,21S09,,24X60,24X81,21X02,00X10,,,,,ice/swe
70005107050,400D513450,486X,0,+,,,00P21,,S,21S09,,24X70,24X80,,,,,,,ice/nor/swe
70005107060,400D513451,486X,0,+,,,00P21,,,21S09,,24X70,24X80,00X10,,,,,,ice/swe
70005107070,400D513460,486X,0,+,,,00P21,,S,21S09,,24X71,21X01,24X80,,,,,,ice/nor/swe
70005107080,400D513461,486X,0,+,,,00P21,,,21S09,,24X71,21X01,24X80,00X10,,,,,ice/swe
70005107090,400D513470,486X,0,+,,,00P21,,S,21S09,,24X72,21X03,24X80,,,,,,ice/nor/swe
70005107100,400D513471,486X,0,+,,,00P21,,,21S09,,24X72,21X03,24X80,00X10,,,,,ice/swe
70005107110,400D513480,486X,0,+,,,00P21,,S,21S09,,24X70,24X81,21X02,,,,,,ice/nor/swe
70005107120,400D513481,486X,0,+,,,00P21,,,21S09,,24X70,24X81,21X02,00X10,,,,,ice/swe
70005107130,400D513490,486X,0,+,,,00P21,,S,21S09,,24X71,21X01,24X81,21X02,,,,,ice/swe
70005107140,400D5134901,486X,0,+,,,00P21,,S,21S09,,24X71,21X01,24X81,,,,,,nor
70005107150,400D513491,486X,0,+,,,00P21,,,21S09,,24X71,21X01,24X81,00X10,,,,,ice/swe
70005107160,400D513500,486X,0,+,,,00P21,,S,21S09,,24X72,21X03,24X81,21X02,,,,,ice/swe
70005107170,400D513501,486X,0,+,,,00P21,,,21S09,,24X72,21X03,24X81,00X10,,,,,ice/swe
70005107180,400D513510,486X,0,+,,,00P21,,S,21S09,,24X90,,,,,,,,ice/nor/swe
70005107190,400D513511,486X,0,+,,,00P21,,,21S09,,24X90,00X10,,,,,,,ice/swe
70005110000,400D511000,485X,0,+,,,00P21,,S,21S05,,24X10,24X20,,,,,,,den/est/ice/lat/nor/swe
70005110010,400D511001,485X,0,+,,,00P21,,,21S05,,24X10,24X20,00X10,,,,,,den/est/ice/lat/swe
70005110100,400D511010,485X,0,+,,,00P21,,S,21S05,,24X10,24X30,,,,,,,den/est/ice/lat/nor/swe
70005110110,400D511011,485X,0,+,,,00P21,,,21S05,,24X10,24X30,00X10,,,,,,den/est/ice/lat/swe
70005110200,400D511020,485X,0,+,,,00P21,,S,21S05,,24X10,24X40,,,,,,,den/est/ice/lat/nor/swe
70005110210,400D511021,485X,0,+,,,00P21,,,21S05,,24X10,24X40,00X10,,,,,,den/est/ice/lat/swe
70005110300,400D511030,485X,0,+,,,00P21,,S,21S05,,24X10,24X50,,,,,,,den/est/ice/lat/nor/swe
70005110310,400D511031,485X,0,+,,,00P21,,,21S05,,24X10,24X50,00X10,,,,,,den/est/ice/lat/swe
70005110400,400D511040,485X,0,+,,,00P21,,S,21S05,,24X10,24X60,,,,,,,den/est/ice/lat/nor/swe
70005110410,400D511041,485X,0,+,,,00P21,,,21S05,,24X10,24X60,00X10,,,,,,den/est/ice/lat/swe
70005110500,400D511050,485X,0,+,,,00P21,,S,21S05,,24X10,24X70,,,,,,,den/est/ice/lat/nor/swe
70005110510,400D511051,485X,0,+,,,00P21,,,21S05,,24X10,24X70,00X10,,,,,,den/est/ice/lat/swe
70005110600,400D511060,485X,0,+,,,00P21,,S,21S05,,24X10,24X71,21X01,,,,,,den/est/ice/lat/nor/swe
70005110610,400D511061,485X,0,+,,,00P21,,,21S05,,24X10,24X71,21X01,00X10,,,,,den/est/ice/lat/swe
70005110700,400D511070,485X,0,+,,,00P21,,S,21S05,,24X10,24X72,21X03,,,,,,den/est/ice/lat/nor/swe
70005110710,400D511071,485X,0,+,,,00P21,,,21S05,,24X10,24X72,21X03,00X10,,,,,den/est/ice/lat/swe
70005110800,400D511080,485X,0,+,,,00P21,,S,21S05,,24X10,24X80,,,,,,,den/est/ice/lat/nor/swe
70005110810,400D511081,485X,0,+,,,00P21,,,21S05,,24X10,24X80,00X10,,,,,,den/est/ice/lat/swe
70005110900,400D511090,485X,0,+,,,00P21,,S,21S05,,24X10,24X81,21X02,,,,,,den/est/ice/lat/nor/swe
70005110910,400D511091,485X,0,+,,,00P21,,,21S05,,24X10,24X81,21X02,00X10,,,,,den/est/ice/lat/swe
70005111000,400D511100,485X,0,+,,,00P21,,S,21S05,,24X20,24X30,,,,,,,den/est/ice/lat/nor/swe
70005111010,400D511101,485X,0,+,,,00P21,,,21S05,,24X20,24X30,00X10,,,,,,den/est/ice/lat/swe
70005111100,400D511110,485X,0,+,,,00P21,,S,21S05,,24X20,24X40,,,,,,,den/est/ice/lat/nor/swe
70005111110,400D511111,485X,0,+,,,00P21,,,21S05,,24X20,24X40,00X10,,,,,,den/est/ice/lat/swe
70005111200,400D511120,485X,0,+,,,00P21,,S,21S05,,24X20,24X50,,,,,,,den/est/ice/lat/nor/swe
70005111210,400D511121,485X,0,+,,,00P21,,,21S05,,24X20,24X50,00X10,,,,,,den/est/ice/lat/swe
70005111300,400D511130,485X,0,+,,,00P21,,S,21S05,,24X20,24X60,,,,,,,den/est/ice/lat/nor/swe
70005111310,400D511131,485X,0,+,,,00P21,,,21S05,,24X20,24X60,00X10,,,,,,den/est/ice/lat/swe
70005111400,400D511140,485X,0,+,,,00P21,,S,21S05,,24X20,24X70,,,,,,,den/est/ice/lat/nor/swe
70005111410,400D511141,485X,0,+,,,00P21,,,21S05,,24X20,24X70,00X10,,,,,,den/est/ice/lat/swe
70005111500,400D511150,485X,0,+,,,00P21,,S,21S05,,24X20,24X71,21X01,,,,,,den/est/ice/lat/nor/swe
70005111510,400D511151,485X,0,+,,,00P21,,,21S05,,24X20,24X71,21X01,00X10,,,,,den/est/ice/lat/swe
70005111600,400D511160,485X,0,+,,,00P21,,S,21S05,,24X20,24X72,21X03,,,,,,den/est/ice/lat/nor/swe
70005111610,400D511161,485X,0,+,,,00P21,,,21S05,,24X20,24X72,21X03,00X10,,,,,den/est/ice/lat/swe
70005111700,400D511170,485X,0,+,,,00P21,,S,21S05,,24X20,24X80,,,,,,,den/est/ice/lat/nor/swe
70005111710,400D511171,485X,0,+,,,00P21,,,21S05,,24X20,24X80,00X10,,,,,,den/est/ice/lat/swe
70005111800,400D511180,485X,0,+,,,00P21,,S,21S05,,24X20,24X81,21X02,,,,,,den/est/ice/lat/nor/swe
70005111810,400D511181,485X,0,+,,,00P21,,,21S05,,24X20,24X81,21X02,00X10,,,,,den/est/ice/lat/swe
70005111900,400D511190,485X,0,+,,,00P21,,S,21S05,,24X30,24X40,,,,,,,den/est/ice/lat/nor/swe
70005111910,400D511191,485X,0,+,,,00P21,,,21S05,,24X30,24X40,00X10,,,,,,den/est/ice/lat/swe
70005112000,400D511200,485X,0,+,,,00P21,,S,21S05,,24X30,24X50,,,,,,,den/est/ice/lat/nor/swe
70005112010,400D511201,485X,0,+,,,00P21,,,21S05,,24X30,24X50,00X10,,,,,,den/est/ice/lat/swe
70005112100,400D511210,485X,0,+,,,00P21,,S,21S05,,24X30,24X60,,,,,,,den/est/ice/lat/nor/swe
70005112110,400D511211,485X,0,+,,,00P21,,,21S05,,24X30,24X60,00X10,,,,,,den/est/ice/lat/swe
70005112200,400D511220,485X,0,+,,,00P21,,S,21S05,,24X30,24X70,,,,,,,den/est/ice/lat/nor/swe
70005112210,400D511221,485X,0,+,,,00P21,,,21S05,,24X30,24X70,00X10,,,,,,den/est/ice/lat/swe
70005112300,400D511230,485X,0,+,,,00P21,,S,21S05,,24X30,24X71,21X01,,,,,,den/est/ice/lat/nor/swe
70005112310,400D511231,485X,0,+,,,00P21,,,21S05,,24X30,24X71,21X01,00X10,,,,,den/est/ice/lat/swe
70005112311,400D5112311,486A,0,+,,,24P01,,S,21S07,,24X21,24X41,,,,,,,fin
70005112400,400D511240,485X,0,+,,,00P21,,S,21S05,,24X30,24X72,21X03,,,,,,den/est/ice/lat/nor/swe
70005112410,400D511241,485X,0,+,,,00P21,,,21S05,,24X30,24X72,21X03,00X10,,,,,den/est/ice/lat/swe
70005112500,400D511250,485X,0,+,,,00P21,,S,21S05,,24X30,24X80,,,,,,,den/est/ice/lat/nor/swe
70005112510,400D511251,485X,0,+,,,00P21,,,21S05,,24X30,24X80,00X10,,,,,,den/est/ice/lat/swe
70005112600,400D511260,485X,0,+,,,00P21,,S,21S05,,24X30,24X81,21X02,,,,,,den/est/ice/lat/nor/swe
70005112610,400D511261,485X,0,+,,,00P21,,,21S05,,24X30,24X81,21X02,00X10,,,,,den/est/ice/lat/swe
70005112700,400D511270,485X,0,+,,,00P21,,S,21S05,,24X40,24X50,,,,,,,den/est/ice/lat/nor/swe
70005112710,400D511271,485X,0,+,,,00P21,,,21S05,,24X40,24X50,00X10,,,,,,den/est/ice/lat/swe
70005112800,400D511280,485X,0,+,,,00P21,,S,21S05,,24X40,24X60,,,,,,,den/est/ice/lat/nor/swe
70005112810,400D511281,485X,0,+,,,00P21,,,21S05,,24X40,24X60,00X10,,,,,,den/est/ice/lat/swe
70005112900,400D511290,485X,0,+,,,00P21,,S,21S05,,24X40,24X70,,,,,,,den/est/ice/lat/nor/swe
70005112910,400D511291,485X,0,+,,,00P21,,,21S05,,24X40,24X70,00X10,,,,,,den/est/ice/lat/swe
70005113000,400D511300,485X,0,+,,,00P21,,S,21S05,,24X40,24X71,21X01,,,,,,den/est/ice/lat/nor/swe
70005113010,400D511301,485X,0,+,,,00P21,,,21S05,,24X40,24X71,21X01,00X10,,,,,den/est/ice/lat/swe
70005113100,400D511310,485X,0,+,,,00P21,,S,21S05,,24X40,24X72,21X03,,,,,,den/est/ice/lat/nor/swe
70005113110,400D511311,485X,0,+,,,00P21,,,21S05,,24X40,24X72,21X03,00X10,,,,,den/est/ice/lat/swe
70005113200,400D511320,485X,0,+,,,00P21,,S,21S05,,24X40,24X80,,,,,,,den/est/ice/lat/nor/swe
70005113210,400D511321,485X,0,+,,,00P21,,,21S05,,24X40,24X80,00X10,,,,,,den/est/ice/lat/swe
70005113300,400D511330,485X,0,+,,,00P21,,S,21S05,,24X40,24X81,21X02,,,,,,den/est/ice/lat/nor/swe
70005113310,400D511331,485X,0,+,,,00P21,,,21S05,,24X40,24X81,21X02,00X10,,,,,den/est/ice/lat/swe
70005113400,400D511340,485X,0,+,,,00P21,,S,21S05,,24X50,24X60,,,,,,,den/est/ice/lat/nor/swe
70005113410,400D511341,485X,0,+,,,00P21,,,21S05,,24X50,24X60,00X10,,,,,,den/est/ice/lat/swe
70005113500,400D511350,485X,0,+,,,00P21,,S,21S05,,24X50,24X70,,,,,,,den/est/ice/lat/nor/swe
70005113510,400D511351,485X,0,+,,,00P21,,,21S05,,24X50,24X70,00X10,,,,,,den/est/ice/lat/swe
70005113600,400D511360,485X,0,+,,,00P21,,S,21S05,,24X50,24X71,21X01,,,,,,den/est/ice/lat/nor/swe
70005113610,400D511361,485X,0,+,,,00P21,,,21S05,,24X50,24X71,21X01,00X10,,,,,den/est/ice/lat/swe
70005113700,400D511370,485X,0,+,,,00P21,,S,21S05,,24X50,24X72,21X03,,,,,,den/est/ice/lat/nor/swe
70005113710,400D511371,485X,0,+,,,00P21,,,21S05,,24X50,24X72,21X03,00X10,,,,,den/est/ice/lat/swe
70005113800,400D511380,485X,0,+,,,00P21,,S,21S05,,24X50,24X80,,,,,,,den/est/ice/lat/nor/swe
70005113810,400D511381,485X,0,+,,,00P21,,,21S05,,24X50,24X80,00X10,,,,,,den/est/ice/lat/swe
70005113900,400D511390,485X,0,+,,,00P21,,S,21S05,,24X50,24X81,21X02,,,,,,den/est/ice/lat/nor/swe
70005113910,400D511391,485X,0,+,,,00P21,,,21S05,,24X50,24X81,21X02,00X10,,,,,den/est/ice/lat/swe
70005114000,400D511400,485X,0,+,,,00P21,,S,21S05,,24X60,24X70,,,,,,,den/est/ice/lat/nor/swe
70005114010,400D511401,485X,0,+,,,00P21,,,21S05,,24X60,24X70,00X10,,,,,,den/est/ice/lat/swe
70005114100,400D511410,485X,0,+,,,00P21,,S,21S05,,24X60,24X71,21X01,,,,,,den/est/ice/lat/nor/swe
70005114110,400D511411,485X,0,+,,,00P21,,,21S05,,24X60,24X71,21X01,00X10,,,,,den/est/ice/lat/swe
70005114111,400D5114111,486A,0,+,,,24P01,,S,21S07,,24X22,24X41,,,,,,,fin
70005114200,400D511420,485X,0,+,,,00P21,,S,21S05,,24X60,24X72,21X03,,,,,,den/est/ice/lat/nor/swe
70005114210,400D511421,485X,0,+,,,00P21,,,21S05,,24X60,24X72,21X03,00X10,,,,,den/est/ice/lat/swe
70005114300,400D511430,485X,0,+,,,00P21,,S,21S05,,24X60,24X80,,,,,,,den/est/ice/lat/nor/swe
70005114310,400D511431,485X,0,+,,,00P21,,,21S05,,24X60,24X80,00X10,,,,,,den/est/ice/lat/swe
70005114400,400D511440,485X,0,+,,,00P21,,S,21S05,,24X60,24X81,21X02,,,,,,den/est/ice/lat/nor/swe
70005114410,400D511441,485X,0,+,,,00P21,,,21S05,,24X60,24X81,21X02,00X10,,,,,den/est/ice/lat/swe
70005114500,400D511450,485X,0,+,,,00P21,,S,21S05,,24X70,24X80,,,,,,,den/est/ice/lat/nor/swe
70005114510,400D511451,485X,0,+,,,00P21,,,21S05,,24X70,24X80,00X10,,,,,,den/est/ice/lat/swe
70005114600,400D511460,485X,0,+,,,00P21,,S,21S05,,24X71,21X01,24X80,,,,,,den/est/ice/lat/nor/swe
70005114610,400D511461,485X,0,+,,,00P21,,,21S05,,24X71,21X01,24X80,00X10,,,,,den/est/ice/lat/swe
70005114700,400D511470,485X,0,+,,,00P21,,S,21S05,,24X72,21X03,24X80,,,,,,den/est/ice/lat/nor/swe
70005114710,400D511471,485X,0,+,,,00P21,,,21S05,,24X72,21X03,24X80,00X10,,,,,den/est/ice/lat/swe
70005114800,400D511480,485X,0,+,,,00P21,,S,21S05,,24X70,24X81,21X02,,,,,,den/est/ice/lat/nor/swe
70005114810,400D511481,485X,0,+,,,00P21,,,21S05,,24X70,24X81,21X02,00X10,,,,,den/est/ice/lat/swe
70005114900,400D511490,485X,0,+,,,00P21,,S,21S05,,24X71,21X01,24X81,21X02,,,,,den/est/ice/lat/nor/swe
70005114910,400D511491,485X,0,+,,,00P21,,,21S05,,24X71,21X01,24X81,00X10,,,,,den/est/ice/lat/swe
70005114920,400D511492,485X,0,+,,,00P21,,S,21S05,,24X72,21X01,24X81,21X02,,,,,nor
70005115000,400D511500,485X,0,+,,,00P21,,S,21S05,,24X72,21X03,24X81,21X02,,,,,den/est/ice/lat/swe
70005115010,400D511501,485X,0,+,,,00P21,,,21S05,,24X72,21X03,24X81,00X10,,,,,den/est/ice/lat/swe
70005115100,400D511510,485X,0,+,,,00P21,,S,21S05,,24X90,,,,,,,,den/est/ice/lat/nor/swe
70005115110,400D511511,485X,0,+,,,00P21,,,21S05,,24X90,00X10,,,,,,,den/est/ice/lat/swe
70005115111,400D5115111,486A,0,+,,,24P01,,S,21S07,,24X31,24X41,,,,,,,fin
70005116110,400D511611,486A,0,+,,,24P01,,S,21S07,,24X41,24X61,,,,,,,fin
70005120000,400D5120001,486X,0,+,,,00P21,,S,21S03,,24X10,24X20,,,,,,,den/est/lat
70005120010,400D5120011,486X,0,+,,,00P21,,,21S03,,24X10,24X20,00X10,,,,,,den/est/lat
70005120100,400D5120101,486X,0,+,,,00P21,,S,21S03,,24X10,24X30,,,,,,,den/est/lat
70005120110,400D5120111,486X,0,+,,,00P21,,,21S03,,24X10,24X30,00X10,,,,,,den/est/lat
70005120200,400D5120201,486X,0,+,,,00P21,,S,21S03,,24X10,24X40,,,,,,,den/est/lat
70005120210,400D5120211,486X,0,+,,,00P21,,,21S03,,24X10,24X40,00X10,,,,,,den/est/lat
70005120300,400D5120301,486X,0,+,,,00P21,,S,21S03,,24X10,24X50,,,,,,,den/est/lat
70005120310,400D5120311,486X,0,+,,,00P21,,,21S03,,24X10,24X50,00X10,,,,,,den/est/lat
70005120400,400D5120401,486X,0,+,,,00P21,,S,21S03,,24X10,24X60,,,,,,,den/est/lat
70005120410,400D5120411,486X,0,+,,,00P21,,,21S03,,24X10,24X60,00X10,,,,,,den/est/lat
70005120500,400D5120501,486X,0,+,,,00P21,,S,21S03,,24X10,24X70,,,,,,,den/est/lat
70005120510,400D5120511,486X,0,+,,,00P21,,,21S03,,24X10,24X70,00X10,,,,,,den/est/lat
70005120600,400D5120601,486X,0,+,,,00P21,,S,21S03,,24X10,24X71,21X01,,,,,,den/est/lat
70005120610,400D5120611,486X,0,+,,,00P21,,,21S03,,24X10,24X71,21X01,00X10,,,,,den/est/lat
70005120700,400D5120701,486X,0,+,,,00P21,,S,21S03,,24X10,24X72,21X03,,,,,,den/est/lat
70005120710,400D5120711,486X,0,+,,,00P21,,,21S03,,24X10,24X72,21X03,00X10,,,,,den/est/lat
70005120800,400D5120801,486X,0,+,,,00P21,,S,21S03,,24X10,24X80,,,,,,,den/est/lat
70005120810,400D5120811,486X,0,+,,,00P21,,,21S03,,24X10,24X80,00X10,,,,,,den/est/lat
70005120900,400D5120901,486X,0,+,,,00P21,,S,21S03,,24X10,24X81,21X02,,,,,,den/est/lat
70005120910,400D5120911,486X,0,+,,,00P21,,,21S03,,24X10,24X81,21X02,00X10,,,,,den/est/lat
70005121000,400D5121001,486X,0,+,,,00P21,,S,21S03,,24X20,24X30,,,,,,,den/est/lat
70005121010,400D5121011,486X,0,+,,,00P21,,,21S03,,24X20,24X30,00X10,,,,,,den/est/lat
70005121100,400D5121101,486X,0,+,,,00P21,,S,21S03,,24X20,24X40,,,,,,,den/est/lat
70005121110,400D5121111,486X,0,+,,,00P21,,,21S03,,24X20,24X40,00X10,,,,,,den/est/lat
70005121200,400D5121201,486X,0,+,,,00P21,,S,21S03,,24X20,24X50,,,,,,,den/est/lat
70005121210,400D5121211,486X,0,+,,,00P21,,,21S03,,24X20,24X50,00X10,,,,,,den/est/lat
70005121300,400D5121301,486X,0,+,,,00P21,,S,21S03,,24X20,24X60,,,,,,,den/est/lat
70005121310,400D5121311,486X,0,+,,,00P21,,,21S03,,24X20,24X60,00X10,,,,,,den/est/lat
70005121400,400D5121401,486X,0,+,,,00P21,,S,21S03,,24X20,24X70,,,,,,,den/est/lat
70005121410,400D5121411,486X,0,+,,,00P21,,,21S03,,24X20,24X70,00X10,,,,,,den/est/lat
70005121500,400D5121501,486X,0,+,,,00P21,,S,21S03,,24X20,24X71,21X01,,,,,,den/est/lat
70005121510,400D5121511,486X,0,+,,,00P21,,,21S03,,24X20,24X71,21X01,00X10,,,,,den/est/lat
70005121600,400D5121601,486X,0,+,,,00P21,,S,21S03,,24X20,24X72,21X03,,,,,,den/est/lat
70005121610,400D5121611,486X,0,+,,,00P21,,,21S03,,24X20,24X72,21X03,00X10,,,,,den/est/lat
70005121700,400D5121701,486X,0,+,,,00P21,,S,21S03,,24X20,24X80,,,,,,,den/est/lat
70005121710,400D5121711,486X,0,+,,,00P21,,,21S03,,24X20,24X80,00X10,,,,,,den/est/lat
70005121800,400D5121801,486X,0,+,,,00P21,,S,21S03,,24X20,24X81,21X02,,,,,,den/est/lat
70005121810,400D5121811,486X,0,+,,,00P21,,,21S03,,24X20,24X81,21X02,00X10,,,,,den/est/lat
70005121900,400D5121901,486X,0,+,,,00P21,,S,21S03,,24X30,24X40,,,,,,,den/est/lat
70005121910,400D5121911,486X,0,+,,,00P21,,,21S03,,24X30,24X40,00X10,,,,,,den/est/lat
70005122000,400D5122001,486X,0,+,,,00P21,,S,21S03,,24X30,24X50,,,,,,,den/est/lat
70005122010,400D5122011,486X,0,+,,,00P21,,,21S03,,24X30,24X50,00X10,,,,,,den/est/lat
70005122100,400D5122101,486X,0,+,,,00P21,,S,21S03,,24X30,24X60,,,,,,,den/est/lat
70005122110,400D5122111,486X,0,+,,,00P21,,,21S03,,24X30,24X60,00X10,,,,,,den/est/lat
70005122200,400D5122201,486X,0,+,,,00P21,,S,21S03,,24X30,24X70,,,,,,,den/est/lat
70005122210,400D5122212,486X,0,+,,,00P21,,,21S03,,24X30,24X70,00X10,,,,,,den/est/lat
70005122211,400D5122211,486B,0,+,,,24P01,,S,21S10,,24X21,24X31,,,,,,,fin
70005122220,400D512222,486B,0,+,,,24P01,,,21S10,,24X21,24X31,00X10,,,,,,fin
70005122300,400D5122301,486X,0,+,,,00P21,,S,21S03,,24X30,24X71,21X01,,,,,,den/est/lat
70005122310,400D5122311,486X,0,+,,,00P21,,,21S03,,24X30,24X71,21X01,00X10,,,,,den/est/lat
70005122400,400D5122401,486X,0,+,,,00P21,,S,21S03,,24X30,24X72,21X03,,,,,,den/est/lat
70005122410,400D5122411,486X,0,+,,,00P21,,,21S03,,24X30,24X72,21X03,00X10,,,,,den/est/lat
70005122500,400D5122501,486X,0,+,,,00P21,,S,21S03,,24X30,24X80,,,,,,,den/est/lat
70005122510,400D5122511,486X,0,+,,,00P21,,,21S03,,24X30,24X80,00X10,,,,,,den/est/lat
70005122600,400D5122601,486X,0,+,,,00P21,,S,21S03,,24X30,24X81,21X02,,,,,,den/est/lat
70005122610,400D5122611,486X,0,+,,,00P21,,,21S03,,24X30,24X81,21X02,00X10,,,,,den/est/lat
70005122700,400D5122701,486X,0,+,,,00P21,,S,21S03,,24X40,24X50,,,,,,,den/est/lat
70005122710,400D5122711,486X,0,+,,,00P21,,,21S03,,24X40,24X50,00X10,,,,,,den/est/lat
70005122800,400D5122801,486X,0,+,,,00P21,,S,21S03,,24X40,24X60,,,,,,,den/est/lat
70005122810,400D5122811,486X,0,+,,,00P21,,,21S03,,24X40,24X60,00X10,,,,,,den/est/lat
70005122900,400D5122901,486X,0,+,,,00P21,,S,21S03,,24X40,24X70,,,,,,,den/est/lat
70005122910,400D5122911,486X,0,+,,,00P21,,,21S03,,24X40,24X70,00X10,,,,,,den/est/lat
70005123000,400D5123001,486X,0,+,,,00P21,,S,21S03,,24X40,24X71,21X01,,,,,,den/est/lat
70005123010,400D5123011,486X,0,+,,,00P21,,,21S03,,24X40,24X71,21X01,00X10,,,,,den/est/lat
70005123100,400D5123101,486X,0,+,,,00P21,,S,21S03,,24X40,24X72,21X03,,,,,,den/est/lat
70005123110,400D5123111,486X,0,+,,,00P21,,,21S03,,24X40,24X72,21X03,00X10,,,,,den/est/lat
70005123200,400D5123201,486X,0,+,,,00P21,,S,21S03,,24X40,24X80,,,,,,,den/est/lat
70005123210,400D5123211,486X,0,+,,,00P21,,,21S03,,24X40,24X80,00X10,,,,,,den/est/lat
70005123300,400D5123301,486X,0,+,,,00P21,,S,21S03,,24X40,24X81,21X02,,,,,,den/est/lat
70005123310,400D5123311,486X,0,+,,,00P21,,,21S03,,24X40,24X81,21X02,00X10,,,,,den/est/lat
70005123400,400D5123401,486X,0,+,,,00P21,,S,21S03,,24X50,24X60,,,,,,,den/est/lat
70005123410,400D5123411,486X,0,+,,,00P21,,,21S03,,24X50,24X60,00X10,,,,,,den/est/lat
70005123500,400D5123501,486X,0,+,,,00P21,,S,21S03,,24X50,24X70,,,,,,,den/est/lat
70005123510,400D5123511,486X,0,+,,,00P21,,,21S03,,24X50,24X70,00X10,,,,,,den/est/lat
70005123600,400D5123601,486X,0,+,,,00P21,,S,21S03,,24X50,24X71,21X01,,,,,,den/est/lat
70005123610,400D5123611,486X,0,+,,,00P21,,,21S03,,24X50,24X71,21X01,00X10,,,,,den/est/lat
70005123700,400D5123701,486X,0,+,,,00P21,,S,21S03,,24X50,24X72,21X03,,,,,,den/est/lat
70005123710,400D5123711,486X,0,+,,,00P21,,,21S03,,24X50,24X72,21X03,00X10,,,,,den/est/lat
70005123800,400D5123801,486X,0,+,,,00P21,,S,21S03,,24X50,24X80,,,,,,,den/est/lat
70005123810,400D5123811,486X,0,+,,,00P21,,,21S03,,24X50,24X80,00X10,,,,,,den/est/lat
70005123900,400D5123901,486X,0,+,,,00P21,,S,21S03,,24X50,24X81,21X02,,,,,,den/est/lat
70005123910,400D5123911,486X,0,+,,,00P21,,,21S03,,24X50,24X81,21X02,00X10,,,,,den/est/lat
70005124000,400D5124001,486X,0,+,,,00P21,,S,21S03,,24X60,24X70,,,,,,,den/est/lat
70005124010,400D5124011,486X,0,+,,,00P21,,,21S03,,24X60,24X70,00X10,,,,,,den/est/lat
70005124100,400D5124101,486X,0,+,,,00P21,,S,21S03,,24X60,24X71,21X01,,,,,,den/est/lat
70005124110,400D5124111,486X,0,+,,,00P21,,,21S03,,24X60,24X71,21X01,00X10,,,,,den/est/lat
70005124200,400D5124201,486X,0,+,,,00P21,,S,21S03,,24X60,24X72,21X03,,,,,,den/est/lat
70005124210,400D5124211,486X,0,+,,,00P21,,,21S03,,24X60,24X72,21X03,00X10,,,,,den/est/lat
70005124300,400D5124301,486X,0,+,,,00P21,,S,21S03,,24X60,24X80,,,,,,,den/est/lat
70005124310,400D5124311,486X,0,+,,,00P21,,,21S03,,24X60,24X80,00X10,,,,,,den/est/lat
70005124400,400D5124401,486X,0,+,,,00P21,,S,21S03,,24X60,24X81,21X02,,,,,,den/est/lat
70005124410,400D5124411,486X,0,+,,,00P21,,,21S03,,24X60,24X81,21X02,00X10,,,,,den/est/lat
70005124500,400D5124501,486X,0,+,,,00P21,,S,21S03,,24X70,24X80,,,,,,,den/est/lat
70005124510,400D5124511,486X,0,+,,,00P21,,,21S03,,24X70,24X80,00X10,,,,,,den/est/lat
70005124600,400D5124601,486X,0,+,,,00P21,,S,21S03,,24X71,21X01,24X80,,,,,,den/est/lat
70005124610,400D5124611,486X,0,+,,,00P21,,,21S03,,24X71,21X01,24X80,00X10,,,,,den/est/lat
70005124700,400D5124701,486X,0,+,,,00P21,,S,21S03,,24X72,21X03,24X80,,,,,,den/est/lat
70005124710,400D5124711,486X,0,+,,,00P21,,,21S03,,24X72,21X03,24X80,00X10,,,,,den/est/lat
70005124800,400D5124801,486X,0,+,,,00P21,,S,21S03,,24X70,24X81,21X02,,,,,,den/est/lat
70005124810,400D5124811,486X,0,+,,,00P21,,,21S03,,24X70,24X81,21X02,00X10,,,,,den/est/lat
70005124900,400D5124901,486X,0,+,,,00P21,,S,21S03,,24X71,21X01,24X81,21X02,,,,,den/est/lat
70005124910,400D5124911,486X,0,+,,,00P21,,,21S03,,24X71,21X01,24X81,00X10,,,,,den/est/lat
70005125000,400D5125001,486X,0,+,,,00P21,,S,21S03,,24X72,21X03,24X81,21X02,,,,,den/est/lat
70005125010,400D5125011,486X,0,+,,,00P21,,,21S03,,24X72,21X03,24X81,00X10,,,,,den/est/lat
70005125100,400D5125101,486X,0,+,,,00P21,,S,21S03,,24X90,,,,,,,,den/est/lat
70005125110,400D5125111,486X,0,+,,,00P21,,,21S03,,24X90,00X10,,,,,,,den/est/lat
70005130000,400D5130001,486X,0,+,,,00P21,,S,21S09,,24X10,24X20,,,,,,,den/est/lat
70005130010,400D5130011,486X,0,+,,,00P21,,,21S09,,24X10,24X20,00X10,,,,,,den/est/lat
70005130100,400D5130101,486X,0,+,,,00P21,,S,21S09,,24X10,24X30,,,,,,,den/est/lat
70005130110,400D5130111,486X,0,+,,,00P21,,,21S09,,24X10,24X30,00X10,,,,,,den/est/lat
70005130200,400D5130201,486X,0,+,,,00P21,,S,21S09,,24X10,24X40,,,,,,,den/est/lat
70005130210,400D5130211,486X,0,+,,,00P21,,,21S09,,24X10,24X40,00X10,,,,,,den/est/lat
70005130300,400D5130301,486X,0,+,,,00P21,,S,21S09,,24X10,24X50,,,,,,,den/est/lat
70005130310,400D5130311,486X,0,+,,,00P21,,,21S09,,24X10,24X50,00X10,,,,,,den/est/lat
70005130400,400D5130401,486X,0,+,,,00P21,,S,21S09,,24X10,24X60,,,,,,,den/est/lat
70005130410,400D5130411,486X,0,+,,,00P21,,,21S09,,24X10,24X60,00X10,,,,,,den/est/lat
70005130500,400D5130501,486X,0,+,,,00P21,,S,21S09,,24X10,24X70,,,,,,,den/est/lat
70005130510,400D5130511,486X,0,+,,,00P21,,,21S09,,24X10,24X70,00X10,,,,,,den/est/lat
70005130600,400D5130601,486X,0,+,,,00P21,,S,21S09,,24X10,24X71,21X01,,,,,,den/est/lat
70005130610,400D5130611,486X,0,+,,,00P21,,,21S09,,24X10,24X71,21X01,00X10,,,,,den/est/lat
70005130700,400D5130701,486X,0,+,,,00P21,,S,21S09,,24X10,24X72,21X03,,,,,,den/est/lat
70005130710,400D5130711,486X,0,+,,,00P21,,,21S09,,24X10,24X72,21X03,00X10,,,,,den/est/lat
70005130800,400D5130801,486X,0,+,,,00P21,,S,21S09,,24X10,24X80,,,,,,,den/est/lat
70005130810,400D5130811,486X,0,+,,,00P21,,,21S09,,24X10,24X80,00X10,,,,,,den/est/lat
70005130900,400D5130901,486X,0,+,,,00P21,,S,21S09,,24X10,24X81,21X02,,,,,,den/est/lat
70005130910,400D5130911,486X,0,+,,,00P21,,,21S09,,24X10,24X81,21X02,00X10,,,,,den/est/lat
70005131000,400D5131001,486X,0,+,,,00P21,,S,21S09,,24X20,24X30,,,,,,,den/est/lat
70005131010,400D5131011,486X,0,+,,,00P21,,,21S09,,24X20,24X30,00X10,,,,,,den/est/lat
70005131100,400D5131101,486X,0,+,,,00P21,,S,21S09,,24X20,24X40,,,,,,,den/est/lat
70005131110,400D5131111,486X,0,+,,,00P21,,,21S09,,24X20,24X40,00X10,,,,,,den/est/lat
70005131200,400D5131201,486X,0,+,,,00P21,,S,21S09,,24X20,24X50,,,,,,,den/est/lat
70005131210,400D5131211,486X,0,+,,,00P21,,,21S09,,24X20,24X50,00X10,,,,,,den/est/lat
70005131300,400D5131301,486X,0,+,,,00P21,,S,21S09,,24X20,24X60,,,,,,,den/est/lat
70005131310,400D5131311,486X,0,+,,,00P21,,,21S09,,24X20,24X60,00X10,,,,,,den/est/lat
70005131400,400D5131401,486X,0,+,,,00P21,,S,21S09,,24X20,24X70,,,,,,,den/est/lat
70005131410,400D5131411,486X,0,+,,,00P21,,,21S09,,24X20,24X70,00X10,,,,,,den/est/lat
70005131500,400D5131501,486X,0,+,,,00P21,,S,21S09,,24X20,24X71,21X01,,,,,,den/est/lat
70005131510,400D5131511,486X,0,+,,,00P21,,,21S09,,24X20,24X71,21X01,00X10,,,,,den/est/lat
70005131600,400D5131601,486X,0,+,,,00P21,,S,21S09,,24X20,24X72,21X03,,,,,,den/est/lat
70005131610,400D5131611,486X,0,+,,,00P21,,,21S09,,24X20,24X72,21X03,00X10,,,,,den/est/lat
70005131700,400D5131701,486X,0,+,,,00P21,,S,21S09,,24X20,24X80,,,,,,,den/est/lat
70005131710,400D5131711,486X,0,+,,,00P21,,,21S09,,24X20,24X80,00X10,,,,,,den/est/lat
70005131800,400D5131801,486X,0,+,,,00P21,,S,21S09,,24X20,24X81,21X02,,,,,,den/est/lat
70005131810,400D5131811,486X,0,+,,,00P21,,,21S09,,24X20,24X81,21X02,00X10,,,,,den/est/lat
70005131900,400D5131901,486X,0,+,,,00P21,,S,21S09,,24X30,24X40,,,,,,,den/est/lat
70005131910,400D5131911,486X,0,+,,,00P21,,,21S09,,24X30,24X40,00X10,,,,,,den/est/lat
70005132000,400D5132001,486X,0,+,,,00P21,,S,21S09,,24X30,24X50,,,,,,,den/est/lat
70005132010,400D5132011,486X,0,+,,,00P21,,,21S09,,24X30,24X50,00X10,,,,,,den/est/lat
70005132100,400D5132101,486X,0,+,,,00P21,,S,21S09,,24X30,24X60,,,,,,,den/est/lat
70005132110,400D5132111,486X,0,+,,,00P21,,,21S09,,24X30,24X60,00X10,,,,,,den/est/lat
70005132200,400D5132201,486X,0,+,,,00P21,,S,21S09,,24X30,24X70,,,,,,,den/est/lat
70005132210,400D5132211,486X,0,+,,,00P21,,,21S09,,24X30,24X70,00X10,,,,,,den/est/lat
70005132300,400D5132301,486X,0,+,,,00P21,,S,21S09,,24X30,24X71,21X01,,,,,,den/est/lat
70005132310,400D5132311,486X,0,+,,,00P21,,,21S09,,24X30,24X71,21X01,00X10,,,,,den/est/lat
70005132400,400D5132401,486X,0,+,,,00P21,,S,21S09,,24X30,24X72,21X03,,,,,,den/est/lat
70005132410,400D5132411,486X,0,+,,,00P21,,,21S09,,24X30,24X72,21X03,00X10,,,,,den/est/lat
70005132500,400D5132501,486X,0,+,,,00P21,,S,21S09,,24X30,24X80,,,,,,,den/est/lat
70005132510,400D5132511,486X,0,+,,,00P21,,,21S09,,24X30,24X80,00X10,,,,,,den/est/lat
70005132600,400D5132601,486X,0,+,,,00P21,,S,21S09,,24X30,24X81,21X02,,,,,,den/est/lat
70005132610,400D5132611,486X,0,+,,,00P21,,,21S09,,24X30,24X81,21X02,00X10,,,,,den/est/lat
70005132700,400D5132701,486X,0,+,,,00P21,,S,21S09,,24X40,24X50,,,,,,,den/est/lat
70005132710,400D5132711,486X,0,+,,,00P21,,,21S09,,24X40,24X50,00X10,,,,,,den/est/lat
70005132800,400D5132801,486X,0,+,,,00P21,,S,21S09,,24X40,24X60,,,,,,,den/est/lat
70005132810,400D5132811,486X,0,+,,,00P21,,,21S09,,24X40,24X60,00X10,,,,,,den/est/lat
70005132900,400D5132901,486X,0,+,,,00P21,,S,21S09,,24X40,24X70,,,,,,,den/est/lat
70005132910,400D5132911,486X,0,+,,,00P21,,,21S09,,24X40,24X70,00X10,,,,,,den/est/lat
70005133000,400D5133001,486X,0,+,,,00P21,,S,21S09,,24X40,24X71,21X01,,,,,,den/est/lat
70005133010,400D5133011,486X,0,+,,,00P21,,,21S09,,24X40,24X71,21X01,00X10,,,,,den/est/lat
70005133100,400D5133101,486X,0,+,,,00P21,,S,21S09,,24X40,24X72,21X03,,,,,,den/est/lat
70005133110,400D5133111,486X,0,+,,,00P21,,,21S09,,24X40,24X72,21X03,00X10,,,,,den/est/lat
70005133200,400D5133201,486X,0,+,,,00P21,,S,21S09,,24X40,24X80,,,,,,,den/est/lat
70005133210,400D5133211,486X,0,+,,,00P21,,,21S09,,24X40,24X80,00X10,,,,,,den/est/lat
70005133300,400D5133301,486X,0,+,,,00P21,,S,21S09,,24X40,24X81,21X02,,,,,,den/est/lat
70005133310,400D5133311,486X,0,+,,,00P21,,,21S09,,24X40,24X81,21X02,00X10,,,,,den/est/lat
70005133400,400D5133401,486X,0,+,,,00P21,,S,21S09,,24X50,24X60,,,,,,,den/est/lat
70005133410,400D5133411,486X,0,+,,,00P21,,,21S09,,24X50,24X60,00X10,,,,,,den/est/lat
70005133500,400D5133501,486X,0,+,,,00P21,,S,21S09,,24X50,24X70,,,,,,,den/est/lat
70005133510,400D5133511,486X,0,+,,,00P21,,,21S09,,24X50,24X70,00X10,,,,,,den/est/lat
70005133600,400D5133601,486X,0,+,,,00P21,,S,21S09,,24X50,24X71,21X01,,,,,,den/est/lat
70005133610,400D5133611,486X,0,+,,,00P21,,,21S09,,24X50,24X71,21X01,00X10,,,,,den/est/lat
70005133700,400D5133701,486X,0,+,,,00P21,,S,21S09,,24X50,24X72,21X03,,,,,,den/est/lat
70005133710,400D5133711,486X,0,+,,,00P21,,,21S09,,24X50,24X72,21X03,00X10,,,,,den/est/lat
70005133800,400D5133801,486X,0,+,,,00P21,,S,21S09,,24X50,24X80,,,,,,,den/est/lat
70005133810,400D5133811,486X,0,+,,,00P21,,,21S09,,24X50,24X80,00X10,,,,,,den/est/lat
70005133900,400D5133901,486X,0,+,,,00P21,,S,21S09,,24X50,24X81,21X02,,,,,,den/est/lat
70005133910,400D5133911,486X,0,+,,,00P21,,,21S09,,24X50,24X81,21X02,00X10,,,,,den/est/lat
70005134000,400D5134001,486X,0,+,,,00P21,,S,21S09,,24X60,24X70,,,,,,,den/est/lat
70005134010,400D5134011,486X,0,+,,,00P21,,,21S09,,24X60,24X70,00X10,,,,,,den/est/lat
70005134100,400D5134101,486X,0,+,,,00P21,,S,21S09,,24X60,24X71,21X01,,,,,,den/est/lat
70005134110,400D5134111,486X,0,+,,,00P21,,,21S09,,24X60,24X71,21X01,00X10,,,,,den/est/lat
70005134200,400D5134201,486X,0,+,,,00P21,,S,21S09,,24X60,24X72,21X03,,,,,,den/est/lat
70005134210,400D5134211,486X,0,+,,,00P21,,,21S09,,24X60,24X72,21X03,00X10,,,,,den/est/lat
70005134300,400D5134301,486X,0,+,,,00P21,,S,21S09,,24X60,24X80,,,,,,,den/est/lat
70005134310,400D5134311,486X,0,+,,,00P21,,,21S09,,24X60,24X80,00X10,,,,,,den/est/lat
70005134400,400D5134401,486X,0,+,,,00P21,,S,21S09,,24X60,24X81,21X02,,,,,,den/est/lat
70005134410,400D5134411,486X,0,+,,,00P21,,,21S09,,24X60,24X81,21X02,00X10,,,,,den/est/lat
70005134500,400D5134501,486X,0,+,,,00P21,,S,21S09,,24X70,24X80,,,,,,,den/est/lat
70005134510,400D5134511,486X,0,+,,,00P21,,,21S09,,24X70,24X80,00X10,,,,,,den/est/lat
70005134600,400D5134601,486X,0,+,,,00P21,,S,21S09,,24X71,21X01,24X80,,,,,,den/est/lat
70005134610,400D5134611,486X,0,+,,,00P21,,,21S09,,24X71,21X01,24X80,00X10,,,,,den/est/lat
70005134700,400D5134701,486X,0,+,,,00P21,,S,21S09,,24X72,21X03,24X80,,,,,,den/est/lat
70005134710,400D5134711,486X,0,+,,,00P21,,,21S09,,24X72,21X03,24X80,00X10,,,,,den/est/lat
70005134800,400D5134801,486X,0,+,,,00P21,,S,21S09,,24X70,24X81,21X02,,,,,,den/est/lat
70005134810,400D5134811,486X,0,+,,,00P21,,,21S09,,24X70,24X81,21X02,00X10,,,,,den/est/lat
70005134900,400D5134903,486X,0,+,,,00P21,,S,21S09,,24X71,21X01,24X81,21X02,,,,,den/est/lat
70005134910,400D5134911,486X,0,+,,,00P21,,,21S09,,24X71,21X01,24X81,00X10,,,,,den/est/lat
70005135000,400D5135001,486X,0,+,,,00P21,,S,21S09,,24X72,21X03,24X81,21X02,,,,,den/est/lat
70005135010,400D5135011,486X,0,+,,,00P21,,,21S09,,24X72,21X03,24X81,00X10,,,,,den/est/lat
70005135100,400D5135101,486X,0,+,,,00P21,,S,21S09,,24X90,,,,,,,,den/est/lat
70005135110,400D5135111,486X,0,+,,,00P21,,,21S09,,24X90,00X10,,,,,,,den/est/lat
70005140000,400D514000,487X,0,+,,,00P21,,N,,,24X10,24X20,,,,,,,den/est/ice/lat/nor/swe
70005140100,400D514010,487X,0,+,,,00P21,,N,,,24X10,24X30,,,,,,,den/est/ice/lat/nor/swe
70005140200,400D514020,487X,0,+,,,00P21,,N,,,24X10,24X40,,,,,,,den/est/ice/lat/nor/swe
70005140300,400D514030,487X,0,+,,,00P21,,N,,,24X10,24X50,,,,,,,den/est/ice/lat/nor/swe
70005140400,400D514040,487X,0,+,,,00P21,,N,,,24X10,24X60,,,,,,,den/est/ice/lat/nor/swe
70005140500,400D514050,487X,0,+,,,00P21,,N,,,24X10,24X70,,,,,,,den/est/ice/lat/nor/swe
70005140600,400D514060,487X,0,+,,,00P21,,N,,,24X10,24X71,21X01,,,,,,den/est/ice/lat/nor/swe
70005140700,400D514070,487X,0,+,,,00P21,,N,,,24X10,24X72,21X03,,,,,,den/est/ice/lat/nor/swe
70005140800,400D514080,487X,0,+,,,00P21,,N,,,24X10,24X80,,,,,,,den/est/ice/lat/nor/swe
70005140900,400D514090,487X,0,+,,,00P21,,N,,,24X10,24X81,21X02,,,,,,den/est/ice/lat/nor/swe
70005141000,400D514100,487X,0,+,,,00P21,,N,,,24X20,24X30,,,,,,,den/est/ice/lat/nor/swe
70005141100,400D514110,487X,0,+,,,00P21,,N,,,24X20,24X40,,,,,,,den/est/ice/lat/nor/swe
70005141110,400D514111,486N,0,+,,,24P01,,S,21S10,,24X11,24X21,,,,,,,fin
70005141120,400D514112,486N,0,+,,,24P01,,,21S10,,24X11,24X21,00X10,,,,,,fin
70005141200,400D514120,487X,0,+,,,00P21,,N,,,24X20,24X50,,,,,,,den/est/ice/lat/nor/swe
70005141210,400D514121,486N,0,+,,,24P01,,S,21S10,,24X11,24X22,,,,,,,fin
70005141220,400D514122,486N,0,+,,,24P01,,,21S10,,24X11,24X22,00X10,,,,,,fin
70005141300,400D514130,487X,0,+,,,00P21,,N,,,24X20,24X60,,,,,,,den/est/ice/lat/nor/swe
70005141310,400D514131,486N,0,+,,,24P01,,S,21S10,,24X11,24X31,,,,,,,fin
70005141320,400D514132,486N,0,+,,,24P01,,,21S10,,24X11,24X31,00X10,,,,,,fin
70005141400,400D514140,487X,0,+,,,00P21,,N,,,24X20,24X70,,,,,,,den/est/ice/lat/nor/swe
70005141500,400D514150,487X,0,+,,,00P21,,N,,,24X20,24X71,21X01,,,,,,den/est/ice/lat/nor/swe
70005141600,400D514160,487X,0,+,,,00P21,,N,,,24X20,24X72,21X03,,,,,,den/est/ice/lat/nor/swe
70005141700,400D514170,487X,0,+,,,00P21,,N,,,24X20,24X80,,,,,,,den/est/ice/lat/nor/swe
70005141800,400D514180,487X,0,+,,,00P21,,N,,,24X20,24X81,21X02,,,,,,den/est/ice/lat/nor/swe
70005141900,400D514190,487X,0,+,,,00P21,,N,,,24X30,24X40,,,,,,,den/est/ice/lat/nor/swe
70005142000,400D514200,487X,0,+,,,00P21,,N,,,24X30,24X50,,,,,,,den/est/ice/lat/nor/swe
70005142100,400D514210,487X,0,+,,,00P21,,N,,,24X30,24X60,,,,,,,den/est/ice/lat/nor/swe
70005142110,400D514211,486N,0,+,,,24P01,,S,21S10,,24X21,24X22,,,,,,,fin
70005142120,400D514212,486N,0,+,,,24P01,,,21S10,,24X21,24X22,00X10,,,,,,fin
70005142200,400D514220,487X,0,+,,,00P21,,N,,,24X30,24X70,,,,,,,den/est/ice/lat/nor/swe
70005142300,400D514230,487X,0,+,,,00P21,,N,,,24X30,24X71,21X01,,,,,,den/est/ice/lat/nor/swe
70005142310,400D514231,486N,0,+,,,24P01,,S,21S10,,24X21,24X41,,,,,,,fin
70005142320,400D514232,486N,0,+,,,24P01,,,21S10,,24X21,24X41,00X10,,,,,,fin
70005142400,400D514240,487X,0,+,,,00P21,,N,,,24X30,24X72,21X03,,,,,,den/est/ice/lat/nor/swe
70005142500,400D514250,487X,0,+,,,00P21,,N,,,24X30,24X80,,,,,,,den/est/ice/lat/nor/swe
70005142600,400D514260,487X,0,+,,,00P21,,N,,,24X30,24X81,21X02,,,,,,den/est/ice/lat/nor/swe
70005142700,400D514270,487X,0,+,,,00P21,,N,,,24X40,24X50,,,,,,,den/est/ice/lat/nor/swe
70005142800,400D514280,487X,0,+,,,00P21,,N,,,24X40,24X60,,,,,,,den/est/ice/lat/nor/swe
70005142900,400D514290,487X,0,+,,,00P21,,N,,,24X40,24X70,,,,,,,den/est/ice/lat/nor/swe
70005143000,400D514300,487X,0,+,,,00P21,,N,,,24X40,24X71,21X01,,,,,,den/est/ice/lat/nor/swe
70005143100,400D514310,487X,0,+,,,00P21,,N,,,24X40,24X72,21X03,,,,,,den/est/ice/lat/nor/swe
70005143110,400D514311,486N,0,+,,,24P01,,S,21S10,,24X21,24X61,,,,,,,fin
70005143120,400D514312,486N,0,+,,,24P01,,,21S10,,24X21,24X61,00X10,,,,,,fin
70005143200,400D514320,487X,0,+,,,00P21,,N,,,24X40,24X80,,,,,,,den/est/ice/lat/nor/swe
70005143300,400D514330,487X,0,+,,,00P21,,N,,,24X40,24X81,21X02,,,,,,den/est/ice/lat/nor/swe
70005143310,400D514331,486N,0,+,,,24P01,,S,21S10,,24X22,24X31,,,,,,,fin
70005143320,400D514332,486N,0,+,,,24P01,,,21S10,,24X22,24X31,00X10,,,,,,fin
70005143400,400D514340,487X,0,+,,,00P21,,N,,,24X50,24X60,,,,,,,den/est/ice/lat/nor/swe
70005143500,400D514350,487X,0,+,,,00P21,,N,,,24X50,24X70,,,,,,,den/est/ice/lat/nor/swe
70005143600,400D514360,487X,0,+,,,00P21,,N,,,24X50,24X71,21X01,,,,,,den/est/ice/lat/nor/swe
70005143700,400D514370,487X,0,+,,,00P21,,N,,,24X50,24X72,21X03,,,,,,den/est/ice/lat/nor/swe
70005143800,400D514380,487X,0,+,,,00P21,,N,,,24X50,24X80,,,,,,,den/est/ice/lat/nor/swe
70005143900,400D514390,487X,0,+,,,00P21,,N,,,24X50,24X81,21X02,,,,,,den/est/ice/lat/nor/swe
70005144000,400D514400,487X,0,+,,,00P21,,N,,,24X60,24X70,,,,,,,den/est/ice/lat/nor/swe
70005144100,400D514410,487X,0,+,,,00P21,,N,,,24X60,24X71,21X01,,,,,,den/est/ice/lat/nor/swe
70005144110,400D514411,486N,0,+,,,24P01,,S,21S10,,24X22,24X41,,,,,,,fin
70005144120,400D514412,486N,0,+,,,24P01,,,21S10,,24X22,24X41,00X10,,,,,,fin
70005144200,400D514420,487X,0,+,,,00P21,,N,,,24X60,24X72,21X03,,,,,,den/est/ice/lat/nor/swe
70005144210,400D514421,486N,0,+,,,24P01,,S,21S10,,24X22,24X61,,,,,,,fin
70005144220,400D514422,486N,0,+,,,24P01,,,21S10,,24X22,24X61,00X10,,,,,,fin
70005144300,400D514430,487X,0,+,,,00P21,,N,,,24X60,24X80,,,,,,,den/est/ice/lat/nor/swe
70005144400,400D514440,487X,0,+,,,00P21,,N,,,24X60,24X81,21X02,,,,,,den/est/ice/lat/nor/swe
70005144500,400D514450,487X,0,+,,,00P21,,N,,,24X70,24X80,,,,,,,den/est/ice/lat/nor/swe
70005144600,400D514460,487X,0,+,,,00P21,,N,,,24X71,21X01,24X80,,,,,,den/est/ice/lat/nor/swe
70005144700,400D514470,487X,0,+,,,00P21,,N,,,24X72,21X03,24X80,,,,,,den/est/ice/lat/nor/swe
70005144800,400D514480,487X,0,+,,,00P21,,N,,,24X70,24X81,21X02,,,,,,den/est/ice/lat/nor/swe
70005144900,400D514490,487X,0,+,,,00P21,,N,,,24X71,21X01,24X81,21X02,,,,,den/est/ice/lat/nor/swe
70005145000,400D514500,487X,0,+,,,00P21,,N,,,24X72,21X03,24X81,21X02,,,,,den/est/ice/lat/swe
70005145001,400D5145001,487X,0,+,,,00P21,,N,,,24X72,21X01,24X81,21X02,,,,,nor
70005145100,400D514510,487X,0,+,,,00P21,,N,,,24X90,,,,,,,,den/est/ice/lat/nor/swe
70005145110,400D514511,486N,0,+,,,24P01,,S,21S10,,24X31,24X41,,,,,,,fin
70005145120,400D514512,486N,0,+,,,24P01,,,21S10,,24X31,24X41,00X10,,,,,,fin
70005145210,400D514521,486N,0,+,,,24P01,,S,21S10,,24X31,24X61,,,,,,,fin
70005145220,400D514522,486N,0,+,,,24P01,,,21S10,,24X31,24X61,00X10,,,,,,fin
70005146110,400D514611,486N,0,+,,,24P01,,S,21S10,,24X41,24X61,,,,,,,fin
70005146120,400D514612,486N,0,+,,,24P01,,,21S10,,24X41,24X61,00X10,,,,,,fin
70006001000,400D600100,415X,0,+,,,18P01,,S,,,18X01,,,,,,,,fin
70006002000,400D600200,415X,0,+,,,18P01,,S,,,18X01,,,,,,,,den/est/ice/lat/nor
70006002001,400D6002001,415X,0,+,,,18P01,,,,,18X01,00X10,,,,,,,fin
70006002002,400D6002002,415M,0,+,,,18P01,2.0,S,,,18X01,,,,,,,,swe
70006002010,400D600201,415M,0,+,,,18P01,2.0,,,,18X01,00X10,,,,,,,swe
70006002050,400D600205,415C,0,+,,,18P01,1.0,S,,,18X01,,,,,,,,swe
70006002060,400D600206,415C,0,+,,,18P01,1.0,,,,18X01,00X10,,,,,,,swe
70006002090,400D600209,415N,0,+,,,18P01,,S,,,18X01,,,,,,,,swe
70006002100,400D600210,415X,0,+,,,18P01,,,,,18X01,00X10,,,,,,,den/est/ice/lat
70006002101,400D6002101,415N,0,+,,,18P01,,,,,18X01,00X10,,,,,,,swe
70007010000,400D701000,470X,9,+,,,,,S,14S01,,14X31,,,,,,,,den/lat/nor
70007010001,400D7010001,470H,9,+,,,,,S,14S01,,14X31,,,,,,,,fin/ice/swe/est
70007010200,400D701020,381X,0,+,14.0,,,,S,14S05,,14X01,,,,,,,,den/est/fin/ice/lat/nor
70007020080,400D702008,381C,0,+,14.0,,,1.0,S,14S05,,14X01,,,,,,,,swe
70007020090,400D702009,381C,0,+,14.0,,,1.0,S,14S05,,14X31,,,,,,,,swe
70007021000,400D702100,381X,0,+,14.0,,,,S,14S05,,14X31,,,,,,,,den/est/fin/ice/lat/nor
70007021080,400D702108,381N,0,+,14.0,,,,S,14S05,,14X01,,,,,,,,swe
70007021090,400D702109,381N,0,+,14.0,,,,S,14S05,,14X31,,,,,,,,swe
70007022000,400D702200,380X,0,+,14.0,,,,,,,14X31,,,,,,,,den/est/fin/ice/lat/nor
70007022050,400D702205,380C,0,+,14.0,,,1.0,,,,14X31,,,,,,,,swe
70007022090,400D702209,380N,0,+,14.0,,,,,,,14X31,,,,,,,,swe
70007041000,400D704100,383X,0,+,14.0,,,1.0,,,,14X01,,,,,,,,den/est/fin/ice/lat/nor
70007041100,400D704110,383X,0,+,13.0,,,1.0,,,,14X01,,,,,,,,den/est/fin/ice/lat/nor
70007042000,400D704200,384X,0,+,14.0,,,,,,,14X01,,,,,,,,den/est/fin/ice/lat/nor
70007042090,400D704209,383N,0,+,14.0,,,1.0,,,,14X01,,,,,,,,swe
70007042100,400D704210,384X,0,+,13.0,,,,,,,14X01,,,,,,,,den/est/fin/ice/lat/nor
70007042150,400D704215,383N,0,+,13.0,,,1.0,,,,14X01,,,,,,,,swe
70007042180,400D704218,384N,0,+,14.0,,,,,,,14X01,,,,,,,,swe
70007042190,400D704219,384N,0,+,13.0,,,,,,,14X01,,,,,,,,swe
70007044416,400D70605,370B,0,+,,,,1.0,S,14S01,,14X07,,,,,,,,nor/ice
70007046642,400D706100,370X,0,+,,,,1.0,S,14S01,,,,,,,,,,den/est/ice/lat/nor
70007051095,400D7060001,370M,0,+,,,,2.0,S,14S01,,,,,,,,,,fin
70007060000,400D7060002,370C,0,+,,,,1.0,S,14S01,,,,,,,,,,fin
70007061001,400D7061001,370M,0,+,,,,2.0,S,14S01,-05S60,,,,,,,,,swe
70007061050,400D706105,370C,0,+,,,,1.0,S,14S01,-05S60,,,,,,,,,swe
70007061525,400D7062002,370C,0,+,,,,,S,14S01,,14X12,,,,,,,,fin
70007062000,400D706200,370X,0,+,,,,,S,14S01,,14X12,,,,,,,,den/est/ice/lat/nor
70007062001,400D7062001,370C,0,+,,,,,S,14S01,-05S60,14X12,,,,,,,,swe
70007063000,400D706300,370X,0,+,,,,,S,14S01,,14X13,,,,,,,,den/est/lat
70007064000,400D7064002,370C,0,+,,,,,S,14S01,,14X13,,,,,,,,fin
70007067500,400D707099,371X,0,+,,,,,S,14S01,,,,,,,,,,nor
70007071000,400D707100,371X,0,+,,,,,S,14S01,-05S60,,,,,,,,,den/est/fin/ice/lat/swe
70007091200,400D709120,378N,0,+,14.0,14M03,,,S,14S11,,,,,,,,,,fin
70007091300,400D709130,378N,0,+,14.0,14M03,,,S,14S11,,,,,,,,,,den/est/ice/lat/nor/swe
70007091301,400D7091301,378N,0,+,14.0,14M03,,,,14S11,,00X10,,,,,,,,fin
70007091310,400D709131,378N,0,+,14.0,14M03,,,,14S11,,00X10,,,,,,,,den/est/ice/lat/swe
70007091400,400D709140,380X,0,+,14.0,14M03,,,,,,,,,,,,,,den/est/fin/ice/lat/nor
70007091450,400D709145,380C,0,+,14.0,14M03,,1.0,,,,,,,,,,,,swe
70007091490,400D709149,380N,0,+,14.0,14M03,,,,,,,,,,,,,,swe
70007110000,400D711000,374X,0,+,,,,,S,14S02,,14X03,,,,,,,,den/est/fin/ice/lat/nor/swe
70007111000,400D711100,375X,0,+,,,,,S,14S03,,14X03,,,,,,,,den/est/fin/ice/lat/nor
70007111001,400D7111001,374X,0,+,,,,,S,14S03,,14X03,,,,,,,,swe
70007111010,400D711101,375X,0,+,,,,,,14S03,,14X03,00X10,,,,,,,den/est/ice/lat
70007111011,400D7111011,374X,0,+,,,,,,14S03,,14X03,00X10,,,,,,,swe
70007111100,400D711110,375X,0,+,,,,,,14S03,,14X03,00X10,,,,,,,fin
70007120010,400D712001,372M,0,+,,,,2.0,S,14S04,-14S90,14X03,,,,,,,,swe/fin
70007120020,400D712002,372M,0,+,,,,2.0,S,14S06,,14X03,,,,,,,,swe
70007120030,400D712003,372M,0,+,,,,2.0,,14S04,-14S90,14X03,00X10,,,,,,,swe/fin
70007120040,400D712004,372M,0,+,,,,2.0,N,,,14X03,,,,,,,,swe/fin
70007125020,400D712005,372M,0,+,,,,,N,,,14X03,14X15,,,,,,,swe/fin
70007126265,400D712006,372C,0,+,,,,1.0,S,14S06,,14X03,,,,,,,,swe
70007127510,400D712900,372B,0,+,,,,1.0,S,14S04,-14S90,14X03,14X07,,,,,,,ice/nor
70007128755,400D712901,372B,0,+,,,,1.0,N,,,14X03,14X07,,,,,,,ice/nor
70007129377,400D712902,372B,0,+,,,,,S,14S04,-14S90,14X03,14X11,14X07,,,,,,ice/nor
70007129688,400D712903,372B,0,+,,,,1.0,,14S04,-14S90,14X03,00X10,14X07,,,,,,ice
70007129844,400D712904,372B,0,+,,,,,,14S04,-14S90,14X03,14X11,00X10,14X07,,,,,ice
70007129922,400D712999,373X,0,+,,,,,S,14S06,,14X03,,,,,,,,est
70007130000,400D713000,372X,0,+,,,,1.0,S,14S04,-14S90,14X03,,,,,,,,den/est/ice/lat/nor
70007130006,400D7130001,372C,0,+,,,,1.0,S,14S04,-14S90,14X03,,,,,,,,swe/fin
70007130010,400D713001,372X,0,+,,,,1.0,,14S04,-14S90,14X03,00X10,,,,,,,den/est/ice/lat
70007130011,400D7130011,372C,0,+,,,,1.0,,14S04,-14S90,14X03,00X10,,,,,,,swe/fin
70007130100,400D713010,372X,0,+,,,,1.0,N,,,14X03,,,,,,,,den/est/ice/lat/nor
70007130101,400D7130101,372C,0,+,,,,1.0,N,,,14X03,,,,,,,,swe/fin
70007131000,400D713100,372X,0,+,,,,,S,14S04,-14S90,14X03,14X11,,,,,,,den/est/ice/lat/nor
70007131001,400D7131001,372C,0,+,,,,,S,14S04,-14S90,14X03,14X11,,,,,,,swe/fin
70007131010,400D713101,372X,0,+,,,,,,14S04,-14S90,14X03,14X11,00X10,,,,,,den/est/ice/lat
70007131011,400D7131011,372C,0,+,,,,,,14S04,-14S90,14X03,14X11,00X10,,,,,,swe/fin
70007131100,400D713110,372X,0,+,,,,,N,,,14X03,14X11,,,,,,,den/est/ice/lat/nor
70007131101,400D7131101,372C,0,+,,,,,N,,,14X03,14X11,,,,,,,swe/fin
70007131200,400D7131202,372C,0,+,,,,,S,14S04,-14S90,14X03,14X13,,,,,,,fin
70007131210,400D7131212,372C,0,+,,,,,,14S04,-14S90,14X03,14X13,00X10,,,,,,fin
70007131300,400D7131302,372C,0,+,,,,,N,,,14X03,14X13,,,,,,,fin
70007830000,400D783000,373X,0,+,,,,,S,14S04,-14S90,14X03,,,,,,,,den/est/fin/ice/lat/nor/swe
70007830050,400D712007,373X,0,+,,,,,S,14S06,,14X03,,,,,,,,swe/est
70007830100,400D783010,373X,0,+,,,,,,14S04,-14S90,14X03,00X10,,,,,,,den/est/fin/ice/lat/swe
70007831000,400D783100,373X,0,+,,,,,N,,,14X03,,,,,,,,den/est/fin/ice/lat/nor/swe
70008000000,400D800000,410X,0,+,,,,,N,40V56,,90X01,,,,,,<4,,nor
70008001000,400D800100,410X,0,+,,,,,N,40V56,,90X02,,,,,,<4,,nor
70009000000,400D900000,570X,0,+,,,,,S,01S51,,,,,,,,,,nor
70100120000,401D012000,002A,0,+,1.0,,,,S,01S01,-01S29,01X02,,,,,,,,den/est/fin/ice/lat/nor
70100120001,401D0120001,002AM,0,+,1.0,,,2.0,S,01S01,-01S29,01X02,,,,,,,,swe
70100120020,401D012002,002AC,0,+,1.0,,,1.0,S,01S01,-01S29,01X02,,,,,,,,swe
70100120050,401D012005,002AN,0,+,1.0,,,,S,01S01,-01S29,01X02,,,,,,,,swe
70100130000,401D013000,001A,0,+,1.0,01M02,,,S,01S26,,,,,,,,,,den/est/fin/ice/lat/nor
70100130001,401D0130001,001AM,0,+,1.0,01M02,,2.0,S,01S26,,,,,,,,,,swe
70100130010,401D013001,001AN,0,+,1.0,01M02,,,S,01S26,,,,,,,,,,swe
70100140000,401D014000,001C,0,+,,,01P01,,S,01S27,,,,,,,,,,den/est/fin/ice/lat/nor
70100140010,401D014001,001CN,0,+,,,01P01,,S,01S27,,,,,,,,,,swe
70100140020,401D014002,001CN,0,+,1.0,,,,S,01S30,,,,,,,,,,swe
70100140100,401D014010,001CN,0,+,1.0,,,,S,01S35,,,,,,,,,,swe
70100140150,401D014015,001CN,0,+,1.0,,,,S,01S37,,,,,,,,,,swe
70100141001,401D0141001,001C,0,+,1.0,,,,S,01S30,,,,,,,,,,nor
70100142000,401D014200,001C,0,+,1.0,,,,S,01S30,,,,,,,,,,den/est/fin/lat
70100142001,401D0142001,001C,0,+,,,,,,01S30,,,,,,,,,,ice
70100150000,401D015000,001B,0,+,1.0,,,,S,01S27,,,,,,,,,,den/est/fin/ice/lat/nor
70100150001,401D0150001,001BM,0,+,1.0,,,2.0,S,01S27,,,,,,,,,,swe
70100150010,401D015001,001BN,0,+,1.0,,,,S,01S27,,,,,,,,,,swe
70100160000,401D016000,001D,0,+,1.0,,,,S,01S28,,,,,,,,,,den/est/fin/ice/lat/nor
70100160001,401D0160001,001DM,0,+,1.0,,,2.0,S,01S28,,,,,,,,,,swe
70100160010,401D016001,001DN,0,+,1.0,,,,S,01S28,,,,,,,,,,swe
70100170000,401D017000,002B,0,+,1.0,,,,S,01S29,,,,,,,,,,den/est/fin/ice/lat/nor
70100170050,401D017005,002BN,0,+,1.0,,,,S,01S29,,,,,,,,,,swe
70100180000,401D018000,001E,0,+,1.0,,,,S,01S01,,,,,,,,,,den/est/fin/ice/lat/nor
70100180001,401D0180001,001EM,0,+,1.0,,,2.0,S,01S01,,,,,,,,,,swe
70100180010,401D018001,001EN,0,+,1.0,,,,S,01S01,,,,,,,,,,swe
70100410000,401D041000,004X,0,+,1.0,,,,S,01S02,,,,,,,,,,den/est/fin/ice/lat/nor
70100410050,401D041005,004N,0,+,1.0,,,,S,01S02,,,,,,,,,,swe
70100500000,401D050000,005X,0,+,1.0,,,,S,01S03,,,,,,,,,,fin
70100510000,401D051000,005X,0,+,1.0,,,,S,01S03,,,,,,,,,,den/est/ice/lat/nor
70100510001,401D0510001,005X,0,+,1.0,,,,,01S03,,00X10,,,,,,,,fin
70100510050,401D051005,005C,0,+,1.0,,,1.0,S,01S03,,,,,,,,,,swe
70100510090,401D051009,005N,0,+,1.0,,,,S,01S03,,,,,,,,,,swe
70100511000,401D051100,005X,0,+,1.0,,,,,01S03,,00X10,,,,,,,,den/est/ice/lat
70100520000,401D052000,005X,0,+,,,01P05,,S,01S03,,,,,,,,,,den/est/fin/ice/lat/nor
70100520050,401D052005,005C,0,+,,,01P05,1.0,S,01S03,,,,,,,,,,swe
70100520090,401D052009,005N,0,+,,,01P05,,S,01S03,,,,,,,,,,swe
70100521000,401D052100,005X,0,+,,,01P05,,,01S03,,00X10,,,,,,,,den/est/ice/lat
70100530000,401D053000,005X,0,+,,,01P05,,,01S03,,00X10,,,,,,,,fin
70100589000,401D058900,571X,0,+,1.0,,,,S,01S52,,,,,,,,,,den/est/fin/ice/lat/swe
70100600000,401D060000,570X,0,+,1.0,,,,S,01S51,,,,,,,,,,den/est/fin/ice/lat/nor/swe
70100610000,401D061000,006X,0,+,,,01P04,,S,01S04,,,,,,,,,,den/est/fin/ice/lat/nor/swe
70100700000,401D070000,003N,0,+,1.0,,,,S,01S50,,,,,,,,,,den/est/ice/lat/nor/swe
70100711000,401D071100,007X,0,+,1.0,,,1.0,S,01S04,,,,,,,,,,den/est/fin/ice/lat/nor
70100711001,401D0711001,007M,0,+,1.0,,,2.0,S,01S04,,,,,,,,,,swe
70100711050,401D071105,007X,0,+,1.0,,,1.0,S,01S04,,,,,,,,,,swe
70100712000,401D071200,007X,0,+,1.0,,,1.0,S,01S05,,,,,,,,,,den/est/fin/ice/lat/nor
70100712001,401D0712001,007M,0,+,1.0,,,2.0,S,01S05,,,,,,,,,,swe
70100712010,401D071201,007M,0,+,1.0,,,2.0,,01S05,,00X10,,,,,,,,swe
70100712050,401D071205,007X,0,+,1.0,,,1.0,S,01S05,,,,,,,,,,swe
70100712060,401D071206,007X,0,+,1.0,,,1.0,,01S05,,00X10,,,,,,,,swe
70100712100,401D071210,007X,0,+,1.0,,,1.0,,01S05,,00X10,,,,,,,,den/est/fin/ice/lat
70100713000,401D071300,007X,0,+,,,01P05,1.0,S,01S05,,,,,,,,,,den/est/fin/ice/lat/nor
70100713001,401D0713001,007M,0,+,,,01P05,2.0,S,01S05,,,,,,,,,,swe
70100713010,401D071301,007M,0,+,,,01P05,2.0,,01S05,,00X10,,,,,,,,swe
70100713020,401D071302,007M,0,+,,,01P21,2.0,S,01S21,,,,,,,,,,swe
70100713050,401D071305,007X,0,+,,,01P05,1.0,S,01S05,,,,,,,,,,swe
70100713060,401D071306,007X,0,+,,,01P05,1.0,,01S05,,00X10,,,,,,,,swe
70100713070,401D071307,007X,0,+,,,01P21,1.0,S,01S21,,,,,,,,,,swe
70100713100,401D071310,007X,0,+,,,01P05,1.0,,01S05,,00X10,,,,,,,,den/est/fin/ice/lat
70100713120,490D010100,007X,0,+,,,01P21,1.0,S,01S21,,,,,,,,,,den/est/ice/lat/nor
70100721000,401D072100,008X,0,+,1.0,,,,S,01S04,,,,,,,,,,den/est/fin/ice/lat/nor/swe
70100722000,401D072200,008X,0,+,1.0,,,,S,01S05,,,,,,,,,,den/est/fin/ice/lat/nor/swe
70100722100,401D072210,008X,0,+,1.0,,,,,01S05,,00X10,,,,,,,,den/est/fin/ice/lat/swe
70100723000,401D072300,008X,0,+,,,01P05,,S,01S05,,,,,,,,,,den/est/fin/ice/lat/nor/swe
70100723100,401D072310,008X,0,+,,,01P05,,,01S05,,00X10,,,,,,,,den/est/fin/ice/lat/swe
70100724100,401D072410,020M,0,+,1.0,01M09,,2.0,N,,,,,,,,,,,swe
70100724150,401D072415,020C,0,+,1.0,01M09,,1.0,N,,,,,,,,,,,fin
70100724200,401D072420,020N,0,+,1.0,01M09,,,N,,,,,,,,,,,swe/fin
70100725100,401D072510,010M,0,+,1.0,01M02,,2.0,N,,,,,,,,,,,swe
70100725200,401D072520,010C,0,+,1.0,01M02,,1.0,N,,,,,,,,,,,swe
70100725300,401D072530,011X,0,+,1.0,01M02,,,N,,,,,,,,,,,swe
70100730000,401D073000,531X,0,+,1.0,,,,,,,00X10,,,,,,,,den/est/lat
70100900000,401D090000,009X,0,+,1.0,01M01,,,N,,,,,,,,,,,den/est/ice/lat/nor
70100900001,401D0900001,009M,0,+,1.0,01M01,,2.0,N,,,,,,,,,,,swe
70100900050,401D090005,009C,0,+,1.0,01M01,,1.0,N,,,,,,,,,,,swe
70100900090,401D090009,009N,0,+,1.0,01M01,,,N,,,,,,,,,,,swe
70101000000,401D100000,010X,0,+,1.0,01M02,,1.0,N,,,,,,,,,,,den/est/fin/ice/lat/nor
70101100000,401D110000,011X,0,+,1.0,01M02,,,N,,,,,,,,,,,den/est/ice/lat/nor
70101150000,401D115000,531X,0,+,1.0,,,,,,,00X10,,,,,,,,ice
70101199400,401D119940,011FA,0,+,1.0,01M02,,,N,90T06,,,,,,,,,,fin
70101199500,401D119950,011FB,0,+,1.0,01M02,,,N,90T07,,,,,,,,,,fin
70101199600,401D119960,011FC,0,+,1.0,01M02,,,N,90T08,,,,,,,,,,fin
70101199610,401D119961,011FC,0,+,1.0,01M02,,,N,90T05,,,,,,,,,,fin
70101199700,401D119970,011FD,0,+,1.0,01M02,,,N,90T01,90S01,,,,,,,,,fin
70101199710,401D119971,011FD,0,+,1.0,01M02,,,N,99S80,,,,,,,,,,fin
70101199800,401D119980,011FF,0,+,1.0,01M02,,,N,,,,,,,,,,,fin
70101199900,401D119990,531X,0,+,1.0,,,,,,,00X10,,,,,,,,fin
70101199950,401D119995,009X,0,+,1.0,01M01,,,N,,,,,,,,,,,fin
70101200000,401D120000,012X,0,+,1.0,01M03,,,N,,,,,,,,,,,den/est/fin/ice/lat/nor
70101200001,401D1200001,012M,0,+,1.0,01M03,,2.0,N,,,,,,,,,,,swe
70101200090,401D120009,012N,0,+,1.0,01M03,,,N,,,,,,,,,,,swe
70101300000,401D130000,013X,0,+,1.0,01M04,,,N,,,,,,,,,,,den/est/fin/ice/lat/nor
70101300050,401D130005,013C,0,+,1.0,01M04,,1.0,N,,,,,,,,,,,swe
70101300090,401D130009,013N,0,+,1.0,01M04,,,N,,,,,,,,,,,swe
70101400000,401D140000,014M,0,+,1.0,01M05,,2.0,N,,,,,,,,,,,swe
70101400006,405D2001003,124X,0,+,,,05P05,,,05S05,,05X03,,,,,,,,fin
70101400008,405D2003001,125X,0,+,,,05P05,,,05S05,,,,,,,,,,fin
70101400010,401D140001,014D,0,+,1.0,01M05,,1.0,N,00S22,,,,,,,,,,est/fin/lat
70101400020,401D140002,014A,0,+,1.0,01M05,,1.0,N,,,,,,,,,,,den/est/fin/ice/lat/nor
70101400050,401D140005,014C,0,+,1.0,01M05,,1.0,N,,,,,,,,,,,swe
70101400100,401D140010,014C,0,+,1.0,01M05,,,N,00S22,,,,,,,,,,est/fin/lat
70101400101,401D1400101,014N,0,+,1.0,01M05,,,N,,,,,,,,,,,swe
70101400120,401D140012,014B,0,+,1.0,01M05,,,N,,,,,,,,,,,den/est/fin/ice/lat/nor
70101410000,401D141000,014M,0,+,1.0,01M06,,2.0,N,,,01X03,,,,,,,,swe
70101410010,401D141001,014D,0,+,1.0,01M06,,1.0,N,00S22,,,,,,,,,,est/fin/lat
70101410020,401D141002,014A,0,+,1.0,01M06,,1.0,N,,,01X03,,,,,,,,den/est/fin/ice/lat/nor
70101410050,401D141005,014C,0,+,1.0,01M06,,1.0,N,,,01X03,,,,,,,,swe
70101410100,401D141010,014B,0,+,1.0,01M06,,,N,,,01X03,,,,,,,,den
70101410101,401D1410101,014N,0,+,1.0,01M06,,,N,,,01X03,,,,,,,,swe
70101410110,401D141011,014C,0,+,1.0,01M06,,,N,00S22,,,,,,,,,,est/fin/lat
70101410120,401D141012,014B,0,+,1.0,01M06,,,N,,,01X03,,,,,,,,est/fin/ice/lat/nor
70101500000,401D150000,016X,0,+,1.0,01M06,,1.0,N,,,01X04,,,,,,,,den/est/fin/ice/lat
70101510000,401D151000,017X,0,+,1.0,01M06,,,N,,,01X04,,,,,,,,den/est/fin/ice/lat/nor/swe
70101520000,401D152000,017X,0,+,1.0,01M07,,,N,,,,,,,,,,,nor
70101600000,401D160000,015X,0,+,1.0,01M06,,,N,,,,,,,,,,,den/est/fin/ice/lat/nor
70101600090,401D160009,015N,0,+,1.0,01M06,,,N,,,,,,,,,,,swe
70101690000,401D169000,016X,0,+,1.0,01M06,,1.0,N,,,01X04,,,,,,,,nor
70101700000,401D170000,016X,0,+,1.0,01M07,,1.0,N,,,,,,,,,,,den/est/fin/ice/lat/nor
70101710000,401D171000,017X,0,+,1.0,01M07,,,N,,,,,,,,,,,den/est/fin/ice/lat/swe
70101800000,401D180000,018X,0,+,1.0,01M08,,1.0,N,,,,,,,,,,,den/est/fin/ice/lat/nor
70101800001,401D1800001,018M,0,+,1.0,01M08,,2.0,N,,,,,,,,,,,swe
70101800050,401D180005,018C,0,+,1.0,01M08,,1.0,N,,,,,,,,,,,swe
70101900000,401D190000,019X,0,+,1.0,01M08,,,N,,,,,,,,,,,den/est/fin/ice/lat/nor/swe
70102000000,401D200000,020X,0,+,1.0,01M09,,,N,,,,,,,,,,,den/est/ice/lat/nor
70102100000,401D210000,021X,0,+,1.0,01M10,,,N,,,,,,,,,,,den/est/fin/ice/lat/nor
70102100001,401D2100001,021C,0,+,1.0,01M10,,1.0,N,,,,,,,,,,,swe
70102100090,401D210009,021N,0,+,1.0,01M10,,,N,,,,,,,,,,,swe
70102300000,401D230000,023X,0,+,1.0,01M12,,,N,,,,,,,,,,,den/est/fin/ice/lat/nor
70102300050,401D230005,023C,0,+,1.0,01M12,,1.0,N,,,,,,,,,,,swe
70102300090,401D230009,023N,0,+,1.0,01M12,,,N,,,,,,,,,,,swe
70102327567,401D2603001,027M,0,+,1.0,01M14,,2.0,N,,,01X01,,,,,,,,swe
70102355045,401D2604001,027N,0,+,1.0,01M14,,,N,,,01X01,,,,,,,,swe
70102382522,401D2605001,531N,0,+,1.0,,,,,,,00X10,,,,,,,,swe
70102410000,401D241000,024X,0,+,1.0,01M13,,1.0,N,,,,,,,>6574,,,,den/est/fin/ice/lat/nor
70102500000,401D250000,025X,0,+,1.0,01M13,,,N,,,,,,,>6574,,,,den/est/fin/ice/lat/nor
70102610000,401D261000,026X,0,+,1.0,01M13,,,N,,,,,,,,,,,den/est/fin/ice/lat/nor
70102610001,401D2610001,026M,0,+,1.0,01M13,,2.0,N,,,,,,,,,,,swe
70102610050,401D261005,026C,0,+,1.0,01M13,,1.0,N,,,,,,,,,,,swe
70102610090,401D261009,026N,0,+,1.0,01M13,,,N,,,,,,,,,,,swe
70102700000,401D270000,027X,0,+,1.0,01M14,,,N,,,01X01,,,,,,,,den/est/fin/ice/lat/nor
70102801000,401D280100,028X,0,+,1.0,01M14,,1.0,N,,,,,,,>6574,,,,den/est/fin/ice/lat/nor
70102802000,401D280200,029X,0,+,1.0,01M14,,,N,,,,,,,>6574,,,,den/est/fin/ice/lat/nor
70102803000,401D280300,030X,0,+,1.0,01M14,,,N,,,,,,,,,,,den/est/fin/ice/lat/nor
70102803050,401D280305,030C,0,+,1.0,01M14,,1.0,N,,,,,,,,,,,swe
70102803090,401D280309,030N,0,+,1.0,01M14,,,N,,,,,,,,,,,swe
70103001000,401D300100,031X,0,+,1.0,01M15,,1.0,N,,,,,,,>6574,,,,den/est/fin/ice/lat/nor
70103002000,401D300200,032X,0,+,1.0,01M15,,,N,,,,,,,>6574,,,,den/est/fin/ice/lat/nor
70103003000,401D300300,033X,0,+,1.0,01M15,,,N,,,,,,,,,,,den/est/fin/ice/lat/nor
70103003050,401D300305,033C,0,+,1.0,01M15,,1.0,N,,,,,,,,,,,swe
70103003090,401D300309,033N,0,+,1.0,01M15,,,N,,,,,,,,,,,swe
70103400000,401D340000,034X,0,+,1.0,,,1.0,N,,,,,,,,,,,den/est/fin/ice/lat/nor
70103400001,401D3400001,034M,0,+,1.0,,,2.0,N,,,,,,,,,,,swe
70103400050,401D340005,034C,0,+,1.0,,,1.0,N,,,,,,,,,,,swe
70103410000,401D341000,035X,0,+,1.0,,,,N,,,,,,,,,,,den/est/fin/ice/lat/nor/swe
70200110000,402D011000,037X,0,+,2.0,,,,S,02S01,,,,,,,,,,den/est/fin/ice/lat/nor
70200110050,402D011005,037C,0,+,2.0,,,1.0,S,02S01,,,,,,,,,,swe
70200110060,402D011006,037C,0,+,2.0,,,1.0,,02S01,,00X10,,,,,,,,swe
70200110090,402D011009,037N,0,+,2.0,,,,S,02S01,,,,,,,,,,swe
70200110100,402D011010,037N,0,+,2.0,,,,,02S01,,00X10,,,,,,,,swe
70200111000,402D011100,037X,0,+,2.0,,,,,02S01,,00X10,,,,,,,,den/est/ice/lat
70200120000,402D012000,037X,0,+,2.0,,,,,02S01,,00X10,,,,,,,,fin
70200210000,402D021000,042X,0,+,2.0,,,,S,02S04,,02X02,,,,,,,,den/est/fin/ice/lat/nor
70200210050,402D021005,042C,0,+,2.0,,,1.0,S,02S04,,02X02,,,,,,,,swe
70200210060,402D021006,042C,0,+,2.0,,,1.0,,02S04,,02X02,00X10,,,,,,,swe
70200210090,402D021009,042N,0,+,2.0,,,,S,02S04,,02X02,,,,,,,,swe
70200210100,402D021010,042N,0,+,2.0,,,,,02S04,,02X02,00X10,,,,,,,swe
70200211000,402D021100,042X,0,+,2.0,,,,,02S04,,02X02,00X10,,,,,,,den/est/ice/lat
70200220000,402D022000,042X,0,+,2.0,,,,,02S04,,02X02,00X10,,,,,,,fin
70200330000,402D033000,036C,0,+,2.0,,,,S,02S22,,,,,,,,,,den/est/fin/ice/lat/nor/swe
70200340000,402D034000,036D,0,+,2.0,,,,S,02S24,,,,,,,,,,den/est/fin/ice/lat/nor
70200350000,402D035000,036E,0,+,2.0,,,,S,02S02,,,,,,,,,,den/est/fin/ice/lat/nor/swe
70200351000,402D035100,036E,0,+,2.0,,,,,02S02,,00X10,,,,,,,,den/est/fin/ice/lat/swe
70200360000,402D036000,036E,0,+,,,02P02,,S,02S02,,,,,,,,,,den/est/fin/ice/lat/nor/swe
70200361000,402D036100,036E,0,+,,,02P02,,,02S02,,00X10,,,,,,,,den/est/fin/ice/lat/swe
70200362000,402D0362000,036D,0,+,2.0,,,,S,02S24,,,,,,,,,,swe
70200420000,402D042000,042X,0,+,2.0,,,,S,02S04,,,,,,,,,,den/est/fin/ice/lat/nor
70200420050,402D042005,042C,0,+,2.0,,,1.0,S,02S04,,,,,,,,,,swe
70200420060,402D042006,042C,0,+,2.0,,,1.0,,02S04,,00X10,,,,,,,,swe
70200420090,402D042009,042N,0,+,2.0,,,,S,02S04,,,,,,,,,,swe
70200420100,402D042010,042N,0,+,2.0,,,,,02S04,,00X10,,,,,,,,swe
70200421000,402D042100,042X,0,+,2.0,,,,,02S04,,00X10,,,,,,,,den/est/fin/ice/lat
70200430000,402D043000,042X,0,+,2.0,,,,S,02S07,,,,,,,,,,den/est/fin/ice/lat/nor
70200430050,402D043005,042C,0,+,2.0,,,1.0,S,02S07,,,,,,,,,,swe
70200430090,402D043009,042N,0,+,2.0,,,,S,02S07,,,,,,,,,,swe
70200510900,402D051090,039X,0,+,2.0,,,,S,02S05,,,,,,,,,,fin
70200511000,402D051100,039X,0,+,2.0,,,,S,02S05,,,,,,,,,,den/est/ice/lat/nor/swe
70200511001,402D0511001,039X,0,+,2.0,,,,,02S05,,00X10,,,,,,,,fin
70200511010,402D051101,039X,0,+,2.0,,,,,02S05,,00X10,,,,,,,,den/est/ice/lat/swe
70200511100,402D051110,039X,0,+,,,02P02,,S,02S05,,,,,,,,,,den/est/fin/ice/lat/nor/swe
70200511110,402D051111,039X,0,+,,,02P02,,,02S05,,00X10,,,,,,,,den/est/ice/lat/swe
70200511200,402D051120,039X,0,+,,,02P02,,,02S05,,00X10,,,,,,,,fin
70200610000,402D061000,042X,0,+,2.0,,,,S,02S06,,,,,,,,,,den/est/fin/ice/lat/nor
70200610001,402D0610001,042C,0,+,2.0,,,1.0,S,02S06,,,,,,,,,,swe
70200610002,402D0610002,042N,0,+,2.0,,,,S,02S06,,,,,,,,,,swe
70200611000,402D061100,042X,0,+,2.0,,,,,02S06,,00X10,,,,,,,,den/est/fin/ice/lat
70200611001,402D0611001,042C,0,+,2.0,,,1.0,,02S06,,00X10,,,,,,,,swe
70200611002,402D0611002,042N,0,+,2.0,,,,,02S06,,00X10,,,,,,,,swe
70200740000,402D074000,040X,0,+,2.0,,,,S,02S03,,,,,,,,,,den/est/fin/ice/lat/nor
70200740010,402D074001,040X,0,+,2.0,,,,,02S03,,00X10,,,,,,,,den/est/fin/ice/lat
70200740050,402D074005,041C,0,+,2.0,,,1.0,S,02S03,,,,,,,,,,swe
70200740060,402D074006,041C,0,+,2.0,,,1.0,,02S03,,00X10,,,,,,,,swe
70200740090,402D074009,041N,0,+,2.0,,,,S,02S03,,,,,,,,,,swe
70200740101,402D0740101,041N,0,+,2.0,,,,,02S03,,00X10,,,,,,,,swe
70200900000,402D090000,043X,0,+,2.0,02M01,,,N,,,,,,,,,,,den/est/fin/ice/lat/nor/swe
70201000000,402D100000,044X,0,+,2.0,02M02,,,N,,,,,,,,,,,den/est/fin/ice/lat/nor/swe
70201100000,402D110000,045X,0,+,2.0,02M03,,,N,,,,,,,,,,,den/est/fin/ice/lat/nor/swe
70201210000,402D121000,046X,0,+,2.0,,,1.0,N,,,,,,,>6574,,,,den/est/fin/ice/lat/nor
70201300000,402D130000,047X,0,+,2.0,,,,N,,,,,,,>6574,,,,den/est/fin/ice/lat/nor
70201400000,402D140000,048X,0,+,2.0,,,,N,,,,,,,,,,,den/est/fin/ice/lat/nor
70201400050,402D140005,048C,0,+,2.0,,,1.0,N,,,,,,,,,,,swe
70201400090,402D140009,048N,0,+,2.0,,,,N,,,,,,,,,,,swe
70300001100,403D000110,521X,0,+,3.0,03M10,,,S,03S23,,,,,,,,,,den/est/fin/ice/lat/nor/swe
70300010000,403D001000,482X,0,+,,,00P11,,S,00S30,,,,,,,,,,ice/nor
70300010001,403D0010001,580K,0,+,,,03P01,,S,03S40,,,,,,,,,,fin
70300010002,403D0010002,482C,0,+,,,00P11,1.0,S,00S30,,,,,,,,,,swe
70300010100,403D001010,580H,0,+,,,03P01,,S,03S41,03D11,,,,,,,,,fin
70300010200,403D001020,580G,0,+,,03M99,03P01,,,,,03X10,,,,,,,,fin
70300010300,403D001030,580F,0,+,,,03P01,,S,03S41,,,,,,,,,,fin
70300010500,403D010050,580C,0,+,3.0,03M99,,,,03D11,,,,,,,,,,fin
70300010900,403D001090,580B,0,+,,,03P01,,,03S43,,,,,,,,,,fin
70300011000,403D001100,482C,0,+,3.0,,,1.0,S,00S30,,,,,,,,,,swe
70300017000,403D001700,049B,0,+,3.0,,,,S,03S24,,,,,,,,,,swe
70300018000,403D001800,482X,0,+,,,00P11,,S,00S30,,,,,,,,,,den/lat
70300019000,403D001900,482X,0,+,3.0,,,,S,00S30,,,,,,,,,,den/lat
70300019500,403D00201,057A,0,+,3.0,,,,S,03S44,,,,,,,,,,nor
70300019750,403D00205,057A,0,+,,,,,S,03S44,,08X30,,,,,,,,nor
70300019875,403D00208,057A,0,+,,,,,S,03S44,,08X99,,,,,,,,nor
70300020000,403D002000,049A,0,+,3.0,,,,S,03S01,,,,,,,,,,den/est/fin/ice/lat/swe
70300024000,403D00210,049A,0,+,3.0,,,,S,03S01,,08X99,,,,,,,,nor
70300028000,403D0020001,482X,0,+,3.0,,,,S,00S30,,,,,,,,,,ice/nor
70300032000,403D003200,052X,0,+,3.0,,,,S,03S14,,03X04,,,,,,,,den/est/ice/lat/nor/swe
70300032001,403D0032001,052X,0,+,3.0,,,,S,03S21,03S90,03X04,,,,,,,,fin
70300032900,403D003290,052X,0,+,3.0,,,,S,03S14,,03X04,,,,,,,,fin
70300040000,403D004000,052X,0,+,3.0,,,,S,03S04,,,,,,,,,,fin
70300040100,403D004010,055X,0,+,3.0,,,,S,03S10,,,,,,,,,,fin
70300040200,403D004020,053B,0,+,3.0,,,,S,03S22,,,,,,,,,,fin
70300040300,403D004030,053A,0,+,3.0,,,,S,03S06,,,,,,,,,,fin
70300040400,403D004040,056X,0,+,3.0,,,,S,03S07,,,,,,,,,,fin
70300040500,403D004050,050N,0,+,3.0,,,,S,03S08,,,,,,,,,,fin
70300040600,403D004060,051N,0,+,3.0,,,,S,03S09,,,,,,,,,,fin
70300040610,403D004061,051N,0,+,3.0,,,,,03S09,,00X10,,,,,,,,fin
70300100000,403D010000,580K,0,+,3.0,,,,S,03S40,,,,,,,,,,fin
70300100110,403D010011,580H,0,+,3.0,,,,,03S41,03D11,,,,,,,,,fin
70300100150,403D010015,580G,0,+,3.0,03M99,,,,,,03X10,,,,,,,,fin
70300100200,403D010020,580F,0,+,3.0,,,,,03S41,,,,,,,,,,fin
70300100300,403D010030,580E,0,+,3.0,,,,,03S42,03D11,,,,,,,,,fin
70300100400,403D010040,580D,0,+,3.0,,,,,03S42,,,,,,,,,,fin
70300100600,403D010060,580B,0,+,3.0,,,,,03S43,,,,,,,,,,fin
70300101000,403D010100,168X,0,+,3.0,,,1.0,S,03S05,,,,,,,,,,den/est/fin/ice/lat/nor
70300101100,403D010110,168X,0,+,3.0,,,1.0,,03S05,,00X10,,,,,,,,den/est/ice/lat
70300102000,403D010200,169X,0,+,3.0,,,,S,03S05,,,,,,,,,,den/est/ice/lat/nor
70300102001,403D0102001,168X,0,+,3.0,,,1.0,,03S05,,00X10,,,,,,,,fin
70300102002,403D0102002,169N,0,+,3.0,,,,S,03S05,,,,,,,,,,swe
70300102100,403D010210,169X,0,+,3.0,,,,,03S05,,00X10,,,,,,,,den/est/ice/lat
70300102101,403D0102101,169N,0,+,3.0,,,,,03S05,,00X10,,,,,,,,swe
70300103000,403D010300,169X,0,+,3.0,,,,S,03S05,,,,,,,,,,fin
70300104000,403D010400,169X,0,+,3.0,,,,,03S05,,00X10,,,,,,,,fin
70300200100,403D020010,063X,0,+,3.0,,,,S,03S12,,,,,,,,,,den/est/fin/ice/lat/nor/swe
70300200110,403D020011,063X,0,+,3.0,,,,,03S12,,00X10,,,,,,,,den/est/ice/lat/swe
70300200200,403D020020,063X,0,+,3.0,,,,,03S12,,00X10,,,,,,,,fin
70300311000,403D031100,052X,0,+,3.0,,,,S,03S04,,,,,,,,,,den/est/ice/lat/nor/swe
70300343000,403D034300,055X,0,+,3.0,,,,S,03S10,,,,,,,,,,den/est/ice/lat/nor/swe
70300900000,403D090000,053B,0,+,3.0,,,,S,03S22,,,,,,,,,,den/est/ice/lat/nor/swe
70300910000,403D091000,053A,0,+,3.0,,,,S,03S06,,,,,,,,,,den/est/ice/lat/nor/swe
70301001000,403D100100,056X,0,+,3.0,,,,S,03S07,,,,,,,,,,den/est/ice/lat/nor/swe
70301050000,403D105000,050N,0,+,3.0,,,,S,03S08,,,,,,,,,,den/est/ice/lat/nor/swe
70301110000,403D111000,051N,0,+,3.0,,,,S,03S09,,,,,,,,,,den/est/ice/lat/nor/swe
70301111000,403D111100,051N,0,+,3.0,,,,,03S09,,00X10,,,,,,,,den/est/ice/lat/swe
70301220000,403D122000,059N,0,+,3.0,,,,S,03S03,,,,,,>6574,,,,nor
70301230000,403D123000,059N,0,+,3.0,,,,S,03S11,,,,,,>6574,,,,nor
70301240000,403D124000,060N,0,+,3.0,,,,S,03S11,,,,,,,,,,nor
70301250000,403D125000,060X,0,+,3.0,,,,S,03S11,,,,,,,,,,den/est/lat/swe
70301250001,403D1250001,060N,0,+,3.0,,,,S,03S11,,,,,,,,,,fin/ice
70301250002,403D1250002,060N,0,+,3.0,,,,S,03S03,,,,,,,,,,nor
70301251000,403D125100,060X,0,+,3.0,,,,,03S11,,00X10,,,,,,,,den/est/lat/swe
70301251001,403D1251001,060N,0,+,3.0,,,,,03S11,,00X10,,,,,,,,ice
70301260000,403D126000,060N,0,+,3.0,,,,,03S11,,00X10,,,,,,,,fin
70301510200,403D151020,060X,0,+,3.0,,,,S,03S03,,,,,,,,,,den/est/lat/swe
70301510201,403D1510201,060N,0,+,3.0,,,,S,03S03,,,,,,,,,,fin/ice
70301631000,403D163100,055X,0,+,3.0,,,,S,03S99,,,,,,,,,,den/est/fin/ice/lat/nor/swe
70301631100,403D163110,055X,0,+,3.0,,,,,03S99,,00X10,,,,,,,,den/est/ice/lat/swe
70301631550,403D163155,061A,0,+,3.0,,,,S,03S25,,,,,,,,,,swe
70301632000,403D163200,055X,0,+,3.0,,,,,03S99,,00X10,,,,,,,,fin
70301800000,403D180000,064X,0,+,3.0,03M01,,,N,,,,,,,,,,,den/est/ice/lat/nor
70301800001,403D1800001,064M,0,+,3.0,03M01,,2.0,N,,,,,,,,,,,swe
70301800050,403D180005,064C,0,+,3.0,03M01,,1.0,N,,,,,,,,,,,swe
70301800090,403D180009,064N,0,+,3.0,03M01,,,N,,,,,,,,,,,swe
70301899500,403D189950,064FA,0,+,3.0,03M01,,,N,90T06,,,,,,,,,,fin
70301899510,403D189951,064FA,0,+,3.0,03M01,,,N,90T07,,,,,,,,,,fin
70301899520,403D189952,064FA,0,+,3.0,03M01,,,N,90T08,,,,,,,,,,fin
70301899530,403D189953,064FA,0,+,3.0,03M01,,,N,90T05,,,,,,,,,,fin
70301899600,403D189960,064FB,0,+,3.0,03M01,,,N,90T01,90S01,,,,,,,,,fin
70301899610,403D189961,064FB,0,+,3.0,03M01,,,N,99S80,,,,,,,,,,fin
70301899990,403D189999,064FE,0,+,3.0,03M01,,,N,,,,,,,,,,,fin
70301900000,403D190000,065X,0,+,3.0,03M02,,,N,,,,,,,,,,,den/est/fin/ice/lat/nor
70301900050,403D190005,065C,0,+,3.0,03M02,,1.0,N,,,,,,,,,,,swe
70301900090,403D190009,065N,0,+,3.0,03M02,,,N,,,,,,,,,,,swe
70302000000,403D200000,066X,0,+,3.0,03M03,,,N,,,,,,,,,,,den/est/fin/ice/lat/nor
70302000090,403D200009,066N,0,+,3.0,03M03,,,N,,,,,,,,,,,swe
70302100000,403D210000,067X,0,+,3.0,03M04,,,N,,,,,,,,,,,den/est/fin/ice/lat/nor/swe
70302210000,403D221000,068X,0,+,3.0,03M05,,1.0,N,,,,,,,>6574,,,,den/est/fin/ice/lat/nor
70302220000,403D222000,069X,0,+,3.0,03M05,,,N,,,,,,,>6574,,,,den/est/fin/ice/lat/nor
70302230000,403D223000,070A,0,+,3.0,03M05,,1.0,N,,,,,,,,,,,den/est/fin/ice/lat/nor
70302230001,403D2230001,070C,0,+,3.0,03M05,,1.0,N,,,,,,,,,,,swe
70302240000,403D224000,070B,0,+,3.0,03M05,,,N,,,,,,,,,,,den/est/fin/ice/lat/nor
70302240001,403D2240001,070N,0,+,3.0,03M05,,,N,,,,,,,,,,,swe
70302500000,403D250000,071X,0,+,3.0,03M06,,,N,,,,,,,,,,,den/est/fin/ice/lat/nor/swe
70302600000,403D260000,072X,0,+,3.0,03M07,,,N,,,,,,,,,,,den/est/fin/ice/lat/nor
70302600050,403D260005,072C,0,+,3.0,03M07,,1.0,N,,,,,,,,,,,swe
70302600090,403D260009,072N,0,+,3.0,03M07,,,N,,,,,,,,,,,swe
70302710000,403D271000,073X,0,+,3.0,03M08,,,N,,,,,,,>6574,,,,den/est/fin/ice/lat/nor
70302720000,403D272000,074X,0,+,3.0,03M08,,,N,,,,,,,,,,,den/est/fin/ice/lat/nor
70302720050,403D272005,073C,0,+,3.0,03M08,,1.0,N,,,,,,,>6574,,,,swe
70302720090,403D272009,073N,0,+,3.0,03M08,,,N,,,,,,,>6574,,,,swe
70302720190,403D272019,074X,0,+,3.0,03M08,,,N,,,,,,,,,,,swe
70302800000,403D280000,520X,0,+,3.0,03M10,,,N,,,,,,,,,,,den/est/fin/ice/lat/nor
70302800050,403D280005,520C,0,+,3.0,03M10,,1.0,N,,,,,,,,,,,swe
70302800070,403D280007,520C,0,+,,,03P05,1.0,N,03V02,,,,,,,,,,swe
70302800090,403D280009,520N,0,+,3.0,03M10,,,N,,,,,,,,,,,swe
70302800100,403D280010,520X,0,+,,,03P05,,N,03V02,,,,,,,,,,den/ice/lat/nor
70302800101,403D2800101,520N,0,+,,,03P05,,N,03V02,,,,,,,,,,swe
70302900000,403D290000,187X,0,+,3.0,,,,,03S13,,,,,,,,,,den/est/ice/lat/swe
70302999900,403D299990,187X,0,+,3.0,,,,,03S13,,,,,,,,,,nor
70303010000,403D301000,185X,0,+,3.0,,,,N,,,,,,,>6574,,,,den/est/ice/lat/nor
70303010001,403D3010001,580A,0,+,3.0,03M99,,,,,,,,,,,,,,fin
70303020000,403D302000,186X,0,+,3.0,,,,N,,,,,,,,,,,den/est/ice/lat/nor
70303020001,403D3020001,186M,0,+,3.0,,,2.0,N,,,,,,,,,,,swe
70303020050,403D302005,186C,0,+,3.0,,,1.0,N,,,,,,,,,,,swe
70303020090,403D302009,186N,0,+,3.0,,,,N,,,,,,,,,,,swe
70400110000,404D011000,075X,0,+,4.0,,,,S,04S01,,,,,,,,,,den/est/fin/ice/lat/nor
70400110001,404D0110001,075M,0,+,4.0,,,2.0,S,04S01,,,,,,,,,,swe
70400110090,404D011009,075N,0,+,4.0,,,,S,04S01,,,,,,,,,,swe
70400200000,404D020000,076X,0,+,4.0,,,1.0,S,04S02,,,,,,,,,,fin
70400210000,404D021000,076X,0,+,4.0,,,1.0,S,04S02,,,,,,,,,,den/est/ice/lat/nor
70400210001,404D0210001,076X,0,+,4.0,,,1.0,,04S02,,00X10,,,,,,,,fin
70400210002,404D0210002,076M,0,+,4.0,,,2.0,S,04S02,,,,,,,,,,swe
70400210010,404D021001,076M,0,+,4.0,,,2.0,,04S02,,00X10,,,,,,,,swe
70400210050,404D021005,076C,0,+,4.0,,,1.0,S,04S02,,,,,,,,,,swe
70400210060,404D021006,076C,0,+,4.0,,,1.0,,04S02,,00X10,,,,,,,,swe
70400211000,404D021100,076X,0,+,4.0,,,1.0,,04S02,,00X10,,,,,,,,den/est/ice/lat
70400220000,404D022000,077X,0,+,4.0,,,,S,04S02,,,,,,,,,,den/est/fin/ice/lat/nor/swe
70400221000,404D022100,077X,0,+,4.0,,,,,04S02,,00X10,,,,,,,,den/est/ice/lat/swe
70400230000,404D023000,077X,0,+,4.0,,,,,04S02,,00X10,,,,,,,,fin
70400300000,404D030000,003N,0,+,4.0,,,,S,01S50,,,,,,,,,,nor
70400310000,404D031000,475A,0,+,4.0,,,,,04S03,,,,,,,,,,den/fin/ice/lat/nor
70400310090,404D031009,475N,0,+,4.0,,,,,04S03,,,,,,,,,,swe
70400315045,404D031010,475N,0,+,,,04P02,,,04S03,,,,,,,,,,swe
70400320000,404D032000,475B,0,+,4.0,,,,,04S04,,,,,,,,,,den/fin/ice/lat/nor
70400320090,404D032009,474N,0,+,4.0,,,,,04S04,,,,,,,,,,swe
70400410045,404D032010,474N,0,+,,,04P02,,,04S04,,,,,,,,,,swe
70400500000,404D050000,078X,0,+,4.0,04M01,,,N,,,,,,,,,,,den/est/fin/ice/lat/nor
70400500001,404D0500001,078M,0,+,4.0,04M01,,2.0,N,,,,,,,,,,,swe
70400500050,404D050005,078C,0,+,4.0,04M01,,1.0,N,,,,,,,,,,,swe
70400500090,404D050009,078N,0,+,4.0,04M01,,,N,,,,,,,,,,,swe
70400601000,404D060100,079X,0,+,4.0,04M02,,1.0,N,,,,,,,>6574,,,,den/est/fin/ice/lat/nor
70400602000,404D060200,080X,0,+,4.0,04M02,,,N,,,,,,,>6574,,,,den/est/fin/ice/lat/nor
70400603000,404D060300,081X,0,+,4.0,04M02,,,N,,,,,,,,,,,den/est/fin/ice/lat/nor
70400603001,404D0603001,080M,0,+,4.0,04M02,,2.0,N,,,,,,,>6574,,,,swe
70400603025,404D060302,080M,0,+,,,04P02,2.0,N,,,04X11,,,,>6574,,,,swe
70400603050,404D060305,080C,0,+,4.0,04M02,,1.0,N,,,,,,,>6574,,,,swe
70400603070,404D060306,080C,0,+,,,04P02,1.0,N,,,04X11,,,,>6574,,,,swe
70400603090,404D060309,080N,0,+,4.0,04M02,,,N,,,,,,,>6574,,,,swe
70400603120,404D060310,080N,0,+,,,04P02,,N,,,04X11,,,,>6574,,,,swe
70400603150,404D060315,081C,0,+,4.0,04M02,,1.0,N,,,,,,,,,,,swe
70400603170,404D060316,081C,0,+,,,04P02,1.0,N,,,04X11,,,,,,,,swe
70400603190,404D060319,081N,0,+,4.0,04M02,,,N,,,,,,,,,,,swe
70400751595,404D060320,081N,0,+,,,04P02,,N,,,04X11,,,,,,,,swe
70400900000,404D090000,082X,0,+,4.0,04M03,,,N,,,,,,,,,,,den/est/ice/lat/nor
70400900001,404D0900001,082M,0,+,4.0,04M03,,2.0,N,,,,,,,,,,,swe
70400900050,404D090005,082C,0,+,4.0,04M03,,1.0,N,,,,,,,,,,,swe
70400900090,404D090009,082N,0,+,4.0,04M03,,,N,,,,,,,,,,,swe
70400999500,404D099950,082FA,0,+,4.0,04M03,,,N,90T06,,,,,,,,,,fin
70400999510,404D099951,082FA,0,+,4.0,04M03,,,N,90T07,,,,,,,,,,fin
70400999520,404D099952,082FA,0,+,4.0,04M03,,,N,90T08,,,,,,,,,,fin
70400999530,404D099953,082FA,0,+,4.0,04M03,,,N,90T05,,,,,,,,,,fin
70400999600,404D099960,082FB,0,+,4.0,04M03,,,N,90T01,90S01,,,,,,,,,fin
70400999610,404D099961,082FB,0,+,4.0,04M03,,,N,99S80,,,,,,,,,,fin
70400999990,404D099999,082FE,0,+,4.0,04M03,,,N,,,,,,,,,,,fin
70401000000,404D100000,083X,0,+,4.0,04M04,,1.0,N,,,,,,,,,,,den/est/fin/ice/lat/nor
70401000001,404D1000001,083M,0,+,4.0,04M04,,2.0,N,,,,,,,,,,,swe
70401000050,404D100005,083C,0,+,4.0,04M04,,1.0,N,,,,,,,,,,,swe
70401100000,404D110000,084X,0,+,4.0,04M04,,,N,,,,,,,,,,,den/est/fin/ice/lat/nor/swe
70401200000,404D120000,085X,0,+,4.0,04M05,,1.0,N,,,,,,,,,,,den/est/fin/ice/lat/nor
70401200001,404D1200001,085M,0,+,4.0,04M05,,2.0,N,,,,,,,,,,,swe
70401200050,404D120005,085C,0,+,4.0,04M05,,1.0,N,,,,,,,,,,,swe
70401300000,404D130000,086X,0,+,4.0,04M05,,,N,,,,,,,,,,,den/est/fin/ice/lat/nor/swe
70401400000,404D140000,087X,0,+,4.0,04M06,,,N,,,,,,,,,,,den/est/fin/ice/lat/nor
70401400001,404D1400001,087M,0,+,4.0,04M06,,2.0,N,,,,,,,,,,,swe
70401400050,404D140005,087C,0,+,4.0,04M06,,1.0,N,,,,,,,,,,,swe
70401400090,404D140009,087N,0,+,4.0,04M06,,,N,,,,,,,,,,,swe
70401500000,404D150000,087X,0,+,,,04P01,,N,,,04X03,,,,,,,,den/est/fin/ice/lat
70401500016,404D1500002,087X,0,+,,,04P02,,N,,,04X03,,,,,,,,fin/ice
70401500033,404D1500001,087M,0,+,,,04P01,2.0,N,,,04X03,,,,,,,,swe
70401500050,404D150005,087C,0,+,,,04P01,1.0,N,,,04X03,,,,,,,,swe
70401500090,404D150009,087N,0,+,,,04P01,,N,,,04X03,,,,,,,,swe
70401550045,404D150010,087M,0,+,,,04P02,2.0,N,,,04X03,,,,,,,,swe
70401575022,404D150011,087C,0,+,,,04P02,1.0,N,,,04X03,,,,,,,,swe
70401587511,404D150012,087N,0,+,,,04P02,,N,,,04X03,,,,,,,,swe
70401600000,404D160000,088X,0,+,4.0,04M07,,,N,,,,,,,,,,,den/est/fin/ice/lat/nor
70401600001,404D1600001,088M,0,+,4.0,04M07,,2.0,N,,,,,,,,,,,swe
70401600050,404D160005,088C,0,+,4.0,04M07,,1.0,N,,,,,,,,,,,swe
70401600090,404D160009,088N,0,+,4.0,04M07,,,N,,,,,,,,,,,swe
70401610000,404D161000,089X,0,+,4.0,04M08,,1.0,N,,,,,,,>6574,,,,den/est/fin/ice/lat/nor
70401615000,404D1610001,089X,0,+,,,04P02,1.0,N,,,04X10,,,,>6574,,,,fin/ice
70401620000,404D162000,090X,0,+,4.0,04M08,,,N,,,,,,,>6574,,,,den/est/fin/ice/lat/nor
70401625000,404D1620001,090X,0,+,,,04P02,,N,,,04X10,,,,>6574,,,,fin/ice
70401630000,404D163000,091A,0,+,4.0,04M08,,1.0,N,,,,,,,,,,,den/est/fin/ice/lat/nor
70401630016,404D1630002,091A,0,+,,,04P02,1.0,N,,,04X10,,,,,,,,fin/ice
70401630033,404D1630001,091M,0,+,4.0,04M08,,2.0,N,,,,,,,,,,,swe
70401630050,404D163005,091C,0,+,4.0,04M08,,1.0,N,,,,,,,,,,,swe
70401640000,404D164000,091B,0,+,4.0,04M08,,,N,,,,,,,,,,,den/est/fin/ice/lat/nor
70401730000,404D1640005,091B,0,+,,,04P02,,N,,,04X10,,,,,,,,fin/ice
70401820000,404D1640001,091N,0,+,4.0,04M08,,,N,,,,,,,,,,,swe
70401865000,404D1640002,091M,0,+,,,04P02,2.0,N,,,04X10,,,,,,,,swe
70401887500,404D1640003,091C,0,+,,,04P02,1.0,N,,,04X10,,,,,,,,swe
70401898750,404D1640004,091N,0,+,,,04P02,,N,,,04X10,,,,,,,,swe
70401910000,404D191000,092X,0,+,4.0,04M09,,1.0,N,,,,,,,,,,,den/est/fin/ice/lat/nor
70401910001,404D1910001,092M,0,+,4.0,04M09,,2.0,N,,,,,,,,,,,swe
70401920000,404D192000,093X,0,+,4.0,04M09,,,N,,,,,,,,,,,den/est/fin/ice/lat/nor/swe
70402100000,404D210000,094X,0,+,4.0,04M10,,1.0,N,,,,,,,,,,,den/est/fin/ice/lat/nor
70402100001,404D2100001,094M,0,+,4.0,04M10,,2.0,N,,,,,,,,,,,swe
70402100090,404D210009,094C,0,+,4.0,04M10,,1.0,N,,,,,,,,,,,swe
70402200000,404D220000,095X,0,+,4.0,04M10,,,N,,,,,,,,,,,den/est/fin/ice/lat/nor/swe
70402310000,404D231000,096X,0,+,4.0,04M11,,1.0,N,,,,,,,>6574,,,,den/est/fin/ice/lat/nor
70402320000,404D232000,097X,0,+,4.0,04M11,,,N,,,,,,,>6574,,,,den/est/fin/ice/lat/nor
70402330000,404D233000,098A,0,+,4.0,04M11,,1.0,N,,,,,,,,,,,den/est/fin/ice/lat/nor
70402330001,404D2330001,098M,0,+,4.0,04M11,,2.0,N,,,,,,,,,,,swe
70402330050,404D233005,098C,0,+,4.0,04M11,,1.0,N,,,,,,,,,,,swe
70402340000,404D234000,098B,0,+,4.0,04M11,,,N,,,,,,,,,,,den/est/fin/ice/lat/nor
70402340001,404D2340001,098N,0,+,4.0,04M11,,,N,,,,,,,,,,,swe
70402610000,404D261000,099X,0,+,4.0,04M12,,1.0,N,,,,,,,,,,,den/est/fin/ice/lat/nor
70402610001,404D2610001,099M,0,+,4.0,04M12,,2.0,N,,,,,,,,,,,swe
70402610050,404D261005,099C,0,+,4.0,04M12,,1.0,N,,,,,,,,,,,swe
70402620000,404D262000,100X,0,+,4.0,04M12,,,N,,,,,,,,,,,den/est/fin/ice/lat/nor
70402620001,404D2620001,100N,0,+,4.0,04M12,,,N,,,,,,,,,,,swe
70402810000,404D281000,101X,0,+,4.0,,,1.0,N,,,,,,,,,,,den/est/fin/ice/lat/nor
70402810001,404D2810001,101M,0,+,4.0,,,2.0,N,,,,,,,,,,,swe
70402810050,404D281005,101C,0,+,4.0,,,1.0,N,,,,,,,,,,,swe
70402820000,404D282000,102X,0,+,4.0,,,,N,,,,,,,,,,,den/est/fin/ice/lat/nor
70402820001,404D2820001,102N,0,+,4.0,,,,N,,,,,,,,,,,swe
70500100000,405D010000,477X,7,+,5.0,,,,S,05S24,,05X07,,,,,,,,den/est/fin/ice/lat/nor
70500100090,405D010009,477N,7,+,5.0,,,,S,05S24,,05X07,,,,,,,,swe
70500220000,405D022000,109N,0,+,,,05P01,,S,05S35,,,,,,,,,,den/est/fin/ice/lat/nor
70500220090,405D022009,109N,0,+,,,05P01,,S,05S35,,,,,,,,,,swe
70500220100,405D022010,104B,0,+,5.0,,,1.0,S,05S02,,,,,,,,,,den/est/lat/nor
70500220110,405D022011,104B,0,+,5.0,,,1.0,,05S02,,00X10,,,,,,,,den/est/lat
70500220120,405D022012,104B,0,+,5.0,,,1.0,S,05S02,,,,,,,,,,fin
70500220130,405D022013,104B,0,+,5.0,,,1.0,,05S02,,00X10,,,,,,,,fin
70500220200,405D022020,104B,0,+,5.0,,,,S,05S02,,05X30,05X31,,,,,,,den/est/fin/lat/nor
70500220300,405D022030,104B,0,+,5.0,,,,S,05S02,,05X30,05X32,,,,,,,den/est/fin/lat/nor
70500220400,405D022040,104B,0,+,5.0,,,,S,05S02,,05X30,05X33,,,,,,,den/est/fin/lat/nor
70500220500,405D022050,104B,0,+,5.0,,,,S,05S02,,05X31,05X32,,,,,,,den/est/fin/lat/nor
70500220600,405D022060,104B,0,+,5.0,,,,S,05S02,,05X31,05X33,,,,,,,den/est/fin/lat/nor
70500220700,405D022070,104B,0,+,5.0,,,,S,05S02,,05X32,05X33,,,,,,,den/est/fin/lat/nor
70500221100,405D022110,104B,0,+,5.0,,,1.0,S,05S02,,,,,,,,,,ice
70500221110,405D022111,104B,0,+,5.0,,,1.0,,05S02,,00X10,,,,,,,,ice
70500221130,405D022113,104B,0,+,5.0,,,,S,05S02,,05X30,05X32,,,,,,,ice
70500221140,405D022114,104B,0,+,5.0,,,,,05S02,,05X30,05X32,00X10,,,,,,ice
70500221200,405D022120,104B,0,+,5.0,,,,S,05S02,,05X30,05X31,,,,,,,ice
70500221210,405D022121,104B,0,+,5.0,,,,,05S02,,05X30,05X31,00X10,,,,,,ice
70500221400,405D022140,104B,0,+,5.0,,,,S,05S02,,05X30,05X33,,,,,,,ice
70500221410,405D022141,104B,0,+,5.0,,,,,05S02,,05X30,05X33,00X10,,,,,,ice
70500221500,405D022150,104B,0,+,5.0,,,,S,05S02,,05X31,05X32,,,,,,,ice
70500221510,405D022151,104B,0,+,5.0,,,,,05S02,,05X31,05X32,00X10,,,,,,ice
70500221600,405D022160,104B,0,+,5.0,,,,S,05S02,,05X31,05X33,,,,,,,ice
70500221610,405D022161,104B,0,+,5.0,,,,,05S02,,05X31,05X33,00X10,,,,,,ice
70500221700,405D022170,104B,0,+,5.0,,,,S,05S02,,05X32,05X33,,,,,,,ice
70500221710,405D022171,104B,0,+,5.0,,,,,05S02,,05X32,05X33,00X10,,,,,,ice
70500230000,405D197000,104D,0,+,5.0,,,,S,05S80,,,,,,,,,,den/est/fin/ice/lat/nor
70500230150,405D023005,104G,0,+,5.0,,,2.0,S,05S02,,,,,,,,,,swe
70500230250,405D023015,104G,0,+,5.0,,,1.0,S,05S02,,05X30,05X31,,,,,,,swe
70500230350,405D023025,104G,0,+,5.0,,,1.0,S,05S02,,05X30,05X32,,,,,,,swe
70500230450,405D023035,104G,0,+,5.0,,,1.0,S,05S02,,05X30,05X33,,,,,,,swe
70500230550,405D023045,104G,0,+,5.0,,,1.0,S,05S02,,05X31,05X32,,,,,,,swe
70500230650,405D023055,104G,0,+,5.0,,,1.0,S,05S02,,05X31,05X33,,,,,,,swe
70500235350,405D023065,104G,0,+,5.0,,,1.0,S,05S02,,05X32,05X33,,,,,,,swe
70500240000,405D024000,104D,0,+,5.0,,,,S,05S80,,,,,,,,,,swe
70500240150,405D024005,104H,0,+,5.0,,,1.0,S,05S02,,,,,,,,,,swe
70500240250,405D024015,104H,0,+,5.0,,,,S,05S02,,05X30,05X31,,,,,,,swe
70500240350,405D024025,104H,0,+,5.0,,,,S,05S02,,05X30,05X32,,,,,,,swe
70500240450,405D024035,104H,0,+,5.0,,,,S,05S02,,05X30,05X33,,,,,,,swe
70500240550,405D024045,104H,0,+,5.0,,,,S,05S02,,05X31,05X32,,,,,,,swe
70500240650,405D024055,104H,0,+,5.0,,,,S,05S02,,05X31,05X33,,,,,,,swe
70500275350,405D024065,104H,0,+,5.0,,,,S,05S02,,05X32,05X33,,,,,,,swe
70500310000,405D031000,104A,0,+,5.0,,,,S,05S02,,,,,,,,,,den/est/fin/ice/lat/nor
70500310500,405D0310500,104H,0,+,5.0,,,,S,05S02,,,,,,,,,,swe
70500311000,405D031100,104A,0,+,5.0,,,,,05S02,,00X10,,,,,,,,den/est/fin/ice/lat
70500420000,405D042000,108X,0,+,5.0,,,,S,05S06,,,,,,,,,,den/est/fin/ice/lat/nor
70500420001,405D0420001,108M,0,+,5.0,,,2.0,S,05S06,,,,,,,,,,swe
70500420050,405D042005,108C,0,+,5.0,,,1.0,S,05S06,,,,,,,,,,swe
70500420090,405D042009,108N,0,+,5.0,,,,S,05S06,,,,,,,,,,swe
70500421000,405D042100,108X,0,+,5.0,,,,S,05S07,05S08,,,,,,,,,den/est/fin/ice/lat/nor
70500421001,405D0421001,108M,0,+,5.0,,,2.0,S,05S07,05S08,,,,,,,,,swe
70500421050,405D042105,108C,0,+,5.0,,,1.0,S,05S07,05S08,,,,,,,,,swe
70500421090,405D042109,108N,0,+,5.0,,,,S,05S07,05S08,,,,,,,,,swe
70500422000,405D042200,108X,0,+,5.0,,,,S,05S22,05S21,,,,,,,,,den/est/fin/ice/lat/nor
70500422001,405D0422001,108M,0,+,5.0,,,2.0,S,05S22,05S21,,,,,,,,,swe
70500422050,405D042205,108C,0,+,5.0,,,1.0,S,05S22,05S21,,,,,,,,,swe
70500422090,405D042209,108N,0,+,5.0,,,,S,05S22,05S21,,,,,,,,,swe
70500500000,405D050000,107C,0,+,5.0,,,,S,05S09,,05X08,,,,,,,,den/est/fin/ice/lat/nor
70500501000,405D050100,107C,0,+,5.0,,,1.0,S,05S09,,,,,,,,,,den/est/fin/ice/lat/nor
70500501001,405D0501001,107M,0,+,5.0,,,2.0,S,05S09,,,,,,,,,,swe
70500502000,405D050200,107B,0,+,5.0,,,,S,05S09,05S05,,,,,,,,,den/est/fin/ice/lat/nor/swe
70500503000,405D050300,107A,0,+,5.0,,,,S,05S09,,,,,,,,,,den/est/fin/ice/lat/nor
70500503001,405D0503001,107N,0,+,5.0,,,,S,05S09,,,,,,,,,,swe
70500711000,405D071100,110X,0,+,5.0,,,1.0,S,05S07,,,,,,,,,,den/est/fin/ice/lat/nor
70500711001,405D0711001,110M,0,+,5.0,,,2.0,S,05S07,,,,,,,,,,swe
70500712000,405D071200,110X,0,+,5.0,,,1.0,S,05S08,,,,,,,,,,den/est/fin/ice/lat/nor
70500712001,405D0712001,110M,0,+,5.0,,,2.0,S,05S08,,,,,,,,,,swe
70500713000,405D071300,110X,0,+,5.0,,,1.0,S,05S11,,,,,,,,,,den/est/fin/ice/lat/nor
70500713001,405D0713001,110M,0,+,5.0,,,2.0,S,05S11,,,,,,,,,,swe
70500714000,405D071400,110X,0,+,5.0,,,1.0,S,05S22,,,,,,,,,,den/est/fin/ice/lat/nor
70500714001,405D0714001,110M,0,+,5.0,,,2.0,S,05S22,,,,,,,,,,swe
70500721000,405D072100,111X,0,+,5.0,,,,S,05S07,,,,,,,,,,den/est/fin/ice/lat/nor/swe
70500722000,405D072200,111X,0,+,5.0,,,,S,05S08,,,,,,,,,,den/est/fin/ice/lat/nor/swe
70500723000,405D072300,111X,0,+,5.0,,,,S,05S11,,,,,,,,,,den/est/fin/ice/lat/nor/swe
70500724000,405D072400,111X,0,+,5.0,,,,S,05S22,,,,,,,,,,den/est/fin/ice/lat/nor/swe
70500840250,405D042206,108M,0,+,5.0,,,2.0,N,05V15,,,,,,,,,,swe
70500875125,405D042207,108C,0,+,5.0,,,1.0,N,05V15,,,,,,,,,,swe
70500898375,405D042208,108N,0,+,5.0,,,,N,05V15,,,,,,,,,,swe
70500910000,405D091000,113X,0,+,5.0,,,,S,05S12,,,,,,,,,,den/est/ice/lat/nor
70500910001,405D0910001,113FB,0,+,5.0,,,,S,05S12,05S34,,,,,,,,,fin
70500910002,405D0910002,113G,0,+,5.0,,,2.0,S,05S12,,,,,,,,,,swe
70500910095,405D0910750,113H,0,+,5.0,,,,S,05S12,,,,,,,,,,swe
70500911000,405D091100,113X,0,+,5.0,,,,,05S12,,00X10,,,,,,,,den/est/ice/lat
70500919800,405D091980,113FA,0,+,5.0,,,,S,05S12,,,,,,,,,,fin
70500919900,405D091990,113FA,0,+,5.0,,,,,05S12,,00X10,,,,,,,,fin
70501050510,405D099994,117G,0,+,5.0,,,2.0,S,05S40,,,,,,,,,,swe
70501075755,405D099996,117G,0,+,5.0,,,2.0,,05S40,,00X10,,,,,,,,swe
70501088377,405D099998,117G,0,+,5.0,,,2.0,,05S45,,,,,,,,,,swe
70501094688,405D100000,117H,0,+,5.0,,,,S,05S40,,,,,,,,,,swe
70501097844,405D100001,117H,0,+,5.0,,,,,05S40,,00X10,,,,,,,,swe
70501099422,405D100002,117H,0,+,5.0,,,,,05S45,,,,,,,,,,swe
70501101125,405D110105,112J,0,+,5.0,,,,,05S25,,05X01,,,,,,,,swe
70501101175,405D110112,112G,0,+,5.0,,,1.0,,05S20,,,,,,,,,,swe
70501101187,405D110115,112H,0,+,5.0,,,,,05S20,,,,,,,,,,swe
70501101200,405D110120,115C,0,+,5.0,,,,S,05S40,,,,,,,,,,fin
70501101300,405D110130,115C,0,+,5.0,,,,S,05S40,,,,,,,,,,den/est/ice/lat/nor
70501101301,405D1101301,115C,0,+,5.0,,,,,05S40,,00X10,,,,,,,,fin
70501101304,405D1101303,112K,0,+,5.0,,,2.0,,05S25,,,,,,,,,,swe
70501101306,405D1101307,112L,0,+,5.0,,,,,05S25,,,,,,,,,,swe
70501101310,405D110131,115C,0,+,5.0,,,,,05S40,,00X10,,,,,,,,den/est/ice/lat
70501101400,405D110140,115B,0,+,5.0,,,,S,05S41,,,,,,,,,,den/est/fin/ice/lat/nor
70501101450,405D110149,112A,0,+,,,,,,05S23,,,,,,,,,,swe/fin/est/nor/ice
70501101500,405D110150,112A,0,+,5.0,,,,,05S16,,,,,,,,,,swe
70501102300,405D110230,115A,0,+,5.0,,,,S,05S42,,,,,,,,,,den/est/fin/ice/lat/nor
70501102310,405D110231,115A,0,+,5.0,,,,,05S42,,00X10,,,,,,,,den/est/ice/lat
70501102400,405D110240,115A,0,+,5.0,,,,,05S42,,00X10,,,,,,,,fin
70501201000,405D120100,112F,0,+,5.0,,,1.0,,05S25,,05X01,,,,,,,,den/est/fin/ice/lat/nor
70501201100,405D120110,112E,0,+,5.0,,,,,05S25,,05X01,,,,,,,,den/est/fin/ice/lat/nor
70501201200,405D120120,112D,0,+,5.0,,,1.0,,05S25,,,,,,,,,,den/est/fin/ice/lat/nor
70501201300,405D120130,112C,0,+,5.0,,,,,05S25,,,,,,,,,,den/est/fin/ice/lat/nor
70501201350,405D120135,112A,0,+,5.0,,,,,05S16,,,,,,,,,,nor
70501201380,405D120138,112B,0,+,5.0,,,,,05S20,,,,,,,,,,nor
70501201400,405D120140,112B,0,+,5.0,,,,,05S20,,,,,,,,,,den/est/fin/ice/lat
70501201401,405D1201401,116M,0,+,5.0,,,2.0,S,05S41,,,,,,,,,,swe
70501201420,405D120142,116M,0,+,5.0,,,,S,05S43,,,,,,,,,,swe
70501201430,405D120143,116M,0,+,5.0,,,2.0,S,05S44,,,,,,,,,,swe
70501201450,405D120145,116C,0,+,5.0,,,1.0,S,05S41,,,,,,,,,,swe
70501201460,405D120146,116C,0,+,5.0,,,1.0,S,05S44,,,,,,,,,,swe
70501201490,405D120149,116N,0,+,5.0,,,,S,05S41,,,,,,,,,,swe
70501201500,405D120150,112A,0,+,5.0,,,,,05S16,,,,,,,,,,den/est/fin/ice/lat
70501201501,405D1201501,116N,0,+,5.0,,,,S,05S44,,,,,,,,,,swe
70501202000,405D1201502,116M,0,+,,,05P05,2.0,S,05S44,,,,,,,,,,swe
70501202250,405D1201503,116C,0,+,,,05P05,1.0,S,05S44,,,,,,,,,,swe
70501202375,405D1201504,116N,0,+,,,05P05,,S,05S44,,,,,,,,,,swe
70501202500,405D120250,115AM,0,+,5.0,,,2.0,S,05S42,,,,,,,,,,swe
70501202510,405D120251,115AM,0,+,5.0,,,2.0,,05S42,,00X10,,,,,,,,swe
70501202590,405D120259,115AN,0,+,5.0,,,,S,05S42,,,,,,,,,,swe
70501202600,405D120260,115AN,0,+,5.0,,,,,05S42,,00X10,,,,,,,,swe
70501300100,405D130010,119X,0,+,,,05P21,,S,05S15,,,,,,,,,,den/est/ice/lat/nor/swe
70501300110,405D130011,119X,0,+,,,05P21,,,05S15,,00X10,,,,,,,,den/est/ice/lat/swe
70501300111,405D1300111,119X,0,+,,,05P21,,S,05S15,,,,,,,,,,fin
70501300120,405D130012,119X,0,+,,,05P21,,,05S15,,00X10,,,,,,,,fin
70501301000,405D130100,478X,0,+,5.0,,,1.0,S,05S15,,,,,,,,,,fin
70501301100,405D130110,478X,0,+,5.0,,,1.0,S,05S15,,,,,,,,,,den/est/ice/lat/nor
70501301101,405D1301101,478X,0,+,5.0,,,1.0,,05S15,,00X10,,,,,,,,fin
70501301110,405D130111,478X,0,+,5.0,,,1.0,,05S15,,00X10,,,,,,,,den/est/ice/lat
70501301200,405D130120,479X,0,+,5.0,,,,S,05S15,,,,,,,,,,den/est/fin/ice/lat/nor
70501301205,405D130126,478A,0,+,5.0,,,,S,05S15,,,,,,,,,,swe
70501301210,405D130121,479X,0,+,5.0,,,,,05S15,,00X10,,,,,,,,den/est/fin/ice/lat
70501301255,405D130125,478A,0,+,5.0,,,,,05S15,,00X10,,,,,,,,swe
70501301300,405D130130,478X,0,+,,,05P02,1.0,S,05S15,,,,,,,,,,den/est/fin/ice/lat/nor
70501301310,405D130131,478X,0,+,,,05P02,1.0,,05S15,,00X10,,,,,,,,den/est/fin/ice/lat
70501301400,405D130140,479X,0,+,,,05P02,,S,05S15,,,,,,,,,,den/est/fin/ice/lat/nor
70501301405,405D130127,478A,0,+,,,05P02,,S,05S15,,,,,,,,,,swe
70501301410,405D130141,479X,0,+,,,05P02,,,05S15,,00X10,,,,,,,,den/est/fin/ice/lat
70501405705,405D130128,478A,0,+,,,05P02,,,05S15,,00X10,,,,,,,,swe
70501510000,405D151000,114X,0,+,5.0,,,,S,05S17,,,,,,,,,,den/est/fin/ice/lat/nor
70501510050,405D151005,114C,0,+,5.0,,,1.0,S,05S17,,,,,,,,,,swe
70501510090,405D151009,114N,0,+,5.0,,,,S,05S17,,,,,,,,,,swe
70501511000,405D151100,114X,0,+,5.0,,,,,05S17,,00X10,,,,,,,,den/est/ice/lat
70501520000,405D152000,114X,0,+,5.0,,,,,05S17,,00X10,,,,,,,,fin
70501810000,405D181000,119X,0,+,5.0,,,,S,05S18,,,,,,,,,,den/est/fin/ice/lat/nor/swe
70501912000,405D191200,477X,0,+,5.0,,,,S,05S21,,,,,,,,,,den/est/ice/lat/nor
70501912090,405D191209,477N,7,+,5.0,,,,S,05S21,,,,,,,,,,swe
70501931045,405D195000,126X,0,+,5.0,05M02,,,N,,,,,,,,,,,den/est/fin/ice/lat/nor
70501937363,400D603000,489X,0,+,,,18P01,,,,,18X01,18X02,,,,,,,den/est/fin/ice/lat/nor
70501943682,400D604000,490X,0,+,,,18P01,,,,,18X01,,,,,,,,den/est/fin/ice/lat/nor
70501950001,405D1950001,126M,0,+,5.0,05M02,,2.0,N,,,,,,,,,,,swe
70501950050,405D195005,126C,0,+,5.0,05M02,,1.0,N,,,,,,,,,,,swe
70501950090,405D195009,126N,0,+,5.0,05M02,,,N,,,,,,,,,,,swe
70501950545,400D603500,490A,0,+,,,18P01,,,,,18X01,,,,,,,,swe
70501951000,405D195100,120X,0,+,5.0,,,,S,05S19,,,,,,,,,,den/est/fin/ice/lat/nor
70501951025,405D19515,120X,0,+,,,05P05,,S,05S19,,,,,,,,,,est/nor/ice/lat
70501951050,405D195105,120C,0,+,5.0,,,1.0,S,05S19,,,,,,,,,,swe
70501951060,405D195106,120C,0,+,5.0,,,1.0,,05S19,,00X10,,,,,,,,swe
70501951090,405D195109,120N,0,+,5.0,,,,S,05S19,,,,,,,,,,swe
70501951100,405D195110,120X,0,+,5.0,,,,,05S19,,00X10,,,,,,,,den/est/lat/fin
70501951101,405D1951101,120N,0,+,5.0,,,,,05S19,,00X10,,,,,,,,swe
70502000000,405D200000,124X,0,+,5.0,,,,,05S05,,05X03,,,,,,,,den/est/ice/lat/nor
70502000001,405D2000001,124M,0,+,5.0,,,2.0,,05S05,,05X03,,,,,,,,swe
70502000090,405D200009,124N,0,+,5.0,,,,,05S05,,05X03,,,,,,,,swe
70502001000,405D200100,125X,0,+,5.0,,,,,05S05,,,,,,,,,,den/est/ice/lat/nor
70502001001,405D2001001,124X,0,+,5.0,,,,,05S05,,05X03,,,,,,,,fin
70502001033,405D2001002,125G,0,+,5.0,,,2.0,,05S05,,,,,,,,,,swe
70502002045,405D2001095,125H,0,+,5.0,,,,,05S05,,,,,,,,,,swe
70502003000,405D200300,125X,0,+,5.0,,,,,05S05,,,,,,,,,,fin
70502200000,405D220000,123X,0,+,5.0,,,,N,,,05X01,,,,,,<4,E,den/est/fin/ice/lat/swe
70502200001,405D2200001,123X,0,+,5.0,,,,N,,,05X01,,,,,,<5,E,nor
70502200100,405D220010,121X,0,+,5.0,,,,N,,,05X01,05X02,,,,,,,den/est/fin/ice/lat/nor
70502200101,405D2200101,121G,0,+,5.0,,,2.0,N,,,05X01,05X02,,,,,,,swe
70502200545,405D2200450,121H,0,+,5.0,,,,N,,,05X01,05X02,,,,,,,swe
70502200900,405D220090,122X,0,+,5.0,,,,N,,,05X01,,,,,,,,den/est/fin/ice/lat/nor
70502200901,405D2200901,122M,0,+,5.0,,,2.0,N,,,05X01,,,,,,,,swe
70502200950,405D220095,122C,0,+,5.0,,,1.0,N,,,05X01,,,,,,,,swe
70502200990,405D220099,122N,0,+,5.0,,,,N,,,05X01,,,,,,,,swe
70502600000,405D260000,127X,0,+,5.0,05M03,,,N,,,,,,,,,,,den/est/fin/ice/lat/nor
70502600001,405D2600001,127G,0,+,5.0,05M03,,2.0,N,,,,,,,,,,,swe
70502650045,405D2600095,127H,0,+,5.0,05M03,,,N,,,,,,,,,,,swe
70502700000,405D270000,128X,0,+,5.0,05M04,,,N,,,,,,,,,,,den/est/fin/ice/lat/nor
70502700050,405D270005,128C,0,+,5.0,05M04,,1.0,N,,,,,,,,,,,swe
70502700090,405D270009,128N,0,+,5.0,05M04,,,N,,,,,,,,,,,swe
70502799900,405D279990,477N,7,+,,,00P03,,N,,,,,,,,,>1,,swe
70502800000,405D280000,129X,0,+,5.0,05M05,,,N,,,,,,,,,,,den/est/fin/ice/lat/nor
70502800001,405D2800001,129M,0,+,5.0,05M05,,2.0,N,,,,,,,,,,,swe
70502800090,405D280009,129N,0,+,5.0,05M05,,,N,,,,,,,,,,,swe
70502900000,405D290000,130X,0,+,5.0,05M06,,1.0,N,,,,,,,,,,,den/est/fin/ice/lat/nor
70502900001,405D2900001,130M,0,+,5.0,05M06,,2.0,N,,,,,,,,,,,swe
70502900050,405D290005,130C,0,+,5.0,05M06,,1.0,N,,,,,,,,,,,swe
70503000000,405D300000,131X,0,+,5.0,05M06,,,N,,,,,,,,,,,den/est/fin/ice/lat/nor/swe
70503100000,405D310000,132X,0,+,5.0,05M07,,1.0,N,,,,,,,,,,,den/est/fin/ice/lat/nor
70503100001,405D3100001,132G,0,+,5.0,05M07,,2.0,N,,,,,,,,,,,swe
70503200000,405D320000,133X,0,+,5.0,05M07,,,N,,,,,,,,,,,den/est/fin/ice/lat/nor
70503305500,405D3100075,132H,0,+,5.0,05M07,,,N,,,,,,,,,,,swe
70503411000,405D341100,135X,0,+,5.0,05M09,,1.0,N,,,,,,,>6574,,,,den/est/fin/ice/lat/nor
70503411001,405D3411001,135M,0,+,5.0,05M09,,2.0,N,,,,,,,>6574,,,,swe
70503411010,405D341101,135M,0,+,5.0,05M90,,2.0,N,,,05X04,,,,>6574,,,,swe
70503411050,405D341105,135C,0,+,5.0,05M09,,1.0,N,,,,,,,>6574,,,,swe
70503412000,405D341200,135X,0,+,5.0,05M90,,1.0,N,,,05X04,,,,>6574,,,,den/est/fin/ice/lat/nor
70503412050,405D341205,135C,0,+,5.0,05M90,,1.0,N,,,05X04,,,,>6574,,,,swe
70503501000,405D350100,136X,0,+,5.0,05M09,,,N,,,,,,,>6574,,,,den/est/fin/ice/lat/nor/swe
70503502000,405D350200,136X,0,+,5.0,05M90,,,N,,,05X04,,,,>6574,,,,swe
70503601000,405D360100,137X,0,+,5.0,05M09,,,N,,,,,,,,,,,den/est/fin/ice/lat/nor
70503601050,405D360105,137C,0,+,5.0,05M09,,1.0,N,,,,,,,,,,,swe
70503601060,405D360106,137C,0,+,5.0,05M90,,1.0,N,,,05X04,,,,,,,,swe
70503601090,405D360109,137N,0,+,5.0,05M09,,,N,,,,,,,,,,,swe
70503602000,405D360200,137X,0,+,5.0,05M90,,,N,,,05X04,,,,,,,,den/est/fin/ice/lat/nor
70503602090,405D360209,137N,0,+,5.0,05M90,,,N,,,05X04,,,,,,,,swe
70503700000,405D370000,138X,0,+,5.0,05M10,,1.0,N,,,,,,,,,,,den/est/fin/ice/lat/nor/swe
70503710000,405D371000,139X,0,+,5.0,05M10,,,N,,,,,,,,,,,den/est/fin/ice/lat/nor/swe
70503800000,405D380000,140X,0,+,5.0,05M11,,,N,,,,,,,,,,,den/ice/nor
70503800025,405D3800001,140C,0,+,5.0,05M11,,1.0,N,,,,,,,,,,,est/fin/lat
70503800037,405D3800002,140N,0,+,5.0,05M11,,,N,,,,,,,,,,,est/fin/lat
70503850045,405D380050,140X,0,+,5.0,05M11,,,N,,,,,,,,,,,swe
70503900000,405D390000,141X,0,+,5.0,05M12,,1.0,N,,,,,,,,,,,den/est/fin/ice/lat/nor
70503900001,405D3900001,141G,0,+,5.0,05M12,,2.0,N,,,,,,,,,,,swe
70503910000,405D391000,142X,0,+,5.0,05M12,,,N,,,,,,,,,,,den/est/fin/ice/lat/nor
70503955000,405D3900075,141H,0,+,5.0,05M12,,,N,,,,,,,,,,,swe
70504000000,405D400000,143X,0,+,5.0,05M13,,,N,,,,,,,,,,,den/est/fin/ice/lat/nor
70504100000,405D399990,143G,0,+,5.0,05M13,,2.0,N,,,,,,,,,,,swe
70504150000,405D4000001,143H,0,+,5.0,05M13,,,N,,,,,,,,,,,swe
70504200000,405D420000,127X,0,+,5.0,,,,N,,,05X05,,,,,,,,den/est/fin/ice/lat/nor
70504200001,405D4200001,127G,0,+,5.0,,,2.0,N,,,05X05,,,,,,,,swe
70504250045,405D4200080,127H,0,+,5.0,,,,N,,,05X05,,,,,,,,swe
70504300000,405D430000,134X,0,+,5.0,05M08,,,N,,,,,,,,,,,den/est/fin/ice/lat/nor
70504300001,405D4300001,134M,0,+,5.0,05M08,,2.0,N,,,,,,,,,,,swe
70504300050,405D430005,134C,0,+,5.0,05M08,,1.0,N,,,,,,,,,,,swe
70504300090,405D430009,134N,0,+,5.0,05M08,,,N,,,,,,,,,,,swe
70504400000,405D440000,144X,0,+,5.0,,,1.0,N,,,,,,,,,,,den/est/fin/ice/lat/nor
70504400012,408D529990,W21C,0,+,5.0,05M20,,1.0,,,,,,,,,,,,swe
70504400025,408D529995,W21E,0,+,5.0,05M20,,,,,,,,,,,,,,swe
70504400037,405D4400001,144M,0,+,5.0,,,2.0,N,,,,,,,,,,,swe
70504400050,405D440005,144C,0,+,5.0,,,1.0,N,,,,,,,,,,,swe
70504410000,405D441000,145X,0,+,5.0,,,,N,,,,,,,,,,,den/est/fin/ice/lat/nor/swe
70600111000,406D011100,154A,0,+,6.0,,,1.0,S,06S21,,,,,,>6574,,,,fin
70600111100,406D011110,154A,0,+,6.0,,,1.0,S,06S21,,,,,,>6574,,,,den/est/ice/lat/nor
70600111101,406D0111101,154M,0,+,6.0,,,2.0,S,06S21,,,,,,,,,,swe
70600111200,406D011120,155A,0,+,6.0,,,,S,06S21,,,,,,>6574,,,,den/est/fin/ice/lat/nor
70600111201,406D0111201,154N,0,+,6.0,,,,S,06S21,,,,,,,,,,swe
70600111250,406D011125,192M,0,+,,,07P18,2.0,S,07S01,,,,,,,,,,swe
70600111275,406D011127,192M,0,+,,,,2.0,S,07S10,,,,,,,,,,swe
70600111300,406D011130,191B,0,+,,,07P18,1.0,S,07S01,,,,,,,,,,swe
70600111325,406D011132,191B,0,+,,,,1.0,S,07S10,,,,,,,,,,swe
70600111350,406D011135,192X,0,+,,,07P18,,S,07S01,,,,,,,,,,swe
70600160675,406D011137,192X,0,+,,,,,S,07S10,,,,,,,,,,swe
70600210000,406D021000,146X,0,+,6.0,,,1.0,S,06S03,,,,,,,,,,fin
70600211000,406D021100,146X,0,+,6.0,,,1.0,S,06S03,,,,,,,,,,den/est/ice/lat/nor
70600211001,406D0211001,146M,0,+,6.0,,,2.0,S,06S03,,,,,,,,,,swe
70600211050,406D021105,146C,0,+,6.0,,,1.0,S,06S03,,,,,,,,,,swe
70600212000,406D021200,147X,0,+,6.0,,,,S,06S03,,,,,,,,,,den/est/fin/ice/lat/nor/swe
70600310000,406D031000,148X,0,+,6.0,,,1.0,S,06S02,,,,,,,,,,fin
70600311000,406D031100,148X,0,+,6.0,,,1.0,S,06S02,,,,,,,,,,den/est/ice/lat/nor
70600311001,406D0311001,148M,0,+,6.0,,,2.0,S,06S02,,,,,,,,,,swe
70600311050,406D031105,148C,0,+,6.0,,,1.0,S,06S02,,,,,,,,,,swe
70600312000,406D031200,149X,0,+,6.0,,,,S,06S02,,,,,,,,,,den/est/fin/ice/lat/nor/swe
70600410000,406D041000,150X,0,+,6.0,,,1.0,S,06S04,,,,,,,,,,fin
70600411000,406D041100,150X,0,+,6.0,,,1.0,S,06S04,,,,,,,,,,den/est/ice/lat/nor
70600411001,406D0411001,150M,0,+,6.0,,,2.0,S,06S04,,,,,,,,,,swe
70600411050,406D041105,150C,0,+,6.0,,,1.0,S,06S04,,,,,,,,,,swe
70600412000,406D041200,151X,0,+,6.0,,,,S,06S04,,,,,,,,,,den/est/fin/ice/lat/nor/swe
70600412100,406D041210,154B,0,+,6.0,,,1.0,S,06S01,,,,,,>6574,,,,ice
70600412200,406D041220,155B,0,+,6.0,,,,S,06S01,,,,,,>6574,,,,ice
70600412300,406D041230,156X,0,+,6.0,,,,S,06S01,,,,,,,,,,ice
70600413000,406D041300,154B,0,+,6.0,,,1.0,S,06S01,,,,,,>6574,,,,den/est/lat/nor
70600414000,406D041400,155B,0,+,6.0,,,,S,06S01,,,,,,>6574,,,,den/est/lat/nor
70600415000,406D041500,156X,0,+,6.0,,,,S,06S01,,,,,,,,,,den/est/lat/nor
70600420000,406D042000,154B,0,+,6.0,,,1.0,S,06S01,,,,,,>6574,,,,fin
70600430000,406D043000,155B,0,+,6.0,,,,S,06S01,,,,,,>6574,,,,fin
70600440000,406D044000,156X,0,+,6.0,,,,S,06S01,,,,,,,,,,fin
70600450500,406D045050,155C,0,+,6.0,,,1.0,S,06S01,,,,,,,,,,swe
70600450600,406D045060,155N,0,+,6.0,,,,S,06S01,,,,,,,,,,swe
70600510900,406D051090,152X,0,+,6.0,,,1.0,S,06S06,,,,,,,,,,fin
70600511000,406D051100,152X,0,+,6.0,,,1.0,S,06S06,,,,,,,,,,den/est/ice/lat/nor
70600511001,406D0511001,152X,0,+,6.0,,,1.0,,06S06,,00X10,,,,,,,,fin
70600511002,406D0511002,152M,0,+,6.0,,,2.0,S,06S06,,,,,,,,,,swe
70600511010,406D051101,152X,0,+,6.0,,,1.0,,06S06,,00X10,,,,,,,,den/est/ice/lat
70600511011,406D0511011,152M,0,+,6.0,,,2.0,,06S06,,00X10,,,,,,,,swe
70600511050,406D051105,152C,0,+,6.0,,,1.0,S,06S06,,,,,,,,,,swe
70600511060,406D051106,152C,0,+,6.0,,,1.0,,06S06,,00X10,,,,,,,,swe
70600511100,406D051110,153X,0,+,6.0,,,,S,06S06,,,,,,,,,,den/est/fin/ice/lat/nor/swe
70600511110,406D051111,153X,0,+,6.0,,,,,06S06,,00X10,,,,,,,,den/est/ice/lat/swe
70600511150,406D051115,170M,0,+,6.0,,,2.0,S,06S10,,,,,,,,,,swe
70600511160,406D051116,170X,0,+,6.0,,,1.0,S,06S10,,,,,,,,,,nor
70600511161,406D0511161,170M,0,+,6.0,,,2.0,,06S10,,00X10,,,,,,,,swe
70600511170,406D051117,170X,0,+,6.0,,,1.0,S,06S20,,06X06,,,,,,,,nor
70600511171,406D0511171,170M,0,+,6.0,,,2.0,S,06S20,,06X06,,,,,,,,swe
70600511180,406D051118,171X,0,+,6.0,,,,S,06S10,,,,,,,,,,nor
70600511181,406D0511181,170C,0,+,6.0,,,1.0,S,06S10,,,,,,,,,,swe
70600511190,406D051119,171X,0,+,6.0,,,,S,06S20,,06X06,,,,,,,,nor
70600511191,406D0511191,170C,0,+,6.0,,,1.0,,06S10,,00X10,,,,,,,,swe
70600511200,406D051120,166N,0,+,6.0,,,,S,06S05,,06X01,,,,,,,,den/est/ice/lat/nor
70600511201,406D0511201,153X,0,+,6.0,,,,,06S06,,00X10,,,,,,,,fin
70600511202,406D0511202,170C,0,+,6.0,,,1.0,S,06S20,,06X06,,,,,,,,swe
70600511210,406D051121,171X,0,+,6.0,,,,S,06S10,,,,,,,,,,swe
70600511220,406D051122,171X,0,+,6.0,,,,,06S10,,00X10,,,,,,,,swe
70600511230,406D051123,171X,0,+,6.0,,,,S,06S20,,06X06,,,,,,,,swe
70600511300,406D051130,166N,0,+,6.0,,,1.0,S,06S05,,,,,,,,,,den/est/ice/lat/nor
70600511301,406D0511301,166N,0,+,6.0,,,,S,06S05,,06X01,,,,,,,,fin
70600511400,406D051140,167X,0,+,6.0,,,,S,06S05,,,,,,,,,,den/est/ice/lat/nor
70600511500,406D051150,166N,0,+,6.0,,,1.0,S,06S05,,,,,,,,,,fin
70600511700,406D051170,167X,0,+,6.0,,,,S,06S05,,,,,,,,,,fin
70600706000,406D070600,161X,0,+,6.0,,,1.0,S,06S08,,,,,,>6575,,,,fin
70600707000,406D070700,162X,0,+,6.0,,,,S,06S08,,,,,,>6575,,,,fin
70600710000,406D071000,157X,0,+,6.0,,,1.0,S,06S07,,,,,,,,,,fin
70600710001,406D0710001,170X,0,+,6.0,,,1.0,S,06S10,,,,,,,,,,ice
70600710010,406D071001,170X,0,+,6.0,,,1.0,S,06S10,,,,,,,,,,den/est/lat
70600710011,406D0710011,170X,0,+,6.0,,,1.0,,06S10,,00X10,,,,,,,,ice
70600710020,406D071002,170X,0,+,6.0,,,1.0,S,06S20,,06X06,,,,,,,,ice
70600710030,406D071003,170X,0,+,6.0,,,1.0,,06S10,,00X10,,,,,,,,den/est/lat
70600710031,406D0710031,171X,0,+,6.0,,,,S,06S10,,,,,,,,,,ice
70600710040,406D071004,170X,0,+,6.0,,,1.0,S,06S20,,06X06,,,,,,,,den/est/lat
70600710041,406D0710041,171X,0,+,6.0,,,,,06S10,,00X10,,,,,,,,ice
70600710050,406D071005,171X,0,+,6.0,,,,S,06S10,,,,,,,,,,den/est/lat
70600710051,406D0710051,171X,0,+,6.0,,,,S,06S20,,06X06,,,,,,,,ice
70600710052,406D0710052,161X,0,+,6.0,,,1.0,S,06S08,,,,,,>6574,,,,nor
70600710060,406D071006,171X,0,+,6.0,,,,,06S10,,00X10,,,,,,,,den/est/lat
70600710061,406D0710061,162X,0,+,6.0,,,,S,06S08,,,,,,>6574,,,,nor
70600710070,406D071007,171X,0,+,6.0,,,,S,06S20,,06X06,,,,,,,,den/est/lat
70600710080,406D071008,161X,0,+,6.0,,,1.0,S,06S08,,,,,,>6574,,,,den/est/ice/lat
70600710090,406D071009,162X,0,+,6.0,,,,S,06S08,,,,,,>6574,,,,den/est/ice/lat
70600710100,406D071010,157X,0,+,6.0,,,1.0,S,06S07,,,,,,,,,,den/est/ice/lat/nor
70600710101,406D0710101,157X,0,+,6.0,,,1.0,,06S07,,00X10,,,,,,,,fin
70600710110,406D071011,157X,0,+,6.0,,,1.0,,06S07,,00X10,,,,,,,,den/est/ice/lat
70600710200,406D071020,158X,0,+,6.0,,,,S,06S07,,,,,,,,,,den/est/fin/ice/lat/nor
70600710210,406D071021,158X,0,+,6.0,,,,,06S07,,00X10,,,,,,,,den/est/ice/lat
70600710300,406D071030,158X,0,+,6.0,,,,,06S07,,00X10,,,,,,,,fin
70600804000,406D080400,170X,0,+,6.0,,,1.0,S,06S10,,,,,,,,,,fin
70600805000,406D080500,170X,0,+,6.0,,,1.0,,06S10,,00X10,,,,,,,,fin
70600806000,406D080600,170X,0,+,6.0,,,1.0,S,06S20,,06X06,,,,,,,,fin
70600807000,406D080700,171X,0,+,6.0,,,,S,06S10,,,,,,,,,,fin
70600808000,406D080800,171X,0,+,6.0,,,,,06S10,,00X10,,,,,,,,fin
70600809000,406D080900,171X,0,+,6.0,,,,S,06S20,,06X06,,,,,,,,fin
70600810000,406D081000,159X,0,+,6.0,,,1.0,S,06S09,,,,,,>6574,,,,fin
70600811000,406D081100,159X,0,+,6.0,,,1.0,S,06S09,,,,,,>6574,,,,den/est/ice/lat/nor/swe
70600812000,406D081200,160X,0,+,6.0,,,,S,06S09,,,,,,>6574,,,,den/est/fin/ice/lat/nor/swe
70601009000,406D100900,163X,0,+,6.0,,,,S,06S08,,,,,,,,,,fin
70601010000,406D101000,163X,0,+,6.0,,,,S,06S08,,,,,,,,,,den/est/ice/lat/nor
70601010050,406D101005,163C,0,+,6.0,,,1.0,S,06S08,,,,,,<6575,,,,swe
70601010060,406D101006,163C,0,+,6.0,,,1.0,S,06S09,,,,,,,,,,swe
70601011000,406D101100,163X,0,+,6.0,,,,S,06S09,,,,,,,,,,den/est/fin/ice/lat/nor
70601011080,406D101108,163N,0,+,6.0,,,,S,06S08,,,,,,<6575,,,,swe
70601011090,406D101109,163N,0,+,6.0,,,,S,06S09,,,,,,,,,,swe
70601015000,406D101500,166C,0,+,6.0,,,,S,06S05,,06X01,,,,,,,,swe
70601015100,406D101510,166C,0,+,6.0,,,1.0,S,06S05,,,,,,,,,,swe
70601015200,406D101520,167N,0,+,6.0,,,,S,06S05,,,,,,,,,,swe
70601015300,406D101530,161X,0,+,6.0,,,1.0,S,06S08,,,,,,,,,,swe
70601015400,406D101540,162X,0,+,6.0,,,,S,06S08,,,,,,,,,,swe
70601015500,406D101550,157M,0,+,6.0,,,2.0,S,06S07,,,,,,,,,,swe
70601015600,406D101560,157M,0,+,6.0,,,2.0,,06S07,,00X10,,,,,,,,swe
70601015700,406D101570,157C,0,+,6.0,,,1.0,S,06S07,,,,,,,,,,swe
70601015800,406D101580,157C,0,+,6.0,,,1.0,,06S07,,00X10,,,,,,,,swe
70601015900,406D101590,158X,0,+,6.0,,,,S,06S07,,,,,,,,,,swe
70601016000,406D101600,158X,0,+,6.0,,,,,06S07,,00X10,,,,,,,,swe
70601311000,406D131100,172X,0,+,6.0,06M02,,1.0,N,,,,,,,,,,,den/est/fin/ice/lat/nor
70601311001,406D1311001,172M,0,+,6.0,06M02,,2.0,N,,,,,,,,,,,swe
70601311050,406D131105,172C,0,+,6.0,06M02,,1.0,N,,,,,,,,,,,swe
70601312000,406D131200,173X,0,+,6.0,06M02,,,N,,,,,,,,,,,den/est/ice/lat/nor/swe
70601312500,406D131250,173FA,0,+,6.0,06M02,,,N,90T06,,,,,,,,,,fin
70601312510,406D131251,173FA,0,+,6.0,06M02,,,N,90T07,,,,,,,,,,fin
70601312520,406D131252,173FA,0,+,6.0,06M02,,,N,90T08,,,,,,,,,,fin
70601312530,406D131253,173FA,0,+,6.0,06M02,,,N,90T05,,,,,,,,,,fin
70601312600,406D131260,173FB,0,+,6.0,06M02,,,N,90T01,90S01,,,,,,,,,fin
70601312610,406D131261,173FB,0,+,6.0,06M02,,,N,99S80,,,,,,,,,,fin
70601312990,406D131299,173FE,0,+,6.0,06M02,,,N,,,,,,,,,,,fin
70601320000,406D132000,174N,0,+,6.0,06M03,,1.0,N,,,,,,,,,,,den/est/fin/ice/lat/nor
70601320001,406D1320001,174M,0,+,6.0,06M03,,2.0,N,,,,,,,,,,,swe
70601320010,406D132001,174M,0,+,6.0,06M04,,2.0,N,,,,,,,,,,,swe
70601320030,406D132003,174M,0,+,6.0,06M05,,2.0,N,,,,,,,,,,,swe
70601320090,406D132009,174C,0,+,6.0,06M03,,1.0,N,,,,,,,,,,,swe
70601321000,406D132100,175N,0,+,6.0,06M03,,,N,,,,,,,,,,,den/est/fin/ice/lat/nor
70601400000,406D140000,174N,0,+,6.0,06M04,,,N,,,,,,,,,,,den/est/fin/ice/lat/nor
70601400001,406D1400001,174C,0,+,6.0,06M04,,,N,,,,,,,,,,,swe
70601401000,406D140100,174N,0,+,6.0,06M05,,,N,,,06X02,,,,,,,,den/est/fin/ice/lat/nor
70601510000,406D151000,174N,0,+,6.0,06M05,,1.0,N,,,,,,,,,,,den/est/fin/ice/lat/nor
70601510080,406D151008,174C,0,+,6.0,06M05,,,N,,,06X02,,,,,,,,swe
70601510090,406D151009,174C,0,+,6.0,06M05,,1.0,N,,,,,,,,,,,swe
70601520000,406D152000,175N,0,+,6.0,06M05,,,N,,,,,,,,,,,den/est/fin/ice/lat/nor/swe
70601520010,406D152001,175N,0,+,6.0,06M03,,,N,,,,,,,,,,,swe
70601530000,406D153000,174N,0,+,,,06P01,1.0,N,,,06X03,,,,,,,,nor
70601540000,406D154000,175N,0,+,,,06P01,,N,,,06X03,,,,,,,,nor
70601600000,406D160000,179X,0,+,6.0,06M06,,,N,,,,,,,,,,,den/est/fin/ice/lat/nor
70601600001,406D1600001,179M,0,+,6.0,06M06,,2.0,N,,,,,,,,,,,swe
70601600050,406D160005,179C,0,+,6.0,06M06,,1.0,N,,,,,,,,,,,swe
70601600090,406D160009,179N,0,+,6.0,06M06,,,N,,,,,,,,,,,swe
70601710000,406D171000,180X,0,+,6.0,06M07,,1.0,N,,,,,,,,,,,den/est/fin/ice/lat/nor/swe
70601720000,406D172000,181X,0,+,6.0,06M07,,,N,,,,,,,,,,,den/est/fin/ice/lat/nor/swe
70601810000,406D181000,182X,0,+,6.0,06M08,,1.0,N,,,,,,,>6574,,,,den/est/ice/lat/nor
70601810016,406D1810002,182J,0,+,,,06P05,2.0,N,,,,,,,>6574,,,,fin/swe
70601810024,406D1810003,182G,0,+,,,06P05,1.0,N,,,,,,,>6574,,,,fin/swe
70601810028,406D1810004,182H,0,+,,,06P05,,N,,,,,,,>6574,,,,fin/swe
70601810030,406D1810009,182L,0,+,,,06P05,1.0,N,,,,,,,,,,,fin/swe
70601810031,406D1810010,182K,0,+,,,06P05,,N,,,,,,,,,,,fin/swe
70601810032,406D1810005,184J,0,+,,,06P06,2.0,N,,,,,,,>6574,,,,fin/swe
70601810038,406D1810006,184G,0,+,,,06P06,1.0,N,,,,,,,>6574,,,,fin/swe
70601810041,406D1810007,184H,0,+,,,06P06,,N,,,,,,,>6574,,,,fin/swe
70601810042,406D1810012,184L,0,+,,,06P06,1.0,N,,,,,,,,,,,fin/swe
70601810043,406D1810013,184K,0,+,,,06P06,,N,,,,,,,,,,,fin/swe
70601820000,406D182000,183X,0,+,6.0,06M08,,,N,,,,,,,>6574,,,,den/est/ice/lat/nor
70601830000,406D183000,184A,0,+,6.0,06M08,,1.0,N,,,,,,,,,,,den/est/ice/lat/nor
70601840000,406D184000,184B,0,+,6.0,06M08,,,N,,,,,,,,,,,den/est/ice/lat/nor
70601900020,406D190002,193M,0,+,,,07P14,2.0,,07S05,,00X10,,,,,,,,swe
70601900040,406D190004,193C,0,+,,,07P14,1.0,,07S05,,00X10,,,,,,,,swe
70601900060,406D190006,194X,0,+,,,07P14,,,07S05,,00X10,,,,,,,,swe
70601900080,406D190008,193M,0,+,,,07P14,2.0,,07S02,,00X10,,,,,,,,swe
70601900100,406D190010,193C,0,+,,,07P14,1.0,,07S02,,00X10,,,,,,,,swe
70601900120,406D190012,194X,0,+,,,07P14,,,07S02,,00X10,,,,,,,,swe
70601900140,406D190014,201C,0,+,,,07P14,1.0,,07S07,,00X10,,,,,,,,swe
70601900160,406D190016,201N,0,+,,,07P14,,,07S07,,00X10,,,,,,,,swe
70601900180,406D190018,493M,0,+,,,07P14,2.0,,07S08,,,,,,,,,,swe
70601900200,406D190020,493C,0,+,,,07P14,1.0,,07S08,,,,,,,,,,swe
70601900220,406D190022,494X,0,+,,,07P14,,,07S08,,,,,,,,,,swe
70609910000,406D991000,188X,0,+,6.0,,,1.0,N,,,,,,,>6574,,,,den/est/fin/ice/lat/nor
70609920000,406D992000,189X,0,+,6.0,,,,N,,,,,,,>6574,,,,den/est/fin/ice/lat/nor
70609940000,406D994000,190X,0,+,6.0,,,,N,,,,,,,,,,,den/est/fin/ice/lat/nor
70609940001,406D9940001,190M,0,+,6.0,,,2.0,N,,,,,,,,,,,swe
70609940050,406D994005,190C,0,+,6.0,,,1.0,N,,,,,,,,,,,swe
70609940090,406D994009,190N,0,+,6.0,,,,N,,,,,,,,,,,swe
70700101001,407D0101001,192M,0,+,7.0,,,2.0,S,07S01,,,,,,,,,,swe
70700101050,407D010105,191B,0,+,7.0,,,1.0,S,07S01,,,,,,,,,,den/est/fin/ice/lat/nor/swe
70700102000,407D010200,192X,0,+,7.0,,,,S,07S01,,,,,,,,,,den/est/fin/ice/lat/nor/swe
70700200000,407D020000,193X,0,+,7.0,,,1.0,S,07S05,,,,,,,,,,fin
70700201000,407D020100,193X,0,+,7.0,,,1.0,S,07S05,,,,,,,,,,den/est/ice/lat/nor
70700201001,407D0201001,193X,0,+,7.0,,,1.0,,07S05,,00X10,,,,,,,,fin
70700201002,407D0201002,193M,0,+,7.0,,,2.0,S,07S05,,,,,,,,,,swe
70700201010,407D020101,193X,0,+,,,07P14,1.0,S,07S05,,,,,,,,,,fin
70700201011,407D0201011,193M,0,+,7.0,,,2.0,,07S05,,00X10,,,,,,,,swe
70700201020,407D020102,193M,0,+,,,07P14,2.0,S,07S05,,,,,,,,,,swe
70700201050,407D020105,193C,0,+,7.0,,,1.0,S,07S05,,,,,,,,,,swe
70700201060,407D020106,193C,0,+,7.0,,,1.0,,07S05,,00X10,,,,,,,,swe
70700201070,407D020107,193C,0,+,,,07P14,1.0,S,07S05,,,,,,,,,,swe
70700201100,407D020110,193X,0,+,7.0,,,1.0,,07S05,,00X10,,,,,,,,den/est/ice/lat
70700201101,407D0201101,193X,0,+,,,07P14,1.0,S,07S05,,,,,,,,,,nor
70700201200,407D020120,193X,0,+,,,07P14,1.0,S,07S05,,,,,,,,,,den/est/ice/lat
70700201300,407D020130,193X,0,+,,,07P14,1.0,,07S05,,00X10,,,,,,,,den/est/ice/lat
70700202000,407D020200,194X,0,+,7.0,,,,S,07S05,,,,,,,,,,den/est/ice/lat/nor/swe
70700202100,407D020210,194X,0,+,7.0,,,,,07S05,,00X10,,,,,,,,den/est/ice/lat/swe
70700202101,407D0202101,194X,0,+,,,07P14,,S,07S05,,,,,,,,,,nor
70700202200,407D020220,194X,0,+,,,07P14,,S,07S05,,,,,,,,,,den/est/ice/lat
70700202300,407D020230,194X,0,+,,,07P14,,,07S05,,00X10,,,,,,,,den/est/ice/lat
70700202301,407D0202301,194X,0,+,,,07P14,,S,07S05,,,,,,,,,,swe
70700203000,407D020300,194X,0,+,7.0,,,,S,07S05,,,,,,,,,,fin
70700203100,407D020310,194X,0,+,,,07P14,,S,07S05,,,,,,,,,,fin
70700204000,407D020400,194X,0,+,7.0,,,,,07S05,,00X10,,,,,,,,fin
70700309000,407D030900,195X,0,+,7.0,,,1.0,S,07S02,07S03,,,,,,,,,fin
70700310000,407D031000,195X,0,+,7.0,,,1.0,S,07S02,07S03,,,,,,,,,den/est/ice/lat/nor
70700310001,407D0310001,195X,0,+,,,07P14,1.0,S,07S02,07S03,,,,,,,,,fin
70700310050,407D031005,195C,0,+,7.0,,,1.0,S,07S02,07S03,,,,,,,,,swe
70700310060,407D031006,195C,0,+,,,07P14,1.0,S,07S02,07S03,,,,,,,,,swe
70700310080,407D031008,195C,0,+,7.0,,,1.0,S,07S02,07S04,,,,,,,,,swe
70700310100,407D031010,195X,0,+,7.0,,,1.0,,07S02,07S03,00X10,,,,,,,,ice
70700310101,407D0310101,195X,0,+,,,07P14,1.0,S,07S02,07S03,,,,,,,,,nor
70700310110,407D031011,195C,0,+,,,07P14,1.0,S,07S02,07S04,,,,,,,,,swe
70700310200,407D031020,195X,0,+,,,07P14,1.0,S,07S02,07S03,,,,,,,,,den/est/ice/lat
70700310300,407D031030,195X,0,+,,,07P14,1.0,,07S02,07S03,00X10,,,,,,,,ice
70700311000,407D031100,195X,0,+,7.0,,,1.0,S,07S02,07S04,,,,,,,,,den/est/fin/ice/lat/nor
70700311100,407D031110,195X,0,+,7.0,,,1.0,,07S02,07S04,00X10,,,,,,,,ice
70700311101,407D0311101,195X,0,+,,,07P14,1.0,S,07S02,07S04,,,,,,,,,nor
70700311200,407D031120,195X,0,+,,,07P14,1.0,S,07S02,07S04,,,,,,,,,den/est/ice/lat
70700311300,407D031130,195X,0,+,,,07P14,1.0,,07S02,07S04,00X10,,,,,,,,ice
70700312000,407D031200,195X,0,+,,,07P14,1.0,S,07S02,07S04,,,,,,,,,fin
70700319000,407D031900,196X,0,+,7.0,,,,S,07S02,07S03,,,,,,,,,fin
70700320000,407D032000,196X,0,+,7.0,,,,S,07S02,07S03,,,,,,,,,den/est/ice/lat/nor/swe
70700320001,407D0320001,196X,0,+,,,07P14,,S,07S02,07S03,,,,,,,,,fin
70700320100,407D032010,196X,0,+,7.0,,,,,07S02,07S03,00X10,,,,,,,,ice
70700320101,407D0320101,196X,0,+,,,07P14,,S,07S02,07S03,,,,,,,,,nor
70700320200,407D032020,196X,0,+,,,07P14,,S,07S02,07S03,,,,,,,,,den/est/ice/lat
70700320300,407D032030,196X,0,+,,,07P14,,,07S02,07S03,00X10,,,,,,,,ice
70700320500,407D032050,196X,0,+,,,07P14,,S,07S02,07S03,,,,,,,,,swe
70700321000,407D032100,196X,0,+,7.0,,,,S,07S02,07S04,,,,,,,,,den/est/fin/ice/lat/nor/swe
70700321100,407D032110,196X,0,+,7.0,,,,,07S02,07S04,00X10,,,,,,,,ice
70700321101,407D0321101,196X,0,+,,,07P14,,S,07S02,07S04,,,,,,,,,nor
70700321200,407D032120,196X,0,+,,,07P14,,S,07S02,07S04,,,,,,,,,den/est/ice/lat
70700321300,407D032130,196X,0,+,,,07P14,,,07S02,07S04,00X10,,,,,,,,ice
70700321500,407D032150,196X,0,+,,,07P14,,S,07S02,07S04,,,,,,,,,swe
70700322000,407D032200,196X,0,+,,,07P14,,S,07S02,07S04,,,,,,,,,fin
70700508000,407D050800,193X,0,+,7.0,,,1.0,S,07S02,,,,,,,,,,fin
70700509000,407D050900,193X,0,+,,,07P14,1.0,S,07S02,,,,,,,,,,fin
70700510000,407D051000,193X,0,+,7.0,,,1.0,,07S02,,00X10,,,,,,,,fin
70700511000,407D051100,193X,0,+,7.0,,,1.0,S,07S02,,,,,,,,,,den/est/ice/lat/nor
70700511002,407D0511002,193M,0,+,7.0,,,2.0,S,07S02,,,,,,,,,,swe
70700511010,407D051101,193M,0,+,7.0,,,2.0,,07S02,,00X10,,,,,,,,swe
70700511020,407D051102,193M,0,+,,,07P14,2.0,S,07S02,,,,,,,,,,swe
70700511050,407D051105,193C,0,+,7.0,,,1.0,S,07S02,,,,,,,,,,swe
70700511060,407D051106,193C,0,+,7.0,,,1.0,,07S02,,00X10,,,,,,,,swe
70700511070,407D051107,193C,0,+,,,07P14,1.0,S,07S02,,,,,,,,,,swe
70700511100,407D051110,193X,0,+,7.0,,,1.0,,07S02,,00X10,,,,,,,,den/est/ice/lat
70700511101,407D0511101,193X,0,+,,,07P14,1.0,S,07S02,,,,,,,,,,nor
70700511200,407D051120,193X,0,+,,,07P14,1.0,S,07S02,,,,,,,,,,den/est/ice/lat
70700511300,407D051130,193X,0,+,,,07P14,1.0,,07S02,,00X10,,,,,,,,den/est/ice/lat
70700512000,407D051200,194X,0,+,7.0,,,,S,07S02,,,,,,,,,,den/est/fin/ice/lat/nor/swe
70700512100,407D051210,194X,0,+,7.0,,,,,07S02,,00X10,,,,,,,,den/est/ice/lat/swe
70700512101,407D0512101,194X,0,+,,,07P14,,S,07S02,,,,,,,,,,nor
70700512200,407D051220,194X,0,+,,,07P14,,S,07S02,,,,,,,,,,den/est/ice/lat
70700512300,407D051230,194X,0,+,,,07P14,,,07S02,,00X10,,,,,,,,den/est/ice/lat
70700512500,407D051250,194X,0,+,,,07P14,,S,07S02,,,,,,,,,,swe
70700513000,407D051300,194X,0,+,7.0,,,,,07S02,,00X10,,,,,,,,fin
70700515000,407D051500,194X,0,+,,,07P14,,S,07S02,,,,,,,,,,fin
70700610000,407D061000,197X,0,+,7.0,,,1.0,S,07S03,,,,,,,,,,fin
70700611000,407D061100,197X,0,+,7.0,,,1.0,S,07S03,,,,,,,,,,den/est/ice/lat/nor
70700611001,407D0611001,197X,0,+,,,07P14,1.0,S,07S03,,,,,,,,,,fin
70700611002,407D0611002,197M,0,+,7.0,,,2.0,S,07S03,,,,,,,,,,swe
70700611030,407D061103,197M,0,+,,,07P14,2.0,S,07S03,,,,,,,,,,swe
70700611050,407D061105,197C,0,+,7.0,,,1.0,S,07S03,,,,,,,,,,swe
70700611080,407D061108,197C,0,+,,,07P14,1.0,S,07S03,,,,,,,,,,swe
70700611100,407D061110,197X,0,+,,,07P14,1.0,S,07S03,,,,,,,,,,ice/nor
70700611200,407D061120,197X,0,+,,,07P14,1.0,S,07S03,,,,,,,,,,den/est/lat
70700612000,407D061200,198X,0,+,7.0,,,,S,07S03,,,,,,,,,,den/est/fin/ice/lat/nor/swe
70700612100,407D061210,198X,0,+,,,07P14,,S,07S03,,,,,,,,,,ice/nor
70700612200,407D061220,198X,0,+,,,07P14,,S,07S03,,,,,,,,,,den/est/lat
70700612500,407D061250,198X,0,+,,,07P14,,S,07S03,,,,,,,,,,swe
70700613000,407D061300,198X,0,+,,,07P14,,S,07S03,,,,,,,,,,fin
70700710000,407D071000,493X,0,+,7.0,,,1.0,S,07S04,,,,,,,,,,fin
70700711000,407D071100,493X,0,+,7.0,,,1.0,S,07S04,,,,,,,,,,den/est/ice/lat/nor
70700711001,407D0711001,493X,0,+,,,07P14,1.0,S,07S04,,,,,,,,,,fin
70700711002,407D0711002,493M,0,+,7.0,,,2.0,S,07S04,,,,,,,,,,swe
70700711030,407D071103,493M,0,+,,,07P14,2.0,S,07S04,,,,,,,,,,swe
70700711050,407D071105,493C,0,+,7.0,,,1.0,S,07S04,,,,,,,,,,swe
70700711080,407D071108,493C,0,+,,,07P14,1.0,S,07S04,,,,,,,,,,swe
70700711100,407D071110,493X,0,+,,,07P14,1.0,S,07S04,,,,,,,,,,ice/nor
70700711200,407D071120,493X,0,+,,,07P14,1.0,S,07S04,,,,,,,,,,den/est/lat
70700712000,407D071200,494X,0,+,7.0,,,,S,07S04,,,,,,,,,,den/est/fin/ice/lat/nor/swe
70700712100,407D071210,494X,0,+,,,07P14,,S,07S04,,,,,,,,,,ice/nor
70700712200,407D071220,494X,0,+,,,07P14,,S,07S04,,,,,,,,,,den/est/lat
70700712500,407D071250,494X,0,+,,,07P14,,S,07S04,,,,,,,,,,swe
70700713000,407D071300,494X,0,+,,,07P14,,S,07S04,,,,,,,,,,fin
70701100000,407D110000,199X,0,+,7.0,07M02,,,S,07S06,,,,,,,,,,fin
70701110000,407D111000,199X,0,+,7.0,07M02,,,S,07S06,,,,,,,,,,den/est/ice/lat/nor
70701110001,407D1110001,199M,0,+,7.0,07M02,,2.0,S,07S06,,,,,,,,,,swe
70701110010,407D111001,199M,0,+,7.0,07M02,,2.0,,07S06,,00X10,,,,,,,,swe
70701110090,407D111009,199N,0,+,7.0,07M02,,,S,07S06,,,,,,,,,,swe
70701110100,407D111010,199N,0,+,7.0,07M02,,,,07S06,,00X10,,,,,,,,swe
70701111000,407D111100,199X,0,+,7.0,07M02,,,,07S06,,00X10,,,,,,,,den/est/ice/lat
70701120000,407D112000,199X,0,+,7.0,07M02,,,,07S06,,00X10,,,,,,,,fin
70701210000,407D121000,200X,0,+,7.0,,,,S,07S06,,,,,,,,,,den/est/fin/ice/lat/nor
70701210001,407D1210001,200M,0,+,7.0,,,2.0,S,07S06,,,,,,,,,,swe
70701210010,407D121001,200M,0,+,7.0,,,2.0,,07S06,,00X10,,,,,,,,swe
70701210050,407D121005,200C,0,+,7.0,,,1.0,S,07S06,,,,,,,,,,swe
70701210060,407D121006,200C,0,+,7.0,,,1.0,,07S06,,00X10,,,,,,,,swe
70701210090,407D121009,200N,0,+,7.0,,,,S,07S06,,,,,,,,,,swe
70701210100,407D121010,200N,0,+,7.0,,,,,07S06,,00X10,,,,,,,,swe
70701211000,407D121100,200X,0,+,7.0,,,,,07S06,,00X10,,,,,,,,den/est/ice/lat
70701220000,407D122000,200X,0,+,7.0,,,,,07S06,,00X10,,,,,,,,fin
70701301000,407D130100,201X,0,+,7.0,,,,S,07S07,,,,,,,,,,den/est/fin/ice/lat/nor
70701301050,407D130105,201C,0,+,7.0,,,1.0,S,07S07,,,,,,,,,,swe
70701301060,407D130106,201C,0,+,,,07P14,1.0,S,07S07,,,,,,,,,,swe
70701301070,407D130107,201C,0,+,7.0,,,1.0,,07S07,,00X10,,,,,,,,swe
70701301080,407D130108,201N,0,+,7.0,,,,S,07S07,,,,,,,,,,swe
70701301100,407D130110,201X,0,+,7.0,,,,,07S07,,00X10,,,,,,,,den/est/ice/lat
70701301101,407D1301101,201X,0,+,,,07P14,,S,07S07,,,,,,,,,,nor
70701301102,407D1301102,201N,0,+,7.0,,,,,07S07,,00X10,,,,,,,,swe
70701301150,407D130115,201N,0,+,,,07P14,,S,07S07,,,,,,,,,,swe
70701301200,407D130120,201X,0,+,,,07P14,,S,07S07,,,,,,,,,,den/est/ice/lat
70701301300,407D130130,201X,0,+,,,07P14,,,07S07,,00X10,,,,,,,,den
70701302000,407D130200,201X,0,+,7.0,,,,,07S07,,00X10,,,,,,,,fin
70701304000,407D130400,201X,0,+,,,07P14,,S,07S07,,,,,,,,,,fin
70701500000,407D150000,493X,0,+,7.0,,,1.0,,07S08,,,,,,,,,,fin
70701500100,407D150010,493X,0,+,7.0,,,1.0,,07S08,,,,,,,,,,den/est/ice/lat/nor
70701500102,407D1500102,493M,0,+,7.0,,,2.0,,07S08,,,,,,,,,,swe
70701500190,407D150019,493C,0,+,7.0,,,1.0,,07S08,,,,,,,,,,swe
70701500200,407D150020,494X,0,+,7.0,,,,,07S08,,,,,,,,,,den/est/fin/ice/lat/nor/swe
70701500300,407D150030,493X,0,+,,,07P14,1.0,,07S08,,,,,,,,,,den/lat/nor
70701500400,407D150040,494X,0,+,,,07P14,,,07S08,,,,,,,,,,den/nor
70701590000,407D159000,203M,0,+,7.0,,,2.0,,07S09,,,,,,,,,,swe
70701590060,407D159006,203C,0,+,7.0,,,1.0,,07S09,,,,,,,,,,swe
70701590100,407D159010,203N,0,+,7.0,,,,,07S09,,,,,,,,,,swe
70701600000,407D160000,202X,0,+,7.0,07M01,,,N,,,,,,,,,,,den/est/fin/ice/lat/nor
70701600001,407D1600001,202M,0,+,7.0,07M01,,2.0,N,,,,,,,,,,,swe
70701600050,407D160005,202C,0,+,7.0,07M01,,1.0,N,,,,,,,,,,,swe
70701600090,407D160009,202N,0,+,7.0,07M01,,,N,,,,,,,,,,,swe
70701700000,407D170000,203X,0,+,7.0,07M02,,,N,,,,,,,,,,,den/est/ice/lat/nor
70701700001,407D1700001,203M,0,+,7.0,07M02,,2.0,N,,,,,,,,,,,swe
70701700050,407D170005,203C,0,+,7.0,07M02,,1.0,N,,,,,,,,,,,swe
70701700090,407D170009,203N,0,+,7.0,07M02,,,N,,,,,,,,,,,swe
70701799500,407D179950,203A,0,+,7.0,07M02,,,N,90T06,,,,,,,,,,fin
70701799510,407D179951,203A,0,+,7.0,07M02,,,N,90T07,,,,,,,,,,fin
70701799520,407D179952,203A,0,+,7.0,07M02,,,N,90T08,,,,,,,,,,fin
70701799530,407D179953,203A,0,+,7.0,07M02,,,N,90T05,,,,,,,,,,fin
70701799600,407D179960,203B,0,+,7.0,07M02,,,N,90T01,90S01,,,,,,,,,fin
70701799610,407D179961,203B,0,+,7.0,07M02,,,N,99S80,,,,,,,,,,fin
70701799990,407D179999,203E,0,+,7.0,07M02,,,N,,,,,,,,,,,fin
70701800000,407D180000,204X,0,+,7.0,07M03,,,N,,,,,,,,,,,den/est/fin/ice/lat/nor
70701800001,407D1800001,204M,0,+,7.0,07M03,,2.0,N,,,,,,,,,,,swe
70701800050,407D180005,204C,0,+,7.0,07M03,,1.0,N,,,,,,,,,,,swe
70701800090,407D180009,204N,0,+,7.0,07M03,,,N,,,,,,,,,,,swe
70701900000,407D190000,205X,0,+,7.0,07M04,,1.0,N,,,,,,,,,,,den/est/fin/ice/lat/nor
70701900001,407D1900001,205M,0,+,7.0,07M04,,2.0,N,,,,,,,,,,,swe
70701900050,407D190005,205C,0,+,7.0,07M04,,1.0,N,,,,,,,,,,,swe
70701910000,407D191000,206X,0,+,7.0,07M04,,,N,,,,,,,,,,,den/est/fin/ice/lat/nor/swe
70702000000,407D200000,207X,0,+,7.0,,,1.0,N,,,,,,,,,,,den/est/fin/ice/lat/nor
70702000001,407D2000001,207M,0,+,7.0,,,2.0,N,,,,,,,,,,,swe
70702000050,407D200005,207C,0,+,7.0,,,1.0,N,,,,,,,,,,,swe
70702010000,407D201000,208X,0,+,7.0,,,,N,,,,,,,,,,,den/est/fin/ice/lat/nor/swe
70800100100,408D010010,471N,0,+,8.0,,,,S,08S81,08S82,,,,,,,,,den/est/ice/lat/nor/swe
70800100101,408D0100101,471X,0,+,8.0,,,,S,08S81,08S82,,,,,,,,,fin
70800101000,408D010100,471X,0,+,8.0,,,,S,08S81,08S83,,,,,,,,,fin
70800101100,408D010110,471N,0,+,8.0,,,,S,08S81,08S83,,,,,,,,,den/est/ice/lat/nor/swe
70800101200,408D010120,471N,0,+,8.0,,,,S,08S81,08S61,,,,,,,,,den/est/ice/lat/nor/swe
70800101201,408D0101201,471X,0,+,8.0,,,,S,08S81,08S61,,,,,,,,,fin
70800101300,408D010130,471N,0,+,8.0,,,,S,08S81,08S62,,,,,,,,,den/est/ice/lat/nor/swe
70800101301,408D0101301,471X,0,+,8.0,,,,S,08S81,08S62,,,,,,,,,fin
70800102100,408D010210,471N,0,+,8.0,,,,S,08S81,,99X04,,,,,,,,den/est/lat/swe
70800102101,408D0102101,471X,0,+,8.0,,,,S,08S81,,99X04,,,,,,,,fin
70800102102,408D0102102,471N,0,+,8.0,,,,S,08S81,99S13,,,,,,,,,ice/nor
70800102200,408D010220,471N,0,+,8.0,,,,S,08S81,,99X04,,,,,,,,nor
70800103100,408D010310,471N,0,+,8.0,,,,S,08S81,,99X00,99X02,,,,,,,den/est/ice/lat/nor/swe
70800103101,408D0103101,471X,0,+,8.0,,,,S,08S81,,99X00,99X02,,,,,,,fin
70800110100,408D011010,471N,0,+,8.0,,,,S,08S82,08S83,,,,,,,,,den/est/ice/lat/nor/swe
70800110101,408D0110101,471X,0,+,8.0,,,,S,08S82,08S83,,,,,,,,,fin
70800110200,408D011020,471N,0,+,8.0,,,,S,08S82,08S61,,,,,,,,,den/est/ice/lat/nor/swe
70800110201,408D0110201,471X,0,+,8.0,,,,S,08S82,08S61,,,,,,,,,fin
70800110300,408D011030,471N,0,+,8.0,,,,S,08S82,08S62,,,,,,,,,den/est/ice/lat/nor/swe
70800110301,408D0110301,471X,0,+,8.0,,,,S,08S82,08S62,,,,,,,,,fin
70800111100,408D011110,471N,0,+,8.0,,,,S,08S82,,99X04,,,,,,,,den/est/lat/swe
70800111101,408D0111101,471X,0,+,8.0,,,,S,08S82,,99X04,,,,,,,,fin
70800111102,408D0111102,471N,0,+,8.0,,,,S,08S82,99S13,,,,,,,,,ice/nor
70800111200,408D011120,471N,0,+,8.0,,,,S,08S82,,99X04,,,,,,,,nor
70800112100,408D011210,471N,0,+,8.0,,,,S,08S82,,99X00,99X02,,,,,,,den/est/ice/lat/nor/swe
70800112101,408D0112101,471X,0,+,8.0,,,,S,08S82,,99X00,99X02,,,,,,,fin
70800120100,408D012010,471N,0,+,8.0,,,,S,08S83,,99X04,,,,,,,,den/est/lat/swe
70800120101,408D0120101,471X,0,+,8.0,,,,S,08S83,08S61,,,,,,,,,fin
70800120102,408D0120102,471N,0,+,8.0,,,,S,08S83,99S13,,,,,,,,,ice/nor
70800120110,408D012011,471N,0,+,8.0,,,,S,08S83,,99X04,,,,,,,,nor
70800120200,408D012020,471N,0,+,8.0,,,,S,08S83,08S61,,,,,,,,,den/est/ice/lat/nor/swe
70800120300,408D012030,471N,0,+,8.0,,,,S,08S83,08S62,,,,,,,,,den/est/ice/lat/nor/swe
70800120301,408D0120301,471X,0,+,8.0,,,,S,08S83,08S62,,,,,,,,,fin
70800121000,408D012100,471X,0,+,8.0,,,,S,08S83,,99X00,99X02,,,,,,,fin
70800121100,408D012110,471N,0,+,8.0,,,,S,08S83,,99X00,99X02,,,,,,,den/est/ice/lat/nor/swe
70800121200,408D012120,471N,0,+,8.0,,,,S,08S61,08S62,,,,,,,,,den/est/ice/lat/nor/swe
70800121201,408D0121201,471X,0,+,8.0,,,,S,08S61,08S62,,,,,,,,,fin
70800121300,408D012130,471N,0,+,8.0,,,,S,08S61,,99X04,,,,,,,,den/est/lat/swe
70800121301,408D0121301,471X,0,+,8.0,,,,S,08S61,,99X04,,,,,,,,fin
70800121302,408D0121302,471N,0,+,8.0,,,,S,08S61,99S13,,,,,,,,,ice/nor
70800121310,408D012131,471N,0,+,8.0,,,,S,08S61,,99X04,,,,,,,,nor
70800121400,408D012140,471X,0,+,8.0,,,,S,08S61,,99X00,99X02,,,,,,,fin
70800121500,408D012150,471N,0,+,8.0,,,,S,08S62,,99X04,,,,,,,,den/est/lat/swe
70800121501,408D0121501,471X,0,+,8.0,,,,S,08S62,,99X04,,,,,,,,fin
70800121502,408D0121502,471N,0,+,8.0,,,,S,08S62,99S13,,,,,,,,,ice/nor
70800121510,408D012151,471N,0,+,8.0,,,,S,08S62,,99X04,,,,,,,,nor
70800121600,408D012160,471X,0,+,8.0,,,,S,08S62,,99X00,99X02,,,,,,,fin
70800309800,408D030980,075X,0,+,8.0,,,,S,04S01,,,,,,,,,,fin
70800309900,408D030990,075X,0,+,8.0,,,,S,04S01,,,,,,,,,,den/est/ice/lat/nor
70800309901,408D0309901,075M,0,+,8.0,,,2.0,S,04S01,,,,,,,,,,swe
70800309940,408D030994,209B,0,+,8.0,,,,S,08O50,,,,,,,,,,nor
70800309960,408D030996,209B,0,+,8.0,,,,S,08O51,,08X80,,,,,,,,nor
70800309990,408D030999,075N,0,+,8.0,,,,S,04S01,,,,,,,,,,swe
70800310000,408D031000,209C,0,+,8.0,,,,S,08S93,,,,,,,,,,den/est/fin/ice/lat
70800310010,408D031001,209C,0,+,8.0,,,,S,08O51,,,,,,,,,,nor
70800310090,408D031009,513N,0,+,8.0,,,,S,08S93,,,,,,,,,,swe
70800311000,408D031100,209D,0,+,8.0,,,1.0,S,08S81,,,,,,,,,,den/est/fin/lat
70800311037,408D0311000,209D,0,+,8.0,,08P05,,S,08S81,,,,,,,,,,est
70800311075,408D0311001,209S,0,+,8.0,08M02,,1.0,S,08S81,,,,,,,,,,ice/nor
70800311112,408D0311002,209S,0,+,8.0,08M05,,1.0,S,08S81,,,,,,,,,,ice/nor
70800311131,408D0311003,209T,0,+,8.0,08M02,,,S,08S81,,,,,,,,,,ice/nor
70800311140,408D0311004,209T,0,+,8.0,08M05,,,S,08S81,,,,,,,,,,ice/nor
70800311150,408D031115,512C,0,+,8.0,,,1.0,S,08S81,,,,,,,,,,swe
70800311170,408D031117,512C,0,+,,,08P05,,S,08S81,,,,,,,,,,swe
70800311190,408D031119,512N,0,+,8.0,,,,S,08S81,,,,,,,,,,swe
70800312000,408D031200,209E,0,+,8.0,,,,S,08S81,,,,,,,,,,den/est/fin/lat
70800312050,408D0312001,209U,0,+,8.0,,,1.0,S,08S81,,,,,,,,,,nor/ice
70800312075,408D0312002,209V,0,+,8.0,,,,S,08S81,,,,,,,,,,nor/ice
70800312100,408D031210,511B,0,+,8.0,,,,S,08S94,,,,,,,,,,swe
70800312180,408D031218,511B,0,+,8.0,,,,S,08S95,,,,,,,,,,swe
70800312700,408D031270,209J,0,+,8.0,,,,S,08S95,,08X80,,,,,,,,nor
70800312800,408D031280,209J,0,+,8.0,,,,S,08S94,,08X80,,,,,,,,nor
70800312900,408D031290,209F,0,+,8.0,,,,S,08S94,,,,,,,,,,fin
70800312910,408D031291,209J,0,+,8.0,,,,S,08O52,,,,,,,,,,nor
70800313000,408D031300,209F,0,+,8.0,,,,S,08S94,,,,,,,,,,den/est/ice/lat/nor
70800313100,408D031310,209F,0,+,8.0,,,,S,08S95,,,,,,,,,,den/est/fin/ice/lat/nor
70800313101,408D0313101,511A,0,+,8.0,,,,S,08S82,,,,,,,,,,swe
70800313110,408D031311,511A,0,+,8.0,,,,S,08S83,,,,,,,,,,swe
70800313900,408D031390,209G,0,+,8.0,,,,S,08S82,,,,,,,,,,fin
70800314000,408D031400,209G,0,+,8.0,,,,S,08S82,,,,,,,,,,den/est/ice/lat
70800314010,408D031401,209H,0,+,8.0,,,,S,08S82,,,,,,,,,,nor
70800314100,408D031410,209G,0,+,8.0,,,,S,08S83,,,,,,,,,,den/est/fin/ice/lat
70800314110,408D031411,209I,0,+,8.0,,,,S,08S83,,,,,,,,,,nor
70800401000,408D040100,217X,0,+,8.0,,,,S,08S02,,-08X14,,,,,,,,den/est/fin/ice/lat/nor
70800401001,408D0401001,217M,0,+,8.0,,,2.0,S,08S02,,-08X14,,,,,,,,swe
70800401050,408D040105,217C,0,+,8.0,,,1.0,S,08S02,,-08X14,,,,,,,,swe
70800401090,408D040109,217N,0,+,8.0,,,,S,08S02,,-08X14,,,,,,,,swe
70800510000,408D051000,214A,0,+,8.0,,,,S,08S16,,,,,,,,,,den/est/fin/ice/lat/nor
70800511000,408D051100,214A,0,+,8.0,,,,S,08S14,08S15,,,,,,,,,den/est/fin/ice/lat/nor
70800511050,408D051105,514C,0,+,8.0,,,1.0,S,08S14,08S15,,,,,,,,,swe
70800511060,408D051106,514C,0,+,8.0,,,1.0,S,08S16,,,,,,,,,,swe
70800511080,408D051108,514N,0,+,8.0,,,,S,08S14,08S15,,,,,,,,,swe
70800511090,408D051109,514N,0,+,8.0,,,,S,08S16,,,,,,,,,,swe
70800512000,408D051200,214B,0,+,8.0,,,1.0,S,08S14,,,,,,,,,,den/est/fin/ice/lat/nor
70800513000,408D051300,214B,0,+,8.0,,,1.0,S,08S15,,,,,,,,,,den/est/fin/ice/lat/nor
70800513070,408D051307,214C,0,+,8.0,,,1.0,S,08S14,,,,,,,,,,swe
70800513080,408D051308,214C,0,+,8.0,,,1.0,S,08S15,,,,,,,,,,swe
70800513090,408D051309,214C,0,+,8.0,,,1.0,S,08S18,,,,,,,,,,swe
70800513100,408D051310,214B,0,+,8.0,,,1.0,S,08S18,,,,,,,,,,ice/nor
70800513200,408D051320,214B,0,+,8.0,,,1.0,S,08S18,,,,,,,,,,est/fin/lat
70800514000,408D051400,214C,0,+,8.0,,,1.0,S,08S08,,,,,,,,,,den/est/fin/ice/lat/nor
70800514090,408D051409,215C,0,+,8.0,,,1.0,S,08S08,,,,,,,,,,swe
70800514100,408D051410,214C,0,+,8.0,,,1.0,,08S08,,00X10,,,,,,,,den/est/fin/ice/lat
70800515000,408D051500,215B,0,+,8.0,,,,S,08S14,,,,,,,,,,den/est/ice/lat/nor
70800515001,408D0515001,214N,0,+,8.0,,,,S,08S14,,,,,,,,,,swe
70800515100,408D051510,215B,0,+,8.0,,,,S,08S14,,,,,,,,,,fin
70800516000,408D051600,215B,0,+,8.0,,,,S,08S15,,,,,,,,,,den/est/fin/ice/lat/nor
70800516001,408D0516001,214N,0,+,8.0,,,,S,08S15,,,,,,,,,,swe
70800517000,408D051700,215B,0,+,8.0,,,,S,08S18,,,,,,,,,,den/est/fin/ice/lat/nor
70800517001,408D0517001,214N,0,+,8.0,,,,S,08S18,,,,,,,,,,swe
70800518000,408D051800,213X,0,+,8.0,,,,S,08S06,,,,,,,,,,fin
70800518001,408D0518001,210A,0,+,8.0,,,1.0,S,08S78,,,,,,>6574,,,,nor
70800518100,408D051810,213X,0,+,8.0,,,,,08S06,,00X10,,,,,,,,fin
70800519000,408D051900,210A,0,+,8.0,,,1.0,S,08S78,,,,,,>6574,,,,fin
70800519001,408D0519001,211A,0,+,8.0,,,,S,08S78,,,,,,>6574,,,,nor
70800520000,408D052000,213X,0,+,8.0,,,,S,08S06,,,,,,,,,,den/est/ice/lat/nor/swe
70800520001,408D0520001,211A,0,+,8.0,,,,S,08S78,,,,,,>6574,,,,fin
70800520100,408D052010,213X,0,+,8.0,,,,,08S06,,00X10,,,,,,,,den/est/ice/lat
70800520600,408D052060,210A,0,+,8.0,,,1.0,S,08S78,,,,,,>6574,,,,ice
70800520800,408D052080,210A,0,+,8.0,,,1.0,S,08S78,,,,,,>6574,,,,den/est/lat/swe
70800520801,408D0520801,211A,0,+,8.0,,,,S,08S78,,,,,,>6574,,,,ice
70800520900,408D052090,211A,0,+,8.0,,,,S,08S78,,,,,,>6574,,,,den/est/lat/swe
70800520970,408D052097,491M,0,+,8.0,,,2.0,S,08S60,,,,,,,,,,swe
70800520980,408D052098,491X,0,+,8.0,,,,S,08S60,,,,,,,,,,den/est/fin/ice/lat/nor
70800520981,408D0520981,491N,0,+,8.0,,,,S,08S60,,,,,,,,,,swe
70800521000,408D052100,210N,0,+,8.0,,,1.0,S,08S71,,,,,,>6574,,,,den/est/fin/ice/lat/swe
70800521100,408D052110,210N,0,+,8.0,,,1.0,,08S71,,00X10,,,,>6574,,,,den/est/fin/ice/lat/swe
70800521101,408D0521101,210N,0,+,8.0,,,1.0,S,08S71,,,,,,>6574,,,,nor
70800522000,408D052200,210N,0,+,8.0,,,1.0,S,08S43,,08X20,,,,>6574,,,,den/est/fin/ice/lat/swe
70800522200,408D052220,210N,0,+,8.0,,,1.0,S,08S43,,08X20,,,,>6574,,,,nor
70800531000,408D053100,211N,0,+,8.0,,,,S,08S71,,,,,,>6574,,,,den/est/fin/ice/lat/swe
70800531100,408D053110,211N,0,+,8.0,,,,,08S71,,00X10,,,,>6574,,,,den/est/fin/ice/lat/swe
70800531101,408D0531101,211N,0,+,8.0,,,,S,08S71,,,,,,>6574,,,,nor
70800532000,408D053200,211N,0,+,8.0,,,,S,08S43,,08X20,,,,>6574,,,,den/est/fin/ice/lat/swe
70800532200,408D053220,211N,0,+,8.0,,,,S,08S43,,08X20,,,,>6574,,,,nor
70800532900,408D053290,212X,0,+,8.0,,,,S,08S71,,,,,,,,,,nor
70800532910,408D053291,212X,0,+,8.0,,,,S,08S43,,08X20,,,,,,,,nor
70800533000,408D053300,216X,0,+,8.0,,,,S,08S04,,,,,,,,,,den/est/ice/lat/nor
70800534000,408D053400,216X,0,+,8.0,,,,,08S04,,00X10,,,,,,,,den/est/fin/ice/lat
70800541000,408D054100,212X,0,+,8.0,,,,S,08S71,,,,,,,,,,den/est/fin/ice/lat
70800541050,408D054105,212C,0,+,8.0,,,1.0,S,08S71,,,,,,,,,,swe
70800541070,408D054107,212C,0,+,8.0,,,1.0,,08S71,,00X10,,,,,,,,swe
70800541080,408D054108,212C,0,+,8.0,,,1.0,S,08S43,,08X20,,,,,,,,swe
70800541090,408D054109,212N,0,+,8.0,,,,S,08S71,,,,,,,,,,swe
70800541100,408D054110,212X,0,+,8.0,,,,,08S71,,00X10,,,,,,,,den/est/fin/ice/lat
70800541101,408D0541101,212N,0,+,8.0,,,,,08S71,,00X10,,,,,,,,swe
70800542000,408D054200,212X,0,+,8.0,,,,S,08S43,,08X20,,,,,,,,den/est/fin/ice/lat
70800542090,408D054209,212N,0,+,8.0,,,,S,08S43,,08X20,,,,,,,,swe
70800550000,408D055000,216C,0,+,8.0,,,1.0,S,08S04,,,,,,,,,,swe
70800550100,408D055010,216C,0,+,8.0,,,1.0,,08S04,,00X10,,,,,,,,swe
70800550200,408D055020,216N,0,+,8.0,,,,S,08S04,,,,,,,,,,swe
70800550300,408D055030,216N,0,+,8.0,,,,,08S04,,00X10,,,,,,,,swe
70801024000,408D102400,215C,0,+,8.0,,,,S,08S08,,,,,,,,,,den/est/fin/ice/lat/nor
70801024001,408D1024001,215N,0,+,8.0,,,,S,08S08,,,,,,,,,,swe
70801024100,408D102410,215C,0,+,8.0,,,,,08S08,,00X10,,,,,,,,den/est/ice/lat
70801025000,408D102500,215C,0,+,8.0,,,,,08S08,,00X10,,,,,,,,fin
70801200050,408D120005,221M,0,+,8.0,,,2.0,S,08S72,,,,,,,,,,swe
70801200060,408D120006,221M,0,+,8.0,,,2.0,,08S72,,00X10,,,,,,,,swe
70801201050,408D120105,221M,0,+,8.0,,,2.0,S,08S75,,08X10,,,,,,,,swe
70801201060,408D120106,221M,0,+,8.0,,,2.0,,08S75,,08X10,00X10,,,,,,,swe
70801203050,408D120305,221M,0,+,8.0,,,2.0,S,08S44,,08X10,08X20,,,,,,,swe
70801209000,408D120900,221X,0,+,8.0,,,1.0,S,08S72,,,,,,,,,,fin
70801210000,408D121000,221X,0,+,8.0,,,1.0,S,08S72,,,,,,,,,,den/est/ice/lat/nor
70801210001,408D1210001,221X,0,+,8.0,,,1.0,,08S72,,00X10,,,,,,,,fin
70801210050,408D121005,221C,0,+,8.0,,,1.0,S,08S72,,,,,,,,,,swe
70801210060,408D121006,221C,0,+,8.0,,,1.0,,08S72,,00X10,,,,,,,,swe
70801210100,408D121010,221X,0,+,8.0,,,1.0,,08S72,,00X10,,,,,,,,den/est/ice/lat
70801211000,408D121100,221X,0,+,8.0,,,1.0,S,08S75,,08X10,,,,,,,,den/est/fin/ice/lat/nor
70801211050,408D121105,221C,0,+,8.0,,,1.0,S,08S75,,08X10,,,,,,,,swe
70801211060,408D121106,221C,0,+,8.0,,,1.0,,08S75,,08X10,00X10,,,,,,,swe
70801211100,408D121110,221X,0,+,8.0,,,1.0,,08S75,,08X10,00X10,,,,,,,den/est/ice/lat
70801212000,408D121200,221X,0,+,8.0,,,1.0,,08S75,,08X10,00X10,,,,,,,fin
70801213000,408D121300,221X,0,+,8.0,,,1.0,S,08S44,,08X10,08X20,,,,,,,den/est/fin/ice/lat/nor
70801213050,408D121305,221C,0,+,8.0,,,1.0,S,08S44,,08X10,08X20,,,,,,,swe
70801221000,408D122100,222X,0,+,8.0,,,,S,08S72,,,,,,,,,,den/est/fin/ice/lat/nor/swe
70801221100,408D122110,222X,0,+,8.0,,,,,08S72,,00X10,,,,,,,,den/est/fin/ice/lat/swe
70801222000,408D122200,222X,0,+,8.0,,,,S,08S75,,08X10,,,,,,,,den/est/fin/ice/lat/nor/swe
70801222100,408D122210,222X,0,+,8.0,,,,,08S75,,08X10,00X10,,,,,,,den/est/fin/ice/lat/swe
70801223000,408D122300,222X,0,+,8.0,,,,S,08S44,,08X10,08X20,,,,,,,den/est/fin/ice/lat/nor/swe
70801410100,408D141010,218M,0,+,8.0,,,2.0,S,08S53,,,,,,>6574,,,,swe
70801410200,408D141020,218M,0,+,8.0,,,2.0,S,08S73,,,,,,>6574,,,,swe
70801410300,408D141030,218M,0,+,8.0,,,2.0,S,08S75,,,,,,>6574,,,,swe
70801410310,408D141031,218M,0,+,8.0,,,2.0,,08S75,,00X10,,,,>6574,,,,swe
70801410400,408D141040,218M,0,+,8.0,,,2.0,S,08S44,,08X20,,,,>6574,,,,swe
70801410500,408D141050,218M,0,+,8.0,,,2.0,S,08S76,,-08X12,,,,>6574,,,,swe
70801410510,408D141051,218M,0,+,8.0,,,2.0,,08S76,,-08X12,00X10,,,>6574,,,,swe
70801410600,408D141060,218M,0,+,8.0,,,2.0,S,08S76,,08X15,,,,>6574,,,,swe
70801410610,408D141061,218M,0,+,8.0,,,2.0,,08S76,,08X15,00X10,,,>6574,,,,swe
70801410700,408D141070,218M,0,+,8.0,,,2.0,S,08S45,,-08X12,08X20,,,>6574,,,,swe
70801410900,408D141090,218M,0,+,8.0,,,2.0,S,08S50,,-08X13,,,,>6574,,,,swe
70801411000,408D141100,218M,0,+,8.0,,,2.0,S,08S50,,08X11,,,,>6574,,,,swe
70801411100,408D141110,218M,0,+,8.0,,,2.0,S,08S40,,-08X13,08X20,,,>6574,,,,swe
70801411200,408D141120,218M,0,+,8.0,,,2.0,S,08S40,,08X11,08X20,,,>6574,,,,swe
70801510100,408D151010,218X,0,+,8.0,,,1.0,S,08S53,,,,,,>6574,,,,den/est/fin/ice/lat/nor
70801510101,408D1510101,218C,0,+,8.0,,,1.0,S,08S53,,,,,,>6574,,,,swe
70801510200,408D151020,218X,0,+,8.0,,,1.0,S,08S73,,,,,,>6574,,,,den/est/fin/ice/lat/nor
70801510201,408D1510201,218C,0,+,8.0,,,1.0,S,08S73,,,,,,>6574,,,,swe
70801510300,408D151030,218X,0,+,8.0,,,1.0,S,08S75,,,,,,>6574,,,,den/est/fin/ice/lat/nor
70801510301,408D1510301,218C,0,+,8.0,,,1.0,S,08S75,,,,,,>6574,,,,swe
70801510310,408D151031,218X,0,+,8.0,,,1.0,,08S75,,00X10,,,,>6574,,,,den/est/fin/ice/lat
70801510311,408D1510311,218C,0,+,8.0,,,1.0,,08S75,,00X10,,,,>6574,,,,swe
70801510400,408D151040,218X,0,+,8.0,,,1.0,S,08S44,,08X20,,,,>6574,,,,den/est/fin/ice/lat/nor
70801510401,408D1510401,218C,0,+,8.0,,,1.0,S,08S44,,08X20,,,,>6574,,,,swe
70801510500,408D151050,218X,0,+,8.0,,,1.0,S,08S76,,-08X12,,,,>6574,,,,den/est/fin/ice/lat/nor
70801510501,408D1510501,218C,0,+,8.0,,,1.0,S,08S76,,-08X12,,,,>6574,,,,swe
70801510510,408D151051,218X,0,+,8.0,,,1.0,,08S76,,-08X12,00X10,,,>6574,,,,den/est/fin/ice/lat
70801510511,408D1510511,218C,0,+,8.0,,,1.0,,08S76,,-08X12,00X10,,,>6574,,,,swe
70801510600,408D151060,218X,0,+,8.0,,,1.0,S,08S76,,08X15,,,,>6574,,,,den/est/fin/ice/lat/nor
70801510601,408D1510601,218C,0,+,8.0,,,1.0,S,08S76,,08X15,,,,>6574,,,,swe
70801510610,408D151061,218X,0,+,8.0,,,1.0,,08S76,,08X15,00X10,,,>6574,,,,den/est/fin/ice/lat
70801510611,408D1510611,218C,0,+,8.0,,,1.0,,08S76,,08X15,00X10,,,>6574,,,,swe
70801510700,408D151070,218X,0,+,8.0,,,1.0,S,08S45,,-08X12,08X20,,,>6574,,,,den/est/fin/ice/lat/nor
70801510701,408D1510701,218C,0,+,8.0,,,1.0,S,08S45,,-08X12,08X20,,,>6574,,,,swe
70801510800,408D151080,218X,0,+,8.0,,,1.0,S,08S45,,08X15,08X20,,,>6574,,,,nor
70801510900,408D151090,218X,0,+,8.0,,,1.0,S,08S50,,-08X13,,,,>6574,,,,den/est/fin/ice/lat/nor
70801510901,408D1510901,218C,0,+,8.0,,,1.0,S,08S50,,-08X13,,,,>6574,,,,swe
70801511000,408D151100,218X,0,+,8.0,,,1.0,S,08S50,,08X11,,,,>6574,,,,den/est/fin/ice/lat/nor
70801511001,408D1511001,218C,0,+,8.0,,,1.0,S,08S50,,08X11,,,,>6574,,,,swe
70801511100,408D151110,218X,0,+,8.0,,,1.0,S,08S40,,-08X13,08X20,,,>6574,,,,den/est/fin/ice/lat/nor
70801511101,408D1511101,218C,0,+,8.0,,,1.0,S,08S40,,-08X13,08X20,,,>6574,,,,swe
70801511200,408D151120,218X,0,+,8.0,,,1.0,S,08S40,,08X11,08X20,,,>6574,,,,den/est/fin/ice/lat/nor
70801511201,408D1511201,218C,0,+,8.0,,,1.0,S,08S40,,08X11,08X20,,,>6574,,,,swe
70801520100,408D152010,219X,0,+,8.0,,,,S,08S53,,,,,,>6574,,,,den/est/fin/ice/lat/nor/swe
70801520200,408D152020,219X,0,+,8.0,,,,S,08S73,,,,,,>6574,,,,den/est/fin/ice/lat/nor/swe
70801520300,408D152030,219X,0,+,8.0,,,,S,08S75,,,,,,>6574,,,,den/est/fin/ice/lat/nor/swe
70801520310,408D152031,219X,0,+,8.0,,,,,08S75,,00X10,,,,>6574,,,,den/est/fin/ice/lat/swe
70801520400,408D152040,219X,0,+,8.0,,,,S,08S44,,08X20,,,,>6574,,,,den/est/fin/ice/lat/nor/swe
70801520500,408D152050,219X,0,+,8.0,,,,S,08S76,,-08X12,,,,>6574,,,,den/est/fin/ice/lat/nor/swe
70801520510,408D152051,219X,0,+,8.0,,,,,08S76,,-08X12,00X10,,,>6574,,,,den/est/fin/ice/lat/swe
70801520600,408D152060,219X,0,+,8.0,,,,S,08S76,,08X15,,,,>6574,,,,den/est/fin/ice/lat/nor/swe
70801520610,408D152061,219X,0,+,8.0,,,,,08S76,,08X15,00X10,,,>6574,,,,den/est/fin/ice/lat/swe
70801520700,408D152070,219X,0,+,8.0,,,,S,08S45,,-08X12,08X20,,,>6574,,,,den/est/fin/ice/lat/nor/swe
70801520800,408D152080,219X,0,+,8.0,,,,S,08S45,,08X15,08X20,,,>6574,,,,nor
70801520900,408D152090,219X,0,+,8.0,,,,S,08S50,,-08X13,,,,>6574,,,,den/est/fin/ice/lat/nor/swe
70801521000,408D152100,219X,0,+,8.0,,,,S,08S50,,08X11,,,,>6574,,,,den/est/fin/ice/lat/nor/swe
70801521100,408D152110,219X,0,+,8.0,,,,S,08S40,,-08X13,08X20,,,>6574,,,,den/est/fin/ice/lat/nor/swe
70801521200,408D152120,219X,0,+,8.0,,,,S,08S40,,08X11,08X20,,,>6574,,,,den/est/fin/ice/lat/nor/swe
70801701100,408D170110,220C,0,+,8.0,,,1.0,S,08S53,,,,,,,,,,swe
70801702100,408D170210,220C,0,+,8.0,,,1.0,S,08S73,,,,,,,,,,swe
70801703100,408D170310,220C,0,+,8.0,,,1.0,S,08S75,,,,,,,,,,swe
70801703110,408D170311,220C,0,+,8.0,,,1.0,,08S75,,00X10,,,,,,,,swe
70801704100,408D170410,220C,0,+,8.0,,,1.0,S,08S44,,08X20,,,,,,,,swe
70801705100,408D170510,220C,0,+,8.0,,,1.0,S,08S76,,-08X12,,,,,,,,swe
70801705110,408D170511,220C,0,+,8.0,,,1.0,,08S76,,-08X12,00X10,,,,,,,swe
70801706100,408D170610,220C,0,+,8.0,,,1.0,S,08S76,,08X15,,,,,,,,swe
70801706110,408D170611,220C,0,+,8.0,,,1.0,,08S76,,08X15,00X10,,,,,,,swe
70801707100,408D170710,220C,0,+,8.0,,,1.0,S,08S45,,-08X12,08X20,,,,,,,swe
70801709100,408D170910,220C,0,+,8.0,,,1.0,S,08S50,,-08X13,,,,,,,,swe
70801710100,408D171010,220C,0,+,8.0,,,1.0,S,08S50,,08X11,,,,,,,,swe
70801711100,408D171110,220C,0,+,8.0,,,1.0,S,08S40,,-08X13,08X20,,,,,,,swe
70801712100,408D171210,220C,0,+,8.0,,,1.0,S,08S40,,08X11,08X20,,,,,,,swe
70801801100,408D180110,220X,0,+,8.0,,,,S,08S53,,,,,,,,,,den/est/fin/ice/lat/nor
70801801101,408D1801101,220N,0,+,8.0,,,,S,08S53,,,,,,,,,,swe
70801802100,408D180210,220X,0,+,8.0,,,,S,08S73,,,,,,,,,,den/est/fin/ice/lat/nor
70801802101,408D1802101,220N,0,+,8.0,,,,S,08S73,,,,,,,,,,swe
70801803100,408D180310,220X,0,+,8.0,,,,S,08S75,,,,,,,,,,den/est/fin/ice/lat/nor
70801803101,408D1803101,220N,0,+,8.0,,,,S,08S75,,,,,,,,,,swe
70801803110,408D180311,220X,0,+,8.0,,,,,08S75,,00X10,,,,,,,,den/est/fin/ice/lat
70801803111,408D1803111,220N,0,+,8.0,,,,,08S75,,00X10,,,,,,,,swe
70801804100,408D180410,220X,0,+,8.0,,,,S,08S44,,08X20,,,,,,,,den/est/fin/ice/lat/nor
70801804101,408D1804101,220N,0,+,8.0,,,,S,08S44,,08X20,,,,,,,,swe
70801805100,408D180510,220X,0,+,8.0,,,,S,08S76,,-08X12,,,,,,,,den/est/fin/ice/lat/nor
70801805101,408D1805101,220N,0,+,8.0,,,,S,08S76,,-08X12,,,,,,,,swe
70801805110,408D180511,220X,0,+,8.0,,,,,08S76,,-08X12,00X10,,,,,,,den/est/fin/ice/lat
70801805111,408D1805111,220N,0,+,8.0,,,,,08S76,,-08X12,00X10,,,,,,,swe
70801806100,408D180610,220X,0,+,8.0,,,,S,08S76,,08X15,,,,,,,,den/est/fin/ice/lat/nor
70801806101,408D1806101,220N,0,+,8.0,,,,S,08S76,,08X15,,,,,,,,swe
70801806110,408D180611,220X,0,+,8.0,,,,,08S76,,08X15,00X10,,,,,,,den/est/fin/ice/lat
70801806111,408D1806111,220N,0,+,8.0,,,,,08S76,,08X15,00X10,,,,,,,swe
70801807100,408D180710,220X,0,+,8.0,,,,S,08S45,,-08X12,08X20,,,,,,,den/est/fin/ice/lat/nor
70801807101,408D1807101,220N,0,+,8.0,,,,S,08S45,,-08X12,08X20,,,,,,,swe
70801808100,408D180810,220X,0,+,8.0,,,,S,08S45,,08X15,08X20,,,,,,,nor
70801809100,408D180910,220X,0,+,8.0,,,,S,08S50,,-08X13,,,,,,,,den/est/fin/ice/lat/nor
70801809101,408D1809101,220N,0,+,8.0,,,,S,08S50,,-08X13,,,,,,,,swe
70801810100,408D181010,220X,0,+,8.0,,,,S,08S50,,08X11,,,,,,,,den/est/fin/ice/lat/nor
70801810101,408D1810101,220N,0,+,8.0,,,,S,08S50,,08X11,,,,,,,,swe
70801811100,408D181110,220X,0,+,8.0,,,,S,08S40,,-08X13,08X20,,,,,,,den/est/fin/ice/lat/nor
70801811101,408D1811101,220N,0,+,8.0,,,,S,08S40,,-08X13,08X20,,,,,,,swe
70801812100,408D181210,220X,0,+,8.0,,,,S,08S40,,08X11,08X20,,,,,,,den/est/fin/ice/lat/nor
70801812101,408D1812101,220N,0,+,8.0,,,,S,08S40,,08X11,08X20,,,,,,,swe
70802210100,408D221010,233X,0,+,8.0,,,1.0,S,08S20,,,,,,,,,,den/est/fin/ice/lat/nor/swe
70802210110,408D221011,233X,0,+,8.0,,,1.0,,08S20,,00X10,,,,,,,,den/est/fin/ice/lat/swe
70802210200,408D221020,234X,0,+,8.0,,,,S,08S20,,,,,,,,,,den/est/fin/ice/lat/nor/swe
70802210210,408D221021,234X,0,+,8.0,,,,,08S20,,00X10,,,,,,,,den/est/fin/ice/lat/swe
70802310000,408D231000,225X,0,+,8.0,,,,S,08S74,,,,,,,,,,den/est/ice/lat/nor
70802310001,408D2310001,225A,0,+,8.0,,,,S,08S77,,,,,,,,,,fin
70802310100,408D231010,225X,0,+,8.0,,,,,08S74,,00X10,,,,,,,,den/est/ice/lat
70802310101,408D2310101,225A,0,+,8.0,,,,,08S77,,00X10,,,,,,,,fin
70802310200,408D231020,225B,0,+,8.0,,,,S,08S74,,,,,,,,,,fin
70802310300,408D231030,225B,0,+,8.0,,,,,08S74,,00X10,,,,,,,,fin
70802310400,408D231040,225B,0,+,8.0,,,,S,08S76,,,,,,,,,,fin
70802310500,408D231050,225B,0,+,8.0,,,,,08S76,,00X10,,,,,,,,fin
70802311000,408D231100,225X,0,+,8.0,,,,S,08S76,,,,,,,,,,den/est/ice/lat/nor
70802311001,408D2311001,225B,0,+,8.0,,,,S,08S45,,08X20,,,,,,,,fin
70802311002,408D2311002,225N,0,+,8.0,,,,S,08S74,,,,,,,,,,swe
70802311040,408D231104,225N,0,+,8.0,,,,,08S74,,00X10,,,,,,,,swe
70802311050,408D231105,225N,0,+,8.0,,,,S,08S76,,,,,,,,,,swe
70802311060,408D231106,225N,0,+,8.0,,,,,08S76,,00X10,,,,,,,,swe
70802311070,408D231107,225N,0,+,8.0,,,,S,08S45,,08X20,,,,,,,,swe
70802311080,408D231108,225N,0,+,8.0,,,,S,08S47,,08X21,,,,,,,,swe
70802311090,408D231109,225N,0,+,8.0,,,,,08S47,,08X21,00X10,,,,,,,swe
70802311100,408D231110,225X,0,+,8.0,,,,,08S76,,00X10,,,,,,,,den/est/ice/lat
70802312000,408D231200,225X,0,+,8.0,,,,S,08S45,,08X20,,,,,,,,den/est/ice/lat/nor
70802313000,408D231300,225X,0,+,8.0,,,,S,08S47,,08X21,,,,,,,,den/est/ice/lat/nor
70802313001,408D2313001,225B,0,+,8.0,,,,S,08S47,,08X21,,,,,,,,fin
70802313100,408D231310,225X,0,+,8.0,,,,,08S47,,08X21,00X10,,,,,,,den/est/ice/lat
70802314000,408D231400,225B,0,+,8.0,,,,,08S47,,08X21,00X10,,,,,,,fin
70802399300,408D239930,223X,0,+,8.0,,,1.0,S,08S40,,08X20,,,,,,,,den/est/fin/ice/lat/nor
70802399301,408D2399301,223C,0,+,8.0,,,1.0,S,08S40,,08X20,,,,,,,,swe
70802399400,408D239940,223X,0,+,8.0,,,1.0,S,08S41,,08X20,,,,,,,,den/est/fin/ice/lat/nor
70802399401,408D2399401,223C,0,+,8.0,,,1.0,S,08S41,,08X20,,,,,,,,swe
70802399500,408D239950,223X,0,+,8.0,,,1.0,S,08S50,,,,,,,,,,den/est/fin/ice/lat/nor
70802399501,408D2399501,223C,0,+,8.0,,,1.0,S,08S50,,,,,,,,,,swe
70802399600,408D239960,223X,0,+,8.0,,,,S,08S51,,,,,,,,,,den/est/fin/ice/lat/nor
70802399601,408D2399601,223C,0,+,8.0,,,,S,08S51,,,,,,,,,,swe
70802399700,408D239970,223X,0,+,8.0,,,1.0,S,08S52,,,,,,,,,,den/est/fin/ice/lat/nor
70802399701,408D2399701,223C,0,+,8.0,,,1.0,S,08S52,,,,,,,,,,swe
70802399710,408D239971,223X,0,+,8.0,,,1.0,,08S52,,00X10,,,,,,,,den/est/fin/ice/lat
70802399711,408D2399711,223C,0,+,8.0,,,1.0,,08S52,,00X10,,,,,,,,swe
70802399800,408D239980,223X,0,+,8.0,,,,S,08S55,,,,,,,,,,den/est/fin/ice/lat/nor
70802399801,408D2399801,223C,0,+,8.0,,,,S,08S55,,,,,,,,,,swe
70802399900,408D239990,223X,0,+,8.0,,,1.0,S,08S56,,,,,,,,,,den/est/fin/ice/lat/nor
70802399901,408D2399901,223C,0,+,8.0,,,1.0,S,08S56,,,,,,,,,,swe
70802399910,408D239991,223X,0,+,8.0,,,1.0,,08S56,,00X10,,,,,,,,den/est/fin/ice/lat
70802399911,408D2399911,223C,0,+,8.0,,,1.0,,08S56,,00X10,,,,,,,,swe
70802400000,408D240000,224A,0,+,8.0,,,,S,08S54,,,,,,,,,,nor
70802400050,408D240005,224B,0,+,8.0,,,,S,08S59,,,,,,,,,,nor
70802400100,408D240010,224X,0,+,,,08P01,,S,08S98,-,,,,,,,,,den/est/fin/ice/lat/swe
70802410100,408D241010,228X,0,+,8.0,,,1.0,S,08S42,,08X20,,,,,,,,den/est/fin/ice/lat/nor
70802410101,408D2410101,228C,0,+,8.0,,,1.0,S,08S42,,08X20,,,,,,,,swe
70802410200,408D241020,228X,0,+,8.0,,,,S,08S57,,,,,,,,,,den/est/fin/ice/lat/nor
70802410201,408D2410201,228C,0,+,8.0,,,,S,08S57,,,,,,,,,,swe
70802410300,408D241030,228X,0,+,8.0,,,1.0,S,08S58,,,,,,,,,,den/est/fin/ice/lat/nor
70802410301,408D2410301,228C,0,+,8.0,,,1.0,S,08S58,,,,,,,,,,swe
70802410310,408D241031,228X,0,+,8.0,,,1.0,,08S58,,00X10,,,,,,,,den/est/fin/ice/lat
70802410311,408D2410311,228C,0,+,8.0,,,1.0,,08S58,,00X10,,,,,,,,swe
70802410400,408D241040,228X,0,+,8.0,,,1.0,S,08S46,,08X21,,,,,,,,den/est/fin/ice/lat/nor
70802410401,408D2410401,228C,0,+,8.0,,,1.0,S,08S46,,08X21,,,,,,,,swe
70802410410,408D241041,228X,0,+,8.0,,,1.0,,08S46,,08X21,00X10,,,,,,,den/est/fin/ice/lat
70802410411,408D2410411,228C,0,+,8.0,,,1.0,,08S46,,08X21,00X10,,,,,,,swe
70802420000,408D242000,229X,0,+,8.0,,,,S,08S02,,08X14,,,,,,,,den/est/fin/ice/lat/nor
70802420001,408D2420001,228N,0,+,8.0,,,,S,08S02,,08X14,,,,,,,,swe
70802420100,408D242010,229X,0,+,8.0,,,,S,08S42,,08X20,,,,,,,,den/est/fin/ice/lat/nor
70802420101,408D2420101,228N,0,+,8.0,,,,S,08S42,,08X20,,,,,,,,swe
70802420200,408D242020,229X,0,+,8.0,,,,S,08S58,,,,,,,,,,den/est/fin/ice/lat/nor
70802420201,408D2420201,228N,0,+,8.0,,,,S,08S58,,,,,,,,,,swe
70802420210,408D242021,229X,0,+,8.0,,,,,08S58,,00X10,,,,,,,,den/est/fin/ice/lat
70802420211,408D2420211,228N,0,+,8.0,,,,,08S58,,00X10,,,,,,,,swe
70802420300,408D242030,229X,0,+,8.0,,,,S,08S46,,08X21,,,,,,,,den/est/fin/ice/lat/nor
70802420301,408D2420301,228N,0,+,8.0,,,,S,08S46,,08X21,,,,,,,,swe
70802420310,408D242031,229X,0,+,8.0,,,,,08S46,,08X21,00X10,,,,,,,den/est/fin/ice/lat
70802420311,408D2420311,228N,0,+,8.0,,,,,08S46,,08X21,00X10,,,,,,,swe
70802620000,408D262000,224X,0,+,8.0,,,,S,08S40,,08X20,,,,,,,,den/est/fin/ice/lat/swe
70802620100,408D262010,224X,0,+,8.0,,,,S,08S41,,08X20,,,,,,,,den/est/fin/ice/lat/swe
70802620200,408D262020,224X,0,+,8.0,,,,S,08S50,,,,,,,,,,den/est/fin/ice/lat/swe
70802620300,408D262030,224X,0,+,8.0,,,,S,08S52,,,,,,,,,,den/est/fin/ice/lat/swe
70802620310,408D262031,224X,0,+,8.0,,,,,08S52,,00X10,,,,,,,,den/est/fin/ice/lat/swe
70802620400,408D262040,224X,0,+,8.0,,,,S,08S56,,,,,,,,,,den/est/fin/ice/lat/swe
70802620410,408D262041,224X,0,+,8.0,,,,,08S56,,00X10,,,,,,,,den/est/fin/ice/lat/swe
70802720000,408D272000,226X,0,+,8.0,,,1.0,S,08S12,,,,,,,,,,den/est/fin/ice/lat/nor/swe
70802720010,408D272001,226X,0,+,8.0,,,1.0,,08S12,,00X10,,,,,,,,den/est/fin/ice/lat/swe
70802720100,408D272010,226X,0,+,8.0,,,,S,08S40,,,,,,,,,,den/est/fin/ice/lat/nor/swe
70802720200,408D272020,226X,0,+,8.0,,,,S,08S41,,,,,,,,,,den/est/fin/ice/lat/nor/swe
70802720300,408D272030,226X,0,+,8.0,,,,S,08S42,,,,,,,,,,den/est/fin/ice/lat/nor/swe
70802720400,408D272040,226X,0,+,8.0,,,,S,08S43,,,,,,,,,,den/est/fin/ice/lat/nor/swe
70802720500,408D272050,226X,0,+,8.0,,,,S,08S44,,,,,,,,,,den/est/fin/ice/lat/nor/swe
70802720600,408D272060,226X,0,+,8.0,,,,S,08S45,,,,,,,,,,den/est/fin/ice/lat/nor/swe
70802730000,408D273000,227X,0,+,8.0,,,,S,08S12,,,,,,,,,,den/est/fin/ice/lat/nor/swe
70802730010,408D273001,227X,0,+,8.0,,,,,08S12,,00X10,,,,,,,,den/est/ice/lat/swe
70802730100,408D273010,227X,0,+,8.0,,,,,08S12,,00X10,,,,,,,,fin
70802820000,408D282000,230X,0,+,8.0,,,,S,08S13,,,,,,,,,,den/est/fin/ice/lat/nor
70802820050,408D282005,230C,0,+,8.0,,,1.0,S,08S13,,,,,,,,,,swe
70802820060,408D282006,230C,0,+,8.0,,,1.0,,08S91,,,,,,,,,,swe
70802820080,408D282008,230N,0,+,8.0,,,,S,08S13,,,,,,,,,,swe
70802820090,408D282009,230N,0,+,8.0,,,,,08S91,,,,,,,,,,swe
70802820100,408D282010,230X,0,+,8.0,,,,,08S91,,,,,,,,,,den/est/fin/ice/lat/nor
70802840000,408D284000,231X,0,+,8.0,,,,S,08S11,,,,,,,,,,den/est/fin/ice/lat/nor/swe
70802840010,408D284001,231X,0,+,8.0,,,,,08S11,,00X10,,,,,,,,den/est/ice/lat/swe
70802840100,408D284010,231X,0,+,8.0,,,,,08S11,,00X10,,,,,,,,fin
70803010000,408D301000,232X,0,+,8.0,,,,S,08S19,,,,,,,,,,den/est/fin/ice/lat/nor
70803010050,408D301005,232C,0,+,8.0,,,1.0,S,08S19,,,,,,,,,,swe
70803010090,408D301009,232N,0,+,8.0,,,,S,08S19,,,,,,,,,,swe
70803011000,408D301100,232X,0,+,8.0,,,,,08S19,,00X10,,,,,,,,den/est/ice/lat
70803020000,408D302000,232X,0,+,8.0,,,,,08S19,,00X10,,,,,,,,fin
70803030000,408D303000,076X,0,+,8.0,,,1.0,S,04S02,,,,,,,,,,den/est/fin/ice/lat/nor
70803030001,408D3030001,076M,0,+,8.0,,,2.0,S,04S02,,,,,,,,,,swe
70803030010,408D303001,076X,0,+,8.0,,,1.0,,04S02,,00X10,,,,,,,,fin
70803030011,408D3030011,076M,0,+,8.0,,,2.0,,04S02,,00X10,,,,,,,,swe
70803030050,408D303005,076C,0,+,8.0,,,1.0,S,04S02,,,,,,,,,,swe
70803030060,408D303006,076C,0,+,8.0,,,1.0,,04S02,,00X10,,,,,,,,swe
70803031000,408D303100,076X,0,+,8.0,,,1.0,,04S02,,00X10,,,,,,,,den/est/ice/lat
70803040000,408D304000,077X,0,+,8.0,,,,S,04S02,,,,,,,,,,den/est/fin/ice/lat/nor/swe
70803041000,408D304100,077X,0,+,8.0,,,,,04S02,,00X10,,,,,,,,den/est/ice/lat/swe
70803050000,408D305000,077X,0,+,8.0,,,,,04S02,,00X10,,,,,,,,fin
70803300000,408D330000,235X,0,+,8.0,08M01,,,N,,,,,,,,,,,den/est/fin/ice/lat/nor
70803300090,408D330009,235N,0,+,8.0,08M01,,,N,,,,,,,,,,,swe
70803400000,408D340000,236X,0,+,8.0,08M02,,,N,,,,,,,,,,,den/est/ice/lat/nor
70803400001,408D3400001,236M,0,+,8.0,08M02,,2.0,N,,,,,,,,,,,swe/fin
70803400050,408D340005,236C,0,+,8.0,08M02,,1.0,N,,,,,,,,,,,swe/fin
70803400090,408D340009,236N,0,+,8.0,08M02,,,N,,,,,,,,,,,swe/fin
70803500000,408D350000,237X,0,+,8.0,08M03,,,N,,,,,,,,,,,den/est/fin/ice/lat/nor
70803500050,408D350005,237C,0,+,8.0,08M03,,1.0,N,,,,,,,,,,,swe
70803500090,408D350009,237N,0,+,8.0,08M03,,,N,,,,,,,,,,,swe
70803600000,408D360000,238X,0,+,8.0,08M04,,,N,,,,,,,,,,,den/est/fin/ice/lat/nor
70803600001,408D3600001,238M,0,+,8.0,08M04,,2.0,N,,,,,,,,,,,swe
70803600050,408D360005,238C,0,+,8.0,08M04,,1.0,N,,,,,,,,,,,swe
70803600090,408D360009,238N,0,+,8.0,08M04,,,N,,,,,,,,,,,swe
70803700000,408D370000,239X,0,+,8.0,08M05,,,N,,,,,,,,,,,den/est/ice/lat/nor
70803700001,408D3700001,239M,0,+,8.0,08M05,,2.0,N,,,,,,,,,,,swe
70803700050,408D370005,239C,0,+,8.0,08M05,,1.0,N,,,,,,,,,,,swe
70803700090,408D370009,239N,0,+,8.0,08M05,,,N,,,,,,,,,,,swe
70803799500,408D379950,239A,0,+,8.0,08M05,,,N,90T06,,,,,,,,,,fin
70803799510,408D379951,239A,0,+,8.0,08M05,,,N,90T07,,,,,,,,,,fin
70803799520,408D379952,239A,0,+,8.0,08M05,,,N,90T08,,,,,,,,,,fin
70803799530,408D379953,239A,0,+,8.0,08M05,,,N,90T05,,,,,,,,,,fin
70803799600,408D379960,239B,0,+,8.0,08M05,,,N,90T01,90S01,,,,,,,,,fin
70803799610,408D379961,239B,0,+,8.0,08M05,,,N,99S80,,,,,,,,,,fin
70803799990,408D379999,239E,0,+,8.0,08M05,,,N,,,,,,,,,,,fin
70803800000,408D380000,242A,0,+,8.0,08M20,,,N,,,,,,,,,,,den/est/fin/ice/lat/nor
70803800001,408D3800001,515M,0,+,8.0,08M20,,2.0,N,,,,,,,,,,,swe
70803800050,408D380005,515C,0,+,8.0,08M20,,1.0,N,,,,,,,,,,,swe
70803800090,408D380009,515N,0,+,8.0,08M20,,,N,,,,,,,,,,,swe
70803900000,408D390000,242B,0,+,8.0,08M21,,1.0,N,,,,,,,,,,,den/est/fin/ice/lat/nor
70803900001,408D3900001,516M,0,+,8.0,08M21,,2.0,N,,,,,,,,,,,swe
70803900050,408D390005,516C,0,+,8.0,08M21,,1.0,N,,,,,,,,,,,swe
70804000000,408D400000,242C,0,+,8.0,08M21,,,N,,,,,,,,,,,den/est/fin/ice/lat/nor
70804000001,408D4000001,516N,0,+,8.0,08M21,,,N,,,,,,,,,,,swe
70804100000,408D410000,242D,0,+,8.0,08M22,,,N,,,,,,,,,,,den/est/fin/ice/lat/nor
70804100050,408D410005,517C,0,+,8.0,08M22,,1.0,N,,,,,,,,,,,swe
70804100090,408D410009,517N,0,+,8.0,08M22,,,N,,,,,,,,,,,swe
70804200000,408D420000,240N,0,+,8.0,08M23,,1.0,N,,,,,,,,,,,den/est/fin/ice/lat/nor/swe
70804300000,408D430000,241N,0,+,8.0,08M23,,,N,,,,,,,,,,,den/est/fin/ice/lat/nor/swe
70804400000,408D440000,242E,0,+,8.0,08M24,,1.0,N,,,,,,,,,,,den/est/fin/ice/lat/nor/swe
70804500000,408D450000,242F,0,+,8.0,08M24,,,N,,,,,,,,,,,den/est/fin/ice/lat/nor/swe
70804700000,408D470000,243X,0,+,8.0,08M08,,,N,,,,,,,,,,,den/est/ice/lat/nor
70804700001,408D4700001,243M,0,+,8.0,08M08,,2.0,N,,,,,,,,,,,swe
70804700050,408D470005,243C,0,+,8.0,08M08,,1.0,N,,,,,,,,,,,swe/fin
70804700090,408D470009,243N,0,+,8.0,08M08,,,N,,,,,,,,,,,swe/fin
70804800000,408D480000,244X,0,+,8.0,08M09,,1.0,N,,,,,,,,,,,den/est/fin/ice/lat/nor/swe
70804900000,408D490000,245X,0,+,8.0,08M09,,,N,,,,,,,,,,,den/est/fin/ice/lat/nor/swe
70805100000,408D510000,247X,0,+,8.0,08M11,,,N,,,,,,,,,,,den/est/fin/ice/lat/nor
70805100090,408D510009,247N,0,+,8.0,08M11,,,N,,,,,,,,,,,swe
70805200000,408D520000,248X,0,+,8.0,08M12,,,N,,,,,,,,,,,den/est/fin/ice/lat/nor
70805200050,408D520005,248C,0,+,8.0,08M12,,1.0,N,,,,,,,,,,,swe
70805200090,408D520009,248N,0,+,8.0,08M12,,,N,,,,,,,,,,,swe
70805300000,408D530000,249X,0,+,8.0,08M13,,,N,,,,,,,,,,,den/est/fin/ice/lat/nor
70805300050,408D530005,249C,0,+,8.0,08M13,,1.0,N,,,,,,,,,,,swe
70805300090,408D530009,249N,0,+,8.0,08M13,,,N,,,,,,,,,,,swe
70805500000,408D550000,250X,0,+,8.0,08M14,,1.0,N,,,,,,,>6574,,,,den/est/fin/ice/lat/nor
70805500001,408D5500001,250C,0,+,8.0,08M14,,1.0,N,,,,,,,,,,,swe
70805600000,408D560000,251X,0,+,8.0,08M14,,,N,,,,,,,>6574,,,,den/est/fin/ice/lat/nor
70805600001,408D5600001,251N,0,+,8.0,08M14,,,N,,,,,,,,,,,swe
70805700000,408D570000,252X,0,+,8.0,08M14,,,N,,,,,,,,,,,den/est/fin/ice/lat/nor
70805900000,408D590000,253X,0,+,8.0,08M15,,1.0,N,,,,,,,>6574,,,,den/est/fin/ice/lat/nor/swe
70806000000,408D600000,254X,0,+,8.0,08M15,,,N,,,,,,,>6574,,,,den/est/fin/ice/lat/nor/swe
70806200000,408D620000,255X,0,+,8.0,08M15,,,N,,,,,,,,,,,den/est/fin/ice/lat/nor
70806200050,408D620005,255C,0,+,8.0,08M15,,1.0,N,,,,,,,,,,,swe
70806200090,408D620009,255N,0,+,8.0,08M15,,,N,,,,,,,,,,,swe
70806300000,408D630000,256X,0,+,8.0,,,,N,,,,,,,,,,,den/est/fin/ice/lat/nor
70806300050,408D630005,256C,0,+,8.0,,,1.0,N,,,,,,,,,,,swe
70806300090,408D630009,256N,0,+,8.0,,,,N,,,,,,,,,,,swe
70900409000,409D040900,263X,0,+,9.0,09M01,,1.0,S,09S01,,,,,,,,,,fin
70900409500,409D040955,263X,0,+,,,09P70,1.0,,40V65,,00X10,,,,,,,,swe
70900409750,409D040965,263X,0,+,,,09P70,,,40V65,,00X10,,,,,,,,swe
70900410000,409D041000,263X,0,+,9.0,09M01,,1.0,S,09S01,,,,,,,,,,den/est/ice/lat/nor/swe
70900410001,409D0410001,263X,0,+,9.0,09M01,,1.0,,09S01,,00X10,,,,,,,,fin
70900410100,409D041010,263X,0,+,9.0,09M01,,1.0,,09S01,,00X10,,,,,,,,den/est/ice/lat/swe
70900411000,409D041100,263X,0,+,9.0,09M02,,1.0,S,09S01,,,,,,,,,,den/est/fin/ice/lat/nor/swe
70900411100,409D041110,263X,0,+,9.0,09M02,,1.0,,09S01,,00X10,,,,,,,,den/est/ice/lat/swe
70900412000,409D041200,263X,0,+,9.0,09M02,,1.0,,09S01,,00X10,,,,,,,,fin
70900420000,409D042000,264X,0,+,9.0,09M01,,,S,09S01,,,,,,,,,,den/est/fin/ice/lat/nor/swe
70900420100,409D042010,264X,0,+,9.0,09M01,,,,09S01,,00X10,,,,,,,,den/est/fin/ice/lat/swe
70900421000,409D042100,264X,0,+,9.0,09M02,,,S,09S01,,,,,,,,,,den/est/fin/ice/lat/nor/swe
70900421100,409D042110,264X,0,+,9.0,09M02,,,,09S01,,00X10,,,,,,,,den/est/fin/ice/lat/swe
70900421500,409D042150,530NX,0,+,9.0,,,,S,09S12,,,,,,,,,,nor
70900421510,409D042151,530NX,0,+,,,09P04,,S,09S12,,,,,,,,,,nor
70900421607,409D04216,531NX,0,+,,,09P04,,S,09S11,,,,,,,,,,nor
70900421803,409D04217,531NX,0,+,,,09P04,,S,09S02,,,,,,,,,,nor
70900422000,409D042200,268X,0,+,9.0,,,,S,09S02,,,,,,,,,,den/est/fin/ice/lat/nor
70900422050,409D042205,268C,0,+,9.0,,,1.0,S,09S02,,,,,,,,,,swe
70900422060,409D042206,268C,0,+,9.0,,,1.0,,09S02,,00X10,,,,,,,,swe
70900422090,409D042209,268N,0,+,9.0,,,,S,09S02,,,,,,,,,,swe
70900422100,409D042210,268X,0,+,9.0,,,,,09S02,,00X10,,,,,,,,den/est/fin/ice/lat
70900422101,409D0422101,268N,0,+,9.0,,,,,09S02,,00X10,,,,,,,,swe
70900431100,409D043110,265X,0,+,9.0,,,1.0,S,09S01,,,,,,,,,,den/est/fin/ice/lat/nor/swe
70900431110,409D043111,265X,0,+,9.0,,,1.0,,09S01,,00X10,,,,,,,,den/est/ice/lat/swe
70900431200,409D043120,265X,0,+,9.0,,,1.0,,09S01,,00X10,,,,,,,,fin
70900432100,409D043210,266X,0,+,9.0,,,,S,09S01,,,,,,,,,,den/est/fin/ice/lat/nor/swe
70900432110,409D043211,266X,0,+,9.0,,,,,09S01,,00X10,,,,,,,,den/est/ice/lat/swe
70900432200,409D043220,266X,0,+,9.0,,,,,09S01,,00X10,,,,,,,,fin
70901209000,409D120900,267X,0,+,9.0,,,,S,09S06,,,,,,,,,,fin
70901210000,409D121000,267X,0,+,9.0,,,,S,09S06,,,,,,,,,,den/est/ice/lat/nor/swe
70901210001,409D1210001,267X,0,+,9.0,,,,,09S06,,00X10,,,,,,,,fin
70901210100,409D121010,267X,0,+,9.0,,,,,09S06,,00X10,,,,,,,,den/est/ice/lat/swe
70901211000,409D121100,267X,0,+,9.0,,,,,09S20,,09X06,,,,,,,,den/est/fin/ice/lat/nor/swe
70901310000,409D131000,269X,0,+,9.0,,,1.0,S,09S07,,,,,,,,,,fin
70901311000,409D131100,269X,0,+,9.0,,,1.0,S,09S07,,,,,,,,,,den/est/ice/lat/nor
70901311002,409D1311002,269M,0,+,9.0,,,2.0,S,09S07,,,,,,,,,,swe
70901311065,409D131104,269M,0,+,9.0,,,2.0,,09S08,,00X10,,,,,,,,swe
70901312000,409D131200,269X,0,+,9.0,,,1.0,,09S08,,,,,,,,,,den/est/fin/ice/lat
70901312006,409D1312,269X,0,+,9.0,,,1.0,S,09S08,,,,,,,,,,nor
70901312013,409D1312001,269C,0,+,9.0,,,1.0,S,09S07,,,,,,,,,,swe
70901316015,409D131204,269C,0,+,9.0,,,1.0,,09S08,,00X10,,,,,,,,swe
70901320000,409D132000,270X,0,+,9.0,,,,S,09S07,,,,,,,,,,fin
70901321000,409D132100,270X,0,+,9.0,,,,S,09S07,,,,,,,,,,den/est/ice/lat/nor/swe
70901322000,409D132200,270X,0,+,9.0,,,,,09S08,,,,,,,,,,den/est/fin/ice/lat
70901322250,409D1322,270X,0,+,9.0,,,,S,09S08,,,,,,,,,,nor
70901322500,409D132201,270X,0,+,9.0,,,,,09S08,,00X10,,,,,,,,swe
70901323000,409D132300,530X,0,+,9.0,,,,,,,00X10,,,,,,,,den/est/lat
70901500000,409D150000,271X,0,+,9.0,09M02,,,N,,,,,,,,,,,den/est/fin/ice/lat/nor
70901500050,409D150005,271C,0,+,9.0,09M02,,1.0,N,,,,,,,,,,,swe
70901500090,409D150009,271N,0,+,9.0,09M02,,,N,,,,,,,,,,,swe
70901610000,409D161000,272X,0,+,9.0,09M03,,1.0,N,,,,,,,,,,,den/est/fin/ice/lat/nor
70901610001,409D1610001,272M,0,+,9.0,09M03,,2.0,N,,,,,,,,,,,swe
70901610010,409D161001,272M,0,+,9.0,09M99,,2.0,N,,,09X02,09X03,,,,,,,swe
70901620000,409D162000,272X,0,+,9.0,09M99,,1.0,N,,,09X02,09X03,,,,,,,den/est/fin/ice/lat/nor
70901620001,409D1620001,272C,0,+,9.0,09M03,,1.0,N,,,,,,,,,,,swe
70901620010,409D162001,272C,0,+,9.0,09M99,,1.0,N,,,09X02,09X03,,,,,,,swe
70901710000,409D171000,273X,0,+,9.0,09M03,,,N,,,,,,,,,,,den/est/fin/ice/lat/nor/swe
70901720000,409D172000,273X,0,+,9.0,09M99,,,N,,,09X02,09X03,,,,,,,den/est/fin/ice/lat/nor/swe
70902101000,409D210100,277M,0,+,9.0,09M01,,2.0,N,,,,,,,,,,,swe
70902102000,409D210200,277M,0,+,9.0,09M06,,2.0,N,,,,,,,,,,,swe
70902103000,409D210300,277M,0,+,9.0,09M07,,2.0,N,,,09X05,,,,,,,,swe
70902111000,409D211100,277X,0,+,9.0,09M01,,1.0,N,,,,,,,>6574,,,,den/est/fin/ice/lat/nor
70902111001,409D2111001,277C,0,+,9.0,09M01,,1.0,N,,,,,,,,,,,swe
70902112000,409D211200,277X,0,+,9.0,09M06,,1.0,N,,,,,,,>6574,,,,den/est/fin/ice/lat/nor
70902112001,409D2112001,277C,0,+,9.0,09M06,,1.0,N,,,,,,,,,,,swe
70902113000,409D211300,277X,0,+,9.0,09M07,,1.0,N,,,09X05,,,,>6574,,,,den/est/fin/ice/lat/nor
70902113001,409D2113001,277C,0,+,9.0,09M07,,1.0,N,,,09X05,,,,,,,,swe
70902200000,409D220000,278X,0,+,9.0,09M01,,,N,,,,,,,>6574,,,,den/est/fin/ice/lat/nor
70902200001,409D2200001,278N,0,+,9.0,09M01,,,N,,,,,,,,,,,swe
70902210000,409D221000,278X,0,+,9.0,09M07,,,N,,,09X05,,,,>6574,,,,den/est/fin/ice/lat/nor
70902210001,409D2210001,278N,0,+,9.0,09M07,,,N,,,09X05,,,,,,,,swe
70902220000,409D222000,278X,0,+,9.0,09M06,,,N,,,,,,,>6574,,,,den/est/fin/ice/lat/nor
70902220001,409D2220001,278N,0,+,9.0,09M06,,,N,,,,,,,,,,,swe
70902300000,409D230000,279X,0,+,9.0,09M01,,,N,,,,,,,,,,,den/est/fin/ice/lat/nor
70902310000,409D231000,279X,0,+,9.0,09M07,,,N,,,09X05,,,,,,,,den/est/fin/ice/lat/nor
70902320000,409D232000,279X,0,+,9.0,09M06,,,N,,,,,,,,,,,den/est/fin/ice/lat/nor
70902400001,409D2400001,283M,0,+,9.0,09M07,,2.0,N,,,09X04,,,,,,,,swe
70902400050,409D240005,283C,0,+,9.0,09M07,,1.0,N,,,09X04,,,,,,,,swe
70902500000,409D250000,284X,0,+,9.0,09M07,,,N,,,09X04,,,,,,,,den/est/ice/lat/swe
70902610000,409D261000,280X,0,+,9.0,09M07,,1.0,N,,,,,,,>6574,,,,den/est/fin/ice/lat/nor
70902610001,409D2610001,280M,0,+,9.0,09M07,,2.0,N,,,,,,,>6574,,,,swe
70902610050,409D261005,280C,0,+,9.0,09M07,,1.0,N,,,,,,,>6574,,,,swe
70902620000,409D262000,281X,0,+,9.0,09M07,,,N,,,,,,,>6574,,,,den/est/fin/ice/lat/nor
70902620090,409D262009,281N,0,+,9.0,09M07,,,N,,,,,,,>6574,,,,swe
70902800000,409D280000,282X,0,+,9.0,09M07,,,N,,,,,,,,,,,den/est/fin/ice/lat/nor
70902800001,409D2800001,282N,0,+,9.0,09M07,,,N,,,,,,,,,,,swe
70902900000,409D290000,283X,0,+,9.0,,,1.0,N,,,,,,,,,,,den/est/fin/ice/lat/nor
70902900001,409D2900001,283M,0,+,9.0,,,2.0,N,,,,,,,,,,,swe
70902900050,409D290005,283C,0,+,9.0,,,1.0,N,,,,,,,,,,,swe
70903000000,409D300000,284X,0,+,9.0,,,,N,,,,,,,,,,,den/est/ice/lat/nor/swe
70903000001,409D3000001,284B,0,+,9.0,,,,N,,,,,,,<5844,,,,fin
70903000900,409D300090,284A,0,+,9.0,,,,N,,,,,,,,,,,fin
70904000450,409D500004,505,0,+,30.0,,,,S,30S03,30S11,30X01,30X05,,,,,,,fin/ice/nor/swe
70904500225,409D500006,505,0,+,,,30P01,,S,30S03,30S11,30X05,,,,,,,,fin/ice/nor/swe
70904750112,409D500008,505,0,+,30.0,,,,S,30S11,,30X05,,,,,,,,fin/ice/nor/swe
70905000000,409D500000,502X,0,+,30.0,,,,S,30S03,30S11,30X01,,,,,,,,fin
70905000100,409D500010,502X,0,+,30.0,,,,S,30S03,30S11,30X01,,,,,,,,den/est/ice/lat/nor/swe
70905000120,409D500012,502X,0,+,,,30P01,,S,30S03,30S11,,,,,,,,,ice
70905000200,409D500020,502X,0,+,,,30P01,,S,30S03,30S11,,,,,,,,,den/est/fin/lat/nor/swe
70905001000,409D500100,501A,0,+,30.0,,,1.0,S,30S11,,,,,,,,,,den/est/lat
70905001100,409D500110,259B,0,+,30.0,,,,S,30S04,30S11,30X01,,,,,,,,fin
70905001200,409D500120,501B,0,+,30.0,,,,S,30S11,,,,,,,,,,den/est/lat
70905006150,409D500125,506,0,+,30.0,,,,S,30S11,,,,,,,,,,fin/ice/nor/swe
70905011100,409D501110,257X,0,+,30.0,,,1.0,S,30S03,,30X01,,,,,,,,den/est/fin/ice/lat/nor
70905012000,409D501200,258X,0,+,30.0,,,,S,30S03,,30X01,,,,,,,,den/est/fin/ice/lat/nor/swe
70905021100,409D502110,259X,0,+,30.0,,,1.0,S,30S04,,30X01,,,,,,,,den/est/ice/lat/nor
70905021101,409D5021101,259A,0,+,30.0,,,1.0,S,30S04,,30X01,,,,,,,,fin
70905021200,409D502120,259X,0,+,30.0,,,1.0,S,30S05,,30X01,,,,,,,,den/est/ice/lat/nor
70905021201,409D5021201,259A,0,+,30.0,,,1.0,S,30S05,,30X01,,,,,,,,fin
70905021210,409D502121,259X,0,+,30.0,,,1.0,,30S05,,30X01,00X10,,,,,,,den/est/ice/lat
70905021211,409D5021211,259A,0,+,30.0,,,1.0,,30S05,,30X01,00X10,,,,,,,fin
70905022100,409D502210,260X,0,+,30.0,,,,S,30S04,,30X01,,,,,,,,den/est/fin/ice/lat/nor/swe
70905022200,409D502220,260X,0,+,30.0,,,,S,30S05,,30X01,,,,,,,,den/est/fin/ice/lat/nor/swe
70905022210,409D502221,260X,0,+,30.0,,,,,30S05,,30X01,00X10,,,,,,,den/est/fin/ice/lat/swe
70905023200,409D502320,261X,0,+,30.0,,,,S,30S03,,-30X01,,,,,,,,den/est/fin/ice/lat/nor/swe
70905023300,409D502330,261X,0,+,30.0,,,,S,30S04,,-30X01,,,,,,,,den/est/fin/ice/lat/nor/swe
70905023400,409D502340,261X,0,+,,,30P01,,S,30S03,,,,,,,,,,den/est/fin/ice/lat/nor/swe
70905111100,409D511110,262X,0,+,30.0,,,,S,30S05,,,,,,,,,,den/est/fin/ice/lat/nor/swe
70905111110,409D511111,262X,0,+,30.0,,,,,30S05,,00X10,,,,,,,,den/est/ice/lat/swe
70905111200,409D511120,262X,0,+,30.0,,,,,30S05,,00X10,,,,,,,,fin
70905120100,409D512010,509X,0,+,30.0,,,,S,30S99,,,,,,,,,,den/est/fin/ice/lat/nor/swe
70905120110,409D512011,509X,0,+,30.0,,,,,30S99,,00X10,,,,,,,,den/est/ice/lat/swe
70905120200,409D512020,509X,0,+,30.0,,,,,30S99,,00X10,,,,,,,,fin
70905180000,409D518000,274X,0,+,30.0,30M04,,1.0,N,,,,,,,,,,,den/est/fin/ice/lat/nor/swe
70905190000,409D519000,275X,0,+,30.0,30M04,,,N,,,,,,,,,,,den/est/ice/lat/nor/swe
70905199500,409D519950,275FA,0,+,30.0,30M04,,,N,90T06,,,,,,,,,,fin
70905199510,409D519951,275FA,0,+,30.0,30M04,,,N,90T07,,,,,,,,,,fin
70905199520,409D519952,275FA,0,+,30.0,30M04,,,N,90T08,,,,,,,,,,fin
70905199530,409D519953,275FA,0,+,30.0,30M04,,,N,90T05,,,,,,,,,,fin
70905199600,409D519960,275FB,0,+,30.0,30M04,,,N,90T01,90S01,,,,,,,,,fin
70905199610,409D519961,275FB,0,+,30.0,30M04,,,N,99S80,,,,,,,,,,fin
70905199990,409D519999,275FE,0,+,30.0,30M04,,,N,,,,,,,,,,,fin
70905200000,409D520000,276X,0,+,30.0,,,,N,,,,,,,,,,,den/est/fin/ice/lat/nor/swe
71000110000,410D011000,285X,0,+,10.0,,,,S,10S01,,,,,,,,,,den/est/fin/ice/lat/nor
71000110050,410D011005,285C,0,+,10.0,,,1.0,S,10S01,,,,,,,,,,swe
71000110090,410D011009,285N,0,+,10.0,,,,S,10S01,,,,,,,,,,swe
71000219000,410D021900,286X,0,+,10.0,,,,S,10S02,,,,,,,,,,fin
71000220000,410D022000,286X,0,+,10.0,,,,S,10S02,,,,,,,,,,den/est/ice/lat/nor/swe
71000220001,410D0220001,286X,0,+,10.0,,,,,10S02,,00X10,,,,,,,,fin
71000220100,410D022010,286X,0,+,10.0,,,,,10S02,,00X10,,,,,,,,den/est/ice/lat/swe
71000221000,410D022100,286X,0,+,10.0,,,,S,10S09,,10X02,,,,,,,,den/est/fin/ice/lat/nor/swe
71000401000,410D040100,288A,0,+,10.0,,,,S,10S20,,,,,,,,,,fin
71000401100,410D040110,288A,0,+,10.0,,,,S,10S20,,,,,,,,,,den/est/ice/lat/nor
71000401101,410D0401101,288M,0,+,10.0,,,2.0,S,10S20,,,,,,,,,,swe
71000401150,410D040115,288C,0,+,10.0,,,1.0,S,10S20,,,,,,,,,,swe
71000401190,410D040119,288N,0,+,10.0,,,,S,10S20,,,,,,,,,,swe
71000401200,410D040120,288B,0,+,10.0,,,,S,10S04,,,,,,,,,,den/est/fin/ice/lat/nor/swe
71000401210,410D040121,288B,0,+,10.0,,,,,10S04,,00X10,,,,,,,,den/est/ice/lat/swe
71000401300,410D040130,288B,0,+,10.0,,,,,10S04,,00X10,,,,,,,,fin
71000511000,410D051100,289X,0,+,10.0,,,,S,10S05,,,,,,,,,,den/est/fin/ice/lat/nor
71000511050,410D051105,289C,0,+,10.0,,,1.0,S,10S05,,,,,,,,,,swe
71000511060,410D051106,289C,0,+,10.0,,,1.0,,10S05,,00X10,,,,,,,,swe
71000511090,410D051109,289N,0,+,10.0,,,,S,10S05,,,,,,,,,,swe
71000511100,410D051110,289X,0,+,10.0,,,,,10S05,,00X10,,,,,,,,den/est/ice/lat
71000511101,410D0511101,289N,0,+,10.0,,,,,10S05,,00X10,,,,,,,,swe
71000512000,410D051200,289X,0,+,10.0,,,,,10S05,,00X10,,,,,,,,fin
71000521000,410D052100,289X,0,+,,,10P01,,S,10S05,,,,,,,,,,den/est/fin/ice/lat/nor
71000521050,410D052105,289C,0,+,,,10P01,1.0,S,10S05,,,,,,,,,,swe
71000521060,410D052106,289C,0,+,,,10P01,1.0,,10S05,,00X10,,,,,,,,swe
71000521090,410D052109,289N,0,+,,,10P01,,S,10S05,,,,,,,,,,swe
71000521100,410D052110,289X,0,+,,,10P01,,,10S05,,00X10,,,,,,,,den/est/ice/lat
71000521101,410D0521101,289N,0,+,,,10P01,,,10S05,,00X10,,,,,,,,swe
71000522000,410D052200,289X,0,+,,,10P01,,,10S05,,00X10,,,,,,,,fin
71000610000,410D061000,290X,0,+,10.0,,,,S,10S06,,,,,,,,,,den/est/fin/ice/lat/nor
71000610050,410D061005,290C,0,+,10.0,,,1.0,S,10S06,,,,,,,,,,swe
71000610060,410D061006,290C,0,+,10.0,,,1.0,,10S06,,00X10,,,,,,,,swe
71000610090,410D061009,290N,0,+,10.0,,,,S,10S06,,,,,,,,,,swe
71000610100,410D061010,290N,0,+,10.0,,,,,10S06,,00X10,,,,,,,,swe
71000611000,410D061100,290X,0,+,10.0,,,,,10S06,,00X10,,,,,,,,den/est/ice/lat
71000620000,410D062000,290X,0,+,10.0,,,,,10S06,,00X10,,,,,,,,fin
71000810900,410D081090,191B,0,+,10.0,10M01,,,S,10S12,,,,,,,,,,nor/swe
71000810950,410D081095,315A,0,+,,,11P01,,P,11S16,,,,,,,,,,swe
71000810975,410D081096,315D,0,+,,,11P01,,S,11S13,,,,,,,,,,den/est/fin/ice/lat/swe
71000810987,410D081098,315E,0,+,,,11P01,,S,11S14,,,,,,,,,,den/est/fin/ice/lat/swe
71000810993,410D081099,315E,0,+,,,11P01,,,11S14,,00X10,,,,,,,,den/est/fin/ice/lat/swe
71000811000,410D081100,292X,0,+,10.0,,,1.0,S,10S08,,,,,,,,,,den/est/fin/ice/lat/nor/swe
71000811010,410D081101,292X,0,+,10.0,,,1.0,,10S08,,00X10,,,,,,,,den/est/ice/lat/swe
71000811100,410D081110,292X,0,+,10.0,,,1.0,,10S08,,00X10,,,,,,,,fin
71000821000,410D082100,293X,0,+,10.0,,,,S,10S08,,,,,,,,,,den/est/fin/ice/lat/nor/swe
71000821010,410D082101,293X,0,+,10.0,,,,,10S08,,00X10,,,,,,,,den/est/ice/lat/swe
71000821100,410D082110,293X,0,+,10.0,,,,,10S08,,00X10,,,,,,,,fin
71000911000,410D091100,339X,0,+,10.0,,,,S,12S03,,10X01,,,,>6574,,,,den/est/fin/ice/lat/nor
71000911100,410D091110,339X,0,+,10.0,,,,,12S03,,10X01,00X10,,,>6574,,,,den/est/ice/lat
71000912000,410D091200,339X,0,+,10.0,,,,,12S03,,10X01,00X10,,,>6574,,,,fin
71000921000,410D092100,340X,0,+,10.0,,,,S,12S03,,10X01,,,,,,,,den/est/fin/ice/lat/nor
71000921100,410D092110,340X,0,+,10.0,,,,,12S03,,10X01,00X10,,,,,,,den/est/ice/lat
71000922000,410D092200,340X,0,+,10.0,,,,,12S03,,10X01,00X10,,,,,,,fin
71000940050,410D094005,340C,0,+,10.0,,,1.0,S,12S03,,10X01,,,,>6574,,,,swe
71000940060,410D094006,340C,0,+,10.0,,,1.0,,12S03,,10X01,00X10,,,>6574,,,,swe
71000940090,410D094009,340N,0,+,10.0,,,,S,12S03,,10X01,,,,>6574,,,,swe
71000940100,410D094010,340N,0,+,10.0,,,,,12S03,,10X01,00X10,,,>6574,,,,swe
71001101025,410D110101,291M,0,+,10.0,10M01,,2.0,N,,,,,,,>6574,,,,swe/est/fin/lat
71001101070,410D1101055,291C,0,+,10.0,10M01,,1.0,N,,,,,,,>6574,,,,swe/est/fin/nor/lat/ice
71001101545,410D1101099,291N,0,+,10.0,10M01,,,N,,,,,,,>6574,,,,swe/est/fin/nor/lat/ice
71001156000,410D110205,291,0,+,10.0,10M01,,,N,,,,,,,,,,,est/fin/ice/lat/nor/swe
71001210000,410D121000,296X,0,+,10.0,10M02,,1.0,N,,,,,,,>6574,,,,den/ice/lat/nor
71001215000,410D121001,296M,0,+,10.0,10M02,,2.0,N,,,,,,,>6574,,,,est/fin
71001217500,410D121002,296C,0,+,10.0,10M02,,1.0,N,,,,,,,>6574,,,,est/fin
71001220000,410D122000,297X,0,+,10.0,10M02,,,N,,,,,,,>6574,,,,den/est/fin/ice/lat/nor
71001220001,410D1220001,297M,0,+,10.0,10M02,,2.0,N,,,,,,,,,,,swe
71001220050,410D122005,297C,0,+,10.0,10M02,,1.0,N,,,,,,,,,,,swe
71001220090,410D122009,297N,0,+,10.0,10M02,,,N,,,,,,,,,,,swe
71001230000,410D123000,298X,0,+,10.0,10M02,,,N,,,,,,,,,,,den/est/fin/ice/lat/nor
71001500000,410D150000,299X,0,+,10.0,10M03,,,N,,,,,,,,,,,den/est/ice/lat/nor/swe/fin
71001500510,410D150051,315M,0,+,,,11P01,2.0,,11S07,-11S09,00X10,,,,,,,,swe
71001500530,410D150053,315C,0,+,,,11P01,1.0,,11S07,-11S09,00X10,,,,,,,,swe
71001500550,410D150055,315N,0,+,,,11P01,,,11S07,-11S09,00X10,,,,,,,,swe
71001600000,410D160000,300X,0,+,10.0,,,1.0,N,,,,,,,,,,,den/est/fin/ice/lat/nor
71001600001,410D1600001,300M,0,+,10.0,,,2.0,N,,,,,,,,,,,swe
71001600050,410D160005,300C,0,+,10.0,,,1.0,N,,,,,,,,,,,swe
71001610000,410D161000,301X,0,+,10.0,,,,N,,,,,,,,,,,den/est/ice/lat/nor/swe
71001619400,410D161940,301A,0,+,10.0,,,,N,90T06,,90X01,,,,,,,,fin
71001619410,410D161941,301A,0,+,10.0,,,,N,90T07,,90X01,,,,,,,,fin
71001619500,410D161950,301B,0,+,10.0,,,,N,90T08,,90X01,,,,,,,,fin
71001619510,410D161951,301B,0,+,10.0,,,,N,90T05,,90X01,,,,,,,,fin
71001619600,410D161960,301C,0,+,10.0,,,,N,90T01,90S01,90X01,,,,,,,,fin
71001619810,410D161981,301C,0,+,10.0,,,,N,99S80,,90X01,,,,,,,,fin
71001619990,410D161999,301F,0,+,10.0,,,,N,,,,,,,,,,,fin
71100210000,411D021000,303X,0,+,11.0,11M03,,,S,11S02,,,,,,,,,,den/est/fin/ice/lat/nor
71100210001,411D0210001,303M,0,+,11.0,11M03,,2.0,S,11S02,,,,,,,,,,swe
71100210050,411D021005,303C,0,+,11.0,11M03,,1.0,S,11S02,,,,,,,,,,swe
71100210090,411D021009,303N,0,+,11.0,11M03,,,S,11S02,,,,,,,,,,swe
71100300000,411D030000,304X,0,+,11.0,,,1.0,S,11S02,,,,,,,,,,fin
71100310000,411D031000,304X,0,+,11.0,,,1.0,S,11S02,,,,,,,,,,den/est/ice/lat/nor/swe
71100320000,411D032000,305X,0,+,11.0,,,,S,11S02,,,,,,,,,,den/est/fin/ice/lat/nor/swe
71100321000,411D032100,307N,0,+,11.0,,,,S,11S11,,,,,,,,,,den/est/fin/ice/nor/swe
71100321001,411D0321001,307N,0,+,,,,,S,11S11,,,,,,,,,,lat
71100325500,411D0321002,307N,0,+,11.0,,,,S,11S21,,,,,,,,,,swe
71100330000,411D033000,148X,0,+,11.0,,,1.0,S,06S02,,,,,,,,,,den/est/fin/ice/lat/nor
71100330001,411D0330001,148M,0,+,11.0,,,2.0,S,06S02,,,,,,,,,,swe
71100330050,411D033005,148C,0,+,11.0,,,1.0,S,06S02,,,,,,,,,,swe
71100340000,411D034000,149X,0,+,11.0,,,,S,06S02,,,,,,,,,,den/est/fin/ice/lat/nor/swe
71100500000,411D050000,308X,0,+,11.0,,,1.0,S,11S03,,,,,,,,,,fin
71100510000,411D051000,308X,0,+,11.0,,,1.0,S,11S03,,,,,,,,,,den/est/ice/lat/nor/swe
71100510001,411D0510001,308X,0,+,11.0,,,1.0,,11S03,,00X10,,,,,,,,fin
71100511000,411D051100,308X,0,+,11.0,,,1.0,,11S03,,00X10,,,,,,,,den/est/ice/lat/swe
71100520000,411D052000,309X,0,+,11.0,,,,S,11S03,,,,,,,,,,den/est/fin/ice/lat/nor/swe
71100521000,411D052100,309X,0,+,11.0,,,,,11S03,,00X10,,,,,,,,den/est/ice/lat/swe
71100530000,411D053000,309X,0,+,11.0,,,,,11S03,,00X10,,,,,,,,fin
71100900000,411D090000,310X,0,+,11.0,,,1.0,S,11S05,,,,,,,,,,fin
71100910000,411D091000,310X,0,+,11.0,,,1.0,S,11S05,,,,,,,,,,den/est/ice/lat/nor/swe
71100910001,411D0910001,310X,0,+,11.0,,,1.0,,11S05,,00X10,,,,,,,,fin
71100911000,411D091100,310X,0,+,11.0,,,1.0,,11S05,,00X10,,,,,,,,den/est/ice/lat/swe
71100920000,411D092000,311X,0,+,11.0,,,,S,11S05,,,,,,,,,,den/est/fin/ice/lat/nor/swe
71100921000,411D092100,311X,0,+,11.0,,,,,11S05,,00X10,,,,,,,,den/est/ice/lat/swe
71100930000,411D093000,311X,0,+,11.0,,,,,11S05,,00X10,,,,,,,,fin
71101110000,411D111000,312X,0,+,11.0,,,1.0,S,11S06,,,,,,>6574,,,,fin
71101111000,411D111100,312X,0,+,11.0,,,1.0,S,11S06,,,,,,>6574,,,,den/est/ice/lat/nor
71101111010,411D111101,312X,0,+,11.0,,,1.0,,11S06,,00X10,,,,>6574,,,,fin
71101111100,411D111110,312X,0,+,11.0,,,1.0,,11S06,,00X10,,,,>6574,,,,den/est/ice/lat
71101112000,411D111200,313X,0,+,11.0,,,,S,11S06,,,,,,>6574,,,,den/est/fin/ice/lat/nor
71101112100,411D111210,313X,0,+,11.0,,,,,11S06,,00X10,,,,>6574,,,,den/est/ice/lat
71101113000,411D111300,313X,0,+,11.0,,,,,11S06,,00X10,,,,>6574,,,,fin
71101131000,411D113100,314X,0,+,11.0,,,,S,11S06,,,,,,,,,,den/est/fin/ice/lat/nor
71101131001,411D1131001,314N,0,+,11.0,,,,S,11S06,,,,,,,,,,swe
71101131100,411D113110,314X,0,+,11.0,,,,,11S06,,00X10,,,,,,,,den/est/ice/lat
71101131101,411D1131101,314N,0,+,11.0,,,,,11S06,,00X10,,,,,,,,swe
71101132000,411D113200,314X,0,+,11.0,,,,,11S06,,00X10,,,,,,,,fin
71101216100,411D1400009,315A,0,+,11.0,,,,P,11S16,,,,,,,,,,swe
71101410000,411D141000,315B,0,+,11.0,,,,S,11S15,,,,,,,,,,den/est/fin/ice/lat
71101410005,411D140002,315D,0,+,11.0,,,,S,11S13,,,,,,,,,,den/est/fin/ice/lat/swe
71101410007,411D140003,315E,0,+,11.0,,,,S,11S14,,,,,,,,,,den/est/fin/ice/lat/swe
71101410008,411D140004,315E,0,+,11.0,,,,,11S14,,00X10,,,,,,,,den/est/fin/ice/lat/swe
71101410009,411D1410005,315M,0,+,11.0,,,2.0,S,11S07,-11S09,,,,,,,,,swe
71101410010,411D141001,315M,0,+,11.0,,,2.0,,11S07,-11S09,00X10,,,,,,,,swe
71101410020,411D141002,315X,0,+,11.0,,,,S,11S07,,,,,,,,,,nor
71101410050,411D141005,315C,0,+,11.0,,,1.0,S,11S07,-11S09,,,,,,,,,swe
71101410060,411D141006,315C,0,+,11.0,,,1.0,,11S07,-11S09,00X10,,,,,,,,swe
71101410090,411D141009,315N,0,+,11.0,,,,S,11S07,-11S09,,,,,,,,,swe
71101410100,411D141010,315B,0,+,11.0,,,,,11S15,,00X10,,,,,,,,den/est/fin/ice/lat
71101410101,411D1410101,315N,0,+,11.0,,,,,11S07,-11S09,00X10,,,,,,,,swe
71101411000,411D141100,315B,0,+,11.0,,,,S,11S90,,11X01,,,,,,,,den/est/fin/ice/lat
71101411001,411D1411001,315M,0,+,11.0,,,2.0,S,11S90,,11X01,,,,,,,,swe
71101411010,411D141101,315M,0,+,11.0,,,2.0,,11S90,,11X01,00X10,,,,,,,swe
71101411020,411D141102,315X,0,+,11.0,,,,S,11S90,,11X01,,,,,,,,nor
71101411050,411D141105,315C,0,+,11.0,,,1.0,S,11S90,,11X01,,,,,,,,swe
71101411060,411D141106,315C,0,+,11.0,,,1.0,,11S90,,11X01,00X10,,,,,,,swe
71101411090,411D141109,315N,0,+,11.0,,,,S,11S90,,11X01,,,,,,,,swe
71101411100,411D141110,315B,0,+,11.0,,,,,11S90,,11X01,00X10,,,,,,,den/est/fin/ice/lat
71101411101,411D1411101,315N,0,+,11.0,,,,,11S90,,11X01,00X10,,,,,,,swe
71101412000,411D141200,315B,0,+,,,11P01,,S,11S15,,,,,,,,,,den/est/fin/ice/lat
71101412001,411D1412001,315M,0,+,,,11P01,2.0,S,11S07,-11S09,,,,,,,,,swe
71101412020,411D141202,315X,0,+,,,11P01,,S,11S07,,,,,,,,,,nor
71101412050,411D141205,315C,0,+,,,11P01,1.0,S,11S07,-11S09,,,,,,,,,swe
71101412090,411D141209,315N,0,+,,,11P01,,S,11S07,-11S09,,,,,,,,,swe
71101412096,411D1412091,315M,0,+,11.0,,,2.0,S,11S17,,,,,,,,,,swe
71101412097,411D1412092,315M,0,+,11.0,,,2.0,,11S17,,00X10,,,,,,,,swe
71101412098,411D1412093,315C,0,+,11.0,,,1.0,S,11S17,,,,,,,,,,swe
71101412099,411D1412094,315C,0,+,11.0,,,1.0,,11S17,,00X10,,,,,,,,swe
71101434074,411D1412095,315N,0,+,11.0,,,,S,11S17,,,,,,,,,,swe
71101445061,411D1412096,315N,0,+,11.0,,,,,11S17,,00X10,,,,,,,,swe
71101489012,411D1412110,315M,0,+,,,11P01,2.0,S,11S17,,,,,,,,,,swe
71101494506,411D1412112,315M,0,+,,,11P01,2.0,,11S17,,00X10,,,,,,,,swe
71101497253,411D1412114,315C,0,+,,,11P01,1.0,S,11S17,,,,,,,,,,swe
71101498626,411D1412116,315C,0,+,,,11P01,1.0,,11S17,,00X10,,,,,,,,swe
71101499313,411D1412117,315N,0,+,,,11P01,,S,11S17,,,,,,,,,,swe
71101499656,411D1412118,315N,0,+,,,11P01,,,11S17,,00X10,,,,,,,,swe
71101500000,411D150000,315A,0,+,11.0,,,,S,11S12,,,,,,,,,,den/est/fin/ice/lat
71101500100,411D150010,315A,0,+,11.0,,,,,11S12,,00X10,,,,,,,,den/est/fin/ice/lat
71101696000,411D169600,334X,0,+,11.0,,,1.0,S,12S01,,,,,,,,,,fin
71101696100,411D169610,334X,0,+,11.0,,,1.0,S,12S01,,,,,,,,,,den/est/ice/lat/nor
71101696200,411D169620,335X,0,+,11.0,,,,S,12S01,,,,,,,,,,den/est/fin/ice/lat/nor
71101696201,411D1696201,335N,0,+,11.0,,,,S,12S01,,,,,,,,,,swe
71101697000,411D169700,336X,0,+,11.0,,,1.0,S,12S04,,,,,,,,,,fin
71101697100,411D169710,336X,0,+,11.0,,,1.0,S,12S04,,,,,,,,,,den/est/ice/lat/nor
71101697101,411D1697101,336X,0,+,11.0,,,1.0,,12S04,,00X10,,,,,,,,fin
71101697110,411D169711,336X,0,+,11.0,,,1.0,,12S04,,00X10,,,,,,,,den/est/ice/lat
71101697200,411D169720,337X,0,+,11.0,,,,S,12S04,,,,,,,,,,den/est/fin/ice/lat/nor
71101697201,411D1697201,337N,0,+,11.0,,,,S,12S04,,,,,,,,,,swe
71101697210,411D169721,337X,0,+,11.0,,,,,12S04,,00X10,,,,,,,,den/est/ice/lat
71101697211,411D1697211,337N,0,+,11.0,,,,,12S04,,00X10,,,,,,,,swe
71101697300,411D169730,337X,0,+,11.0,,,,,12S04,,00X10,,,,,,,,fin
71101700000,411D170000,316X,0,+,11.0,11M01,,,N,,,,,,,,,,,den/est/ice/lat/nor
71101700001,411D1700001,316M,0,+,11.0,11M01,,2.0,N,,,,,,,,,,,swe
71101700050,411D170005,316C,0,+,11.0,11M01,,1.0,N,,,,,,,,,,,swe
71101700090,411D170009,316N,0,+,11.0,11M01,,,N,,,,,,,,,,,swe
71101701000,411D170100,318X,0,+,11.0,11M03,,1.0,N,,,,,,,,,,,den/est/fin/ice/lat/nor
71101701001,411D1701001,318M,0,+,11.0,11M03,,2.0,N,,,,,,,,,,,swe
71101701050,411D170105,318C,0,+,11.0,11M03,,1.0,N,,,,,,,,,,,swe
71101800000,411D180000,319X,0,+,11.0,11M03,,,N,,,,,,,,,,,den/est/ice/lat/nor/swe
71101899500,411D189950,319A,0,+,11.0,11M03,,,N,90T06,90S01,,,,,,,,,fin
71101899510,411D189951,319A,0,+,11.0,11M03,,,N,90T07,,,,,,,,,,fin
71101899520,411D189952,319A,0,+,11.0,11M03,,,N,90T08,,,,,,,,,,fin
71101899530,411D189953,319A,0,+,11.0,11M03,,,N,90T05,,,,,,,,,,fin
71101899600,411D189960,319B,0,+,11.0,11M03,,,N,90T01,90S01,,,,,,,,,fin
71101899610,411D189961,319B,0,+,11.0,11M03,,,N,99S80,,,,,,,,,,fin
71101899990,411D189999,319E,0,+,11.0,11M03,,,N,,,,,,,,,,,fin
71101910000,411D191000,320X,0,+,11.0,11M04,,1.0,N,,,,,,,>6574,,,,den/est/fin/ice/lat/nor
71101910001,411D1910001,320M,0,+,11.0,11M04,,2.0,N,,,,,,,,,,,swe
71101910050,411D191005,320C,0,+,11.0,11M04,,1.0,N,,,,,,,,,,,swe
71101920000,411D192000,321X,0,+,11.0,11M04,,,N,,,,,,,>6574,,,,den/est/fin/ice/lat/nor
71101920001,411D1920001,321N,0,+,11.0,11M04,,,N,,,,,,,,,,,swe
71101930000,411D193000,322X,0,+,11.0,11M04,,,N,,,,,,,,,,,den/est/fin/ice/lat/nor
71102210000,411D221000,323X,0,+,11.0,11M05,,1.0,N,,,,,,,,,,,den/est/fin/ice/lat/nor/swe
71102211000,411D221100,323X,0,+,11.0,,,,,11S08,,,,,,,,,,den/est/fin/ice/lat/nor/swe
71102320000,411D232000,324X,0,+,11.0,11M05,,,N,,,,,,,,,,,den/est/fin/ice/lat/nor/swe
71102410000,411D241000,325X,0,+,11.0,11M06,,1.0,N,,,,,,,>6574,,,,den/est/fin/ice/lat/nor
71102410001,411D2410001,325C,0,+,11.0,11M06,,1.0,N,,,,,,,,,,,swe
71102420000,411D242000,326X,0,+,11.0,11M06,,,N,,,,,,,>6574,,,,den/est/fin/ice/lat/nor
71102420001,411D2420001,326N,0,+,11.0,11M06,,,N,,,,,,,,,,,swe
71102430000,411D243000,327X,0,+,11.0,11M06,,,N,,,,,,,,,,,den/est/fin/ice/lat/nor
71102730000,411D273000,329N,0,+,11.0,11M07,,,N,,,,,,,,,,,den/est/fin/ice/lat/nor
71102730090,411D273009,329N,0,+,11.0,11M07,,,N,,,,,,,,,,,swe
71102910000,411D291000,317X,0,+,11.0,11M02,,,,,,,,,,,,,,den/est/fin/ice/lat/nor/swe
71102920000,411D292000,316X,0,+,11.0,,,,,11S09,,,,,,,,,,den/est/ice/lat/nor
71102920001,411D2920001,316M,0,+,11.0,,,2.0,,11S09,,,,,,,,,,swe
71102920050,411D292005,316C,0,+,11.0,,,1.0,,11S09,,,,,,,,,,swe
71102920090,411D292009,316N,0,+,11.0,,,,,11S09,,,,,,,,,,swe
71102920100,411D170001,316A,0,+,11.0,,,1.0,N,11S09,,,,,,,,,,fin
71102920125,411D2920019,316B,0,+,11.0,11M01,,,,,,,,,,,,,,fin
71102920150,411D170003,316B,0,+,11.0,,,,N,11S09,,,,,,,,,,fin
71103200000,411D320000,331X,0,+,11.0,,,1.0,N,,,,,,,>6574,,,,den/est/fin/ice/lat/nor
71103200001,411D3200001,331M,0,+,11.0,,,2.0,N,,,,,,,>6574,,,,swe
71103200050,411D320005,331C,0,+,11.0,,,1.0,N,,,,,,,>6574,,,,swe
71103300000,411D330000,332X,0,+,11.0,,,,N,,,,,,,>6574,,,,den/est/fin/ice/lat/nor/swe
71103400000,411D340000,333X,0,+,11.0,,,,N,,,,,,,,,,,den/est/fin/ice/lat/nor/swe
71200100000,412D010000,334X,0,+,12.0,,,1.0,S,12S01,,,,,,,,,,fin
71200110000,412D011000,334X,0,+,12.0,,,1.0,S,12S01,,,,,,,,,,den/est/ice/lat/nor
71200120000,412D012000,335X,0,+,12.0,,,,S,12S01,,,,,,,,,,den/est/fin/ice/lat/nor
71200120001,412D0120001,335N,0,+,12.0,,,,S,12S01,,,,,,,,,,swe
71200310000,412D031000,341X,0,+,12.0,,,,S,12S02,,,,,,,,,,den/est/fin/ice/lat/nor/swe
71200311000,412D031100,341X,0,+,12.0,,,,,12S02,,00X10,,,,,,,,den/est/ice/lat/swe
71200320000,412D032000,341X,0,+,12.0,,,,,12S02,,00X10,,,,,,,,fin
71200410000,412D041000,338X,0,+,12.0,12M01,,,S,12S03,,,,,,,,,,den/est/fin/ice/lat/nor
71200410050,412D041005,338C,0,+,12.0,12M01,,1.0,S,12S03,,,,,,,,,,swe
71200410060,412D041006,338C,0,+,12.0,12M01,,1.0,,12S03,,00X10,,,,,,,,swe
71200410090,412D041009,338N,0,+,12.0,12M01,,,S,12S03,,,,,,,,,,swe
71200410100,412D041010,338N,0,+,12.0,12M01,,,,12S03,,00X10,,,,,,,,swe
71200411000,412D041100,338X,0,+,12.0,12M01,,,,12S03,,00X10,,,,,,,,den/est/ice/lat
71200420000,412D042000,338X,0,+,12.0,12M01,,,,12S03,,00X10,,,,,,,,fin
71200621000,412D062100,339X,0,+,12.0,,,,S,12S03,,,,,,>6574,,,,den/est/fin/ice/lat/nor
71200621001,412D0621001,340C,0,+,12.0,,,1.0,S,12S03,,,,,,,,,,swe
71200621100,412D062110,339X,0,+,12.0,,,,,12S03,,00X10,,,,>6574,,,,den/est/ice/lat
71200621101,412D0621101,340C,0,+,12.0,,,1.0,,12S03,,00X10,,,,,,,,swe
71200622000,412D062200,339X,0,+,12.0,,,,,12S03,,00X10,,,,>6574,,,,fin
71200641000,412D064100,340X,0,+,12.0,,,,S,12S03,,,,,,,,,,den/est/fin/ice/lat/nor
71200641001,412D0641001,340N,0,+,12.0,,,,S,12S03,,,,,,,,,,swe
71200641100,412D064110,340X,0,+,12.0,,,,,12S03,,00X10,,,,,,,,den/est/ice/lat
71200641101,412D0641101,340N,0,+,12.0,,,,,12S03,,00X10,,,,,,,,swe
71200642000,412D064200,340X,0,+,12.0,,,,,12S03,,00X10,,,,,,,,fin
71200800000,412D080000,336X,0,+,12.0,,,1.0,S,12S04,,,,,,,,,,fin
71200801000,412D080100,336X,0,+,12.0,,,1.0,S,12S04,,,,,,,,,,den/est/ice/lat/nor
71200801001,412D0801001,336X,0,+,12.0,,,1.0,,12S04,,00X10,,,,,,,,fin
71200801100,412D080110,336X,0,+,12.0,,,1.0,,12S04,,00X10,,,,,,,,den/est/ice/lat
71200802000,412D080200,337X,0,+,12.0,,,,S,12S04,,,,,,,,,,den/est/fin/ice/lat/nor
71200802001,412D0802001,337N,0,+,12.0,,,,S,12S04,,,,,,,,,,swe
71200802100,412D080210,337X,0,+,12.0,,,,,12S04,,00X10,,,,,,,,den/est/ice/lat
71200802101,412D0802101,337N,0,+,12.0,,,,,12S04,,00X10,,,,,,,,swe
71200803000,412D080300,337X,0,+,12.0,,,,,12S04,,00X10,,,,,,,,fin
71200921000,412D092100,343X,0,+,12.0,,,,S,12S05,,,,,,,,,,den/swe
71200921001,412D0921001,342N,0,+,12.0,,,,S,12S05,,,,,,,,,,est/fin/ice/lat/nor
71201109000,412D110900,344X,0,+,12.0,12M01,,,S,12S08,,,,,,,,,,fin
71201110000,412D111000,344X,0,+,12.0,12M01,,,S,12S08,,,,,,,,,,den/est/ice/lat/nor
71201110001,412D1110001,344X,0,+,12.0,12M01,,,,12S08,,00X10,,,,,,,,fin
71201110100,412D111010,344X,0,+,12.0,12M01,,,,12S08,,00X10,,,,,,,,den/est/ice/lat
71201111000,412D111100,344X,0,+,12.0,12M01,,,S,12S07,,,,,,,,,,den/est/fin/ice/lat/nor
71201111050,412D111105,344C,0,+,12.0,12M01,,1.0,S,12S08,,,,,,,,,,swe
71201111070,412D111107,344C,0,+,12.0,12M01,,1.0,,12S08,,00X10,,,,,,,,swe
71201111100,412D111110,344X,0,+,12.0,12M01,,,,12S07,,00X10,,,,,,,,den/est/ice/lat
71201111101,412D1111101,344C,0,+,12.0,12M01,,1.0,S,12S07,,,,,,,,,,swe
71201111110,412D111111,344C,0,+,12.0,12M01,,1.0,,12S07,,00X10,,,,,,,,swe
71201111120,412D111112,344N,0,+,12.0,12M01,,,S,12S08,,,,,,,,,,swe
71201111130,412D111113,344N,0,+,12.0,12M01,,,,12S08,,00X10,,,,,,,,swe
71201111140,412D111114,344N,0,+,12.0,12M01,,,S,12S07,,,,,,,,,,swe
71201111150,412D111115,344N,0,+,12.0,12M01,,,,12S07,,00X10,,,,,,,,swe
71201112000,412D111200,344X,0,+,12.0,12M01,,,,12S07,,00X10,,,,,,,,fin
71201121000,412D112100,345X,0,+,12.0,,,,S,12S08,,,,,,,,,,den/est/fin/ice/lat/nor/swe
71201121100,412D112110,345X,0,+,12.0,,,,,12S08,,00X10,,,,,,,,den/est/ice/lat/swe
71201122000,412D112200,345X,0,+,12.0,,,,,12S08,,00X10,,,,,,,,fin
71201200010,412D120001,852N,0,+,,,12P01,,,90T07,,,,,,,,,N,nor
71201200020,412D120002,852N,0,+,,,12P01,,,90T08,,,,,,,,,N,nor
71201300000,412D130000,346X,0,+,12.0,12M01,,1.0,N,,,,,,,,,,,den/est/fin/ice/lat/nor/swe
71201400000,412D140000,347X,0,+,12.0,12M01,,,N,,,,,,,,,,,den/est/ice/lat/nor/swe
71201499300,412D149930,347A,0,+,12.0,12M01,,,N,90T06,,,,,,,,,,fin
71201499400,412D149940,347B,0,+,12.0,12M01,,,N,90T07,,,,,,,,,,fin
71201499500,412D149950,347C,0,+,12.0,12M01,,,N,90T08,,,,,,,,,,fin
71201499510,412D149951,347C,0,+,12.0,12M01,,,N,90T05,,,,,,,,,,fin
71201499600,412D149960,347D,0,+,12.0,12M01,,,N,90T01,90S01,,,,,,,,,fin
71201499610,412D149961,347D,0,+,12.0,12M01,,,N,99S80,,,,,,,,,,fin
71201499990,412D149999,347G,0,+,12.0,12M01,,,N,,,,,,,,,,,fin
71201500000,412D150000,348X,0,+,12.0,12M02,,1.0,N,,,,,,,,,,,den/est/fin/ice/lat/nor
71201600000,412D160000,349X,0,+,12.0,12M02,,,N,,,,,,,,,,,den/est/fin/ice/lat/nor
71201600001,412D1600001,349N,0,+,12.0,12M02,,,N,,,,,,,,,,,swe
71201700000,412D170000,350X,0,+,12.0,12M03,,,N,,,,,,,,,,,den/est/fin/ice/lat/nor
71201700050,412D170005,350C,0,+,12.0,12M03,,1.0,N,,,,,,,,,,,swe
71201700090,412D170009,350N,0,+,12.0,12M03,,,N,,,,,,,,,,,swe
71201811000,412D181100,351X,0,+,12.0,,,,,12S07,,,,,,,,,,den/est/fin/ice/lat/nor/swe
71209010000,412D901000,312X,0,+,12.0,,,1.0,S,11S06,,,,,,>6574,,,,fin
71209011000,412D901100,312X,0,+,12.0,,,1.0,S,11S06,,,,,,>6574,,,,den/est/ice/lat/nor
71209011001,412D9011001,312X,0,+,12.0,,,1.0,,11S06,,00X10,,,,>6574,,,,fin
71209011100,412D901110,312X,0,+,12.0,,,1.0,,11S06,,00X10,,,,>6574,,,,den/est/ice/lat
71209012000,412D901200,313X,0,+,12.0,,,,S,11S06,,,,,,>6574,,,,den/est/fin/ice/lat/nor
71209012100,412D901210,313X,0,+,12.0,,,,,11S06,,00X10,,,,>6574,,,,den/est/ice/lat
71209013000,412D901300,313X,0,+,12.0,,,,,11S06,,00X10,,,,>6574,,,,fin
71209031000,412D903100,314X,0,+,12.0,,,,S,11S06,,,,,,,,,,den/est/fin/ice/lat/nor
71209031001,412D9031001,314N,0,+,12.0,,,,S,11S06,,,,,,,,,,swe
71209031100,412D903110,314X,0,+,12.0,,,,,11S06,,00X10,,,,,,,,den/est/ice/lat
71209031101,412D9031101,314N,0,+,12.0,,,,,11S06,,00X10,,,,,,,,swe
71209032000,412D903200,314X,0,+,12.0,,,,,11S06,,00X10,,,,,,,,fin
71209900000,412D990000,352X,0,+,12.0,,,,N,,,,,,,,,,,den/est/fin/ice/lat/nor/swe
71300110000,413D011000,353X,0,+,13.0,,,,S,13S01,,,,,,,,,,den/est/fin/ice/lat/nor
71300110090,413D011009,353N,0,+,13.0,,,,S,13S01,,,,,,,,,,swe
71300210000,413D021000,357X,0,+,,,13P01,,S,13S02,,,,,,,,,,den/est/fin/ice/lat/nor
71300210001,413D0210001,357M,0,+,,,13P01,2.0,S,13S02,,,,,,,,,,swe
71300210010,413D021001,357M,0,+,,,13P01,2.0,,13S02,,00X10,,,,,,,,swe
71300210050,413D021005,357C,0,+,,,13P01,1.0,S,13S02,,,,,,,,,,swe
71300210060,413D021006,357C,0,+,,,13P01,1.0,,13S02,,00X10,,,,,,,,swe
71300210090,413D021009,357N,0,+,,,13P01,,S,13S02,,,,,,,,,,swe
71300210100,413D021010,357N,0,+,,,13P01,,,13S02,,00X10,,,,,,,,swe
71300211000,413D021100,357X,0,+,,,13P01,,,13S02,,00X10,,,,,,,,den/est/ice/lat
71300220000,413D022000,357X,0,+,,,13P01,,,13S02,,00X10,,,,,,,,fin
71300300000,413D030000,354X,0,+,,,13P02,1.0,S,13S02,,,,,,>0,,,,fin
71300310000,413D031000,354X,0,+,,,13P02,1.0,S,13S02,,,,,,,,,,den/est/ice/lat/nor
71300310001,413D0310001,354X,0,+,,,13P02,1.0,,13S02,,00X10,,,,,,,,fin
71300310002,413D0310002,354M,0,+,,,13P02,2.0,S,13S02,,,,,,,,,,swe
71300310010,413D031001,354M,0,+,,,13P02,2.0,,13S02,,00X10,,,,,,,,swe
71300310050,413D031005,354C,0,+,,,13P02,1.0,S,13S02,,,,,,,,,,swe
71300310060,413D031006,354C,0,+,,,13P02,1.0,,13S02,,00X10,,,,,,,,swe
71300311000,413D031100,354X,0,+,,,13P02,1.0,,13S02,,00X10,,,,>0,,,,den/est/ice/lat
71300320000,413D032000,355X,0,+,,,13P02,,S,13S02,,,,,,,,,,den/est/fin/ice/lat/nor/swe
71300321000,413D032100,355X,0,+,,,13P02,,,13S02,,00X10,,,,,,,,den/est/ice/lat/swe
71300330000,413D033000,355X,0,+,,,13P02,,,13S02,,00X10,,,,,,,,fin
71300500000,413D050000,358X,0,+,13.0,,,1.0,S,13S02,,,,,,,,,,fin
71300510000,413D051000,358X,0,+,13.0,,,1.0,S,13S02,,,,,,,,,,den/est/ice/lat/nor
71300510001,413D0510001,358X,0,+,13.0,,,1.0,,13S02,,00X10,,,,,,,,fin
71300510090,413D051009,358C,0,+,13.0,,,1.0,S,13S02,,,,,,,,,,swe
71300510100,413D051010,358C,0,+,13.0,,,1.0,,13S02,,00X10,,,,,,,,swe
71300511000,413D051100,358X,0,+,13.0,,,1.0,,13S02,,00X10,,,,,,,,den/est/ice/lat
71300520000,413D052000,359X,0,+,13.0,,,,S,13S02,,,,,,,,,,den/est/fin/ice/lat/nor/swe
71300521000,413D052100,359X,0,+,13.0,,,,,13S02,,00X10,,,,,,,,den/est/fin/ice/lat/swe
71300710000,413D071000,356X,0,+,13.0,,,,S,13S05,,,,,,,,,,den/est/fin/ice/lat/nor/swe
71300810000,413D081000,361X,0,+,13.0,,,,S,13S03,,,,,,,,,,den/est/fin/ice/lat/nor
71300810090,413D081009,361N,0,+,13.0,,,,S,13S03,,,,,,,,,,swe
71300910000,413D091000,360X,0,+,13.0,,,,S,13S04,,,,,,,,,,den/est/fin/ice/lat/nor
71300910050,413D091005,360C,0,+,13.0,,,1.0,S,13S04,,,,,,,,,,swe
71300910060,413D091006,360C,0,+,13.0,,,1.0,,13S04,,00X10,,,,,,,,swe
71300910090,413D091009,360N,0,+,13.0,,,,S,13S04,,,,,,,,,,swe
71300910100,413D091010,360N,0,+,13.0,,,,,13S04,,00X10,,,,,,,,swe
71300911000,413D091100,360X,0,+,13.0,,,,,13S04,,00X10,,,,,,,,den/est/ice/lat
71300920000,413D092000,360X,0,+,13.0,,,,,13S04,,00X10,,,,,,,,fin
71301010000,413D101000,363X,0,+,13.0,13M01,,,S,13S06,,,,,,,,,,den/est/fin/ice/lat/nor
71301010050,413D101005,363C,0,+,13.0,13M01,,1.0,S,13S06,,,,,,,,,,swe
71301010060,413D101006,363C,0,+,13.0,13M01,,1.0,,13S06,,00X10,,,,,,,,swe
71301010090,413D101009,363N,0,+,13.0,13M01,,,S,13S06,,,,,,,,,,swe
71301010100,413D101010,363N,0,+,13.0,13M01,,,,13S06,,00X10,,,,,,,,swe
71301011000,413D101100,363X,0,+,13.0,13M01,,,,13S06,,00X10,,,,,,,,den/est/ice/lat
71301020000,413D102000,363X,0,+,13.0,13M01,,,,13S06,,00X10,,,,,,,,fin
71301110000,413D111000,364X,0,+,13.0,,,,S,13S06,,,,,,,,,,den/est/fin/ice/lat/nor
71301110090,413D111009,364N,0,+,13.0,,,,S,13S06,,,,,,,,,,swe
71301110100,413D111010,364N,0,+,13.0,,,,,13S06,,00X10,,,,,,,,swe
71301111000,413D111100,364X,0,+,13.0,,,,,13S06,,00X10,,,,,,,,den/est/ice/lat
71301120000,413D112000,364X,0,+,13.0,,,,,13S06,,00X10,,,,,,,,fin
71301210000,413D121000,362X,0,+,13.0,,,,S,13S07,,,,,,,,,,den/est/fin/ice/lat/nor/swe
71301301000,413D130100,365X,0,+,13.0,,,,S,13S08,,,,,,,,,,den/est/ice/lat/nor
71301301001,413D1301001,365A,0,+,13.0,,,,S,13S20,-,,,,,,,,,fin
71301301050,413D130105,365C,0,+,13.0,,,1.0,S,13S08,,,,,,,,,,swe
71301301060,413D130106,365C,0,+,13.0,,,1.0,,13S08,,00X10,,,,,,,,swe
71301301090,413D130109,365N,0,+,13.0,,,,S,13S08,,,,,,,,,,swe
71301301100,413D130110,365X,0,+,13.0,,,,,13S08,,00X10,,,,,,,,den/est/ice/lat
71301301101,413D1301101,365N,0,+,13.0,,,,,13S08,,00X10,,,,,,,,swe
71301301900,413D130190,365B,0,+,13.0,,,,S,13S08,,,,,,,,,,fin
71301302000,413D130200,365B,0,+,13.0,,,,,13S08,,00X10,,,,,,,,fin
71301500000,413D150000,366X,0,+,13.0,13M01,,1.0,N,,,,,,,,,,,den/est/fin/ice/lat/nor
71301500001,413D1500001,366M,0,+,13.0,13M01,,2.0,N,,,,,,,,,,,swe
71301500050,413D150005,366C,0,+,13.0,13M01,,1.0,N,,,,,,,,,,,swe
71301510000,413D151000,367X,0,+,13.0,13M01,,,N,,,,,,,,,,,den/est/ice/lat/nor/swe
71301510010,413D151001,367A,0,+,13.0,13M01,,,N,90T05,,,,,,,,,,fin
71301510200,413D151020,367B,0,+,13.0,13M01,,,N,90T01,90S01,,,,,,,,,fin
71301510300,413D151030,367B,0,+,13.0,13M01,,,N,99S80,,,,,,,,,,fin
71301519900,413D151990,367E,0,+,13.0,13M01,,,N,,,,,,,,,,,fin
71301600000,413D160000,368X,0,+,13.0,13M03,,,N,,,,,,,,,,,den/est/fin/ice/lat/nor
71301600050,413D160005,368C,0,+,13.0,13M03,,1.0,N,,,,,,,,,,,swe
71301600090,413D160009,368N,0,+,13.0,13M03,,,N,,,,,,,,,,,swe
71301700000,413D170000,369X,0,+,13.0,,,,N,,,,,,,,,,,den/est/fin/ice/lat/nor
71301700050,413D170005,369C,0,+,13.0,,,1.0,N,,,,,,,,,,,swe
71301700090,413D170009,369N,0,+,13.0,,,,N,,,,,,,,,,,swe
71400111000,414D011100,468X,7,+,14.0,,,,S,99S90,,14X03,,,,,,,,den/est/fin/ice/lat/nor
71400111001,414D0111001,468M,7,+,14.0,,,2.0,S,99S90,,14X03,,,,,,,,swe
71400111050,414D011105,468C,7,+,14.0,,,1.0,S,99S90,,14X03,,,,,,,,swe
71400111090,414D011109,468N,7,+,14.0,,,,S,99S90,,14X03,,,,,,,,swe
71400220910,414D022091,477N,7,+,14.0,,,,S,,,14X03,,,,,,,,swe
71400221000,414D022100,477X,7,+,14.0,,,,S,,,14X03,,,,,,,,den/est/fin/ice/lat/nor
71401210000,414D121000,377N,0,+,14.0,,,,S,,,,,,,,,,,den/est/fin/ice/lat/nor
71401210001,414D1210001,377X,0,+,14.0,,,,S,,,,,,,,,,,swe
71401211000,414D121100,377N,0,+,14.0,,,,,,,00X10,,,,,,,,den/est/fin/ice/lat
71401211001,414D1211001,377X,0,+,14.0,,,,,,,00X10,,,,,,,,swe
71401310000,414D131000,376X,0,+,14.0,,,,N,,,14X05,,,,,,,,den/est/fin/ice/lat/nor
71401320000,414D132000,376X,0,+,14.0,,,,N,,,14X32,,,,,,,,den/est/fin/ice/lat/nor
71401320010,414D132001,376C,0,+,14.0,,,1.0,N,,,14X05,,,,,,,,swe
71401320020,414D132002,376C,0,+,14.0,,,1.0,N,,,14X32,,,,,,,,swe
71401320030,414D132003,376C,0,+,14.0,,,1.0,N,,,14X04,,,,,,,,swe
71401330010,414D133001,376N,0,+,14.0,,,,N,,,14X05,,,,,,,,swe
71401330020,414D133002,376N,0,+,14.0,,,,N,,,14X32,,,,,,,,swe
71401330030,414D133003,376N,0,+,14.0,,,,N,,,14X04,,,,,,,,swe
71403400000,414D340000,376X,0,+,14.0,,,,N,,,14X04,,,,,,,,den/est/fin/ice/lat/nor
71403500000,414D350000,379X,0,+,14.0,14M04,,,N,,,,,,,,,,,den/est/fin/ice/lat/nor
71403500050,414D350005,379C,0,+,14.0,14M04,,1.0,N,,,,,,,,,,,swe
71403500090,414D350009,379N,0,+,14.0,14M04,,,N,,,,,,,,,,,swe
71403510000,414D351000,382X,0,+,14.0,14M06,,,N,,,,,,,,,,,den/est/fin/ice/lat/nor/swe
71403700000,414D370000,383X,0,+,14.0,,,,N,,,14X10,,,,,,,,den/est/fin/ice/lat/nor
71403700090,414D370009,383N,0,+,14.0,,,,N,,,14X10,,,,,,,,swe
71403710000,414D371000,384X,0,+,14.0,,,,N,,,,,,,,,,,den/est/fin/ice/lat/nor
71403710050,414D371005,384C,0,+,14.0,,,1.0,N,,,,,,,,,,,swe
71403710090,414D371009,384N,0,+,14.0,,,,N,,,,,,,,,,,swe
71600111000,416D011100,392X,0,+,16.0,,,,S,16S01,,,,,,>6574,,,,den/est/fin/ice/lat/nor
71600111010,416D011101,392X,0,+,16.0,,,,S,16S10,,,,,,>6574,,,,nor
71600121000,416D012100,393X,0,+,16.0,,,,S,16S01,,,,,,,,,,den/est/fin/ice/lat/nor
71600121001,416D0121001,393N,0,+,16.0,,,,S,16S01,,,,,,,,,,swe
71600121020,416D012102,393X,0,+,16.0,,,,S,16S10,,,,,,,,,,nor
71600310000,416D031000,394X,0,+,16.0,,,,S,16S02,,,,,,,,,,den/est/fin/ice/lat/nor/swe
71600310100,416D031010,394X,0,+,16.0,,,,,16S02,,00X10,,,,,,,,swe
71600311000,416D031100,394X,0,+,16.0,,,,,16S02,,00X10,,,,,,,,den/est/fin/lat
71600311001,416D0311001,394X,0,+,16.0,,,,,,,00X10,,,,,,,,ice
71600311100,416D031110,394X,0,+,16.0,,,,,,,00X10,,,,,,,,swe
71600312000,416D031200,394X,0,+,16.0,,,,,,,00X10,,,,,,,,den/est/lat
71600510000,416D051000,395X,0,+,16.0,16M01,,,N,,,,,,,>6574,,,,den/est/fin/ice/lat/nor
71600510001,416D0510001,395M,0,+,16.0,16M01,,2.0,N,,,,,,,>6574,,,,swe
71600510050,416D051005,395C,0,+,16.0,16M01,,1.0,N,,,,,,,>6574,,,,swe
71600510090,416D051009,395N,0,+,16.0,16M01,,,N,,,,,,,>6574,,,,swe
71600520000,416D052000,396X,0,+,16.0,16M01,,,N,,,,,,,,,,,den/est/fin/ice/lat/nor/swe
71600600000,416D060000,397X,0,+,16.0,16M02,,,N,,,,,,,,,,,den/est/fin/ice/lat/nor
71600600050,416D060005,397C,0,+,16.0,16M02,,1.0,N,,,,,,,,,,,swe
71600600090,416D060009,397N,0,+,16.0,16M02,,,N,,,,,,,,,,,swe
71600700000,416D070000,398X,0,+,16.0,,,1.0,N,,,,,,,,,,,den/est/fin/ice/lat/nor
71600700001,416D0700001,398M,0,+,16.0,,,2.0,N,,,,,,,,,,,swe
71600700090,416D070009,398C,0,+,16.0,,,1.0,N,,,,,,,,,,,swe
71600800000,416D080000,399X,0,+,16.0,,,,N,,,,,,,,,,,den/est/fin/ice/lat/nor/swe
71700300000,417D030000,400X,0,+,17.0,17M01,,,S,17S01,,,,,,,,,,den/est/fin/ice/lat/nor
71700300001,417D0300001,400C,0,+,17.0,17M01,,1.0,S,17S01,,,,,,,,,,swe
71700300010,417D030001,400X,0,+,17.0,17M01,,,,17S01,,00X10,,,,,,,,den/est/fin/ice/lat
71700300011,417D0300011,400C,0,+,17.0,17M01,,1.0,,17S01,,00X10,,,,,,,,swe
71700300020,417D030002,400X,0,+,17.0,17M02,,,S,17S01,,,,,,,,,,den/est/fin/ice/lat/nor
71700300021,417D0300021,400C,0,+,17.0,17M02,,1.0,S,17S01,,,,,,,,,,swe
71700300030,417D030003,400X,0,+,17.0,17M02,,,,17S01,,00X10,,,,,,,,den/est/fin/ice/lat
71700300031,417D0300031,400C,0,+,17.0,17M02,,1.0,,17S01,,00X10,,,,,,,,swe
71700300100,417D030010,400N,0,+,17.0,17M01,,,S,17S01,,,,,,,,,,swe
71700300110,417D030011,400N,0,+,17.0,17M01,,,,17S01,,00X10,,,,,,,,swe
71700300120,417D030012,473X,0,+,17.0,17M01,,,,,,,,,,>6574,,,,den/est/fin/ice/lat/nor
71700300121,417D0300121,400N,0,+,17.0,17M02,,,S,17S01,,,,,,,,,,swe
71700300130,417D030013,400N,0,+,17.0,17M02,,,,17S01,,00X10,,,,,,,,swe
71700300140,417D030014,405X,0,+,17.0,17M01,,,,,,,,,,,,,,den/est/fin/ice/lat/nor
71700301000,417D030100,473M,0,+,17.0,17M01,,2.0,,,,,,,,>6574,,,,swe
71700301050,417D030105,473C,0,+,17.0,17M01,,1.0,,,,,,,,>6574,,,,swe
71700301090,417D030109,473N,0,+,17.0,17M01,,,,,,,,,,>6574,,,,swe
71700302050,417D030205,405C,0,+,17.0,17M01,,1.0,,,,,,,,,,,,swe
71700302090,417D030209,405N,0,+,17.0,17M01,,,,,,,,,,,,,,swe
71700410000,417D041000,401X,0,+,17.0,17M02,,1.0,S,,,,,,,,,,,den/est/fin/ice/lat/nor/swe
71700411000,417D041100,401X,0,+,17.0,17M02,,1.0,,,,00X10,,,,,,,,den/est/fin/ice/lat
71700420000,417D042000,402X,0,+,17.0,17M02,,,S,,,,,,,,,,,den/est/fin/ice/lat/nor/swe
71700421000,417D042100,402X,0,+,17.0,17M02,,,,,,00X10,,,,,,,,den/est/ice/lat
71700430000,417D043000,402X,0,+,17.0,17M02,,,,,,00X10,,,,,,,,fin
71700600000,417D060000,403X,0,+,17.0,17M02,,1.0,,,,,,,,,,,,den/est/fin/ice/lat/nor
71700600001,417D0600001,403M,0,+,17.0,17M02,,2.0,,,,,,,,,,,,swe
71700600090,417D060009,403C,0,+,17.0,17M02,,1.0,,,,,,,,,,,,swe
71700700000,417D070000,404X,0,+,17.0,17M02,,,,,,,,,,,,,,den/est/ice/lat/nor/swe
71700799400,417D079940,404A,0,+,17.0,17M02,,,,90T06,,,,,,,,,,fin
71700799500,417D079950,404B,0,+,17.0,17M02,,,,90T07,,,,,,,,,,fin
71700799510,417D079951,404B,0,+,17.0,17M02,,,,90T08,,,,,,,,,,fin
71700799520,417D079952,404B,0,+,17.0,17M02,,,,90T05,,,,,,,,,,fin
71700799600,417D079960,404C,0,+,17.0,17M02,,,,90T01,90S01,,,,,,,,,fin
71700799610,417D079961,404C,0,+,17.0,17M02,,,,99S80,,,,,,,,,,fin
71700799990,417D079999,404F,0,+,17.0,17M02,,,,,,,,,,,,,,fin
71700810000,417D081000,406X,0,+,17.0,17M05,,1.0,S,17S01,,,,,,,,,,fin
71700811000,417D081100,406X,0,+,17.0,17M05,,1.0,S,17S01,,,,,,,,,,den/est/ice/lat/nor
71700811001,417D0811001,406X,0,+,17.0,17M05,,1.0,,17S01,,00X10,,,,,,,,fin
71700811100,417D081110,406X,0,+,17.0,17M05,,1.0,,17S01,,00X10,,,,,,,,den/est/ice/lat
71700812000,417D081200,406X,0,+,17.0,17M06,,1.0,S,17S01,,,,,,,,,,den/est/fin/ice/lat/nor
71700812100,417D081210,406X,0,+,17.0,17M06,,1.0,,17S01,,00X10,,,,,,,,den/est/ice/lat
71700813000,417D081300,406X,0,+,17.0,17M06,,1.0,,17S01,,00X10,,,,,,,,fin
71700820000,417D082000,407X,0,+,17.0,17M05,,,S,17S01,,,,,,,,,,fin
71700821000,417D082100,407X,0,+,17.0,17M05,,,S,17S01,,,,,,,,,,den/est/ice/lat/nor
71700821001,417D0821001,407X,0,+,17.0,17M05,,,,17S01,,00X10,,,,,,,,fin
71700821002,417D0821002,407N,0,+,17.0,17M05,,,S,17S01,,,,,,,,,,swe
71700821100,417D082110,407X,0,+,17.0,17M05,,,,17S01,,00X10,,,,,,,,den/est/ice/lat
71700821101,417D0821101,407N,0,+,17.0,17M05,,,,17S01,,00X10,,,,,,,,swe
71700822000,417D082200,407X,0,+,17.0,17M06,,,S,17S01,,,,,,,,,,den/est/fin/ice/lat/nor
71700822001,417D0822001,407N,0,+,17.0,17M06,,,S,17S01,,,,,,,,,,swe
71700822100,417D082210,407X,0,+,17.0,17M06,,,,17S01,,00X10,,,,,,,,den/est/ice/lat
71700822101,417D0822101,407N,0,+,17.0,17M06,,,,17S01,,00X10,,,,,,,,swe
71700823000,417D082300,407X,0,+,17.0,17M06,,,,17S01,,00X10,,,,,,,,fin
71701000000,417D100000,408X,0,+,17.0,17M05,,,S,,,,,,,,,,,fin
71701010000,417D101000,408X,0,+,17.0,17M05,,,S,,,,,,,,,,,den/est/ice/lat/nor
71701010001,417D1010001,408X,0,+,17.0,17M05,,,,,,00X10,,,,,,,,fin
71701010002,417D1010002,408C,0,+,17.0,17M05,,1.0,S,,,,,,,,,,,swe
71701010010,417D101001,408C,0,+,17.0,17M06,,1.0,S,,,,,,,,,,,swe
71701011000,417D101100,408X,0,+,17.0,17M05,,,,,,00X10,,,,,,,,den/est/ice/lat
71701020000,417D102000,408X,0,+,17.0,17M06,,,S,,,,,,,,,,,den/est/fin/ice/lat/nor
71701020001,417D1020001,408N,0,+,17.0,17M05,,,S,,,,,,,,,,,swe
71701020010,417D102001,408N,0,+,17.0,17M06,,,S,,,,,,,,,,,swe
71701021000,417D102100,408X,0,+,17.0,17M06,,,,,,00X10,,,,,,,,den/est/ice/lat
71701030000,417D103000,408X,0,+,17.0,17M06,,,,,,00X10,,,,,,,,fin
71701110000,417D111000,409X,0,+,17.0,17M10,,,,,,,,,,,,,,den/est/fin/ice/lat
71701110030,417D111003,003N,0,+,17.0,,,,S,01S50,,,,,,,,,,den/ice/lat/nor/swe
71701110050,417D111005,409C,0,+,17.0,17M10,,1.0,,,,,,,,,,,,swe
71701110090,417D111009,409N,0,+,17.0,17M10,,,,,,,,,,,,,,swe
71701210000,417D121000,492X,0,+,17.0,17M11,,,,,,17X01,,,,,,,,den/est/fin/ice/lat/swe
71701390000,417D139000,410X,0,+,17.0,17M11,,,,,,,,,,,,,,den/est/fin/ice/lat/swe
71701430000,417D143000,411N,0,+,17.0,17M05,,,,,,,,,,,,,,den/est/fin/ice/lat/nor
71701430090,417D143009,411N,0,+,17.0,17M05,,,,,,,,,,,,,,swe
71701700000,417D170000,413X,0,+,17.0,,,1.0,N,,,,,,,,,,,den/est/fin/ice/lat/nor
71701700001,417D1700001,413M,0,+,17.0,,,2.0,N,,,,,,,,,,,swe
71701700090,417D170009,413C,0,+,17.0,,,1.0,N,,,,,,,,,,,swe
71701710000,417D171000,414X,0,+,17.0,,,,N,,,,,,,,,,,den/est/fin/ice/lat/nor/swe
71800110000,418D011000,415X,0,+,18.0,,,,S,,,,,,,,,,,den/est/fin/ice/lat/nor
71800110001,418D0110001,415M,0,+,18.0,,,2.0,S,,,,,,,,,,,swe
71800110010,418D011001,415M,0,+,18.0,,,2.0,,,,00X10,,,,,,,,swe
71800110050,418D011005,415C,0,+,18.0,,,1.0,S,,,,,,,,,,,swe
71800110060,418D011006,415C,0,+,18.0,,,1.0,,,,00X10,,,,,,,,swe
71800110090,418D011009,415N,0,+,18.0,,,,S,,,,,,,,,,,swe
71800110100,418D011010,415N,0,+,18.0,,,,,,,00X10,,,,,,,,swe
71800111000,418D011100,415X,0,+,18.0,,,,,,,00X10,,,,,,,,den/est/fin/lat
71800120000,418D012000,415X,0,+,18.0,,,,,,,00X10,,,,,,,,ice
71800210000,418D021000,416N,0,+,18.0,18M01,,,,,,,,,,>6574,,,,den/est/fin/ice/lat/nor
71800210001,418D0210001,416M,0,+,18.0,18M01,,2.0,,,,,,,,>6574,,,,swe
71800210050,418D021005,416C,0,+,18.0,18M01,,1.0,,,,,,,,>6574,,,,swe
71800210090,418D021009,416N,0,+,18.0,18M01,,,,,,,,,,>6574,,,,swe
71800220000,418D022000,417N,0,+,18.0,18M01,,,,,,,,,,,,,,den/est/fin/ice/lat/nor
71800220090,418D022009,417N,0,+,18.0,18M01,,,,,,,,,,,,,,swe
71800400000,418D040000,418X,0,+,18.0,18M02,,,,,,,,,,,,,,den/est/fin/ice/lat/nor
71800400001,418D0400001,418M,0,+,18.0,18M02,,2.0,,,,,,,,,,,,swe
71800400050,418D040005,418C,0,+,18.0,18M02,,1.0,,,,,,,,,,,,swe
71800400090,418D040009,418N,0,+,18.0,18M02,,,,,,,,,,,,,,swe
71800520000,418D052000,419X,0,+,18.0,18M03,,1.0,,,,,,,,>6574,,,,den/est/fin/ice/lat/nor
71800600000,418D060000,420X,0,+,18.0,18M03,,,,,,,,,,>6574,,,,den/est/fin/ice/lat/nor
71800600001,418D0600001,420M,0,+,18.0,18M03,,2.0,,,,,,,,,,,,swe
71800600050,418D060005,420C,0,+,18.0,18M03,,1.0,,,,,,,,,,,,swe
71800600090,418D060009,420N,0,+,18.0,18M03,,,,,,,,,,,,,,swe
71800700000,418D070000,421X,0,+,18.0,18M04,,,,,,,,,,>6574,,,,den/est/fin/ice/lat/nor
71800700001,418D0700001,421M,0,+,18.0,18M04,,2.0,,,,,,,,,,,,swe
71800700050,418D070005,421C,0,+,18.0,18M04,,1.0,,,,,,,,,,,,swe
71800700090,418D070009,421N,0,+,18.0,18M04,,,,,,,,,,,,,,swe
71800810000,418D081000,422X,0,+,18.0,18M03,,,,,,,,,,,,,,den/est/fin/ice/lat/nor
71800820000,418D082000,422X,0,+,18.0,18M04,,,,,,,,,,,,,,den/est/fin/ice/lat/nor
71800900000,418D090000,423X,0,+,18.0,,,,,,,,,,,,,,,den/est/fin/ice/lat/nor
71800900001,418D0900001,423M,0,+,18.0,,,2.0,,,,,,,,,,,,swe
71800900050,418D090005,423C,0,+,18.0,,,1.0,,,,,,,,,,,,swe
71800900090,418D090009,423N,0,+,18.0,,,,,,,,,,,,,,,swe
71900000000,419D000000,432N,0,+,19.0,,,,,,,,,,,,,>90,,den/est/fin/ice/lat
71900000010,419D000001,432M,0,+,19.0,,,,,,,,,,,,,>28,,den/est/ice/lat
71900000100,419D000010,618D,0,+,19.0,,,2.0,,,,,,,,,,>90,,swe
71900000120,419D000012,618E,0,+,19.0,,,1.0,,,,,,,,,,>90,,swe
71900000140,419D000014,618F,0,+,19.0,,,,,,,,,,,,,>90,,swe
71900000160,419D000016,618A,0,+,19.0,,,2.0,,,,,,,,,,>28,,swe
71900000180,419D000018,618B,0,+,19.0,,,1.0,,,,,,,,,,>28,,swe
71900000200,419D000020,618C,0,+,19.0,,,,,,,,,,,,,>28,,swe
71900109900,419D0109900,571X,0,+,19.0,,,,S,01S52,,,,,,,,,,swe
71900109901,419D0109901,570X,0,+,19.0,,,,S,01S51,,,,,,,,,,den/est/fin/ice/lat
71900109950,419D0109910,570X,0,+,19.0,,,,S,01S51,,,,,,,,,,swe
71900109966,P19000P01,P01,0,+,19.0,19M53,,,S,,,,,,,,,,,fin
71900109983,P19000P02,P02,0,+,19.0,,,,,19V15,,,,,,,,,,fin
71900110000,419D011000,424N,0,+,19.0,,,,S,,,,,,,,,,,den/est/fin/ice/lat/nor/swe
71900110010,419D011001,424N,0,+,19.0,,,,,,,00X10,,,,,,,,den/est/fin/ice/lat
71900300000,419D030000,426B,0,+,19.0,19M01,,,,,,,,,,>21914,,,,den/est/ice/lat/nor
71900300005,419D0300005,601E,0,+,19.0,19M01,,1.0,,,,,,,,>21915,,,,swe
71900300007,419D0300007,601F,0,+,19.0,19M01,,,,,,,,,,>21915,,,,swe
71900300100,419D030010,426A,0,+,19.0,19M01,,,,,,,,,,,,,,den/est/ice/lat/nor
71900300104,419D0300104,601A,0,+,19.0,19M01,,1.0,,,,,,,,,,,,swe
71900300106,419D0300106,601B,0,+,19.0,19M01,,,,,,,,,,,,,,swe
71900300200,419D030020,426D,0,+,19.0,19M02,,,,,,,,,,>21914,,,,den/est/ice/lat/nor
71900300203,419D0300203,602E,0,+,19.0,19M02,,2.0,,,,,,,,>21915,,,,swe
71900300205,419D0300205,602F,0,+,19.0,19M02,,1.0,,,,,,,,>21915,,,,swe
71900300207,419D0300207,602G,0,+,19.0,19M02,,,,,,,,,,>21915,,,,swe
71900300400,419D030040,426C,0,+,19.0,19M02,,,,,,,,,,,,,,den/est/ice/lat/nor
71900300404,419D0300404,602A,0,+,19.0,19M02,,1.0,,,,,,,,,,,,swe
71900300406,419D0300406,602B,0,+,19.0,19M02,,,,,,,,,,,,,,swe
71900400000,419D040000,427A,0,+,19.0,19M03,,,,,,,,,,,,,,den/est/ice/lat/nor
71900400004,419D0400004,603A,0,+,19.0,19M03,,1.0,,,,,,,,,,,,swe
71900400006,419D0400006,603B,0,+,19.0,19M03,,,,,,,,,,,,,,swe
71900400100,419D040010,427B,0,+,19.0,19M04,,,,,,,,,,,,,,den/est/ice/lat/nor
71900400104,419D0400104,604A,0,+,19.0,19M04,,1.0,,,,,,,,,,,,swe
71900400106,419D0400106,604B,0,+,19.0,19M04,,,,,,,,,,,,,,swe
71900400200,419D040020,427C,0,+,19.0,19M05,,,,,,,,,,,,,,den/est/ice/lat/nor
71900400204,419D0400204,604E,0,+,19.0,19M05,,1.0,,,,,,,,,,,,swe
71900400206,419D0400206,604F,0,+,19.0,19M05,,,,,,,,,,,,,,swe
71900400300,419D040030,427D,0,+,19.0,19M06,,,,,,,,,,,,,,den/est/ice/lat/nor
71900400304,419D0400304,605A,0,+,19.0,19M06,,1.0,,,,,,,,,,,,swe
71900400306,419D0400306,605B,0,+,19.0,19M06,,,,,,,,,,,,,,swe
71900500000,419D050000,428N,0,+,19.0,19M07,,,,,,,,,,,,,,den/est/ice/lat/nor
71900500004,419D0500004,606A,0,+,19.0,19M07,,1.0,,,,,,,,,,,,swe
71900500006,419D0500006,606B,0,+,19.0,19M07,,,,,,,,,,,,,,swe
71900600094,419D0600094,607A,0,+,19.0,19M08,,2.0,,,,,,,,,,,,swe
71900600100,419D060010,429A,0,+,19.0,19M08,,1.0,,,,,,,,,,,,den/est/ice/lat/nor/swe
71900600200,419D060020,429B,0,+,19.0,19M08,,,,,,,,,,,,,,den/est/ice/lat/nor/swe
71900700000,419D070000,430C,0,+,19.0,19M10,,,,,,,,,,>21914,,,,den/est/ice/lat/nor
71900700005,419D0700005,608I,0,+,19.0,19M10,,1.0,,,,,,,,>21915,,,,swe
71900700007,419D0700007,608J,0,+,19.0,19M10,,,,,,,,,,>21915,,,,swe
71900700100,419D070010,430B,0,+,19.0,19M10,,,,,,,,,,>10957,,,,den/est/ice/lat/nor
71900700104,419D0700104,608C,0,+,19.0,19M10,,1.0,,,,,,,,>10957,,,,swe
71900700106,419D0700106,608D,0,+,19.0,19M10,,,,,,,,,,>10957,,,,swe
71900700200,419D070020,430A,0,+,19.0,19M10,,,,,,,,,,,,,,den/est/ice/lat/nor/swe
71900702000,419D070200,430D,0,+,19.0,19M11,,,,,,,,,,,,,,den/est/ice/lat/nor
71900702004,419D0702004,609A,0,+,19.0,19M11,,1.0,,,,,,,,,,,,swe
71900702006,419D0702006,609B,0,+,19.0,19M11,,,,,,,,,,,,,,swe
71900702100,419D070210,430E,0,+,19.0,19M12,,,,,,,,,,,,,,den/est/ice/lat/nor
71900702104,419D0702104,610A,0,+,19.0,19M12,,1.0,,,,,,,,,,,,swe
71900702106,419D0702106,610B,0,+,19.0,19M12,,,,,,,,,,,,,,swe
71900702200,419D070220,430F,0,+,19.0,19M13,,,,,,,,,,,,,,den/est/ice/lat/nor
71900702204,419D0702204,611A,0,+,19.0,19M13,,1.0,,,,,,,,,,,,swe
71900702206,419D0702206,611B,0,+,19.0,19M13,,,,,,,,,,,,,,swe
71900901200,419D090120,436C,0,+,19.0,19M20,,,,,,19X01,,,,,,,,est/ice/lat/nor
71900901204,419D0901204,619A,0,+,19.0,19M20,,1.0,,,,19X01,,,,,,,,swe
71900901206,419D0901206,619B,0,+,19.0,19M20,,,,,,19X01,,,,,,,,swe
71900902100,419D090210,436A,0,+,19.0,19M20,,1.0,,,,,,,,,,,,den/est/ice/lat/nor
71900902103,419D0902103,436M,0,+,19.0,19M20,,2.0,,,,,,,,,,,,swe
71900902107,419D0902107,620A,0,+,19.0,19M20,,1.0,,,,,,,,,,,,swe
71900902300,419D090230,436B,0,+,19.0,19M20,,,,,,,,,,,,,,den/est/ice/lat/nor
71900902301,419D0902301,436N,0,+,19.0,19M20,,,,,,,,,,,,,,swe
71901000000,419D100000,431A,0,+,19.0,19M30,,,,,,,,,,,,,,den/est/ice/lat/nor
71901000040,419D100004,612A,0,+,19.0,19M30,,1.0,,,,,,,,,,,,swe
71901000060,419D100006,612B,0,+,19.0,19M30,,,,,,,,,,,,,,swe
71901000100,419D100010,431B,0,+,19.0,19M31,,,,,,,,,,,,,,den/est/ice/lat/nor
71901000140,419D100014,613A,0,+,19.0,19M31,,1.0,,,,,,,,,,,,swe
71901000160,419D100016,613B,0,+,19.0,19M31,,,,,,,,,,,,,,swe
71901000200,419D100020,431C,0,+,19.0,19M33,,,,,,,,,,,,,,den/est/ice/lat/nor
71901000240,419D100024,614A,0,+,19.0,19M33,,1.0,,,,,,,,,,,,swe
71901000260,419D100026,614D,0,+,19.0,19M33,,,,,,,,,,,,,,swe
71901100000,419D110000,432A,0,+,19.0,19M32,,,,,,,,,,,,,,den/est/ice/lat/nor
71901100040,419D110004,615A,0,+,19.0,19M32,,1.0,,,,,,,,,,,,swe
71901100060,419D110006,615B,0,+,19.0,19M32,,,,,,,,,,,,,,swe
71909998020,419D999802,616A,0,+,19.0,19M98,,1.0,,,,,,,,,,,,swe
71909998040,419D999804,616B,0,+,19.0,19M98,,,,,,,,,,,,,,swe
71909998520,419D999852,617A,0,+,19.0,,,1.0,,,,,,,,,,,,swe
71909998540,419D999854,617B,0,+,19.0,,,,,,,,,,,,,,,swe
71909999000,419D999900,432B,0,+,19.0,19M98,,,,,,,,,,,,,,den/est/ice/lat/nor
71909999900,419D999990,432C,0,+,19.0,,,,,,,,,,,,,,,den/est/ice/lat/nor
72100111624,P19000P03,P03,0,+,19.0,19M01,,,,,,,,,,,,,,fin
72100111645,P19000P04A,P04A,0,+,19.0,19M03,,,,,,,,,,>6574,,,,fin
72100111655,P19000P04B,P04B,0,+,19.0,19M03,,,,,,,,,,,,,,fin
72100111660,P19000P05,P05,0,+,19.0,19M07,,,,,,,,,,,,,,fin
72100111663,P19000P06,P06,0,+,19.0,19M10,,,,,,,,,,,,,,fin
72100111664,P19000P07C,P07C,0,+,19.0,19M20,,1.0,,,,,,,,,,,,fin
72100111665,P19000P07N,P07N,0,+,19.0,19M20,,,,,,,,,,,,,,fin
72100111776,P19000P08,P08,0,+,19.0,19M30,,,,,,,,,,,,,,fin
72100111832,P19000P09,P09,0,+,19.0,19M31,,,,,,,,,,,,,,fin
72100111860,P19000432A,432A,0,+,19.0,19M32,,,,,,,,,,,,,,fin
72100111874,P19000P10C,P10C,0,+,19.0,19M40,,1.0,,,,,,,,,,,,fin
72100111881,P19000P10N,P10N,0,+,19.0,19M40,,,,,,,,,,,,,,fin
72100111884,P19000P11,P11,0,+,19.0,19M41,,,,,,,,,,,,,,fin
72100111886,P19000P12,P12,0,+,19.0,19M42,,,,,,,,,,,,,,fin
72100111887,P19000P13,P13,0,+,19.0,19M43,,,,,,,,,,,,,,fin
72100111924,P19000P14A,P14A,0,+,19.0,19M45,,,,,,,,,,>6574,,,,fin
72100111943,P19000P14B,P14B,0,+,19.0,19M45,,,,,,,,,,,,,,fin
72100111952,P19000P15,P15,0,+,19.0,19M46,,,,,,,,,,,,,,fin
72100111957,P19000P16,P16,0,+,19.0,19M47,,,,,,,,,,,,,,fin
72100111959,P19000P17A,P17A,0,+,19.0,19M48,,,,,,,,,,>9131,,,,fin
72100111960,P19000P17B,P17B,0,+,19.0,19M48,,,,,,,,,,,,,,fin
72100111961,P19000P18,P18,0,+,19.0,19M49,,,,,,,,,,,,,,fin
72100111974,P19000P19,P19,0,+,19.0,19M50,,,,,,,,,,,,,,fin
72100111980,P19000P20A,P20A,0,+,19.0,19M51,,,,,,,,,,>6574,,,,fin
72100111983,P19000P20B,P20B,0,+,19.0,19M51,,,,,,,,,,,,,,fin
72100111985,P19000P21,P21,0,+,19.0,19M52,,,,,,,,,,,,,,fin
72100111986,P19000P23,P23,0,+,19.0,19M55,,,,,,,,,,,,,,fin
72100111990,P19000P25,432C,0,+,19.0,,,,,,,,,,,,,,,fin
72100111995,421D011100,447X,0,+,21.0,21M02,,,,,,,,,,>6574,,,,den/est/fin/ice/lat/nor
72100112000,421D011200,447X,0,+,21.0,21M03,,,,,,21X06,,,,>6574,,,,den/est/fin/ice/lat/nor
72100121000,421D012100,448X,0,+,21.0,21M02,,,,,,,,,,,,,,den/est/fin/ice/lat/nor
72100122000,421D012200,448X,0,+,21.0,21M03,,,,,,21X06,,,,,,,,den/est/fin/ice/lat/nor
72100122050,421D012205,448C,0,+,21.0,21M02,,1.0,,,,,,,,,,,,swe
72100122060,421D012206,448C,0,+,21.0,21M03,,1.0,,,,21X06,,,,,,,,swe
72100122080,421D012208,448N,0,+,21.0,21M02,,,,,,,,,,,,,,swe
72100122090,421D012209,448N,0,+,21.0,21M03,,,,,,21X06,,,,,,,,swe
72100209000,421D020900,442X,0,+,21.0,,,1.0,S,99S90,,21X05,,,,,,,,fin
72100210000,421D021000,442X,0,+,21.0,,,1.0,S,99S90,,21X05,,,,,,,,den/est/ice/lat/nor
72100210002,421D0210002,443M,0,+,21.0,,,2.0,S,99S90,,21X05,,,,,,,,swe
72100210050,421D021005,443C,0,+,21.0,,,1.0,S,99S90,,21X05,,,,,,,,swe
72100210090,421D021009,443N,0,+,21.0,,,,S,99S90,,21X05,,,,,,,,swe
72100210100,421D021010,442X,0,+,21.0,,,1.0,,99S90,,21X05,00X10,,,,,,,den/est/fin/ice/lat
72100211000,421D021100,443X,0,+,21.0,,,,S,99S90,,21X05,,,,,,,,den/est/fin/ice/lat/nor
72100211100,421D021110,443X,0,+,21.0,,,,,99S90,,21X05,00X10,,,,,,,fin/ice
72100300000,421D030000,452A,0,+,21.0,,,1.0,S,,,21X05,,,,,,,,den/est/fin/lat/nor
72100301000,421D030100,452A,0,+,21.0,,,1.0,,,,21X05,00X10,,,,,,,den/est/fin/lat
72100310000,421D031000,452B,0,+,21.0,,,1.0,,,,21X05,,,,,,,,den/est/fin/ice/lat/nor
72100310001,421D0310001,452M,0,+,21.0,,,2.0,S,,,21X05,,,,,,,,swe
72100310010,421D031001,452M,0,+,21.0,,,2.0,,,,21X05,00X10,,,,,,,swe
72100310050,421D031005,452C,0,+,21.0,,,1.0,S,,,21X05,,,,,,,,swe
72100310060,421D031006,452C,0,+,21.0,,,1.0,,,,21X05,00X10,,,,,,,swe
72100310090,421D031009,452N,0,+,21.0,,,,S,,,21X05,,,,,,,,swe
72100310100,421D031010,452N,0,+,21.0,,,,,,,21X05,00X10,,,,,,,swe
72100320000,421D032000,453A,0,+,21.0,,,,S,,,21X05,,,,,,,,den/est/fin/lat/nor
72100321000,421D032100,453A,0,+,21.0,,,,,,,21X05,00X10,,,,,,,den/est/fin/lat
72100330000,421D033000,453B,0,+,21.0,,,,,,,21X05,,,,,,,,den/est/fin/lat/nor
72100330001,421D0330001,453M,0,+,21.0,,,2.0,,,,21X05,,,,,,,,swe
72100330050,421D033005,453C,0,+,21.0,,,1.0,,,,21X05,,,,,,,,swe
72100330090,421D033009,453N,0,+,21.0,,,,,,,21X05,,,,,,,,swe
72100410000,421D041000,449X,0,+,21.0,21M03,,1.0,,,,,,,,>6574,,,,den/est/fin/ice/lat/nor
72100410001,421D0410001,450M,0,+,21.0,21M03,,2.0,,,,,,,,,,,,swe
72100412000,421D041200,450C,0,+,21.0,21M03,,1.0,,,,,,,,,,,,swe
72100420000,421D042000,450X,0,+,21.0,21M03,,,,,,,,,,>6574,,,,den/est/fin/ice/lat/nor
72100420001,421D0420001,450N,0,+,21.0,21M03,,,,,,,,,,,,,,swe
72100440000,421D044000,451X,0,+,21.0,21M03,,,,,,,,,,,,,,den/est/fin/ice/lat/nor
72100610000,421D061000,439X,0,+,21.0,,,,S,21S02,,,,,,,,,,den/est/fin/ice/lat/nor/swe
72100719000,421D071900,441NB,0,+,21.0,,,,S,21S21,,,,,,,,,,nor
72100719800,421D071980,441X,0,+,21.0,,,,S,21S03,,,,,,,,,,fin
72100719900,421D071990,441X,0,+,21.0,,,,S,21S03,,,,,,,,,,den/est/ice/lat
72100719901,421D0719901,441X,0,+,21.0,,,,,21S03,,00X10,,,,,,,,fin
72100719902,421D0719902,441NA,0,+,21.0,,,,S,21S03,,,,,,,,,,nor
72100719910,421D071991,441X,0,+,21.0,,,,,21S03,,00X10,,,,,,,,den/est/ice/lat
72100810100,421D081010,443M,0,+,21.0,,,2.0,S,21S04,,,,,,,,,,swe
72100810200,421D081020,443M,0,+,21.0,,,2.0,S,21S05,,,,,,,,,,swe
72100810210,421D081021,443M,0,+,21.0,,,2.0,,21S05,,00X10,,,,,,,,swe
72100810300,421D081030,443M,0,+,21.0,,,2.0,S,21S09,,,,,,,,,,swe
72100810310,421D081031,443M,0,+,21.0,,,2.0,,21S09,,00X10,,,,,,,,swe
72100811100,421D081110,442X,0,+,21.0,,,1.0,S,21S04,,,,,,,,,,den/est/fin/ice/lat/nor
72100811101,421D0811101,443C,0,+,21.0,,,1.0,S,21S04,,,,,,,,,,swe
72100811200,421D081120,442X,0,+,21.0,,,1.0,S,21S05,,,,,,,,,,den/est/fin/ice/lat/nor
72100811201,421D0811201,443C,0,+,21.0,,,1.0,S,21S05,,,,,,,,,,swe
72100811210,421D081121,442X,0,+,21.0,,,1.0,,21S05,,00X10,,,,,,,,den/est/fin/ice/lat
72100811211,421D0811211,443C,0,+,21.0,,,1.0,,21S05,,00X10,,,,,,,,swe
72100811300,421D081130,442X,0,+,21.0,,,1.0,S,21S09,,,,,,,,,,den/est/fin/ice/lat/nor
72100811301,421D0811301,443C,0,+,21.0,,,1.0,S,21S09,,,,,,,,,,swe
72100811310,421D081131,442X,0,+,21.0,,,1.0,,21S09,,00X10,,,,,,,,den/est/fin/ice/lat
72100811311,421D0811311,443C,0,+,21.0,,,1.0,,21S09,,00X10,,,,,,,,swe
72100811400,421D081140,442X,0,+,21.0,,,1.0,S,21S20,,21X08,,,,,,,,den/est/fin/ice/lat/nor
72100811500,421D081150,443X,0,+,21.0,,,,S,21S20,,21X08,,,,,,,,den/est/fin/ice/lat/nor
72100812100,421D081210,443X,0,+,21.0,,,,S,21S04,,,,,,,,,,den/est/fin/ice/lat/nor
72100812101,421D0812101,443N,0,+,21.0,,,,S,21S04,,,,,,,,,,swe
72100812200,421D081220,443X,0,+,21.0,,,,S,21S05,,,,,,,,,,den/est/fin/ice/lat/nor
72100812201,421D0812201,443N,0,+,21.0,,,,S,21S05,,,,,,,,,,swe
72100812210,421D081221,443X,0,+,21.0,,,,,21S05,,00X10,,,,,,,,den/est/fin/ice/lat
72100812211,421D0812211,443N,0,+,21.0,,,,,21S05,,00X10,,,,,,,,swe
72100812300,421D081230,443X,0,+,21.0,,,,S,21S09,,,,,,,,,,den/est/fin/ice/lat/nor
72100812301,421D0812301,443N,0,+,21.0,,,,S,21S09,,,,,,,,,,swe
72100812310,421D081231,443X,0,+,21.0,,,,,21S09,,00X10,,,,,,,,den/est/fin/lat
72100812311,421D0812311,443N,0,+,21.0,,,,,21S09,,00X10,,,,,,,,swe
72100812400,421D081240,443X,0,+,21.0,,,,,,,00X10,,,,,,,,den/est/lat
72100812401,421D0812401,443X,0,+,21.0,,,,S,,,,,,,,,,,fin
72100812402,421D0812402,443X,0,+,21.0,,,,,21S09,,00X10,,,,,,,,ice
72100812410,421D081241,443X,0,+,21.0,,,,,,,00X10,,,,,,,,fin
72100812430,421D081243,441X,0,+,21.0,,,,S,21S03,,,,,,,,,,swe
72100812450,421D081245,441X,0,+,21.0,,,,,21S03,,00X10,,,,,,,,swe
72100815010,421D081501,443M,0,+,21.0,,,2.0,,,,00X10,,,,,,,,swe
72100815060,421D081506,443C,0,+,21.0,,,1.0,,,,00X10,,,,,,,,swe
72100815100,421D081510,443N,0,+,21.0,,,,,,,00X10,,,,,,,,swe
72101020100,421D102010,444X,0,+,21.0,21M01,,1.0,N,,,,,,,>6574,,,,den/est/fin/ice/lat/nor
72101025050,421D1020101,444X,0,+,24.0,24M99,,1.0,N,,,,,,,>6574,,,,fin
72101030000,421D103000,445X,0,+,21.0,21M01,,,N,,,,,,,>6574,,,,den/est/fin/ice/lat/nor
72101030016,421D1030002,445X,0,+,24.0,24M99,,,N,,,,,,,>6574,,,,fin
72101030033,421D1030001,445M,0,+,21.0,21M01,,2.0,N,,,,,,,,,,,swe
72101030050,421D103005,445C,0,+,21.0,21M01,,1.0,N,,,,,,,,,,,swe
72101030090,421D103009,445N,0,+,21.0,21M01,,,N,,,,,,,,,,,swe
72101040000,421D104000,446X,0,+,21.0,21M01,,,N,,,,,,,,,,,den/est/fin/ice/lat/nor
72101075000,421D1040001,446X,0,+,24.0,24M99,,,N,,,,,,,,,,,fin
72101110000,421D111000,454X,0,+,21.0,,,1.0,N,,,,,,,,,,,den/est/fin/ice/lat/nor
72101110001,421D1110001,454M,0,+,21.0,,,2.0,N,,,,,,,,,,,swe
72101110050,421D111005,454C,0,+,21.0,,,1.0,N,,,,,,,,,,,swe
72101120000,421D112000,455X,0,+,21.0,,,,N,,,,,,,,,,,den/est/fin/ice/lat/nor/swe
72200100000,422D010000,456X,0,+,22.0,,,,N,,,,,,,,,<6,R,den/est/ice/lat/swe
72200100001,422D0100001,456X,0,+,22.0,,,,N,,,,,,,,,<7,R,nor
72200230100,422D023010,472X,0,+,22.0,,,,S,22S01,,22X01,,,,,,,,den/est/fin/ice/lat/nor/swe
72200230110,422D023011,472X,0,+,22.0,,,,,22S01,,22X01,00X10,,,,,,,den/est/fin/ice/lat/swe
72200230200,422D023020,472X,0,+,22.0,,,,S,22S01,,22X02,22X10,,,,,,,den/est/fin/ice/lat/nor/swe
72200230210,422D023021,472X,0,+,22.0,,,,,22S01,,22X02,22X10,00X10,,,,,,den/est/fin/ice/lat/swe
72200230300,422D023030,472X,0,+,22.0,,,,S,22S01,,22X02,22X03,,,,,,,den/est/fin/ice/lat/nor/swe
72200230310,422D023031,472X,0,+,22.0,,,,,22S01,,22X02,22X03,00X10,,,,,,den/est/fin/ice/lat/swe
72200230400,422D023040,472X,0,+,22.0,,,,S,22S01,,22X02,22X04,,,,,,,den/est/fin/ice/lat/nor/swe
72200230410,422D023041,472X,0,+,22.0,,,,,22S01,,22X02,22X04,00X10,,,,,,den/est/fin/ice/lat/swe
72200230500,422D023050,472X,0,+,22.0,,,,S,22S01,,22X02,22X05,,,,,,,den/est/fin/ice/lat/nor/swe
72200230510,422D023051,472X,0,+,22.0,,,,,22S01,,22X02,22X05,00X10,,,,,,den/est/fin/ice/lat/swe
72200230600,422D023060,472X,0,+,22.0,,,,S,22S01,,22X03,22X10,,,,,,,den/est/fin/ice/lat/nor/swe
72200230610,422D023061,472X,0,+,22.0,,,,,22S01,,22X03,22X10,00X10,,,,,,den/est/fin/ice/lat/swe
72200230700,422D023070,472X,0,+,22.0,,,,S,22S01,,22X03,22X04,,,,,,,den/est/fin/ice/lat/nor/swe
72200230710,422D023071,472X,0,+,22.0,,,,,22S01,,22X03,22X04,00X10,,,,,,den/est/fin/ice/lat/swe
72200230800,422D023080,472X,0,+,22.0,,,,S,22S01,,22X03,22X05,,,,,,,den/est/fin/ice/lat/nor/swe
72200230810,422D023081,472X,0,+,22.0,,,,,22S01,,22X03,22X05,00X10,,,,,,den/est/fin/ice/lat/swe
72200230900,422D023090,472X,0,+,22.0,,,,S,22S01,,22X04,22X10,,,,,,,den/est/fin/ice/lat/nor/swe
72200230910,422D023091,472X,0,+,22.0,,,,,22S01,,22X04,22X10,00X10,,,,,,den/est/fin/ice/lat/swe
72200231000,422D023100,472X,0,+,22.0,,,,S,22S01,,22X04,22X05,,,,,,,den/est/fin/ice/lat/nor/swe
72200231010,422D023101,472X,0,+,22.0,,,,,22S01,,22X04,22X05,00X10,,,,,,den/est/fin/ice/lat/swe
72200231100,422D023110,472X,0,+,22.0,,,,S,22S01,,22X05,22X10,,,,,,,den/est/fin/ice/lat/nor/swe
72200231110,422D023111,472X,0,+,22.0,,,,,22S01,,22X05,22X10,00X10,,,,,,den/est/fin/ice/lat/swe
72200240100,422D024010,472X,0,+,22.0,,,,S,22S02,,22X01,,,,,,,,den/est/fin/ice/lat/nor/swe
72200240110,422D024011,472X,0,+,22.0,,,,,22S02,,22X01,00X10,,,,,,,den/est/fin/ice/lat/swe
72200240200,422D024020,472X,0,+,22.0,,,,S,22S02,,22X02,22X10,,,,,,,den/est/fin/ice/lat/nor/swe
72200240210,422D024021,472X,0,+,22.0,,,,,22S02,,22X02,22X10,00X10,,,,,,den/est/fin/ice/lat/swe
72200240300,422D024030,472X,0,+,22.0,,,,S,22S02,,22X02,22X03,,,,,,,den/est/fin/ice/lat/nor/swe
72200240310,422D024031,472X,0,+,22.0,,,,,22S02,,22X02,22X03,00X10,,,,,,den/est/fin/ice/lat/swe
72200240400,422D024040,472X,0,+,22.0,,,,S,22S02,,22X02,22X04,,,,,,,den/est/fin/ice/lat/nor/swe
72200240410,422D024041,472X,0,+,22.0,,,,,22S02,,22X02,22X04,00X10,,,,,,den/est/fin/ice/lat/swe
72200240500,422D024050,472X,0,+,22.0,,,,S,22S02,,22X02,22X05,,,,,,,den/est/fin/ice/lat/nor/swe
72200240510,422D024051,472X,0,+,22.0,,,,,22S02,,22X02,22X05,00X10,,,,,,den/est/fin/ice/lat/swe
72200240600,422D024060,472X,0,+,22.0,,,,S,22S02,,22X03,22X10,,,,,,,den/est/fin/ice/lat/nor/swe
72200240610,422D024061,472X,0,+,22.0,,,,,22S02,,22X03,22X10,00X10,,,,,,den/est/fin/ice/lat/swe
72200240700,422D024070,472X,0,+,22.0,,,,S,22S02,,22X03,22X04,,,,,,,den/est/fin/ice/lat/nor/swe
72200240710,422D024071,472X,0,+,22.0,,,,,22S02,,22X03,22X04,00X10,,,,,,den/est/fin/ice/lat/swe
72200240800,422D024080,472X,0,+,22.0,,,,S,22S02,,22X03,22X05,,,,,,,den/est/fin/ice/lat/nor/swe
72200240810,422D024081,472X,0,+,22.0,,,,,22S02,,22X03,22X05,00X10,,,,,,den/est/fin/ice/lat/swe
72200240900,422D024090,472X,0,+,22.0,,,,S,22S02,,22X04,22X10,,,,,,,den/est/fin/ice/lat/nor/swe
72200240910,422D024091,472X,0,+,22.0,,,,,22S02,,22X04,22X10,00X10,,,,,,den/est/fin/ice/lat/swe
72200241000,422D024100,472X,0,+,22.0,,,,S,22S02,,22X04,22X05,,,,,,,den/est/fin/ice/lat/nor/swe
72200241010,422D024101,472X,0,+,22.0,,,,,22S02,,22X04,22X05,00X10,,,,,,den/est/fin/ice/lat/swe
72200241100,422D024110,472X,0,+,22.0,,,,S,22S02,,22X05,22X10,,,,,,,den/est/fin/ice/lat/nor/swe
72200241110,422D024111,472X,0,+,22.0,,,,,22S02,,22X05,22X10,00X10,,,,,,den/est/fin/ice/lat/swe
72200241200,422D024120,530X,0,+,22.0,,,,S,,,00X10,,,,,,,,den/est/lat
72200301000,422D030100,457X,0,+,22.0,,,,N,,,22X01,,,,,,,,den/est/fin/ice/lat/nor/swe
72200302000,422D030200,457X,0,+,22.0,,,,N,,,22X02,22X10,,,,,,,den/est/fin/ice/lat/nor/swe
72200303000,422D030300,457X,0,+,22.0,,,,N,,,22X02,22X03,,,,,,,den/est/fin/ice/lat/nor/swe
72200304000,422D030400,457X,0,+,22.0,,,,N,,,22X02,22X04,,,,,,,den/est/fin/ice/lat/nor/swe
72200305000,422D030500,457X,0,+,22.0,,,,N,,,22X02,22X05,,,,,,,den/est/fin/ice/lat/nor/swe
72200306000,422D030600,457X,0,+,22.0,,,,N,,,22X03,22X10,,,,,,,den/est/fin/ice/lat/nor/swe
72200307000,422D030700,457X,0,+,22.0,,,,N,,,22X03,22X04,,,,,,,den/est/fin/ice/lat/nor/swe
72200308000,422D030800,457X,0,+,22.0,,,,N,,,22X03,22X05,,,,,,,den/est/fin/ice/lat/nor/swe
72200309000,422D030900,457X,0,+,22.0,,,,N,,,22X04,22X10,,,,,,,den/est/fin/ice/lat/nor/swe
72200310000,422D031000,457X,0,+,22.0,,,,N,,,22X04,22X05,,,,,,,den/est/fin/ice/lat/nor/swe
72200311000,422D031100,457X,0,+,22.0,,,,N,,,22X05,22X10,,,,,,,den/est/fin/ice/lat/nor/swe
72200410000,422D041000,458X,0,+,22.0,,,,S,22S01,,,,,,,,,,den/est/ice/lat/nor/swe
72200410010,422D041001,458A,0,+,22.0,,,,S,22S01,,00X10,,,,,,,,fin
72200410020,422D041002,458B,0,+,22.0,,,,S,22S01,,,,,,,,,,fin
72200411000,422D041100,458X,0,+,22.0,,,,,22S01,,00X10,,,,,,,,den/est/ice/lat/swe
72200510000,422D051000,459X,0,+,22.0,,,,S,22S02,,,,,,,,,,den/est/fin/ice/lat/nor/swe
72200511000,422D051100,459X,0,+,22.0,,,,,22S02,,00X10,,,,,,,,den/est/ice/lat/swe
72200520000,422D052000,459X,0,+,22.0,,,,,22S02,,00X10,,,,,,,,fin
72200700000,422D070000,460X,0,+,22.0,,,,N,,,,,,,,,,,den/est/fin/ice/lat/nor/swe
72300100200,423D010020,462A,0,+,23.0,23M01,,,,,,23X11,,,,,,>1,,nor
72300100300,423D010030,462B,0,+,23.0,23M01,,,,,,23X11,,,,,,,,nor
72300100400,423D010040,462B,0,+,23.0,23M01,,,,,,23X10,,,,,,,,nor
72300200000,423D020000,461X,0,+,23.0,,,,S,,,,,,,,,,,den/est/fin/ice/lat/nor
72300200001,423D0200001,461M,0,+,23.0,,,2.0,S,,,,,,,,,,,swe
72300200050,423D020005,461C,0,+,23.0,,,1.0,S,,,,,,,,,,,swe
72300200090,423D020009,461N,0,+,23.0,,,,S,,,,,,,,,,,swe
72300201000,423D020100,461X,0,+,23.0,,,,,,,00X10,,,,,,,,den/est/ice/lat
72300210000,423D021000,461X,0,+,23.0,,,,,,,00X10,,,,,,,,fin
72300210001,423D0210001,462X,0,+,23.0,23M01,,,,,,,,,,,,,,nor
72300410000,423D041000,463X,0,+,23.0,23M02,,1.0,,,,,,,,,,,,den/est/fin/ice/lat/nor
72300410001,423D0410001,463M,0,+,23.0,23M02,,2.0,,,,,,,,,,,,swe
72300410050,423D041005,463C,0,+,23.0,23M02,,1.0,,,,,,,,,,,,swe
72300420000,423D042000,464X,0,+,23.0,23M02,,,,,,,,,,,,,,den/est/fin/ice/lat/nor/swe
72300500000,423D050000,465X,0,+,23.0,23M03,,,,,,23K01,,,,,,,,est/fin/ice/lat/nor
72300500050,423D050005,465C,0,+,23.0,23M03,,1.0,,,,23K01,,,,,,,,swe
72300500090,423D050009,465N,0,+,23.0,23M03,,,,,,23K01,,,,,,,,swe
72300550045,423D050105,W21C,0,+,23.0,23M03,,1.0,,,,05K99,,,,,,,,swe
72300575022,423D050109,W21E,0,+,23.0,23M03,,,,,,05K99,,,,,,,,swe
72300600000,423D060000,466X,0,+,23.0,23M03,,,,,,,,,,,,,,den/est/fin/ice/lat/nor
72300600050,423D060005,466C,0,+,23.0,23M03,,1.0,,,,,,,,,,,,swe
72300600090,423D060009,466N,0,+,23.0,23M03,,,,,,,,,,,,,,swe
72300611000,423D061100,035X,0,+,23.0,23M04,,,N,,,01K99,,,,,,,,est/fin/ice/lat/swe
72300611500,423D0611001,035X,0,+,23.0,23M04,,,N,,,01X99,,,,,,,,nor
72300612000,423D061200,047X,0,+,23.0,23M04,,,N,,,02K99,,,,>6574,,,,est/fin/ice/lat
72300612050,423D0612001,047X,0,+,23.0,23M04,,,N,,,02X99,,,,>6574,,,,nor
72300612100,423D061210,048X,0,+,23.0,23M04,,,N,,,02K99,,,,,,,,est/fin/ice/lat
72300612145,423D0612101,048X,0,+,23.0,23M04,,,N,,,02X99,,,,,,,,nor
72300612190,423D061219,048N,0,+,23.0,23M04,,,N,,,02K99,,,,,,,,swe
72300613000,423D061300,073X,0,+,23.0,23M04,,,N,,,03K99,,,,>6574,,,,est/fin/ice/lat
72300613050,423D0613001,073X,0,+,23.0,23M04,,,N,,,03X99,,,,>6574,,,,nor
72300613100,423D061310,074X,0,+,23.0,23M04,,,N,,,03K99,,,,,,,,est/fin/ice/lat
72300613145,423D0613101,074X,0,+,23.0,23M04,,,N,,,03X99,,,,,,,,nor
72300613190,423D061319,073N,0,+,23.0,23M04,,,N,,,03K99,,,,>6574,,,,swe
72300613200,423D061320,074X,0,+,23.0,23M04,,,N,,,03K99,,,,,,,,swe
72300614000,423D061400,102X,0,+,23.0,23M04,,,N,,,04K99,,,,,,,,est/fin/ice/lat
72300614333,423D0614002,102X,0,+,23.0,23M04,,,N,,,04X99,,,,,,,,nor
72300614666,423D0614001,102N,0,+,23.0,23M04,,,N,,,04K99,,,,,,,,swe
72300615000,423D061500,145X,0,+,23.0,23M04,,,N,,,05K99,,,,,,,,est/fin/ice/lat/swe
72300615500,423D0615001,145X,0,+,23.0,23M04,,,N,,,05X99,,,,,,,,nor
72300616000,423D061600,189X,0,+,23.0,23M04,,,N,,,06K99,,,,>6574,,,,est/fin/ice/lat
72300616010,423D061601,189X,0,+,23.0,23M04,,,N,,,06X99,,,,>6574,,,,nor
72300616100,423D061610,190X,0,+,23.0,23M04,,,N,,,06K99,,,,,,,,est/fin/ice/lat
72300616145,423D0616101,190X,0,+,23.0,23M04,,,N,,,06X99,,,,,,,,nor
72300616190,423D061619,190N,0,+,23.0,23M04,,,N,,,06K99,,,,,,,,swe
72300617000,423D061700,208X,0,+,23.0,23M04,,,N,,,07K99,,,,,,,,est/fin/ice/lat/swe
72300617500,423D0617001,208X,0,+,23.0,23M04,,,N,,,07X99,,,,,,,,nor
72300618000,423D061800,256X,0,+,23.0,23M04,,,N,,,08K99,,,,,,,,est/fin/ice/lat
72300618333,423D0618002,256X,0,+,23.0,23M04,,,N,,,08X99,,,,,,,,nor
72300618666,423D0618001,256N,0,+,23.0,23M04,,,N,,,08K99,,,,,,,,swe
72300619000,423D061900,284X,0,+,23.0,23M04,,,N,,,09K99,,,,,,,,est/fin/ice/lat/swe
72300619500,423D0619001,284X,0,+,23.0,23M04,,,N,,,09X99,,,,,,,,nor
72300620000,423D062000,276X,0,+,23.0,23M04,,,N,,,30K99,,,,,,,,est/fin/ice/lat/swe
72300620500,423D0620001,276X,0,+,23.0,23M04,,,N,,,30X99,,,,,,,,nor
72300621000,423D062100,301X,0,+,23.0,23M04,,,N,,,10K99,,,,,,,,est/ice/lat/swe
72300621333,423D0621002,301X,0,+,23.0,23M04,,,N,,,10X99,,,,,,,,nor
72300621666,423D0621001,301F,0,+,23.0,23M04,,,N,,,10K99,,,,,,,,fin
72300622000,423D062200,332X,0,+,23.0,23M04,,,N,,,11K99,,,,>6574,,,,est/fin/ice/lat/swe
72300622050,423D0622001,332X,0,+,23.0,23M04,,,N,,,11X99,,,,>6574,,,,nor
72300622100,423D062210,333X,0,+,23.0,23M04,,,N,,,11K99,,,,,,,,est/fin/ice/lat/swe
72300622550,423D0622101,333X,0,+,23.0,23M04,,,N,,,11X99,,,,,,,,nor
72300623000,423D062300,352X,0,+,23.0,23M04,,,N,,,12K99,,,,,,,,est/fin/ice/lat/swe
72300623500,423D0623001,352X,0,+,23.0,23M04,,,N,,,12X99,,,,,,,,nor
72300624000,423D062400,369X,0,+,23.0,23M04,,,N,,,13K99,,,,,,,,est/fin/ice/lat
72300624333,423D0624002,369X,0,+,23.0,23M04,,,N,,,13X99,,,,,,,,nor
72300624666,423D0624001,369N,0,+,23.0,23M04,,,N,,,13K99,,,,,,,,swe
72300625000,423D062500,376X,0,+,23.0,23M04,,,N,,,14K99,,,,,,,,est/fin/ice/lat
72300625333,423D0625002,376X,0,+,23.0,23M04,,,N,,,14X99,,,,,,,,nor
72300625666,423D0625001,376N,0,+,23.0,23M04,,,N,,,14K99,,,,,,,,swe
72300626000,423D062600,385B,0,+,23.0,23M04,,,N,,,15K99,,,,,,,,est/fin/ice/lat/swe
72300626500,423D0626001,385B,0,+,23.0,23M04,,,N,,,15X99,,,,,,,,nor
72300627000,423D062700,399X,0,+,23.0,23M04,,,N,,,16K99,,,,,,,,est/fin/ice/lat/swe
72300627500,423D0627001,399X,0,+,23.0,23M04,,,N,,,16X99,,,,,,,,nor
72300628000,423D062800,414X,0,+,23.0,23M04,,,N,,,17K99,,,,,,,,est/fin/ice/lat/swe
72300628500,423D0628001,414X,0,+,23.0,23M04,,,N,,,17X99,,,,,,,,nor
72300629000,423D062900,423X,0,+,23.0,23M04,,,N,,,18K99,,,,,,,,est/fin/ice/lat
72300629333,423D0629002,423X,0,+,23.0,23M04,,,N,,,18X99,,,,,,,,nor
72300629666,423D0629001,423N,0,+,23.0,23M04,,,N,,,18K99,,,,,,,,swe
72300630000,423D063000,432C,0,+,23.0,23M04,,,N,,,19K99,,,,,,,,est/fin/ice/lat
72300630050,423D0630001,432C,0,+,23.0,23M04,,,N,,,19X99,,,,,,,,nor
72300630100,423D063010,617B,0,+,23.0,23M04,,,N,,,19K99,,,,,,,,swe
72300631000,423D063100,455X,0,+,23.0,23M04,,,N,,,21K99,,,,,,,,est/fin/ice/lat/swe
72300631500,423D0631001,455X,0,+,23.0,23M04,,,N,,,21X99,,,,,,,,nor
72300632000,423D063200,460X,0,+,23.0,23M04,,,N,,,22K99,,,,,,,,est/fin/ice/lat/swe
72300661000,423D0632001,460X,0,+,23.0,23M04,,,N,,,22X99,,,,,,,,nor
72300690000,423D069000,462X,0,+,23.0,23M01,,,N,,,,,,,,,,,swe
72300700000,423D070000,467X,0,+,23.0,,,,N,,,,,,,,,,,den/ice/nor
72300700033,423D0700001,467M,0,+,23.0,,,2.0,N,,,,,,,,,,,swe
72300700050,423D070005,467C,0,+,23.0,,,1.0,N,,,,,,,,,,,swe/fin
72300700090,423D070009,467N,0,+,23.0,,,,N,,,,,,,,,,,swe/fin
75650399995,423D0700010,467B,0,+,23.0,,,,N,,,,,,,>6574,,,,est/lat
77325249947,423D0700011,467A,0,+,23.0,,,,N,,,,,,,,,,,est/lat
79000099900,490D009990,571X,0,+,,,,,S,01S52,,,,,,,,,,den/est/fin/ice/lat/swe
79000100000,490D010000,570X,0,+,,,,,S,01S51,,,,,,,,,,den/est/fin/ice/lat/swe
79000102000,490D010200,008X,0,+,,,01P21,,S,01S21,,,,,,,,,,den/est/ice/lat/nor/swe
79000201100,490D020110,037X,0,+,,,,,S,02S01,,08X30,,,,,,,,den/est/fin/ice/lat/nor
79000201150,490D020115,037C,0,+,,,,1.0,S,02S01,,08X30,,,,,,,,swe
79000201190,490D020119,037N,0,+,,,,,S,02S01,,08X30,,,,,,,,swe
79000203300,490D020330,036C,0,+,,,,,S,02S22,,08X30,,,,>6574,,,,fin
79000203400,490D020340,040X,0,+,,,,,S,02S03,,08X30,,,,,,,,den/est/fin/ice/lat/nor
79000203450,490D020345,041C,0,+,,,,1.0,S,02S03,,08X30,,,,,,,,swe
79000203490,490D020349,041N,0,+,,,,,S,02S03,,08X30,,,,,,,,swe
79000300100,490D030010,168X,0,+,,,,1.0,S,03S05,,08X30,,,,,,,,den/est/fin/ice/lat/nor
79000300200,490D030020,169X,0,+,,,,,S,03S05,,08X30,,,,,,,,den/est/fin/ice/lat/nor
79000300201,490D0300201,169N,0,+,,,,,S,03S05,,08X30,,,,,,,,swe
79000300600,490D030060,063X,0,+,,,,,S,03S12,,08X30,,,,,,,,den/est/fin/ice/lat/nor/swe
79000304400,490D030440,056X,0,+,,,,,S,03S07,,08X30,,,,,,,,den/est/fin/ice/lat/nor/swe
79000500100,490D050010,120X,A,+,,,,,S,,,05X06,,,,,,,,den/est/fin/ice/lat/nor
79000500110,490D050011,120X,A,+,,,,,,,,05X06,00X10,,,,,,N,den/lat
79000500150,490D050015,120C,A,+,,,,1.0,S,,,05X06,,,,,,,,swe
79000500190,490D050019,120N,A,+,,,,,S,,,05X06,,,,,,,,swe
79000600100,490D060010,170X,0,+,,,,1.0,S,06S30,,06X07,,,,,,,,den/est/fin/ice/lat/nor
79000600190,490D060019,170C,0,+,,,,1.0,S,06S30,,06X07,,,,,,,,swe
79000600200,490D060020,171X,0,+,,,,,S,06S30,,06X07,,,,,,,,den/est/fin/ice/lat/nor/swe
79000600300,490D060030,226X,0,+,,,08P03,1.0,S,08S12,,,,,,,,,,den/est/fin/ice/lat/nor/swe
79000600400,490D060040,227X,0,+,,,08P03,,S,08S12,,,,,,,,,,den/est/fin/ice/lat/nor/swe
79000901000,490D090100,257X,0,+,,,,1.0,S,30S03,,30X01,,,,,,,,fin
79000901100,490D090110,257X,0,+,,,,1.0,S,30S03,,30X01,,,,,,,,den/est/lat/nor
79000901200,490D090120,257X,0,+,,,,1.0,S,30S11,,30X01,,,,,,,,den/est/fin/ice/lat/nor
79000902000,490D090200,258X,0,+,,,,,S,30S03,,30X01,,,,,,,,fin
79000902100,490D090210,258X,0,+,,,,,S,30S03,,30X01,,,,,,,,den/est/ice/lat/nor/swe
79000902200,490D090220,258X,0,+,,,,,S,30S11,,30X01,,,,,,,,den/est/fin/ice/lat/nor/swe
79000903200,490D090320,259X,0,+,,,,1.0,S,30S04,,30X01,,,,,,,,den/est/ice/lat/nor
79000903201,490D0903201,259A,0,+,,,,1.0,S,30S04,,30X01,,,,,,,,fin
79000903300,490D090330,259X,0,+,,,,1.0,S,30S05,,30X01,,,,,,,,den/est/ice/lat/nor
79000903301,490D0903301,259A,0,+,,,,1.0,S,30S05,,30X01,,,,,,,,fin
79000903400,490D090340,260X,0,+,,,,,S,30S04,,30X01,,,,,,,,den/est/fin/ice/lat/nor/swe
79000903500,490D090350,260X,0,+,,,,,S,30S05,,30X01,,,,,,,,den/est/fin/ice/lat/nor/swe
79000903600,490D090360,261X,0,+,,,,,S,30S04,,30X02,,,,,,,,den/est/fin/ice/lat/nor/swe
79000903700,490D090370,262X,0,+,,,,,S,30S05,,30X02,,,,,,,,den/est/ice/lat/nor/swe
79000903800,490D090380,262X,0,+,,,,,S,30S05,,30X02,,,,,,,,fin
79001000100,490D100010,292X,0,+,,,,1.0,S,08S10,,10X03,,,,,,,,den/est/fin/ice/lat/nor/swe
79001100100,490D110010,315B,0,+,,,,,S,11S10,,11X02,,,,,,,,den/est/fin/ice/lat
79001100101,490D1100101,315M,0,+,,,,2.0,S,11S10,,11X02,,,,,,,,swe
79001100102,490D1100102,315X,0,+,,,,,S,11S10,,11X02,,,,,,,,nor
79001100150,490D110015,315C,0,+,,,,1.0,S,11S10,,11X02,,,,,,,,swe
79001100190,490D110019,315N,0,+,,,,,S,11S10,,11X02,,,,,,,,swe
79008000000,490D800000,442X,0,+,,,00P21,1.0,S,21S04,,,,,,,,,,den/est/fin/ice/lat/nor
79008000001,490D8000001,443M,0,+,,,00P21,2.0,S,21S04,,,,,,,,,,swe
79008000050,490D800005,443C,0,+,,,00P21,1.0,S,21S04,,,,,,,,,,swe
79008010000,490D801000,443X,0,+,,,00P21,,S,21S04,,,,,,,,,,den/est/fin/ice/lat/nor
79008010001,490D8010001,443N,0,+,,,00P21,,S,21S04,,,,,,,,,,swe
79900001000,499D000100,468X,7,+,,,,,S,99S90,,,,,,,,,,den/est/fin/ice/lat/nor
79900001016,000D0040111,470G,2,+,98.0,,,,,,,,,,,,,,,est/fin/ice/lat/nor/swe
79900001033,499D0001001,468M,7,+,,,,2.0,S,99S90,,,,,,,,,,swe
79900001050,499D000105,468C,7,+,,,,1.0,S,99S90,,,,,,,,,,swe
79900001090,499D000109,468N,7,+,,,,,S,99S90,,,,,,,,,,swe
79900010000,499D001000,343X,0,+,,,,,S,12S05,,,,,,<365,,,,den/swe
79900010001,499D0010001,342N,0,+,,,,,S,12S05,,,,,,<365,,,,est/fin/ice/lat
79900019000,499D001900,477X,7,+,,,,,S,,,,,,,,,,,den/fin/ice/lat/nor
79900019001,499D0019001,483X,0,+,,,,,S,00S03,,,,,,,,,,est
79900019002,499D0019002,477N,7,+,,,,,S,,,,,,,,,,,swe
79909999990,499D999999,477X,7,+,,,,,S,,,,,,,,,,,est
99900020000,999D002000,470X,8,+,,,,,,,,,,,,,,,,den/lat
99900020001,999D0020001,470E,8,+,,,,,,,,,,,,,,,,fin/swe/est
99900020002,999D0020002,470E,8,,,,,,,,,,,,,,,,,ice
99900020003,999D0020003,470X,8,,,,,,,,,,,,,,,,,nor
