code_plus,text_plus,nat_ver
_1AA01,Inactivated at 31.12.2021 - Syklofosfamidi,
_1AA09,Inactivated at 31.12.2021 - Levact (bendamustiini),
_1AB01,Inactivated at 31.12.2021 - Heparin - B01AB01,
_1AB02,Inactivated at 31.12.2021 - Hydrogen peroxide - A01AB02,
_1AB04,Inactivated at 31.12.2021 - Amphotericin B - A01AB04,
_1AB05,Inactivated at 31.12.2021 - Polynoxylin - A01AB05,
_1AB06,Inactivated at 31.12.2021 - Domiphen - A01AB06,
_1AC01,Inactivated at 31.12.2021 - Thiotepa - L01AC01,
_1AC03,Inactivated at 31.12.2021 - H01AC03,
_1AC09,Inactivated at 31.12.2021 - Epoprostenol - B01AC09,
_1AC11,Inactivated at 31.12.2021 - lloprost - B01AC11,
_1AC12,Inactivated at 31.12.2021 - Fenticonazole - D01AC12,
_1AC13,Inactivated at 31.12.2021 - Abciximab - B01AC13,
_1AC21,Inactivated at 31.12.2021 - Treprostinil - B01AC21,
_1AC27,Inactivated at 31.12.2021 - B01AC27,
_1AD01,Inactivated at 31.12.2021 - Epinephrine - A01AD01,
_1AD02,Inactivated at 31.12.2021 - Benzydamine - A01AD02,
_1AD03,Inactivated at 31.12.2021 - Anistreplase - B01AD03,
_1AD04,Inactivated at 31.12.2021 - B01AD04 - Urokinase,
_1AD05,Inactivated at 31.12.2021 - A01AD05 -,
_1AD06,Inactivated at 31.12.2021 - A01AD06 -,
_1AD07,Inactivated at 31.12.2021 - A01AD07 -,
_1AD08,Inactivated at 31.12.2021 - B01AD08 -,
_1AD09,Inactivated at 31.12.2021 - B01AD09 -,
_1AD10,Inactivated at 31.12.2021 - B01AD10 -,
_1AD11,Inactivated at 31.12.2021 - A01AD11 -,
_1AD12,Inactivated at 31.12.2021 - B01AD12 -,
_1AE03,Inactivated at 31.12.2021 - B01AE03 -,
_1AG01,Inactivated at 31.12.2021 - L01AG01 -,
_1AX01,Inactivated at 31.12.2021 - Defibrotide (prociclide) 80mg/ml,
_1AX03,Inactivated at 31.12.2021 - Temodal 100mg kapseli suun kautta,
_1AX06,Inactivated at 31.12.2021 - Wellvone lääkehoito,
_1BA01,Inactivated at 31.12.2021 - Behandling med legemiddel S01BA01 (Deksametason),
_1BA02,Inactivated at 31.12.2021 - Octostim 150 mikrogr/plo - Nesäsumute,
_1BA04,Inactivated at 31.12.2021 - C01BA04 -,
_1BA05,Inactivated at 31.12.2021 - C01BA05 -,
_1BA15,Inactivated at 31.12.2021 - S01BA15 -,
_1BB04,Inactivated at 31.12.2021 - C01BB04 -,
_1BB05,Inactivated at 31.12.2021 - L01BB05 -,
_1BB06,Inactivated at 31.12.2021 - Evoltra (klofarabiini),
_1BB07,Inactivated at 31.12.2021 - Atriance 5mg/ml inf.,
_1BC01,Inactivated at 31.12.2021 - L01BC01 -,
_1BC02,Inactivated at 31.12.2021 - L01BC02 -,
_1BC03,Inactivated at 31.12.2021 - C01BC03 -,
_1BC04,Inactivated at 31.12.2021 - C01BC04 -,
_1BC05,Inactivated at 31.12.2021 - L01BC05 -,
_1BC06,Inactivated at 31.12.2021 - L01BC06 -,
_1BC07,Inactivated at 31.12.2021 - C01BC07 -,
_1BC08,Inactivated at 31.12.2021 - Decitabine,
_1BC52,Inactivated at 31.12.2021 - L01BC52 -,
_1BC53,Inactivated at 31.12.2021 - L01BC53 -,
_1BD01,Inactivated at 31.12.2021 - 1BD01ZX120,
_1BG11,Inactivated at 31.12.2021 - Brinavess 12 ml inj,
_1BX04,Inactivated at 31.12.2021 - Capsaicin,
_1CA01,"Inactivated at 31.12.2021 - Velbe, vinblastin",
_1CA04,Inactivated at 31.12.2021 - C01CA04 -,
_1CB02,Inactivated at 31.12.2021 - H01CB02 -,
_1CB03,Inactivated at 31.12.2021 - Somatuline autogel,
_1CD01,Inactivated at 31.12.2021 - L01CD01 -,
_1CD02,Inactivated at 31.12.2021 - L01CD02 -,
_1CD04,Inactivated at 31.12.2021 - Jevtana (kabatsitakseli) lääkeannos laskimoon,
_1CX01,Inactivated at 31.12.2021 - L01CX01 -,
_1CX08,Inactivated at 31.12.2021 - C01CX08 -,
_1DB02,Inactivated at 31.12.2021 - J01DB02 -,
_1DB03,Inactivated at 31.12.2021 - J01DB03 -,
_1DB04,Inactivated at 31.12.2021 - J01DB04 -,
_1DB05,Inactivated at 31.12.2021 - J01DB05 -,
_1DB06,Inactivated at 31.12.2021 - J01DB06 -,
_1DB07,Inactivated at 31.12.2021 - J01DB07 -,
_1DB08,Inactivated at 31.12.2021 - J01DB08 -,
_1DB09,Inactivated at 31.12.2021 - J01DB09 -,
_1DC01,Inactivated at 31.12.2021 - J01DC01 -,
_1DC02,Inactivated at 31.12.2021 - J01DC02 -,
_1DC03,Inactivated at 31.12.2021 - J01DC03 -,
_1DH02,Inactivated at 31.12.2021 - J01DH02 -,
_1DH03,Inactivated at 31.12.2021 - J01DH03 -,
_1DH04,Inactivated at 31.12.2021 - xx1DH04 -,
_1DH51,Inactivated at 31.12.2021 - J01DH51 -,
_1DX19,Inactivated at 31.12.2021 - C01DX19 -,
_1EA01,Inactivated at 31.12.2021 - Prostivas 0.5mg amp keskuslaskimokatetriin tai Pro,
_1EB16,Inactivated at 31.12.2021 - Pedea 5mg amp. laskimoon,
_1EB19,Inactivated at 31.12.2021 - xx1EB19 -,
_1LA01,Inactivated at 31.12.2021 - Behandling med legemiddel S01LA01 (Verteporfin),
_1LA04,Inactivated at 31.12.2021 - Behandling med legemiddel S01LA04 (Ranibizumab),
_1LA05,Inactivated at 31.12.2021 - Aflibercept,
_1XA03,Inactivated at 31.12.2021 - L01XA03 -,
_1XA22,Inactivated at 31.12.2021 - Behandling med legemiddel S01XA22 (Okriplasmin),
_1XC01,Inactivated at 31.12.2021 - J01XC01 -,
_1XC02,Inactivated at 31.12.2021 - Behandling med legemiddel L01XC02 (Rituximab),
_1XC03,Inactivated at 31.12.2021 - Behandling med legemiddel L01XC03 (Trastuzumab),
_1XC04,Inactivated at 31.12.2021 - Behandling med legemiddel L01XC04 (Alemtuzumab),
_1XC05,Inactivated at 31.12.2021 - L01XC05 -,
_1XC06,Inactivated at 31.12.2021 - L01XC06 -,
_1XC07,Inactivated at 31.12.2021 - Behandling med legemiddel L01XC07 (Bevacizumab),
_1XC08,Inactivated at 31.12.2021 - L01XC08 -,
_1XC10,Inactivated at 31.12.2021 - Ofatumumab,
_1XC11,Inactivated at 31.12.2021 - Ipilimumab,
_1XC12,Inactivated at 31.12.2021 - L01XC12,
_1XC13,Inactivated at 31.12.2021 - L01XC13,
_1XC15,Inactivated at 31.12.2021 - L01XC15,
_1XC16,Inactivated at 31.12.2021 - Quarziba (dinutuksimab),
_1XC17,Inactivated at 31.12.2021 - L01XC17,
_1XC18,Inactivated at 31.12.2021 - L01XC18,
_1XC32,Inactivated at 31.12.2021 - Atezolizumab,
_1XD04,Inactivated at 31.12.2021 - L01XD04 -,
_1XD05,Inactivated at 31.12.2021 - L01XD05 -,
_1XD06,Inactivated at 31.12.2021 - L01XD06 -,
_1XE01,Inactivated at 31.12.2021 - J01XE01 -,
_1XE04,Inactivated at 31.12.2021 - L01XE04 -,
_1XE05,Inactivated at 31.12.2021 - L01XE05 -,
_1XE06,Inactivated at 31.12.2021 - Sprycel 50 mg tbl suun kautta,
_1XE12,Inactivated at 31.12.2021 - Vandetanib,
_1XE15,Inactivated at 31.12.2021 - Vemurafenib,
_1XE18,Inactivated at 31.12.2021 - Ruxolitinib,
_1XE21,Inactivated at 31.12.2021 - Regorafenib,
_1XE23,Inactivated at 31.12.2021 - Treatment with Dabrafenig (L01XE23),
_1XE25,Inactivated at 31.12.2021 - L01XE25,
_1XE27,Inactivated at 31.12.2021 - L01XE27,
_1XE39,Inactivated at 31.12.2021 - Midostaurin,
_1XX02,Inactivated at 31.12.2021 - Behandling med studiemedikament i LUCAS-studien,
_1XX08,Inactivated at 31.12.2021 - J01XX08 -,
_1XX09,Inactivated at 31.12.2021 - J01XX09 -,
_1XX0N,Inactivated at 31.12.2021 - XX1XX0N,
_1XX10,Inactivated at 31.12.2021 - L01XX10 -,
_1XX11,Inactivated at 31.12.2021 - L01XX11 -,
_1XX14,Inactivated at 31.12.2021 - L01XX14 -,
_1XX16,Inactivated at 31.12.2021 - L01XX16 -,
_1XX17,Inactivated at 31.12.2021 - L01XX17 -,
_1XX18,Inactivated at 31.12.2021 - L01XX18 -,
_1XX19,Inactivated at 31.12.2021 - L01XX19 -,
_1XX22,Inactivated at 31.12.2021 - L01XX22 -,
_1XX23,Inactivated at 31.12.2021 - L01XX23 -,
_1XX24,Inactivated at 31.12.2021 - L01XX24 -,
_1XX25,Inactivated at 31.12.2021 - L01XX25 -,
_1XX27,Inactivated at 31.12.2021 - L01XX27 -,
_1XX28,Inactivated at 31.12.2021 - xx1XX28 -,
_1XX29,Inactivated at 31.12.2021 - L01XX29 -,
_1XX31,Inactivated at 31.12.2021 - xx1XX31 -,
_1XX32,Inactivated at 31.12.2021 - L01XX32 -,
_1XX33,Inactivated at 31.12.2021 - L01XX33 -,
_1XX34,Inactivated at 31.12.2021 - xx1XX34 -,
_1XX35,Inactivated at 31.12.2021 - L01XX35 -,
_1XX41,Inactivated at 31.12.2021 - Eribuliin - L01XX41,
_1XX44,Inactivated at 31.12.2021 - Aflibercept - L01XX44,
_1XX46,Inactivated at 31.12.2021 - L01XX46,
_1XX47,Inactivated at 31.12.2021 - L01XX47,
_1XX52,Inactivated at 31.12.2021 - Venetoclax,
_2AA01,Inactivated at 31.12.2021 - A02AA01 -,
_2AB02,Inactivated at 31.12.2021 - Prolastina 1000 mg laskimoon (alfa-1-proteinaasiestäjä),
_2AB04,Inactivated at 31.12.2021 - Kortisonipulssihoito,
_2AC03,Inactivated at 31.12.2021 - J02AC03 -,
_2AC04,Inactivated at 31.12.2021 - C02AC04 -,
_2AE01,Inactivated at 31.12.2021 - D02AE01 -,
_2AE02,Inactivated at 31.12.2021 - L02AE02 -,
_2AX04,Inactivated at 31.12.2021 - J02AX04 -,
_2AX05,Inactivated at 31.12.2021 - J02AX05 -,
_2AX06,Inactivated at 31.12.2021 - J02AX06 -,
_2BB01,Inactivated at 31.12.2021 - B02BB01,
_2BB04,Inactivated at 31.12.2021 - Treatment with Enzalutamid (L02BB04),
_2BC30,Inactivated at 31.12.2021 - Tachosil lääketyyny,
_2BD01,Inactivated at 31.12.2021 - _2BD01 -,
_2BD02,"Inactivated at 31.12.2021 - Lansoprazole, tetracycline and metronidazole - A02BD02",
_2BD03,Inactivated at 31.12.2021 - _2BD03 -,
_2BD04,Inactivated at 31.12.2021 - _2BD04 -,
_2BD06,Inactivated at 31.12.2021 - _2BD06 -,
_2BD07,Inactivated at 31.12.2021 - B02BD07 -,
_2BD08,Inactivated at 31.12.2021 - Coagulation factor VIIa - B02BD08,
_2BD09,Inactivated at 31.12.2021 - B02BD09 -,
_2BD10,Inactivated at 31.12.2021 - Von Willebrand factor concentrate,
_2BD11,Inactivated at 31.12.2021 - B02BD11,
_2BDXX,Inactivated at 31.12.2021 - Von Willebrand factor,
_2BX03,Inactivated at 31.12.2021 - Treatment with Abirateronacetat (L02BX03),
_2BX04,"Inactivated at 31.12.2021 - Nplate (romiplostiimi, subcutis)",
_2CX01,Inactivated at 31.12.2021 - G02CX01 -,
_2KX01,Inactivated at 31.12.2021 - C02KX01,
_2KX02,Inactivated at 31.12.2021 - C02KX02,
_2KX04,Inactivated at 31.12.2021 - C02KX04,
_2KX05,Inactivated at 31.12.2021 - C02KX05,
_3A002,"Inactivated at 31.12.2021 - Octagam 50mg/ml 100ml (=5g)(Immunoglobuliini, iv",
_3A006,Inactivated at 31.12.2021 - Cancidas 70 mg (kaspofungiini),
_3A007,Inactivated at 31.12.2021 - Xigris 20 mg (drotrekogiini alfa),
_3A010,Inactivated at 31.12.2021 - Osigraft 3.3mg impl.ka 1 inj.plo (BMP-7),
_3A012,Inactivated at 31.12.2021 - Inductos 12mg (dibotermiini alfa),
_3A013,Inactivated at 31.12.2021 - Humira 40mg 0.8ml (adalimumabi),
_3A019,Inactivated at 31.12.2021 - Nanogam 50 mg/ml 400 ml (immunoglobuliini),
_3A021,"Inactivated at 31.12.2021 - Nonafact 1000IU inj.ka+sol, Nonafact lääkeannos laskimoon",
_3A022,Inactivated at 31.12.2021 - Ambisome 50mg inf.ka 1inj.plo (amfoterisiini),
_3A023,"Inactivated at 31.12.2021 - Kiovig 100mg/ml 10ml (=1g)(Immunoglobuliini, iv)",
_3A034,"Inactivated at 31.12.2021 - Privigen 100mg/ml 25ml (=2.5g)(Immunoglobuliini, iv",
_3A045,Inactivated at 31.12.2021 - Mabthera 100mg 10ml inf.kons (Rituksimabi),
_3A059,Inactivated at 31.12.2021 - Ecalta 100mg inf.ka (Anidulafungiini),
_3A063,Inactivated at 31.12.2021 - Remicade 100mg inf.ka (Infliksimabi),
_3A064,Inactivated at 31.12.2021 - Octaplex 500IU (tekijä IX) inj.ka + liuotin 20ml 1 inj.plo,
_3A073,Inactivated at 31.12.2021 - Wilfactin 1000 IU (von Willebrandt-tekijä),
_3A075,Inactivated at 31.12.2021 - Benefix 500 IU (hyytymistekijä IX),
_3A077,Inactivated at 31.12.2021 - Cofact 500 IU (protombiibikompleksi),
_3A095,Refacto AF 250IU inj.ka (hyytymistekijä VIII),
_3A109,Inactivated at 31.12.2021 - Deflux 1 ml,
_3A111,Inactivated at 31.12.2021 - Haemocomplettan 1g (fibrinogeeni),
_3A118,Inactivated at 31.12.2021 - Cofact 250 IU (protombiibikompleksi),
_3A125,Inactivated at 31.12.2021 - Vistide 75mg/ml 5ml inf.kons (Sidofoviiri),
_3A126,"Inactivated at 31.12.2021 - Privigen 100mg/ml 50ml (=5g)Immunoglobuliini, iv",
_3A129,Novoseven 1 mg (aktivoitua rekombinantti hyytymistekijä VII),
_3A146,Inactivated at 31.12.2021 - Icatibant,
_3A149,Inactivated at 31.12.2021 - Haemate 500 IU (von Willebrandt-tekijä+hyytymistekijä VII),
_3A158,Inactivated at 31.12.2021 - Mycamine 50mg inf.ka (Mikafungiini),
_3A168,Inactivated at 31.12.2021 - Human C1 esterase inhibitor,
_3A176,Inactivated at 31.12.2021 - Cebitor 100U (C1-esteraasiestäjä) laskimoon,
_3A192,"Inactivated at 31.12.2021 - Ozurdex 700 microg implantti silmän lasiaiseen, muu reitti",
_3A197,Inactivated at 31.12.2021 - Feiba 1000 IU,
_3A201,Inactivated at 31.12.2021 - Dantrium 20 mg (dantroleeni),
_3A245,"Inactivated at 31.12.2021 - ATG-Fresenius 20mg/ml 5ml inj.neste (3607104), ATG-Fresenius",
_3A310,Inactivated at 31.12.2021 - Dantrolen 20 mg (dantroleeni),
_3A332,Inactivated at 31.12.2021 - Precedex 100 microg/ml 2 ml inf.kons,
_3A376,Inactivated at 31.12.2021 - Dabigatran,
_3A379,Inactivated at 31.12.2021 - Sandostatin LAR 10 mg inj.ka+sol (Oktreotidi),
_3A387,Inactivated at 31.12.2021 - Abelcet 100 mg (amfoterisiini B),
_3A389,Inactivated at 31.12.2021 - Antithrombin III,
_3A407,"Inactivated at 31.12.2021 - Coagulation Factor VIIa, recombinant human",
_3A422,Inactivated at 31.12.2021 - Human fibriinogen,
_3A453,Inactivated at 31.12.2021 - Human plasma coagulation factor XIII,
_3A460,Inactivated at 31.12.2021 - Orthoclone OKT 3 1mg/ml 5ml inj.neste (Muromonabi-CD3),
_3A476,Inactivated at 31.12.2021 - Argatroban,
_3A500,Inactivated at 31.12.2021 - Recombinate 250IU inj.ka(hyytymistekijä VIII),
_3A522,Inactivated at 31.12.2021 - Simulect 20mg inf.ka (Basiliksimabi),
_3A559,"Inactivated at 31.12.2021 - Gammagard S/D 2.5g (Immunoglobuliini, iv)",
_3A560,Inactivated at 31.12.2021 - Simdax 12.5 mg (levosimendaani),
_3A566,"Inactivated at 31.12.2021 - Simdax 12,5 mg laskimoon",
_3A938,Inactivated at 31.12.2021 - Fibrinogammin 1250 IU (hyytymistekijä XIII),
_3A969,Inactivated at 31.12.2021 - Cetor 500 IU (C1-esteraasiestäjä),
_3A973,Inactivated at 31.12.2021 - Fibrinogammin 250 IU (hyytymistekijä XIII),
_3A979,Inactivated at 31.12.2021 - Lioresal Intrathecal 2mg/ml 5 ml inj (Baklofeeni),
_3AA02,Inactivated at 31.12.2021 - _3AA02 -,
_3AA13,Inactivated at 31.12.2021 - _3AA13 -,
_3AA14,Inactivated at 31.12.2021 - L03AA14,
_3AB03,Inactivated at 31.12.2021 - Imukin  0.5ml ihon alle,
_3AB05,Inactivated at 31.12.2021 - A03AB05 -,
_3AB07,Inactivated at 31.12.2021 - L03AB07,
_3AB08,Inactivated at 31.12.2021 - Behandling med legemiddel L03AB08 (Interferon beta-1b),
_3AB13,Inactivated at 31.12.2021 - L03AB13,
_3AB24,Inactivated at 31.12.2021 - Digoxin-specific antibody,
_3AB33,Inactivated at 31.12.2021 - Hydroxocobalamin (vitamin B12a),
_3AB34,Inactivated at 31.12.2021 - V03AB34 -,
_3AB37,Inactivated at 31.12.2021 - Dabigatran,
_3AC01,Inactivated at 31.12.2021 - Ferinject 50mg,
_3AE00,Inactivated at 31.12.2021 - Aprotinin (aprotiniini) 50 ml,
_3AF02,Inactivated at 31.12.2021 - N03AF02 -,
_3AF07,Inactivated at 31.12.2021 - Fasturtec (rasburikaasi) laskimoon,
_3AF08,Inactivated at 31.12.2021 - V03AF08 -,
_3AF09,Inactivated at 31.12.2021 - V03AF09 -,
_3AX01,Inactivated at 31.12.2021 - A03AX01 -,
_3AX03,Inactivated at 31.12.2021 - A03AX03 -,
_3AX05,Inactivated at 31.12.2021 - A03AX05 -,
_3AX13,Inactivated at 31.12.2021 - Behandling med legemiddel L03AX13 (Glatirameracetat),
_3AX16,"Inactivated at 31.12.2021 - Mozobil 20mg/ml 1,2ml",
_3BA03,Inactivated at 31.12.2021 - A03BA03 -,
_3BX01,Inactivated at 31.12.2021 - H03BX01 -,
_3CA01,Inactivated at 31.12.2021 - Dantrium lääkeannos laskimoon (dantroleeni),
_3DX05,Inactivated at 31.12.2021 - R03DX05 -,
_3DX08,Inactivated at 31.12.2021 - Reslizumab,
_3DX09,Inactivated at 31.12.2021 - Mepolizumab,
_3DX10,Inactivated at 31.12.2021 - Benralizumab,
_3XA01,Inactivated at 31.12.2021 - B03XA01,
_3XA02,Inactivated at 31.12.2021 - B03XA02 -,
_3XA03,Inactivated at 31.12.2021 - B03XA03,
_4AA01,Inactivated at 31.12.2021 - A04AA01 -,
_4AA02,Inactivated at 31.12.2021 - A04AA02 -,
_4AA03,Inactivated at 31.12.2021 - 4AA03 Lymphoglobulin  100 mg,
_4AA04,Inactivated at 31.12.2021 - A04AA04 -,
_4AA08,Inactivated at 31.12.2021 - A14AA08 -,
_4AA09,Inactivated at 31.12.2021 - A14AA09 -,
_4AA11,Inactivated at 31.12.2021 - L04AA11 -,
_4AA12,Inactivated at 31.12.2021 - D04AA12 -,
_4AA13,L04AA13,
_4AA17,Inactivated at 31.12.2021 - L04AA17 -,
_4AA18,Inactivated at 31.12.2021 - Everolimus,
_4AA21,Inactivated at 31.12.2021 - Behandling med legemiddel L04AA21 (Efalizumab),
_4AA23,Inactivated at 31.12.2021 - L04AA23,
_4AA24,Inactivated at 31.12.2021 - L04AA24,
_4AA25,Inactivated at 31.12.2021 - Ekulitsumabi,
_4AA26,Inactivated at 31.12.2021 - L04AA26,
_4AA27,Inactivated at 31.12.2021 - L04AA27,
_4AA29,L04AA29,
_4AA31,Inactivated at 31.12.2021 - L04AA31,
_4AA32,Treatment with L04AA32 (Apremilast),
_4AA33,Inactivated at 31.12.2021 - Treatment with L04AA33 (Vedolizumab),
_4AA34,Inactivated at 31.12.2021 - Alemtuzumab,
_4AA36,Inactivated at 31.12.2021 - Ocrelizumab,
_4AA37,Inactivated at 31.12.2021 - Barisitinib,
_4AAX4,Inactivated at 31.12.2021 - Anti-human T-lymphocyte immunoglobulin (Grafalon),
_4AB01,Inactivated at 31.12.2021 - L04AB01,
_4AB02,Inactivated at 31.12.2021 - Ethylestrenol  - L04AB02,
_4AB04,Inactivated at 31.12.2021 - L04AB04,
_4AB05,Inactivated at 31.12.2021 - L04AB05,
_4AB06,Inactivated at 31.12.2021 - L04AB06,
_4AC03,Inactivated at 31.12.2021 - L04AC03,
_4AC05,Inactivated at 31.12.2021 - L04AC05,
_4AC06,Inactivated at 31.12.2021 - Mepolitsumabi,
_4AC07,Inactivated at 31.12.2021 - L04AC07,
_4AC10,Inactivated at 31.12.2021 - L04AC10,
_4AX02,Inactivated at 31.12.2021 - C04AX02 -,
_4AX04,Inactivated at 31.12.2021 - L04AX04 -,
_4BA02,Inactivated at 31.12.2021 - J04BA02 -,
_4BE03,Inactivated at 31.12.2021 - G04BE03,
_4BE08,Inactivated at 31.12.2021 - G04BE08,
_4CJ01,Inactivated at 31.12.2021 - V04CJ01 -,
_4CX01,Inactivated at 31.12.2021 - Indocyanine green,
_5AB01,Inactivated at 31.12.2021 - A05AB01 -,
_5AB02,Inactivated at 31.12.2021 - J05AB02 -,
_5AB04,Inactivated at 31.12.2021 - J05AB04 -,
_5AB12,Inactivated at 31.12.2021 - J05AB12 -,
_5AB14,Inactivated at 31.12.2021 - J05AB14 -,
_5AB15,Inactivated at 31.12.2021 - J05AB15 -,
_5AD01,Inactivated at 31.12.2021 - C05AD01 -,
_5AE14,Inactivated at 31.12.2021 - J05AE14 -,
_5AH01,Inactivated at 31.12.2021 - Relenza-inhalation powder,
_5AH02,Inactivated at 31.12.2021 - Tamiflu,
_5AP51,Inactivated at 31.12.2021 - Sofosbuvir and ledipasvir,
_5AX14,Inactivated at 31.12.2021 - J05AX14,
_5AX15,Inactivated at 31.12.2021 - J05AX15,
_5AX16,Inactivated at 31.12.2021 - Behandling med legemiddel J05AX16 (Dasabuvir),
_5AX65,Inactivated at 31.12.2021 - J05AX65,
_5AX67,Inactivated at 31.12.2021 - J05AX67,
_5BA03,"Inactivated at 31.12.2021 - PAMIFOS, 3mg/ml, 10 ml",
_5BA06,Inactivated at 31.12.2021 - A05BA06 -,
_5BA08,Inactivated at 31.12.2021 - M05BA08 -,
_5BC01,Inactivated at 31.12.2021 - B05BC01 -,
_5BC02,Inactivated at 31.12.2021 - B05BC02 -,
_5BX01,Inactivated at 31.12.2021 - C05BX01 -,
_5BX04,Inactivated at 31.12.2021 - Treatment with Denosumab (M05BX04),
_5CM18,Inactivated at 31.12.2021 - N05CM18 -,
_5VM18,Inactivated at 31.12.2021 - XX5VM18,
_6AA03,Inactivated at 31.12.2021 - A16AA03 -,
_6AB02,Inactivated at 31.12.2021 - A06AB02 -,
_6AB03,Inactivated at 31.12.2021 - A06AB03 -,
_6AB04,Inactivated at 31.12.2021 - A06AB04 -,
_6AB05,Inactivated at 31.12.2021 - Laronidase,
_6AB07,Inactivated at 31.12.2021 - A06AB07 -,
_6AB09,Inactivated at 31.12.2021 - Elaprase 3mg/ml,
_6AB10,Inactivated at 31.12.2021 - Velaglucerase alfa (VPRIV),
_6AB13,Inactivated at 31.12.2021 - Asfotase alfa (Strensiq),
_6AC01,Inactivated at 31.12.2021 - C1-esterase inhibitor,
_6AC02,Inactivated at 31.12.2021 - Icatibant (Firazyr),
_6AX04,Inactivated at 31.12.2021 - A16AX04 -,
_6AX06,Inactivated at 31.12.2021 - Zavesca  (miglustaatti),
_6BA01,Inactivated at 31.12.2021 - D06BA01 -,
_6BA02,Inactivated at 31.12.2021 - Behandling med legemiddel J06BA02 (humant normalt immunglobulin),
_6BB03,Inactivated at 31.12.2021 - Variguin 100IU/ml,
_6BB04,Inactivated at 31.12.2021 - D06BB04 -,
_6BB05,Inactivated at 31.12.2021 - D06BB05 -,
_6BB16,Inactivated at 31.12.2021 - J06BB16 -,
_6BB21,Inactivated at 31.12.2021 - Bezlotoxumab,
_6BCXX,Inactivated at 31.12.2021 - Anti-human-T-lymphocyte immunoglobulin,
_7AA02,Inactivated at 31.12.2021 - Poractant alfa (Curosurf),
_7AX01,Inactivated at 31.12.2021 - Nitrogen oxide for inhalaaion,
_7XX09,Inactivated at 31.12.2021 - Behandling med legemiddel N07XX09 (dimethyl fumarat),
_7XX10,Behandling med legemiddel N07XX10 (laquinimod),
_9AB02,Inactivated at 31.12.2021 - Collagenase Clostridium histolyticum,
_9AX01,Inactivated at 31.12.2021 - Hyaluronate (Hyalgan),
_9AX07,Inactivated at 31.12.2021 - Nusinersen,
_A16AX,Inactivated at 31.12.2021 - Ammonul injection 10% 50 ml,
_AX01Z,Inactivated at 31.12.2021 - Defibrotide,
_B02BC,Inactivated at 31.12.2021 - Fibrinogen and thrombin for locall haemosthasis (Evicel),
_B06AB,Inactivated at 31.12.2021 - Human hemin,
_CTL09,Inactivated at 31.12.2021 - Tisagenlecleucel,
_G04BX,Inactivated at 31.12.2021 - Deflux-geeli,
_GO4BX,Inactivated at 31.12.2021 - GO4BX Cystistat annos virtsarakkoon,
_L01XC,Inactivated at 31.12.2021 - L01XCZX120,
A01AA,Caries prophylactic agents,est/swe/lat/ice/den
A01AA01,Sodium fluoride,fin/swe
A01AA02,Sodium monofluorophosphate,fin/swe
A01AA03,Olaflur,fin/swe
A01AA04,Stannous fluoride,fin/swe
A01AA30,Combinations,fin/swe
A01AA51,"Sodium fluoride, combinations",fin/swe
A01AB,Antiinfectives and antiseptics for local oral treatment,est/swe/lat/ice/den
A01AB02,Hydrogen peroxide,fin/swe
A01AB03,Chlorhexidine,fin/swe
A01AB04,Amphotericin B,fin/swe
A01AB05,Polynoxylin,fin/swe
A01AB06,Domiphen,fin/swe
A01AB07,Oxyquinoline,fin/swe
A01AB08,Neomycin,fin/swe
A01AB09,Miconazole,fin/swe
A01AB10,Natamycin,fin/swe
A01AB11,Various,fin/swe
A01AB12,Hexetidine,fin/swe
A01AB13,Tetracycline,fin/swe
A01AB14,Benzoxonium chloride,fin/swe
A01AB15,Tibezonium iodide,fin/swe
A01AB16,Mepartricin,fin/swe
A01AB17,Metronidazole,fin/swe
A01AB18,Clotrimazole,fin/swe
A01AB19,Sodium perborate,fin/swe
A01AB21,Chlortetracycline,fin/swe
A01AB22,Doxycycline,fin/swe
A01AB23,Minocycline,fin/swe
A01AC,Corticosteroids for local oral treatment,est/swe/lat/ice/den
A01AC01,Triamcinolone,fin/swe
A01AC02,Dexamethasone,fin/swe
A01AC03,Hydrocortisone,fin/swe
A01AC54,"Prednisolone, combinations",fin/swe
A01AD,Other agents for local oral treatment,est/swe/lat/ice/den
A01AD01,Epinephrine,fin/swe
A01AD02,Benzydamine,fin/swe
A01AD05,Acetylsalicylic acid,fin/swe
A01AD06,Adrenalone,fin/swe
A01AD07,Amlexanox,fin/swe
A01AD08,Becaplermin,fin/swe
A01AD11,Various,fin/swe
A02AA,Magnesium compounds,est/swe/lat/ice/den
A02AA01,Magnesium carbonate,fin/swe
A02AA02,Magnesium oxide,fin/swe
A02AA03,Magnesium peroxide,fin/swe
A02AA04,Magnesium hydroxide,fin/swe
A02AA05,Magnesium silicate,fin/swe
A02AA10,Combinations,fin/swe
A02AB,Aluminium compounds,est/swe/lat/ice/den
A02AB01,Aluminium hydroxide,fin/swe
A02AB02,Algeldrate,fin/swe
A02AB03,Aluminium phosphate,fin/swe
A02AB04,Dihydroxialumini sodium carbonate,fin/swe
A02AB05,Aluminium acetoacetate,fin/swe
A02AB06,Aloglutamol,fin/swe
A02AB07,Aluminium glycinate,fin/swe
A02AB10,Combinations,fin/swe
A02AC,Calcium compounds,est/swe/lat/ice/den
A02AC01,Calcium carbonate,fin/swe
A02AC02,Calcium silicate,fin/swe
A02AC10,Combinations,fin/swe
A02AD,"Combinations and complexes of aluminium, calcium and magnesium compounds",est/swe/lat/ice/den
A02AD01,Ordinary salt combinations,fin/swe
A02AD02,Magaldrate,fin/swe
A02AD03,Almagate,fin/swe
A02AD04,Hydrotalcite,fin/swe
A02AD05,Almasilate,fin/swe
A02AF,Antacids with antiflatulents,est/swe/lat/ice/den
A02AF01,Magaldrate and antiflatulents,fin/swe
A02AF02,Ordinary salt combinations and antiflatulents,fin/swe
A02AG,Antacids with antispasmodics,est/swe/lat/ice/den
A02AH,Antacids with sodium bicarbonate,est/swe/lat/ice/den
A02AX,"Antacids, other combinations",est/swe/lat/ice/den
A02BA,H2-receptor antagonists,est/swe/lat/ice/den
A02BA01,Cimetidine,fin/swe
A02BA02,Ranitidine,fin/swe
A02BA03,Famotidine,fin/swe
A02BA04,Nizatidine,fin/swe
A02BA05,Niperotidine,fin/swe
A02BA06,Roxatidine,fin/swe
A02BA07,Ranitidine bismuth citrate,fin/swe
A02BA08,Lafutidine,fin/swe
A02BA51,"Cimetidine, combinations",fin/swe
A02BA53,"Famotidine, combinations",fin/swe
A02BB,Prostaglandins,est/swe/lat/ice/den
A02BB01,Misoprostol,fin/swe
A02BB02,Enprostil,fin/swe
A02BC,Proton pump inhibitors,est/swe/lat/ice/den
A02BC01,Omeprazole,fin/swe
A02BC02,Pantoprazole,fin/swe
A02BC03,Lansoprazole,fin/swe
A02BC04,Rabeprazole,fin/swe
A02BC05,Esomeprazole,fin/swe
A02BC06,Dexlansoprazole,fin/swe
A02BC07,Dexrabeprazole,fin/swe
A02BC08,Vonoprazan,fin/swe
A02BC09,Tegoprazan,fin/swe
A02BC53,"Lansoprazole, combinations",fin/swe
A02BC54,"Rabeprazole, combinations",fin/swe
A02BD,Combinations for eradication of Helicobacter pylori,est/swe/lat/ice/den
A02BD01,"Omeprazole, amoxicillin and metronidazole",fin/nor/swe
A02BD02,"Lansoprazole, tetracycline and metronidazole",fin/nor/swe
A02BD03,"Lansoprazole, amoxicillin and metronidazole",fin/nor/swe
A02BD04,"Pantoprazole, amoxicillin and clarithromycin",fin/nor/swe
A02BD05,"Omeprazole, amoxicillin and clarithromycin",fin/swe
A02BD06,"Esomeprazole, amoxicillin and clarithromycin",fin/nor/swe
A02BD07,"Lansoprazole, amoxicillin and clarithromycin",fin/nor/swe
A02BD08,"Bismuth subcitrate, tetracycline and metronidazole",fin/swe
A02BD09,"Lansoprazole, clarithromycin and tinidazole",fin/swe
A02BD10,"Lansoprazole, amoxicillin and levofloxacin",fin/swe
A02BD11,"Pantoprazole, amoxicillin, clarithromycin and metro",fin/swe
A02BD12,"Rabeprazole, amoxicillin and clarithromycin",fin/swe
A02BD13,"Rabeprazole, amoxicillin and metronidazole",fin/swe
A02BD14,"Vonoprazan, amoxicillin and clarithromycin",fin/swe
A02BD15,"Vonoprazan, amoxicillin and metronidazole",fin/swe
A02BD16,"Omeprazole, amoxicillin and rifabutin",fin/swe
A02BX,Other drugs for peptic ulcer and gastro-oesophageal reflux disease (GORD),est/swe/lat/ice/den
A02BX01,Carbenoxolone,fin/swe
A02BX02,Sucralfate,fin/swe
A02BX03,Pirenzepine,fin/swe
A02BX04,Methiosulfonium chloride,fin/swe
A02BX05,Bismuth subcitrate,fin/swe
A02BX06,Proglumide,fin/swe
A02BX07,Gefarnate,fin/swe
A02BX08,Sulglicotide,fin/swe
A02BX09,Acetoxolone,fin/swe
A02BX10,Zolimidine,fin/swe
A02BX11,Troxipide,fin/swe
A02BX12,Bismuth subnitrate,fin/swe
A02BX13,Alginic acid,fin/swe
A02BX14,Rebamipide,fin/swe
A02BX51,"Carbenoxolone, combinations excl. psycholeptics",fin/swe
A02BX71,"Carbenoxolone, combinations with psycholeptics",fin/swe
A02BX77,"Gefarnate, combinations with psycholeptics",fin/swe
A03AA,"Synthetic anticholinergics, esters with tertiary amino group",est/swe/lat/ice/den
A03AA01,Oxyphencyclimine,fin/swe
A03AA03,Camylofin,fin/swe
A03AA04,Mebeverine,fin/swe
A03AA05,Trimebutine,fin/swe
A03AA06,Rociverine,fin/swe
A03AA07,Dicycloverine,fin/swe
A03AA08,Dihexyverine,fin/swe
A03AA09,Difemerine,fin/swe
A03AA30,Piperidolate,fin/swe
A03AB,"Synthetic anticholinergics, quaternary ammonium compounds",est/swe/lat/ice/den
A03AB01,Benzilone,fin/swe
A03AB02,Glycopyrronium bromide,fin/swe
A03AB03,Oxyphenonium,fin/swe
A03AB04,Penthienate,fin/swe
A03AB05,Propantheline,fin/swe
A03AB06,Otilonium bromide,fin/swe
A03AB07,Methantheline,fin/swe
A03AB08,Tridihexethyl,fin/swe
A03AB09,Isopropamide,fin/swe
A03AB10,Hexocyclium,fin/swe
A03AB11,Poldine,fin/swe
A03AB12,Mepenzolate,fin/swe
A03AB13,Bevonium,fin/swe
A03AB14,Pipenzolate,fin/swe
A03AB15,Diphemanil,fin/swe
A03AB16,(2-benzhydryloxyethyl)diethyl-methylammonium iodide,fin/swe
A03AB17,Tiemonium iodide,fin/swe
A03AB18,Prifinium bromide,fin/swe
A03AB19,Timepidium bromide,fin/swe
A03AB21,Fenpiverinium,fin/swe
A03AB53,"Oxyphenonium, combinations",fin/swe
A03AC,"Synthetic antispasmodics, amides with tertiary amines",est/swe/lat/ice/den
A03AC02,Dimethylaminopropionylphenothiazine,fin/swe
A03AC04,Nicofetamide,fin/swe
A03AC05,Tiropramide,fin/swe
A03AD,Papaverine and derivatives,est/swe/lat/ice/den
A03AD01,Papaverine,fin/swe
A03AD02,Drotaverine,fin/swe
A03AD30,Moxaverine,fin/swe
A03AE,Drugs acting on serotonin receptors,est/swe/lat/ice/den
A03AE01,Alosetron,fin/swe
A03AE03,Cilansetron,fin/swe
A03AX,Other drugs for functional bowel disorders,est/swe/lat/ice/den
A03AX01,Fenpiprane,fin/swe
A03AX02,Diisopromine,fin/swe
A03AX03,Chlorbenzoxamine,fin/swe
A03AX04,Pinaverium,fin/swe
A03AX05,Fenoverine,fin/swe
A03AX06,Idanpramine,fin/swe
A03AX07,Proxazole,fin/swe
A03AX08,Alverine,fin/swe
A03AX09,Trepibutone,fin/swe
A03AX10,Isometheptene,fin/swe
A03AX11,Caroverine,fin/swe
A03AX12,Phloroglucinol,fin/swe
A03AX13,Silicones,fin/swe
A03AX14,Valethamate,fin/swe
A03AX15,Menthae piperitae aetheroleum,fin/swe
A03AX30,Trimethyldiphenylpropylamine,fin/swe
A03AX58,"Alverine, combinations",fin/swe
A03BA,"Belladonna alkaloids, tertiary amines",est/swe/lat/ice/den
A03BA01,Atropine,fin/swe
A03BA03,Hyoscyamine,fin/swe
A03BA04,Belladonna total alkaloids,fin/swe
A03BB,"Belladonna alkaloids, semisynthetic, quaternary ammonium compounds",est/swe/lat/ice/den
A03BB01,Butylscopolamine,fin/swe
A03BB02,Methylatropine,fin/swe
A03BB03,Methylscopolamine,fin/swe
A03BB04,Fentonium,fin/swe
A03BB05,Cimetropium bromide,fin/swe
A03BB06,Homatropine methylbromide,fin/swe
A03CA,Synthetic anticholinergic agents in combination with psycholeptics,est/swe/lat/ice/den
A03CA01,Isopropamide and psycholeptics,fin/swe
A03CA02,Clidinium and psycholeptics,fin/swe
A03CA03,Oxyphencyclimine and psycholeptics,fin/swe
A03CA04,Otilonium bromide and psycholeptics,fin/swe
A03CA05,Glycopyrronium bromide and psycholeptics,fin/swe
A03CA06,Bevonium and psycholeptics,fin/swe
A03CA07,Ambutonium and psycholeptics,fin/swe
A03CA08,Diphemanil and psycholeptics,fin/swe
A03CA09,Pipenzolate and psycholeptics,fin/swe
A03CA30,Emepronium and psycholeptics,fin/swe
A03CA34,Propantheline and psycholeptics,fin/swe
A03CB,Belladonna and derivatives in combination with psycholeptics,est/swe/lat/ice/den
A03CB01,Methylscopolamine and psycholeptics,fin/swe
A03CB02,Belladonna total alkaloids and psycholeptics,fin/swe
A03CB03,Atropine and psycholeptics,fin/swe
A03CB04,Homatropine methylbromide and psycholeptics,fin/swe
A03CB31,Hyoscyamine and psycholeptics,fin/swe
A03CC,Other antispasmodics in combination with psycholeptics,est/swe/lat/ice/den
A03DA,Synthetic anticholinergic agents in combination with analgesics,est/swe/lat/ice/den
A03DA01,Tropenzilone and analgesics,fin/swe
A03DA02,Pitofenone and analgesics,fin/swe
A03DA03,Bevonium and analgesics,fin/swe
A03DA04,Ciclonium and analgesics,fin/swe
A03DA05,Camylofin and analgesics,fin/swe
A03DA06,Trospium and analgesics,fin/swe
A03DA07,Tiemonium iodide and analgesics,fin/swe
A03DB,Belladonna and derivatives in combination with analgesics,est/swe/lat/ice/den
A03DB04,Butylscopolamine and analgesics,fin/swe
A03DC,Other antispasmodics in combination with analgesics,est/swe/lat/ice/den
A03EA,"Antispasmodics, psycholeptics and analgesics in combination",est/swe/lat/ice/den
A03ED,Antispasmodics in combination with other drugs,est/swe/lat/ice/den
A03FA,Propulsives,est/swe/lat/ice/den
A03FA01,Metoclopramide,fin/swe
A03FA02,Cisapride,fin/swe
A03FA03,Domperidone,fin/swe
A03FA04,Bromopride,fin/swe
A03FA05,Alizapride,fin/swe
A03FA06,Clebopride,fin/swe
A03FA07,Itopride,fin/swe
A03FA08,Cinitapride,fin/swe
A03FA09,Mosapride,fin/swe
A04AA,Serotonin (5HT3) antagonists,est/swe/lat/ice/den
A04AA01,Ondansetron,fin/swe
A04AA02,Granisetron,fin/swe
A04AA03,Tropisetron,fin/swe
A04AA04,Dolasetron,fin/swe
A04AA05,Palonosetron,fin/swe
A04AA55,"Palonosetron, combinations",fin/swe
A04AD,Other antiemetics,est/swe/lat/ice/den
A04AD01,Scopolamine,fin/swe
A04AD02,Cerium oxalate,fin/swe
A04AD04,Chlorobutanol,fin/swe
A04AD05,Metopimazine,fin/swe
A04AD10,Dronabinol,fin/swe
A04AD11,Nabilone,fin/swe
A04AD12,Aprepitant,fin/swe
A04AD13,Casopitant,fin/swe
A04AD14,Rolapitant,fin/swe
A04AD51,"Scopolamine, combinations",fin/swe
A04AD54,"Chlorobutanol, combinations",fin/swe
A05AA,Bile acid preparations,est/swe/lat/ice/den
A05AA01,Chenodeoxycholic acid,fin/swe
A05AA02,Ursodeoxycholic acid,fin/swe
A05AA03,Cholic acid,fin/swe
A05AA04,Obeticholic acid,fin/swe
A05AB,Preparations for biliary tract therapy,est/swe/lat/ice/den
A05AB01,Nicotinyl methylamide,fin/swe
A05AX,Other drugs for bile therapy,est/swe/lat/ice/den
A05AX01,Piprozolin,fin/swe
A05AX02,Hymecromone,fin/swe
A05AX03,Cyclobutyrol,fin/swe
A05AX04,Maralixibat chloride,fin/swe
A05AX05,Odevixibat,fin/swe
A05BA,Liver therapy,est/swe/lat/ice/den
A05BA01,Arginine glutamate,fin/swe
A05BA03,Silymarin,fin/swe
A05BA04,Citiolone,fin/swe
A05BA05,Epomediol,fin/swe
A05BA06,Ornithine oxoglurate,fin/swe
A05BA07,Tidiacic arginine,fin/swe
A05BA08,Glycyrrhizic acid,fin/swe
A05BA09,Metadoxine,fin/swe
A06AA,"Softeners, emollients",est/swe/lat/ice/den
A06AA01,Liquid paraffin,fin/swe
A06AA02,Docusate sodium,fin/swe
A06AA51,"Liquid paraffin, combinations",fin/swe
A06AB,Contact laxatives,est/swe/lat/ice/den
A06AB01,Oxyphenisatine,fin/swe
A06AB02,Bisacodyl,fin/swe
A06AB03,Dantron,fin/swe
A06AB04,Phenolphthalein,fin/swe
A06AB05,Castor oil,fin/swe
A06AB06,Senna glycosides,fin/swe
A06AB07,Cascara,fin/swe
A06AB08,Sodium picosulfate,fin/swe
A06AB09,Bisoxatin,fin/swe
A06AB20,Contact laxatives in combination,fin/swe
A06AB30,Contact laxatives in combination with belladonna al,fin/swe
A06AB52,"Bisacodyl, combinations",fin/swe
A06AB53,"Dantron, combinations",fin/swe
A06AB56,"Senna glycosides, combinations",fin/swe
A06AB57,"Cascara, combinations",fin/swe
A06AB58,"Sodium picosulfate, combinations",fin/swe
A06AC,Bulk producers,est/swe/lat/ice/den
A06AC01,Ispaghula (psylla seeds),fin/swe
A06AC02,Ethulose,fin/swe
A06AC03,Sterculia,fin/swe
A06AC05,Linseed,fin/swe
A06AC06,Methylcellulose,fin/swe
A06AC07,Triticum (wheat fibre),fin/swe
A06AC08,Polycarbophil calcium,fin/swe
A06AC51,"Ispaghula, combinations",fin/swe
A06AC53,"Sterculia, combinations",fin/swe
A06AC55,"Linseed, combinations",fin/swe
A06AD,Osmotically acting laxatives,est/swe/lat/ice/den
A06AD01,Magnesium carbonate,fin/swe
A06AD02,Magnesium oxide,fin/swe
A06AD03,Magnesium peroxide,fin/swe
A06AD04,Magnesium sulfate,fin/swe
A06AD10,Mineral salts in combination,fin/swe
A06AD11,Lactulose,fin/swe
A06AD12,Lactitol,fin/swe
A06AD13,Sodium sulfate,fin/swe
A06AD14,Pentaerithrityl,fin/swe
A06AD15,Macrogol,fin/swe
A06AD16,Mannitol,fin/swe
A06AD17,Sodium phosphate,fin/swe
A06AD18,Sorbitol,fin/swe
A06AD19,Magnesium citrate,fin/swe
A06AD21,Sodium tartrate,fin/swe
A06AD61,"Lactulose, combinations",fin/swe
A06AD65,"Macrogol, combinations",fin/swe
A06AG,Enemas,est/swe/lat/ice/den
A06AG01,Sodium phosphate,fin/swe
A06AG02,Bisacodyl,fin/swe
A06AG03,"Dantron, incl. combinations",fin/swe
A06AG04,Glycerol,fin/swe
A06AG06,Oil,fin/swe
A06AG07,Sorbitol,fin/swe
A06AG10,"Docusate sodium, incl. combinations",fin/swe
A06AG11,"Sodium lauryl sulfoacetate, incl. combinations",fin/swe
A06AG20,Combinations,fin/swe
A06AH01,Methylnaltrexone bromide,fin/swe
A06AH02,Alvimopan,fin/swe
A06AH03,Naloxegol,fin/swe
A06AH04,Naloxone,fin/swe
A06AH05,Naldemedine,fin/swe
A06AX,Other laxatives,est/swe/lat/ice/den
A06AX01,Glycerol,fin/swe
A06AX02,Carbon dioxide producing drugs,fin/swe
A06AX03,Lubiprostone,fin/swe
A06AX04,Linaclotide,fin/swe
A06AX05,Prucalopride,fin/swe
A06AX06,Tegaserod,fin/swe
A06AX07,Plecanatide,fin/swe
A06AX08,Tenapanor,fin/swe
A07AA,Antibiotics,est/swe/lat/ice/den
A07AA01,Neomycin,fin/swe
A07AA02,Nystatin,fin/swe
A07AA03,Natamycin,fin/swe
A07AA04,Streptomycin,fin/swe
A07AA05,Polymyxin B,fin/swe
A07AA06,Paromomycin,fin/swe
A07AA07,Amphotericin B,fin/swe
A07AA08,Kanamycin,fin/swe
A07AA09,Vancomycin,fin/swe
A07AA10,Colistin,fin/swe
A07AA11,Rifaximin,fin/swe
A07AA12,Fidaxomicin,fin/swe
A07AA13,Rifamycin,fin/swe
A07AA51,"Neomycin, combinations",fin/swe
A07AA54,"Streptomycin, combinations",fin/swe
A07AB,Sulfonamides,est/swe/lat/ice/den
A07AB02,Phthalylsulfathiazole,fin/swe
A07AB03,Sulfaguanidine,fin/swe
A07AB04,Succinylsulfathiazole,fin/swe
A07AC,Imidazole derivatives,est/swe/lat/ice/den
A07AC01,Miconazole,fin/swe
A07AX,Other intestinal antiinfectives,est/swe/lat/ice/den
A07AX01,Broxyquinoline,fin/swe
A07AX02,Acetarsol,fin/swe
A07AX03,Nifuroxazide,fin/swe
A07AX04,Nifurzide,fin/swe
A07BA,Charcoal preparations,est/swe/lat/ice/den
A07BA01,Medicinal charcoal,fin/swe
A07BA51,"Medicinal charcoal, combinations",fin/swe
A07BB,Bismuth preparations,est/swe/lat/ice/den
A07BC,Other intestinal adsorbents,est/swe/lat/ice/den
A07BC01,Pectin,fin/swe
A07BC02,Kaolin,fin/swe
A07BC03,Crospovidone,fin/swe
A07BC04,Attapulgite,fin/swe
A07BC05,Diosmectite,fin/swe
A07BC30,Combinations,fin/swe
A07BC54,"Attapulgite, combinations",fin/swe
A07CA,Oral rehydration salt formulations,est/swe/lat/ice/den
A07DA,Antipropulsives,est/swe/lat/ice/den
A07DA01,Diphenoxylate,fin/swe
A07DA02,Opium,fin/swe
A07DA03,Loperamide,fin/swe
A07DA04,Difenoxin,fin/swe
A07DA05,Loperamide oxide,fin/swe
A07DA06,Eluxadoline,fin/swe
A07DA52,"Morphine, combinations",fin/swe
A07DA53,"Loperamide, combinations",fin/swe
A07EA,Corticosteroids acting locally,est/swe/lat/ice/den
A07EA01,Prednisolone,fin/swe
A07EA02,Hydrocortisone,fin/swe
A07EA03,Prednisone,fin/swe
A07EA04,Betamethasone,fin/swe
A07EA05,Tixocortol,fin/swe
A07EA06,Budesonide,fin/swe
A07EA07,Beclometasone,fin/swe
A07EB,"Antiallergic agents, excl. corticosteroids",est/swe/lat/ice/den
A07EB01,Cromoglicic acid,fin/swe
A07EC,Aminosalicylic acid and similar agents,est/swe/lat/ice/den
A07EC01,Sulfasalazine,fin/swe
A07EC02,Mesalazine,fin/swe
A07EC03,Olsalazine,fin/swe
A07EC04,Balsalazide,fin/swe
A07FA,Antidiarrheal microorganisms,est/swe/lat/ice/den
A07FA01,Lactic acid producing organisms,fin/swe
A07FA02,Saccharomyces boulardii,fin/swe
A07FA51,"Lactic acid producing organisms, combinations",fin/swe
A07XA,Other antidiarrheals,est/swe/lat/ice/den
A07XA01,Albumin tannate,fin/swe
A07XA02,Ceratonia,fin/swe
A07XA03,Calcium compounds,fin/swe
A07XA04,Racecadotril,fin/swe
A07XA06,Crofelemer,fin/swe
A07XA51,"Albumin tannate, combinations",fin/swe
A08AA,Centrally acting antiobesity products,est/swe/lat/ice/den
A08AA01,Phentermine,fin/swe
A08AA02,Fenfluramine,fin/swe
A08AA03,Amfepramone,fin/swe
A08AA04,Dexfenfluramine,fin/swe
A08AA05,Mazindol,fin/swe
A08AA06,Etilamfetamine,fin/swe
A08AA07,Cathine,fin/swe
A08AA08,Clobenzorex,fin/swe
A08AA09,Mefenorex,fin/swe
A08AA10,Sibutramine,fin/swe
A08AA11,Lorcaserin,fin/swe
A08AA12,Setmelanotide,fin/swe
A08AA56,"Ephedrine, combinations",fin/swe
A08AA62,Bupropion and naltrexone,fin/swe
A08AB,Peripherally acting antiobesity products,est/swe/lat/ice/den
A08AB01,Orlistat,fin/swe
A08AX01,Rimonabant,fin/swe
A09AA,Enzyme preparations,est/swe/lat/ice/den
A09AA01,Diastase,fin/swe
A09AA02,"Multienzymes (lipase, protease etc.)",fin/swe
A09AA03,Pepsin,fin/swe
A09AA04,Tilactase,fin/swe
A09AB,Acid preparations,est/swe/lat/ice/den
A09AB01,Glutamic acid hydrochloride,fin/swe
A09AB02,Betaine hydrochloride,fin/swe
A09AB03,Hydrochloric acid,fin/swe
A09AB04,Citric acid,fin/swe
A09AC,"Enzyme and acid preparations, combinations",est/swe/lat/ice/den
A09AC01,Pepsin and acid preparations,fin/swe
A09AC02,Multienzymes and acid preparations,fin/swe
A10AB,"Insulins and analogues, fast-acting",est/swe/lat/ice/den
A10AB01,Insulin (human),fin/swe
A10AB02,Insulin (beef),fin/swe
A10AB03,Insulin (pork),fin/swe
A10AB04,Insulin lispro,fin/swe
A10AB05,Insulin aspart,fin/swe
A10AB06,Insulin glulisine,fin/swe
A10AB30,Combinations,fin/swe
A10AC,"Insulins and analogues, intermediate-acting",est/swe/lat/ice/den
A10AC01,Insulin (human),fin/swe
A10AC02,Insulin (beef),fin/swe
A10AC03,Insulin (pork),fin/swe
A10AC04,Insulin lispro,fin/swe
A10AC30,Combinations,fin/swe
A10AD,"Insulins and analogues, intermediate-acting combined with fast-acting",est/swe/lat/ice/den
A10AD01,Insulin (human),fin/swe
A10AD02,Insulin (beef),fin/swe
A10AD03,Insulin (pork),fin/swe
A10AD04,Insulin lispro,fin/swe
A10AD05,Insulin aspart,fin/swe
A10AD06,Insulin degludec and insulin aspart,fin/swe
A10AD30,Combinations,fin/swe
A10AE,"Insulins and analogues, long-acting",est/swe/lat/ice/den
A10AE01,Insulin (human),fin/swe
A10AE02,Insulin (beef),fin/swe
A10AE03,Insulin (pork),fin/swe
A10AE04,Insulin glargine,fin/swe
A10AE05,Insulin detemir,fin/swe
A10AE06,Insulin degludec,fin/swe
A10AE30,Combinations,fin/swe
A10AE54,Insulin glargine and lixisenatide,fin/swe
A10AE56,Insulin degludec and liraglutide,fin/swe
A10AF01,Insulin (human),fin/swe
A10BA,Biguanides,est/swe/lat/ice/den
A10BA01,Phenformin,fin/swe
A10BA02,Metformin,fin/swe
A10BA03,Buformin,fin/swe
A10BB,"Sulfonamides, urea derivatives",est/swe/lat/ice/den
A10BB01,Glibenclamide,fin/swe
A10BB02,Chlorpropamide,fin/swe
A10BB03,Tolbutamide,fin/swe
A10BB04,Glibornuride,fin/swe
A10BB05,Tolazamide,fin/swe
A10BB06,Carbutamide,fin/swe
A10BB07,Glipizide,fin/swe
A10BB08,Gliquidone,fin/swe
A10BB09,Gliclazide,fin/swe
A10BB10,Metahexamide,fin/swe
A10BB11,Glisoxepide,fin/swe
A10BB12,Glimepiride,fin/swe
A10BB31,Acetohexamide,fin/swe
A10BC,Sulfonamides (heterocyclic),est/swe/lat/ice/den
A10BC01,Glymidine,fin/swe
A10BD,Combinations of oral blood glucose lowering drugs,est/swe/lat/ice/den
A10BD01,Phenformin and sulfonylureas,fin/swe
A10BD02,Metformin and sulfonylureas,fin/swe
A10BD03,Metformin and rosiglitazone,fin/swe
A10BD04,Glimepiride and rosiglitazone,fin/swe
A10BD05,Metformin and pioglitazone,fin/swe
A10BD06,Glimepiride and pioglitazone,fin/swe
A10BD07,Metformin and sitagliptin,fin/swe
A10BD08,Metformin and vildagliptin,fin/swe
A10BD09,Pioglitazone and alogliptin,fin/swe
A10BD10,Metformin and saxagliptin,fin/swe
A10BD11,Metformin and linagliptin,fin/swe
A10BD12,Pioglitazone and sitagliptin,fin/swe
A10BD13,Metformin and alogliptin,fin/swe
A10BD14,Metformin and repaglinide,fin/swe
A10BD15,Metformin and dapagliflozin,fin/swe
A10BD16,Metformin and canagliflozin,fin/swe
A10BD17,Metformin and acarbose,fin/swe
A10BD18,Metformin and gemigliptin,fin/swe
A10BD19,Linagliptin and empagliflozin,fin/swe
A10BD20,Metformin and empagliflozin,fin/swe
A10BD21,Saxagliptin and dapagliflozin,fin/swe
A10BD22,Metformin and evogliptin,fin/swe
A10BD23,Metformin and ertugliflozin,fin/swe
A10BD24,Sitagliptin and ertugliflozin,fin/swe
A10BD25,"Metformin, saxagliptin and dapagliflozin",fin/swe
A10BD26,Metformin and lobeglitazone,fin/swe
A10BD27,"Metformin, linagliptin and empagliflozin",fin/swe
A10BF,Alpha glucosidase inhibitors,est/swe/lat/ice/den
A10BF01,Acarbose,fin/swe
A10BF02,Miglitol,fin/swe
A10BF03,Voglibose,fin/swe
A10BG,Thiazolidinediones,est/swe/lat/ice/den
A10BG01,Troglitazone,fin/swe
A10BG02,Rosiglitazone,fin/swe
A10BG03,Pioglitazone,fin/swe
A10BG04,Lobeglitazone,fin/swe
A10BH01,Sitagliptin,fin/swe
A10BH02,Vildagliptin,fin/swe
A10BH03,Saxagliptin,fin/swe
A10BH04,Alogliptin,fin/swe
A10BH05,Linagliptin,fin/swe
A10BH06,Gemigliptin,fin/swe
A10BH07,Evogliptin,fin/swe
A10BH08,Teneligliptin,fin/swe
A10BH51,Sitagliptin and simvastatin,fin/swe
A10BH52,Gemigliptin and rosuvastatin,fin/swe
A10BJ01,Exenatide,fin/swe
A10BJ02,Liraglutide,fin/swe
A10BJ03,Lixisenatide,fin/swe
A10BJ04,Albiglutide,fin/swe
A10BJ05,Dulaglutide,fin/swe
A10BJ06,Semaglutide,fin/swe
A10BJ07,Beinaglutide,fin/swe
A10BK01,Dapagliflozin,fin/swe
A10BK02,Canagliflozin,fin/swe
A10BK03,Empagliflozin,fin/swe
A10BK04,Ertugliflozin,fin/swe
A10BK05,Ipragliflozin,fin/swe
A10BK06,Sotagliflozin,fin/swe
A10BK07,Luseogliflozin,fin/swe
A10BX,Other oral blood glucose lowering drugs,est/swe/lat/ice/den
A10BX01,Guar gum,fin/swe
A10BX02,Repaglinide,fin/swe
A10BX03,Nateglinide,fin/swe
A10BX05,Pramlintide,fin/swe
A10BX06,Benfluorex,fin/swe
A10BX08,Mitiglinide,fin/swe
A10BX15,Imeglimin,fin/swe
A10XA,Aldose reductase inhibitors,est/swe/lat/ice/den
A10XA01,Tolrestat,fin/swe
A11AA,Multivitamins with minerals,est/swe/lat/ice/den
A11AA01,Multivitamins and iron,fin/swe
A11AA02,Multivitamins and calcium,fin/swe
A11AA03,"Multivitamins and other minerals, incl. combination",fin/swe
A11AA04,Multivitamins and trace elements,fin/swe
A11AB,"Multivitamins, other combinations",est/swe/lat/ice/den
A11BA,"Multivitamins, plain",est/swe/lat/ice/den
A11CA,"Vitamin A, plain",est/swe/lat/ice/den
A11CA01,Retinol (vit A),fin/swe
A11CA02,Betacarotene,fin/swe
A11CB,Vitamin A and D in combination,est/swe/lat/ice/den
A11CC,Vitamin D and analogues,est/swe/lat/ice/den
A11CC01,Ergocalciferol,fin/swe
A11CC02,Dihydrotachysterol,fin/swe
A11CC03,Alfacalcidol,fin/swe
A11CC04,Calcitriol,fin/swe
A11CC05,Colecalciferol,fin/swe
A11CC06,Calcifediol,fin/swe
A11CC20,Combinations,fin/swe
A11CC55,"Colecalciferol, combinations",fin/swe
A11DA,"Vitamin B1, plain",est/swe/lat/ice/den
A11DA01,Thiamine (vit B1),fin/swe
A11DA02,Sulbutiamine,fin/swe
A11DA03,Benfotiamine,fin/swe
A11DB,Vitamin B1 in combination with vitamin B6 and/or vitamin B12,est/swe/lat/ice/den
A11EA,"Vitamin B-complex, plain",est/swe/lat/ice/den
A11EB,Vitamin B-complex with vitamin C,est/swe/lat/ice/den
A11EC,Vitamin B-complex with minerals,est/swe/lat/ice/den
A11ED,Vitamin B-complex with anabolic steroids,est/swe/lat/ice/den
A11EX,"Vitamin B-complex, other combinations",est/swe/lat/ice/den
A11GA,"Ascorbic acid (vitamin C), plain",est/swe/lat/ice/den
A11GA01,Ascorbic acid (vit C),fin/swe
A11GB,"Ascorbic acid (vitamin C), combinations",est/swe/lat/ice/den
A11GB01,Ascorbic acid (vit C) and calcium,fin/swe
A11HA,Other plain vitamin preparations,est/swe/lat/ice/den
A11HA01,Nicotinamide,fin/swe
A11HA02,Pyridoxine (vit B6),fin/swe
A11HA03,Tocopherol (vit E),fin/swe
A11HA04,Riboflavin (vit B2),fin/swe
A11HA05,Biotin,fin/swe
A11HA06,Pyridoxal phosphate,fin/swe
A11HA07,Inositol,fin/swe
A11HA08,Tocofersolan,fin/swe
A11HA30,Dexpanthenol,fin/swe
A11HA31,Calcium pantothenate,fin/swe
A11HA32,Pantethine,fin/swe
A11JA,Combinations of vitamins,est/swe/lat/ice/den
A11JB,Vitamins with minerals,est/swe/lat/ice/den
A11JC,"Vitamins, other combinations",est/swe/lat/ice/den
A12AA,Calcium,est/swe/lat/ice/den
A12AA01,Calcium phosphate,fin/swe
A12AA02,Calcium glubionate,fin/swe
A12AA03,Calcium gluconate,fin/swe
A12AA04,Calcium carbonate,fin/swe
A12AA05,Calcium lactate,fin/swe
A12AA06,Calcium lactate gluconate,fin/swe
A12AA07,Calcium chloride,fin/swe
A12AA08,Calcium glycerylphosphate,fin/swe
A12AA09,Calcium citrate lysine complex,fin/swe
A12AA10,Calcium glucoheptonate,fin/swe
A12AA11,Calcium pangamate,fin/swe
A12AA13,Calcium citrate,fin/swe
A12AA20,Calcium (different salts in combination),fin/swe
A12AA30,Calcium laevulate,fin/swe
A12AX,"Calcium, combinations with other drugs",est/swe/lat/ice/den
A12BA,Potassium,est/swe/lat/ice/den
A12BA01,Potassium chloride,fin/swe
A12BA02,Potassium citrate,fin/swe
A12BA03,Potassium hydrogentartrate,fin/swe
A12BA04,Potassium hydrogencarbonate,fin/swe
A12BA05,Potassium gluconate,fin/swe
A12BA30,Potassium (different salts in combination),fin/swe
A12BA51,"Potassium chloride, combinations",fin/swe
A12CA,Sodium,est/swe/lat/ice/den
A12CA01,Sodium chloride,fin/swe
A12CA02,Sodium sulfate,fin/swe
A12CB,Zinc,est/swe/lat/ice/den
A12CB01,Zinc sulfate,fin/swe
A12CB02,Zinc gluconate,fin/swe
A12CB03,Zinc protein complex,fin/swe
A12CC,Magnesium,est/swe/lat/ice/den
A12CC01,Magnesium chloride,fin/swe
A12CC02,Magnesium sulfate,fin/swe
A12CC03,Magnesium gluconate,fin/swe
A12CC04,Magnesium citrate,fin/swe
A12CC05,Magnesium aspartate,fin/swe
A12CC06,Magnesium lactate,fin/swe
A12CC07,Magnesium levulinate,fin/swe
A12CC08,Magnesium pidolate,fin/swe
A12CC09,Magnesium orotate,fin/swe
A12CC10,Magnesium oxide,fin/swe
A12CC30,Magnesium (different salts in combination),fin/swe
A12CD,Fluoride,est/swe/lat/ice/den
A12CD01,Sodium fluoride,fin/swe
A12CD02,Sodium monofluorophosphate,fin/swe
A12CD51,"Fluoride, combinations",fin/swe
A12CE,Selenium,est/swe/lat/ice/den
A12CE01,Sodium selenate,fin/swe
A12CE02,Sodium selenite,fin/swe
A12CX,Other mineral products,est/swe/lat/ice/den
A14AA,Androstan derivatives,est/swe/lat/ice/den
A14AA01,Androstanolone,fin/swe
A14AA02,Stanozolol,fin/swe
A14AA03,Metandienone,fin/swe
A14AA04,Metenolone,fin/swe
A14AA05,Oxymetholone,fin/swe
A14AA06,Quinbolone,fin/swe
A14AA07,Prasterone,fin/swe
A14AA08,Oxandrolone,fin/swe
A14AA09,Norethandrolone,fin/swe
A14AB,Estren derivatives,est/swe/lat/ice/den
A14AB01,Nandrolone,fin/swe
A14AB02,Ethylestrenol,fin/swe
A14AB03,Oxabolone cipionate,fin/swe
A16AA,Amino acids and derivatives,est/swe/lat/ice/den
A16AA01,Levocarnitine,fin/swe
A16AA02,Ademetionine,fin/swe
A16AA03,Glutamine,fin/swe
A16AA04,Mercaptamine,fin/swe
A16AA05,Carglumic acid,fin/swe
A16AA06,Betaine,fin/swe
A16AA07,Metreleptin,fin/swe
A16AB,Enzymes,est/swe/lat/ice/den
A16AB01,Alglucerase,fin/swe
A16AB02,Imiglucerase,fin/swe
A16AB03,Agalsidase alfa,fin/swe
A16AB04,Agalsidase beta,fin/swe
A16AB05,Laronidase,fin/swe
A16AB06,Sacrosidase,fin/swe
A16AB07,Alglucosidase alfa,fin/swe
A16AB08,Galsulfase,fin/swe
A16AB09,Idursulfase,fin/swe
A16AB10,Velaglucerase alfa,fin/swe
A16AB11,Taliglucerase alfa,fin/swe
A16AB12,Elosulfase alfa,fin/swe
A16AB13,Asfotase alfa,fin/swe
A16AB14,Sebelipase alfa,fin/swe
A16AB15,Velmanase alfa,fin/swe
A16AB16,Idursulfase beta,fin/swe
A16AB17,Cerliponase alfa,fin/swe
A16AB18,Vestronidase alfa,fin/swe
A16AB19,Pegvaliase,fin/swe
A16AB20,Pegunigalsidase alfa,fin/swe
A16AB21,Atidarsagene autotemcel,fin/swe
A16AB22,Avalglucosidase alfa,fin/swe
A16AX,Various alimentary tract and metabolism products,est/swe/lat/ice/den
A16AX01,Thioctic acid,fin/swe
A16AX02,Anethole trithione,fin/swe
A16AX03,Sodium phenylbutyrate,fin/swe
A16AX04,Nitisinone,fin/swe
A16AX05,Zinc acetate,fin/swe
A16AX06,Miglustat,fin/swe
A16AX07,Sapropterin,fin/swe
A16AX08,Teduglutide,fin/swe
A16AX09,Glycerol phenylbutyrate,fin/swe
A16AX10,Eliglustat,fin/swe
A16AX11,Sodium benzoate,fin/swe
A16AX12,Trientine,fin/swe
A16AX13,Uridine triacetate,fin/swe
A16AX14,Migalastat,fin/swe
A16AX15,Telotristat,fin/swe
A16AX16,Givosiran,fin/swe
A16AX17,Triheptanoin,fin/swe
A16AX18,Lumasiran,fin/swe
A16AX19,Fosdenopterin,fin/swe
A16AX20,Lonafarnib,fin/swe
A16AX30,Sodium benzoate and sodium phenylacetate,fin/swe
AADA1A,Head X-ray examination,swe/ice/den/fin/nor
AADA1L,Dynamic X-ray examination of head region,ice
AADA2A,Cranial basis X-ray examination,ice
AADA3A,Facial bones X-ray examination,swe/ice/den/fin/nor
AADA4A,Sella turcica X-ray examination,swe/ice/den
AADA6A,Cranial sutures X-ray examination,ice/fin
AADA7A,Liquor cerebri shunt X-ray examinatin without contrast,ice/fin/nor
AADB7E,Valvulography or liquor cerebri shunt with contrast,ice/fin
AADC2A,Cerebral angiography with X-ray,swe/ice/fin
AADC3A,Carotis angiography with X-ray,swe/ice/den/fin
AADC4A,Vertebralis angiography with X-ray,swe/ice/den/fin
AADC5A,Angiography of arteries to the face with X-ray,ice/fin
AADC7A,Angiography of arteries of neck and brain,ice/fin
AADC9A,Direct puncture and X-ray angiography of arteries of head and neck,ice
AADD0A,Cranial bones CT scout view,fin
AADD1A,Head and brain CT examination,swe/ice/fin
AADD4A,Sella turcica CT examination,swe/ice/den/fin
AADD4B,Sella turcica cone beam CT,fin
AADD6A,Cranial bones CT examination,swe/ice/den/fin
AADD7A,CT angiography of brain,ice/fin/nor
AADD8A,Head and neck CT,fin
AADD9A,Other head CT,fin
AADE5A,Brain ultrasonography,swe/lat/ice/den/fin/nor
AADE5H,Brain ultrasonography of a child,ice/fin
AADE60,Brain blood vessel ultrasound examination,swe/den/fin
AADE9X,Other ultrasonography of central nervous system,ice/fin
AADG1A,Head MRI examination,swe/ice/den/fin/nor
AADG4B,Sella turcica MRI examination,swe/ice/den/fin
AADG5F,Functional MRI examination of brain,swe/ice/den/fin
AADK5A,Brain spectroscopy,swe/ice/fin
AADK5N,Tractography within white matter of central nervous system,ice/fin
AADL5A,Magnetoencephalography (MEG),
AAF110,Diagnostic test for parkinsomism with L-Dopa,swe/lat/ice/nor
AAF800,Neuropsychological investigation,swe/lat/ice/fin/nor
AAF899,Other psychological examination,swe/lat/ice/fin/nor
AAFA10,Intracerebral pressure measurement,swe/lat/ice/nor
AAFC00,Transillumination of head,ice
AAFD00,Magnetoencefalography (MEG),ice
AAFE00,"Eletroencefalography (EEG), awake",swe/lat/ice/fin/nor
AAFE04,Eletroencefalography (EEG) with sleep deprivation,swe/lat/ice/nor
AAFE10,Longterm EEG,swe/lat/ice/nor
AAFE12,Ambulatory longterm EEG,ice
AAFE20,Sphenoidal EEG,swe/lat/ice
AAFE24,Intracarotid amobarbital procedure (WADA) with EEG,lat/ice
AAFE29,Other special EEG,lat/ice/nor
AAFE30,EEG with videotelemetry,swe/ice/nor
AAFE40,Intracranial EEG,swe/ice/nor
AAFE42,EEG with intracraniel stimulation,swe/lat/ice/nor
AAFE90,Quantitative or dipolar analysis EEG,lat/ice/nor
AAFE94,EEG combined to radiological imaging,ice
AAFE99,EEG during other interventinon,lat/ice
AAFG00,Brainstem auditory evoked potential (BAEP),swe/lat/ice/den/fin/nor
AAFG02,Brainstem auditory evoked potential (BAEP) to measure treshold of hearing,ice
AAFG10,Brainstem auditory evoked potential (BAEP) with special methods,swe/ice
AAFG12,Event related or cognitive evoked potentials (ERP),lat/ice/nor
AAFG20,Somatosensory evoked potential (SEP),lat/ice/den/fin/nor
AAFG40,Visual evoked potential (VEP),swe/lat/ice/den/fin/nor
AAFG42,Electrooculography,est/swe/lat/ice/den/fin
AAFG60,Magnetfield evoked potential,lat/ice/den/nor
AAFG62,Magnetfield evoked potential with focused stimulation,ice
AAFG80,Electroretinography wit cutaneous electrodes,swe/lat/ice/den/nor
AAFG82,Electroretinography wit corneal electrodes,ice
AAFG90,Repeating transcranial magnetic stimulation,swe/fin/est
AAFH00,Standard polysomnography (PSG) in sleep laboratory,swe/ice
AAFH02,Polysomnography with special tracings,ice
AAFH04,"Polysomnography, ambulatory",ice
AAFH10,Actigraphy,ice/fin
AAFH20,Maintenance of Wakefulness Test (MWT),ice
AAFH30,Multiple Latency Sleep Test (MLST),swe/lat/ice/nor
AAFH40,"Night polygraphy, ambulatory",swe/lat/ice/fin/nor
AAFH42,Night polygraphy in sleep laboratory,swe/lat/ice/fin/nor
AAFH80,Apnoemonitoring,swe/ice
AAFL00,Induced paralysis of one hemisphere (Wada-test),ice/est
AAFM00,Parkinson’s Kinetigraph recording,fin
AAIA00,Brain isotope imaging,swe/ice/fin/nor
AAIA02,Radionuclide cisternography or ventriculography,swe/ice/nor
AAIA10,Brain blood flow isotope examination,swe/ice/fin/nor
AAIA20,Cerebral fluid flow isotope examination,swe/ice/fin/nor
AAIA22,Cerebral fluid shunt function isotope exmination,swe/ice
AAIA24,Cerebral fluid leakage isotope examination,swe/ice
AAIA30,Brain reseptor or transprot protein distribution isotope imaging,ice/fin
AAIB00,Brain SPECT,swe/ice/fin
AAIC00,Brain PET,swe/ice/fin/nor
AAIC04,Brain gamma PET,ice/fin
AAIC10,Brain perfusion PET,ice/fin
AAIC15,Brain perfusion SPECT with low dose CT,fin
AAIC17,Brain perfusion PET with MRI,fin
AAIC18,Brain blood volum PET with MRI,fin
AAIC20,Brain metabolism PET,ice/fin
AAIC22,Brain metabolism PET with CT,fin
AAIC24,Brain metabolism PET with MRI,fin
AAIC26,Brain oxygen consumption PET with MRI,fin
AAIC30,Brain reseptor or transportprotein PET,swe/ice/fin
AAIC32,Brain receptor or transportprotein PET with TT,fin
AAIC34,Brain receptor extensive PET with MRI,fin
AAIC35,Brain receptor and transport protein SPECT with low dose CT,fin
AAIC40,Brain blood volume PET,fin
AAIC50,Brain activity PET examination,fin
AAIC54,Brain function PET with MRI,fin
AAIC99,Brain other PET,fin/nor
AAID00,Skull bones isotope imaging,swe/ice/nor
AAO001,Preoperative radiotherapy of brain and other intracranial structures,ice
AAO002,Radical radiotherapy of brain and other intracranial structures,ice
AAO003,Adjuvant radiotherapy of brain and other intracranial structures,ice
AAO004,Palliative radiotherapy of brain and other intracranial structures,ice
AAO029,Radiotherapy of local residive of tumor or brain or other intracranial structures,ice
AAO049,Radiotherapy of metasthasis in the brain and other intracranial structures,ice
AAO090,Profylactic radiotherapy of brain and other intracranial structures,ice
AAO099,Other radiotherapy of brain and other intracranial structures,ice/den
AAO101,Preoperative radiotherapy of primary tumor of bones of the head,ice
AAO102,Radical radiotherapy of primary tumor of bones of the head,ice
AAO103,Adjuvant radiotherapy of primary tumor of bones of the head,ice
AAO104,Palliative radiotherapy of primary tumor of bones of the head,ice
AAO129,Radiotherapy of loca recidive of tumor of bones of the head,ice
AAO149,Radiotherapy of methastasis in bones of the head,ice
AAO190,Profylactive radiotherapy of bones of the head,ice
AAO199,Other radiotherapy of bones of the head,ice
AASA00,Exploratory craniotomy,est/swe/lat/ice/den/fin/nor
AASA10,Biopsy through craniotomy,est/swe/lat/ice/fin/nor
AASA12,Ultrasound guided biopsy through craniotomy,ice/den
AASA14,Endoscopic biopsy through craniotomy,ice/den/est
AASA20,Insertion of intraventricular pressure monitoring device,est/swe/lat/ice/den/fin/nor
AASA25,Insertion of epidural pressure monitoring device,est/swe/lat/ice/den/fin/nor
AASA27,Insertion of intracerebral pressure monitoring device,est/swe/lat/ice/den/fin/nor
AASA30,Insertion of epidural electrodes,est/swe/lat/ice/den/fin/nor
AASA35,Insertion of subdural electrodes,est/swe/lat/ice/den/fin/nor
AASA40,Insertion of intracerebral electrodes,est/swe/lat/ice/den/fin/nor
AASA50,Intracranial endoscopy,est/swe/lat/ice/fin/nor
AASA99,Other diagnostic intracranial procedures,est/swe/lat/ice/den/fin/nor
AASB00,Extirpation of intracranial lesion,est/swe/lat/ice/den/fin/nor
AASB10,Partial excision of intracranial lesion,est/swe/lat/ice/den/fin/nor
AASB20,Destruction of intracranial lesion,est/swe/lat/ice/den/fin/nor
AASB30,Evacuation of spontaneous intracranial haematoma,est/swe/lat/ice/den/fin/nor
AASB99,Other excision or destruction of intracranial lesion,est/swe/lat/ice/den/fin/nor
AASC00,Ligature of intracranial aneurysm,est/swe/lat/ice/den/fin/nor
AASC05,Ligature of feeding artery of intracranial aneurysm,est/swe/lat/ice/den/fin/nor
AASC10,Reinforcement of intracranial aneurysm wall,est/swe/lat/ice/den/fin/nor
AASC15,Trapping of intracranial aneurysm,est/swe/lat/ice/den/fin/nor
AASC20,Anastomosis to intracranial vessel,est/swe/lat/ice/den/fin/nor
AASC30,Intracranial occlusion of vascular fistula,est/swe/lat/ice/den/fin/nor
AASC40,Extirpation of intracranial arterio-venous malformation,est/swe/lat/ice/den/fin/nor
AASC45,Vascular operation on sinus cavernosus,ice/den
AASC99,Other operation for aneurysm or other intracranial vascular lesion,est/swe/lat/ice/den/fin/nor
AASD00,Evacuation of epidural haematoma,est/swe/lat/ice/den/fin/nor
AASD05,Evacuation of acute subdural haematoma,est/swe/lat/ice/den/fin/nor
AASD10,Evacuation of chronic subdural haematoma,est/swe/lat/ice/den/fin/nor
AASD12,Drainage of subdural fluid,ice/fin/est
AASD15,Evacuation of traumatic intracerebral haematoma,est/swe/lat/ice/den/fin/nor
AASD16,Removal of subdural drainage,ice/fin/est
AASD30,Revision of penetrating or perforating injury of skull,est/swe/lat/ice/den/fin/nor
AASD40,Revision of fracture of skull,est/swe/lat/ice/den/fin/nor
AASD42,Treatment of frontobasal fracture of skull,ice/fin/est
AASD99,Other operation for head injury,est/swe/lat/ice/den/fin/nor
AASE00,Transsphenoidal exploration,est/swe/lat/ice/den/fin/nor
AASE10,Transsphenoidal total or partial excision of intracranial lesion,est/swe/lat/ice/den/fin/nor
AASE20,Transoral total or partial excision of intracranial lesion,est/swe/lat/ice/den/fin/nor
AASE25,Transcervical total or partial excision of intracranial lesion,est/swe/lat/ice/den/fin/nor
AASE30,Translabyrinthine total or partial excision of intracranial lesion,est/swe/lat/ice/den/fin/nor
AASE32,Translabyrinthine excision acoustic neurinome,ice/fin/est
AASE34,Other operations on acoustical nerve,ice/fin
AASE40,Transtemporal total or partial excision of intracranial lesion,est/swe/lat/ice/den/fin/nor
AASE50,Zygomaticotemporal total or partial excision of intracranial lesion,est/swe/lat/ice/den/fin/nor
AASE99,Other operation by cranial base approach,est/swe/lat/ice/den/fin/nor
AASF00,Ventriculostomy,est/swe/lat/ice/den/fin/nor
AASF05,Ventriculoperitoneal shunt,est/swe/lat/ice/den/fin/nor
AASF10,Lumboperitoneal shunt,est/swe/lat/ice/den/fin/nor
AASF12,Lumbal drainage of cerebrospinal fluid,ice/est
AASF15,Ventriculoatrial shunt,est/swe/lat/ice/den/fin/nor
AASF20,Revision of shunt of ventricle of brain,est/swe/lat/ice/den/fin/nor
AASF25,Removal of shunt of ventricle of brain,est/swe/lat/ice/den/fin/nor
AASF30,Implantation of intraventricular injection device,est/swe/lat/ice/den/fin/nor
AASF35,Implantation of reservoir for intraventricular therapy,est/swe/lat/ice/den/fin/nor
AASF40,Shunt of intracranial cyst to peritoneum,est/swe/lat/ice/den/fin/nor
AASF45,Fenestration of intracranial cyst,est/swe/lat/ice/den/fin/nor
AASF50,Endoscopic Third Ventriculostomy (ETV),est/fin
AASF99,Other shunt operation on ventricle of brain or intracranial cyst,est/swe/lat/ice/den/fin/nor
AASG00,Stereotactic intracranial biopsy,est/swe/lat/ice/den/fin/nor
AASG10,Stereotactic intracranial destruction of nucleus or nerve tract,est/swe/lat/ice/den/fin/nor
AASG20,Stereotactic intracranial implantation of electrodes,est/swe/lat/ice/fin/nor
AASG22,Implantation of electrode to thalamus,ice/den/est
AASG23,Revision of thalamic electrode,ice/den/est
AASG30,Stereotactic intracranial implantation of radioactive agent,est/swe/lat/ice/den/fin/nor
AASG40,Stereotactic intracranial implantation of fetal tissue,est/swe/lat/ice/den/fin/nor
AASG50,Stereotactic intracranial radiotherapy,est/swe/lat/ice/fin/nor
AASG99,Other stereotactic intracranial operation,est/swe/lat/ice/den/fin/nor
AASH10,Rhizotomy of cranial nerve,est/swe/lat/ice/den/fin/nor
AASH20,Decompression of cranial nerve,est/swe/lat/ice/den/fin/nor
AASH30,Thermal destruction of cranial nerve,est/swe/lat/ice/den/fin/nor
AASH40,Injection into cranial nerve,est/swe/lat/ice/den/fin/nor
AASH50,Cranial nerve anastomosis,est/swe/lat/ice/den/fin/nor
AASH60,Microvascular decompression of cranial nerve,est/swe/lat/ice/den/fin/nor
AASH70,Nervtransplantation to cranial nerve,swe/ice/nor/est
AASH80,Microvascural muscle transplantation in cranial nerve area,swe/ice/fin/est
AASH99,Other operation on cranial nerve,est/swe/lat/ice/den/fin/nor
AASJ00,Hemispherectomy,est/swe/lat/ice/den/fin/nor
AASJ10,Lobectomy for epilepsy,est/swe/lat/ice/den/fin/nor
AASJ15,Hippocampectomy,est/swe/lat/ice/den/fin/nor
AASJ20,Excision of epileptic focus,est/swe/lat/ice/den/fin/nor
AASJ25,Transcision of nerve tracts for epilepsy,est/swe/lat/ice/den/fin/nor
AASJ30,Callosotomy for epilepsy,est/swe/lat/ice/den/fin/nor
AASJ35,Hemidecortication for epilepsy,est/swe/lat/ice/den/fin/nor
AASJ99,Other operation for epilepsy,est/swe/lat/ice/den/fin/nor
AASK00,Cranioplasty,est/swe/lat/ice/den/fin/nor
AASK10,Repair of dura,est/swe/lat/ice/den/fin/nor
AASK20,Operations for craniosynostosis,est/swe/lat/ice/den/fin/nor
AASK30,Craniofacial reconstruction in congenital malformations,est/swe/lat/ice/den/fin/nor
AASK40,Closure of cerebrospinal fluid fistula,est/swe/lat/ice/den/fin/nor
AASK50,Reposition and ostheosynthesis in skull trauma,swe/ice/est
AASK60,Resection of skull lesion with reconstruction,swe/ice/den/est
AASK70,Biopsy of skull,est/swe/lat/ice/den/fin/nor
AASK75,Excision of lesion of skull,est/swe/lat/ice/den/fin/nor
AASK80,Partial excision of skull cap,est/swe/lat/ice/fin/nor
AASK85,Replantation of previously excised part of skull cap,est/swe/lat/ice/fin/nor
AASK99,Other operation on skull or dura,est/swe/lat/ice/den/fin/nor
AASM00,Puncture and evacuation of intracerebral abscess,est/swe/lat/ice/den/fin/nor
AASM10,Excision of intracerebral abscess,est/swe/lat/ice/den/fin/nor
AASM30,Evacuation of epidural or subdural empyema,est/swe/lat/ice/den/fin/nor
AASM99,Other operation for intracranial infection,est/swe/lat/ice/den/fin/nor
AASN00,Excision and repair of encephalocele,est/swe/lat/ice/den/fin/nor
AASN99,Other operation for intracranial congenital malformation,est/swe/lat/ice/den/fin/nor
AASP00,Local transposition of muscle for facial palsy,est/swe/lat/ice/fin/nor
AASP10,Cross-facial transplantation of nerve for facial palsy,est/swe/lat/ice/fin/nor
AASP20,Microvascular transposition of muscle for facial palsy,est/swe/lat/ice/fin/nor
AASP99,Other reconstructive operation for facial palsy,est/swe/lat/ice/fin/nor
AASU00,Removal of implant or external fixation device from skull,est/swe/lat/ice/den/fin/nor
AASW01,Implantation of intracranial stimulation device,est/swe/lat/ice/den/fin/nor
AASW02,Implantation of intracranial injection device,est/swe/lat/ice/den/fin/nor
AASW99,Other operation on skull or intracranial structure,est/swe/lat/ice/den/fin/nor
AAXA00,Insertion or adjustment of electronic stimulator of intracerebral electrodes,swe/lat/ice/nor/est
AAXA02,Adjustment or insertion of electronic stimulator for deep brain stimulation,lat/ice/nor/est
AAXA10,Adjustment of hydrocephalus shunt valve,swe/lat/ice/nor/est
AAXB00,Intracranial heat coagulation,fin/est
AAXC00,Cerebral artery PTA,swe/ice/fin/nor
AAXC04,Temporary closure of brain artery,ice/fin/nor/est
AAXC06,Permanent intravascular closure of brain artery,swe/ice/fin/nor/est
AAXC10,Intracranial endovascular arterial thrombolysis,est/swe/lat/ice/den/fin/nor
AAXC12,Intravascular evacuation of brain artery embolus,swe/ice/den/fin/nor/est
AAXC18,Intravenous fibrinolytic therapy for acute ischemic stroke,est/lat
AAXC20,Endovascular occlusion of intracranial aneurysm,est/swe/lat/ice/den/fin
AAXC22,Endovascular occlusion of intracranial arterio-venous malformation,est/swe/lat/ice/den/fin
AAXC23,Endovascular occlusion of intracranial venous malformation,
AAXC24,Endovascular occlusion of intracranial vascular fistula,est/swe/lat/ice/den/fin/nor
AAXC30,Endovascular occlusion of feeding arteries of intracranial tumour,est/swe/lat/ice/den/fin
AAXC80,Selective thrombolysis of brain or orbita vein,ice/fin/est
AAXC82,Intravascular removal of venous thrombosis of brain,ice/fin/est
AAXC84,Dilatation of vein of head or brain,ice/fin/est
AAXC86,Removal of foreign body form head or neck vein,ice/fin/est
AAXC99,Other intracranial endovascular procedure,est/swe/lat/ice/fin/nor
AAXD00,Tumor Treating electric Fields (TTF) for brain tumor,swe
AAXK00,Implantation of skeletal marker to skull,den/est
AAXK70,Percutaneous biopsy of skull,nor
AAXK80,Injection of therapeutic substance to skull,nor/est
AAXX00,Puncture of fontanel,ice/den/est
AAXX02,Selective blood sample from sinus petrosus inferior,swe/ice/den/fin/nor
AAXX10,Puncture of brain ventricle,swe/ice/est
AAZC90,Therapy of cerebral vasospasm,swe
ABDB1C,Cervical myelography,swe/ice/den
ABDB2C,Thoracal myelography,swe/ice/den
ABDB3C,Lumbar myelography,swe/ice/den
ABDB4L,Check-up of catheter place in spinal and epidural space,swe/ice
ABDB4X,Other spinal channel X-ray examination with contrast,swe/ice/fin
ABDB50,Epidurography,nor
ABDC00,Spinal flebography,swe/ice
ABDE4A,Spinal ultrasonography,ice/den/fin
ABFA10,Intraspinal pressure measurement,swe/ice
ABFB00,Endoscopic intraspinal investigation,swe/lat/ice/nor
ABFB10,Diagnostic blockage of nerve roots,swe/ice/est
ABO001,Preoperative radiotherapy of spinal cord or medulla oblongata,ice
ABO002,Radical radiotherapy of spinal cord or medulla oblongata,ice
ABO003,Adjuvant radiotherapy of spinal cord or medulla oblongata,ice
ABO004,Palliative radiotherapy of spinal cord or medulla oblongata,ice
ABO029,Radiotherapy of local residive tumor of spinal cord or medulla oblongata,ice
ABO049,Radiotherapy of metasthasis in spinal cord or medulla oblongata,ice
ABO090,Profylactic radiotherapy of spinal cord or medulla oblongata,ice
ABO099,Other radiotherapy of spinal cord or medulla oblongata,ice
ABSA00,Exploratory laminectomy,est/swe/lat/ice/den/fin/nor
ABSA10,Biopsy of lesion of spinal canal,est/swe/lat/ice/den/fin/nor
ABSA20,Intrathecal endoscopy,est/swe/lat/ice/fin/nor
ABSA30,Epiduroscopy,est/swe/lat/ice/fin/nor
ABSA99,Other diagnostic operation on spinal cord or nerve root,est/swe/lat/ice/den/fin/nor
ABSB00,Excision of lesion of spinal canal,est/swe/lat/ice/den/fin/nor
ABSB02,Excision of lesion of nerve root,est/swe/lat/ice/fin/nor
ABSB04,Desctruction of lesion of nerve root,est/swe/lat/fin/nor
ABSB06,Percutaneous destruction of lesion of nerve root,est/swe/lat/ice/fin
ABSB10,Resection of lesion of spinal canal,est/swe/lat/ice/den/fin/nor
ABSB20,Drainage of intra- or extramedullary cyst of spinal canal,est/swe/lat/ice/den/fin/nor
ABSB30,Destruction of lesion of spinal canal,est/swe/lat/ice/den/fin/nor
ABSB40,Evacuation of spontaneous haematoma of spinal canal,est/swe/lat/ice/den/fin/nor
ABSB99,Other operation for lesion of spinal canal,est/swe/lat/ice/den/fin/nor
ABSC01,Percutaneous endoscopic discectomy for cervical intervertebral disc displacement,est/swe/lat/ice/den/fin/nor
ABSC04,Percutaneous endoscopic discectomy for thoracic intervertebral disc displacement,est/swe/lat/ice/den/fin/nor
ABSC07,Percutaneous endoscopic discectomy for lumbar intervertebral disc displacement,est/swe/lat/ice/den/fin/nor
ABSC10,Microsurgical excision of cervical intervertebral disc displacement,est/swe/lat/ice/den/fin/nor
ABSC13,Microsurgical excision of thoracic intervertebral disc displacement,est/swe/lat/ice/den/fin/nor
ABSC16,Microsurgical excision of lumbar intervertebral disc displacement,est/swe/lat/ice/den/fin/nor
ABSC20,Open discectomy of cervical spine,est/swe/lat/ice/den/fin/nor
ABSC21,Anterior decompression of cervical spine with insertion of interbody fixating implant,est/swe/lat/ice/den/fin/nor
ABSC23,Open discectomy of thoracic spine,est/swe/lat/ice/den/nor
ABSC26,Open discectomy of lumbar spine,est/swe/lat/ice/den/fin/nor
ABSC28,Insertion of expanding implant between spinous processes,est/swe/lat/ice/den/fin/nor
ABSC30,Decompression of cervical nerve roots,est/swe/lat/ice/den/fin/nor
ABSC33,Decompression of thoracic nerve roots,est/swe/lat/ice/den/fin/nor
ABSC36,Decompression of lumbar nerve roots,est/swe/lat/ice/den/fin/nor
ABSC40,Decompression of cauda equina,est/swe/lat/ice/den/fin/nor
ABSC50,Decompression of cervical spinal canal and nerve roots,est/swe/lat/ice/den/fin/nor
ABSC53,Decompression of thoracic spinal canal and nerve roots,est/swe/lat/ice/den/fin/nor
ABSC56,Decompression of lumbar spinal canal and nerve roots,est/swe/lat/ice/den/fin/nor
ABSC60,Decompression of cervical spinal cord,est/swe/lat/ice/den/fin/nor
ABSC63,Decompression of thoracic spinal cord,est/swe/lat/ice/den/fin/nor
ABSC66,Decompression of lumbar spinal cord,est/swe/lat/ice/den/nor
ABSC99,Other decompressive operation on spinal cord or nerve root,est/swe/lat/ice/den/fin/nor
ABSD10,Open cordotomy,est/swe/lat/ice/den/fin/nor
ABSD15,Percutaneous cordotomy,est/swe/lat/ice/fin/nor
ABSD20,Myelotomy,est/swe/lat/ice/den/fin/nor
ABSD30,Implantation of spinal stimulation device,est/swe/lat/ice/den/fin/nor
ABSD32,Implantation of temporary spinal stimulation device,est/fin
ABSD36,Implantation of spinal electrode,swe/nor/est
ABSD40,Implantation of spinal injection device,est/swe/lat/ice/den/fin/nor
ABSD50,Transection of spinal nerve root for pain or impaired function,est/swe/lat/ice/den/fin/nor
ABSD99,Other operation on spinal cord or nerve for pain or impaired function,est/swe/lat/ice/den/fin/nor
ABSE10,Excision and repair of myelocele or meningocele,est/swe/lat/ice/den/fin/nor
ABSE20,Mobilisation of tethered cord or diastematomyelia,est/swe/lat/ice/den/fin/nor
ABSE30,Excision of dermal sinus,est/swe/lat/ice/den/fin/nor
ABSE40,Operation for hydromyelia,est/swe/lat/ice/den/fin/nor
ABSE50,Occipitocervical decompression,est/swe/lat/ice/den/fin/nor
ABSE99,Other operation for spinal malformation,est/swe/lat/ice/den/fin/nor
ABSW99,Other operation on spinal cord or nerve root,est/swe/lat/ice/den/fin/nor
ABX000,Lumbar puncture,est/swe/lat/ice/den/fin/nor
ABX002,Liquor puncture in the neck,ice/den/fin/est
ABX006,Catheterisation of cerebrospinal fluid through skin,swe/lat/ice/den/fin/nor/est
ABX007,Insertion intracisternal catheter,swe/ice/est
ABX008,Dynamic cerebrospinal fluid pressure measurement,swe/lat/ice/den/nor
ABX010,Epidural puncture,ice/den/fin/est
ABX011,Insertion of epidural catheter,swe/lat/ice/nor/est
ABX012,Stopping epidural fluid escape with coagulated blood,swe/ice/den/fin/nor/est
ABX014,Implantation of epidural injection gate,lat/ice/fin/est
ABX026,Exchange of cerebrospinal catheter,swe/lat/ice/fin/nor/est
ABX028,Removal or other procedure on spinal or epidural catheter,swe/ice/den/fin
ABX100,Blockade of spinal nerv root,swe/ice/fin/nor/est
ABXA00,Adjustment of spinal electric stimulator,swe/ice/nor/est
ACDE90,Peripheral nerve ultrasonography,fin/nor
ACDG00,Brachial plexus MR examination,fin
ACDG20,Lumbo-sacralal plexus MRI,den
ACDK5N,Tractography of peripheral nerve,fin
ACFA00,"Electroneuromyography (ENMG), 1-4 muscles or nerve segments",swe/lat/ice/den/fin/nor
ACFA02,"Electroneuromyography (ENMG), one limb or one problem",ice
ACFA04,"Electroneuromyography (ENMG), more than one limb or problem",ice
ACFA10,"Electroneuromyography (ENMG), special technique",swe/lat/ice/nor
ACFA20,"Electroneurography (ENG), one problem",swe/lat/ice/den/nor
ACFA22,"Electroneurography (ENG), special technique or more than one problem",lat/ice/nor
ACFA24,Electroneurography (ENG) with special electrodes,lat/ice/nor
ACFA30,Electroneurography (ENG) with repeated stimulation,ice/den
ACFA50,Electromyography (EMG),swe/lat/ice/den/nor
ACFB00,Thermal sensitivity threshold,swe/lat/ice/nor
ACFB10,Touch sensitivity threshold,ice
ACFB20,Vibration sensitivity threshold,swe/lat/ice/nor
ACFB80,Combined sensitivity threshold,ice
ACFB90,Algometry,lat/ice/nor
ACFC00,Bulbocavernosus-reflex examination,lat/ice/nor
ACFC10,Masseter-reflex examination,ice
ACFC20,Blink-reflex examination,lat/ice/nor
ACFC22,Blink-reflex habituation,ice
ACFC50,H-reflex test (electricallly elicitated monosynaptic reflex),lat/ice/nor
ACFC90,Other reflex examination,lat/ice/nor
ACFD00,Cardiovascular reflex examination,lat/ice/nor
ACFD02,Cardiovascular reflex examination with bloodpressure provocation,lat/ice/nor
ACFD20,Symphathic skin reflex test,lat/ice/nor
ACFT00,Diagnostic test for myasthenia with Tensilon,ice/fin
ACO001,Preoperative radiotherapy of peripheral nerves,ice
ACO002,Radical radiotherapy of peripheral nerves,ice
ACO003,Adjuvant radiotherapy of peripheral nerves,ice
ACO004,Palliative radiotherapy of peripheral nerves,ice
ACO029,Radiotherapy of local residive tumor of peripheral nerves,ice
ACO049,Radiotherapy of metasthasis in peripheral nerves,ice
ACO090,Profylactic radiotherapy of peripheral nerves,ice
ACO099,Other radiotherapy of peripheral nerves,ice
ACSA11,Exploration of peripheral nerve\ median,est/swe/lat/ice/den/fin/nor
ACSA12,Exploration of peripheral nerve\ radial,est/swe/lat/ice/den/fin/nor
ACSA13,Exploration of peripheral nerve\ ulnar,est/swe/lat/ice/den/fin/nor
ACSA14,Exploration of peripheral nerve\ peroneal,est/swe/lat/ice/den/fin/nor
ACSA15,Exploration of peripheral nerve\ tibial,est/swe/lat/ice/den/fin/nor
ACSA16,Exploration of peripheral nerve\ sciatic,est/swe/lat/ice/den/fin/nor
ACSA17,Exploration of peripheral nerve\ lumbar plexus,est/swe/lat/ice/den/fin/nor
ACSA18,Exploration of peripheral nerve\ brachial plexus,est/swe/lat/ice/den/fin/nor
ACSA19,Exploration of peripheral nerve\ other or unspecified,est/swe/lat/ice/den/fin/nor
ACSA21,Biopsy of peripheral nerve\ median,est/swe/lat/ice/den/fin/nor
ACSA22,Biopsy of peripheral nerve\ radial,est/swe/lat/ice/den/fin/nor
ACSA23,Biopsy of peripheral nerve\ ulnar,est/swe/lat/ice/den/fin/nor
ACSA24,Biopsy of peripheral nerve\ peroneal,est/swe/lat/ice/den/fin/nor
ACSA25,Biopsy of peripheral nerve\ tibial,est/swe/lat/ice/den/fin/nor
ACSA26,Biopsy of peripheral nerve\ sciatic,est/swe/lat/ice/den/fin/nor
ACSA27,Biopsy of peripheral nerve\ lumbar plexus,est/swe/lat/ice/den/fin/nor
ACSA28,Biopsy of peripheral nerve\ brachial plexus,est/swe/lat/ice/den/fin/nor
ACSA29,Biopsy of peripheral nerve\ other or unspecified,est/swe/lat/ice/den/fin/nor
ACSA91,Other diagnostic operation on peripheral nerve\ median,est/swe/lat/ice/den/fin/nor
ACSA92,Other diagnostic operation on peripheral nerve\ radial,est/swe/lat/ice/den/fin/nor
ACSA93,Other diagnostic operation on peripheral nerve\ ulnar,est/swe/lat/ice/den/fin/nor
ACSA94,Other diagnostic operation on peripheral nerve\ peroneal,est/swe/lat/ice/den/fin/nor
ACSA95,Other diagnostic operation on peripheral nerve\ tibial,est/swe/lat/ice/den/fin/nor
ACSA96,Other diagnostic operation on peripheral nerve\ sciatic,est/swe/lat/ice/den/fin/nor
ACSA97,Other diagnostic operation on peripheral nerve\ lumbar plexus,est/swe/lat/ice/den/fin/nor
ACSA98,Other diagnostic operation on peripheral nerve\ brachial plexus,est/swe/lat/ice/den/fin/nor
ACSA99,Other diagnostic operation on peripheral nerve\ other or unspecified,est/swe/lat/ice/den/fin/nor
ACSB11,Excision of lesion of peripheral nerve\ median,est/swe/lat/ice/den/fin/nor
ACSB12,Excision of lesion of peripheral nerve\ radial,est/swe/lat/ice/den/fin/nor
ACSB13,Excision of lesion of peripheral nerve\ ulnar,est/swe/lat/ice/den/fin/nor
ACSB14,Excision of lesion of peripheral nerve\ peroneal,est/swe/lat/ice/den/fin/nor
ACSB15,Excision of lesion of peripheral nerve\ tibial,est/swe/lat/ice/den/fin/nor
ACSB16,Excision of lesion of peripheral nerve\ sciatic,est/swe/lat/ice/den/fin/nor
ACSB17,Excision of lesion of peripheral nerve\ lumbar plexus,est/swe/lat/ice/den/fin/nor
ACSB18,Excision of lesion of peripheral nerve\ brachial plexus,est/swe/lat/ice/den/fin/nor
ACSB19,Excision of lesion of peripheral nerve\ other or unspecified,est/swe/lat/ice/den/fin/nor
ACSB21,Suture of peripheral nerve\ median,est/swe/lat/ice/den/fin/nor
ACSB22,Suture of peripheral nerve\ radial,est/swe/lat/ice/den/fin/nor
ACSB23,Suture of peripheral nerve\ ulnar,est/swe/lat/ice/den/fin/nor
ACSB24,Suture of peripheral nerve\ peroneal,est/swe/lat/ice/den/fin/nor
ACSB25,Suture of peripheral nerve\ tibial,est/swe/lat/ice/den/fin/nor
ACSB26,Suture of peripheral nerve\ sciatic,est/swe/lat/ice/den/fin/nor
ACSB27,Suture of peripheral nerve\ lumbar plexus,est/swe/lat/ice/den/fin/nor
ACSB28,Suture of peripheral nerve\ brachial plexus,est/swe/lat/ice/den/fin/nor
ACSB29,Suture of peripheral nerve\ other or unspecified,est/swe/lat/ice/den/fin/nor
ACSB91,Other operation for lesion of peripheral nerve\ median,est/swe/lat/ice/den/fin/nor
ACSB92,Other operation for lesion of peripheral nerve\ radial,est/swe/lat/ice/den/fin/nor
ACSB93,Other operation for lesion of peripheral nerve\ ulnar,est/swe/lat/ice/den/fin/nor
ACSB94,Other operation for lesion of peripheral nerve\ peroneal,est/swe/lat/ice/den/fin/nor
ACSB95,Other operation for lesion of peripheral nerve\ tibial,est/swe/lat/ice/den/fin/nor
ACSB96,Other operation for lesion of peripheral nerve\ sciatic,est/swe/lat/ice/den/fin/nor
ACSB97,Other operation for lesion of peripheral nerve\ lumbar plexus,est/swe/lat/ice/den/fin/nor
ACSB98,Other operation for lesion of peripheral nerve\ brachial plexus,est/swe/lat/ice/den/fin/nor
ACSB99,Other operation for lesion of peripheral nerve\ other or unspecified,est/swe/lat/ice/den/fin/nor
ACSC11,Transcision of peripheral nerve\ median,est/swe/lat/ice/den/fin/nor
ACSC12,Transcision of peripheral nerve\ radial,est/swe/lat/ice/den/fin/nor
ACSC13,Transcision of peripheral nerve\ ulnar,est/swe/lat/ice/den/fin/nor
ACSC14,Transcision of peripheral nerve\ peroneal,est/swe/lat/ice/den/fin/nor
ACSC15,Transcision of peripheral nerve\ tibial,est/swe/lat/ice/den/fin/nor
ACSC16,Transcision of peripheral nerve\ sciatic,est/swe/lat/ice/den/fin/nor
ACSC17,Transcision of peripheral nerve\ lumbar plexus,est/swe/lat/ice/den/fin/nor
ACSC18,Transcision of peripheral nerve\ brachial plexus,est/swe/lat/ice/den/fin/nor
ACSC19,Transcision of peripheral nerve\ other or unspecified,est/swe/lat/ice/den/fin/nor
ACSC21,Reconstruction of peripheral nerve\ median,est/swe/lat/ice/den/fin/nor
ACSC22,Reconstruction of peripheral nerve\ radial,est/swe/lat/ice/den/fin/nor
ACSC23,Reconstruction of peripheral nerve\ ulnar,est/swe/lat/ice/den/fin/nor
ACSC24,Reconstruction of peripheral nerve\ peroneal,est/swe/lat/ice/den/fin/nor
ACSC25,Reconstruction of peripheral nerve\ tibial,est/swe/lat/ice/den/fin/nor
ACSC26,Reconstruction of peripheral nerve\ sciatic,est/swe/lat/ice/den/fin/nor
ACSC27,Reconstruction of peripheral nerve\ lumbar plexus,est/swe/lat/ice/den/fin/nor
ACSC28,Reconstruction of peripheral nerve\ brachial plexus,est/swe/lat/ice/den/fin/nor
ACSC29,Reconstruction of peripheral nerve\ other or unspecified,est/swe/lat/ice/den/fin/nor
ACSC41,Transposition of peripheral nerve\ median,est/swe/lat/ice/den/fin/nor
ACSC42,Transposition of peripheral nerve\ radial,est/swe/lat/ice/den/fin/nor
ACSC43,Transposition of peripheral nerve\ ulnar,est/swe/lat/ice/den/fin/nor
ACSC44,Transposition of peripheral nerve\ peroneal,est/swe/lat/ice/den/fin/nor
ACSC45,Transposition of peripheral nerve\ tibial,est/swe/lat/ice/den/fin/nor
ACSC46,Transposition of peripheral nerve\ sciatic,est/swe/lat/ice/den/fin/nor
ACSC47,Transposition of peripheral nerve\ lumbar plexus,est/swe/lat/ice/den/fin/nor
ACSC48,Transposition of peripheral nerve\ brachial plexus,est/swe/lat/ice/den/fin/nor
ACSC49,Transposition of peripheral nerve\ other or unspecified,est/swe/lat/ice/den/fin/nor
ACSC51,Decompression and freeing of adhesions of peripheral nerve\ median,est/swe/lat/ice/den/fin/nor
ACSC52,Decompression and freeing of adhesions of peripheral nerve\ radial,est/swe/lat/ice/den/fin/nor
ACSC53,Decompression and freeing of adhesions of peripheral nerve\ ulnar,est/swe/lat/ice/den/fin/nor
ACSC54,Decompression and freeing of adhesions of peripheral nerve\ peroneal,est/swe/lat/ice/den/fin/nor
ACSC55,Decompression and freeing of adhesions of peripheral nerve\ tibial,est/swe/lat/ice/den/fin/nor
ACSC56,Decompression and freeing of adhesions of peripheral nerve\ sciatic,est/swe/lat/ice/den/fin/nor
ACSC57,Decompression and freeing of adhesions of peripheral nerve\ lumbar plexus,est/swe/lat/ice/den/fin/nor
ACSC58,Decompression and freeing of adhesions of peripheral nerve\ brachial plexus,est/swe/lat/ice/den/fin/nor
ACSC59,Decompression and freeing of adhesions of peripheral nerve\ other or unspecified,est/swe/lat/ice/den/fin/nor
ACSC91,Other operation for impaired function of peripheral nerve\ median,est/swe/lat/ice/den/fin/nor
ACSC92,Other operation for impaired function of peripheral nerve\ radial,est/swe/lat/ice/den/fin/nor
ACSC93,Other operation for impaired function of peripheral nerve\ ulnar,est/swe/lat/ice/den/fin/nor
ACSC94,Other operation for impaired function of peripheral nerve\ peroneal,est/swe/lat/ice/den/fin/nor
ACSC95,Other operation for impaired function of peripheral nerve\ tibial,est/swe/lat/ice/den/fin/nor
ACSC96,Other operation for impaired function of peripheral nerve\ sciatic,est/swe/lat/ice/den/fin/nor
ACSC97,Other operation for impaired function of peripheral nerve\ lumbar plexus,est/swe/lat/ice/den/fin/nor
ACSC98,Other operation for impaired function of peripheral nerve\ brachial plexus,est/swe/lat/ice/den/fin/nor
ACSC99,Other operation for impaired function of peripheral nerve\ other or unspecified,est/swe/lat/ice/den/fin/nor
ACSW99,Other operation on peripheral nerve,est/swe/lat/ice/den/fin/nor
ACX000,Treatment of chronic pain with peripheral nerve block,est/swe/lat/ice/den/fin/nor
ACX001,Blockage of nerv with X-ray guidance,swe/est
ACX009,Treatment of chronic pain with other or unspecified local anesthesia,lat/ice/den/fin/nor
ACX020,Treatment of chronic pain with injection pump,swe/ice/den/est
ACX100,Transcutaneous electrical nerve stimulation,swe/lat/ice/den/fin/nor/est
ACX120,Direct nerve stimulation,swe/lat/ice/nor
ACX140,Intracutanoues nerve stimulation,lat/ice/den/nor/est
ACXX00,Blockade of muscle,lat/nor/est
ACXX86,Insertion of catheter for perineural administration of drugs,nor
ACXX99,Other or unspecified treatment of pain,swe/ice/den
ADFD00,Functional tests of autonomous nervous system,ice/fin
ADSA10,Cervical sympathectomy,est/swe/lat/ice/den/fin/nor
ADSA20,Thoracic sympathectomy,est/swe/lat/ice/den/fin/nor
ADSA21,Thoracoscopic sympathectomy,swe/ice/est
ADSA30,Lumbal sympathectomy,est/swe/lat/ice/den/fin/nor
ADSA31,Laparoscopic sympathectomy,swe/ice
ADSA99,Other operation on sympathetic nerve,est/swe/lat/ice/den/fin/nor
ADSB00,Implantation of vagus nerve stimulating device,est/swe/lat/ice/den/fin/nor
ADSW99,Other operation on autonomic nervous system,est/swe/lat/ice/den/fin/nor
ADXA00,Adjustment of electronic stimulator of vagal nerve,swe/lat/ice/den/nor
ADXD00,Renal sympathetic endovascular denervation,swe/den/fin/nor
ADXX00,Sympathetic block,est/swe/lat/ice
ADXX02,Sympathetic block of ganglion stellatum,swe/lat/ice/fin/nor
ADXX04,Sympathetic block of ganglion coeliacum,swe/lat/ice/den/fin/nor
ADXX05,Blockade of coeliac plexus,swe/lat/ice/nor
ADXX06,Sympathetic block on lumbal level,lat/ice/den/fin/nor
ADXX08,Sympathetic block on sacral level,ice/fin
ADXX09,Other sympathetic blockade,swe/lat/ice/nor
ADXX10,General sympathetic block,ice/fin
AESA00,Replacement of impulse generator of stimulation device in the nervous system,est/swe/lat/ice/den/fin/nor
AESA02,Exchange of electrode to nervous system stimulation device,ice/den/est
AESA20,Removal of impulse generator of stimulation device in the nervous system,est/swe/lat/ice/den/fin/nor
AESA23,Removal of intracranial electrode,est/swe/lat/ice/den/fin/nor
AESA24,Removal of spinal stimulation electrode,est/swe/lat/ice/den/fin/nor
AESA25,Removal of vagal nerv stimulating electrode,est/swe/lat/ice/den/nor
AESA27,Replacement of spinal stimulation electrode,est/swe/lat/ice/fin/nor
AESA29,Removal of electrode of stimulation device in the nervous system,ice/den/fin
AESA30,Replacement of implanted pump of injection device in the nervous system,est/swe/lat/ice/den/fin/nor
AESA40,Removal of implanted pump of injection device in the nervous system,est/swe/lat/ice/den/fin/nor
AESA43,Removal of catheter of intracranial injection device,est/swe/lat/ice/den/fin/nor
AESA44,Removal or exchange of catheter of spinal injection device,est/swe/lat/ice/den/fin/nor
AEX400,Electroconvulsive therapy (ECT),swe/lat/ice/den/fin/nor
AEX410,Botulinus toxin therapy,lat/ice/den/nor
AEX412,Botulinus toxin therapy with EMG guidance,swe/lat/ice/nor/est
AEX420,GABA therapy,nor
AEXA00,Regulation of neural stimulation device,fin/est
AWSA00,Repair of wound dehiscence in surgery of the nervous system,est/swe/lat/ice/den/nor
AWSB00,Reoperation for superficial infection in surgery of the nervous system,est/swe/lat/ice/den/fin/nor
AWSC00,Reoperation for deep infection in surgery of the nervous system,est/swe/lat/ice/den/fin/nor
AWSD00,Reoperation for superficial haemorrhage in surgery of the nervous system,est/swe/lat/ice/den/nor
AWSE00,Reoperation for deep haemorrhage in surgery of the nervous system,est/swe/lat/ice/den/fin/nor
AWSW99,Other reoperation in surgery of the nervous system,est/swe/lat/ice/den/fin/nor
AXDD1V,Head and neck CT examination for dose design of radiotherapy,ice/fin
AXDG1V,Head and neck MRI examination for dose design of radiotherapy,ice/fin
AXEW97,Diagnostic endoscopy in neurosurgery,swe/ice/est
AXFA00,"Neurophysiological intraoperative monitoring, one method",ice/nor
AXFA02,"Neurophysiological intraoperative monitoring, more than one method",ice
AXFA10,Cerebral function monitoring with amplitude integrated EEG,ice/nor
AXFB00,Evaluation of pain,swe/lat/fin/nor
AXFB10,Testing pressure treshold for pain,swe
AXFB30,Testing medication against pain,swe/lat/ice/fin/nor/est
AXFW99,Other diagnostic procedure in neurosurgery,swe/ice
AXFX00,Intraoperative electrophysiologic investigation,swe/ice/nor
AXFX90,Written summary of neurophysiological examination,ice
AXFX99,Other neurofysiological consultation,ice/nor
AXO000,Brachyterapy of central nervous system,ice
AXO099,Radiotherapy of whole central nervous system,ice/fin
AXXA00,Acupuncture,swe/lat/ice/den/fin/nor
AXXA10,Intramuscular stimulation for pain relief,swe/ice
AXXA20,Hypnosis,swe/den
AXXX99,Other minor neurological procedure,est/swe/lat/ice/den/fin/nor
AXYA00,Neuropathological examination of nervous system,ice/fin
B01AA,Vitamin K antagonists,est/swe/lat/ice/den
B01AA01,Dicoumarol,fin/swe
B01AA02,Phenindione,fin/swe
B01AA03,Warfarin,fin/swe
B01AA04,Phenprocoumon,fin/swe
B01AA07,Acenocoumarol,fin/swe
B01AA08,Ethyl biscoumacetate,fin/swe
B01AA09,Clorindione,fin/swe
B01AA10,Diphenadione,fin/swe
B01AA11,Tioclomarol,fin/swe
B01AA12,Fluindione,fin/swe
B01AB,Heparin group,est/swe/lat/ice/den
B01AB01,Heparin,fin/swe
B01AB02,Antithrombin III,fin/swe
B01AB04,Dalteparin,fin/swe
B01AB05,Enoxaparin,fin/swe
B01AB06,Nadroparin,fin/swe
B01AB07,Parnaparin,fin/swe
B01AB08,Reviparin,fin/swe
B01AB09,Danaparoid,fin/swe
B01AB10,Tinzaparin,fin/swe
B01AB11,Sulodexide,fin/swe
B01AB12,Bemiparin,fin/swe
B01AB51,"Heparin, combinations",fin/swe
B01AC,Platelet aggregation inhibitors excl. heparin,est/swe/lat/ice/den
B01AC01,Ditazole,fin/swe
B01AC02,Cloricromen,fin/swe
B01AC03,Picotamide,fin/swe
B01AC04,Clopidogrel,fin/swe
B01AC05,Ticlopidine,fin/swe
B01AC06,Acetylsalicylic acid,fin/swe
B01AC07,Dipyridamole,fin/swe
B01AC08,Carbasalate calcium,fin/swe
B01AC09,Epoprostenol,fin/nor/swe
B01AC10,Indobufen,fin/swe
B01AC11,Iloprost,fin/nor/swe
B01AC13,Abciximab,fin/swe
B01AC15,Aloxiprin,fin/swe
B01AC16,Eptifibatide,fin/swe
B01AC17,Tirofiban,fin/swe
B01AC18,Triflusal,fin/swe
B01AC19,Beraprost,fin/swe
B01AC21,Treprostinil,fin/nor/swe
B01AC22,Prasugrel,fin/swe
B01AC23,Cilostazol,fin/swe
B01AC24,Ticagrelor,fin/swe
B01AC25,Cangrelor,fin/swe
B01AC26,Vorapaxar,fin/swe
B01AC27,Selexipag,fin/nor/swe
B01AC30,Combinations,fin/swe
B01AC56,"Acetylsalicylic acid, combinations with proton pump",fin/swe
B01AD,Enzymes,est/swe/lat/ice/den
B01AD01,Streptokinase,fin/swe
B01AD02,Alteplase,fin/swe
B01AD03,Anistreplase,fin/swe
B01AD04,Urokinase,fin/swe
B01AD05,Fibrinolysin,fin/swe
B01AD06,Brinase,fin/swe
B01AD07,Reteplase,fin/swe
B01AD08,Saruplase,fin/swe
B01AD09,Ancrod,fin/swe
B01AD10,Drotrecogin alfa (activated),fin/swe
B01AD11,Tenecteplase,fin/swe
B01AD12,Protein C,fin/swe
B01AE,Direct thrombin inhibitors,est/swe/lat/ice/den
B01AE01,Desirudin,fin/swe
B01AE02,Lepirudin,fin/swe
B01AE03,Argatroban,fin/swe
B01AE04,Melagatran,fin/swe
B01AE05,Ximelagatran,fin/swe
B01AE06,Bivalirudin,fin/swe
B01AE07,Dabigatran etexilate,fin/swe
B01AF01,Rivaroxaban,fin/swe
B01AF02,Apixaban,fin/swe
B01AF03,Edoxaban,fin/swe
B01AF04,Betrixaban,fin/swe
B01AX,Other antithrombotic agents,est/swe/lat/ice/den
B01AX01,Defibrotide,fin/swe
B01AX04,Dermatan sulfate,fin/swe
B01AX05,Fondaparinux,fin/swe
B01AX07,Caplacizumab,fin/swe
B02AA,Amino acids,est/swe/lat/ice/den
B02AA01,Aminocaproic acid,fin/swe
B02AA02,Tranexamic acid,fin/swe
B02AA03,Aminomethylbenzoic acid,fin/swe
B02AB,Proteinase inhibitors,est/swe/lat/ice/den
B02AB01,Aprotinin,fin/swe
B02AB02,Alfa1 antitrypsin,fin/swe
B02AB04,Camostat,fin/swe
B02AB05,Ulinastatin,fin/swe
B02AB99,C1 esterase inhibitor,swe
B02BA,Vitamin K,est/swe/lat/ice/den
B02BA01,Phytomenadione,fin/swe
B02BA02,Menadione,fin/swe
B02BB,Fibrinogen,est/swe/lat/ice/den
B02BB01,"Fibrinogen, human",fin/swe
B02BC,Local hemostatics,est/swe/lat/ice/den
B02BC01,Absorbable gelatin sponge,fin/swe
B02BC02,Oxidized cellulose,fin/swe
B02BC03,Tetragalacturonic acid hydroxymethylester,fin/swe
B02BC05,Adrenalone,fin/swe
B02BC06,Thrombin,fin/swe
B02BC07,Collagen,fin/swe
B02BC08,Calcium alginate,fin/swe
B02BC09,Epinephrine,fin/swe
B02BC30,Combinations,fin/swe
B02BD,Blood coagulation factors,est/swe/lat/ice/den
B02BD01,"Coagulation factor IX, II, VII and X in combination",fin/swe
B02BD02,Coagulation factor VIII,fin/swe
B02BD03,Factor VIII inhibitor bypassing activity,fin/swe
B02BD04,Coagulation factor IX,fin/nor/swe
B02BD05,Coagulation factor VII,fin/swe
B02BD06,Von Willebrand factor and coagulation factor VIII i,fin/nor/swe
B02BD07,Coagulation factor XIII,fin/swe
B02BD08,Coagulation factor VIIa,fin/nor/swe
B02BD10,von Willebrand factor,fin/swe
B02BD11,Catridecacog ,fin/nor/swe
B02BD13,Coagulation factor X,fin/swe
B02BD14,Susoctocog alfa,fin/swe
B02BD30,Thrombin,fin/swe
B02BX,Other systemic hemostatics,est/swe/lat/ice/den
B02BX01,Etamsylate,fin/swe
B02BX02,Carbazochrome,fin/swe
B02BX03,Batroxobin,fin/swe
B02BX04,Romiplostim,fin/swe
B02BX05,Eltrombopag,fin/swe
B02BX06,Emicizumab,fin/swe
B02BX07,Lusutrombopag,fin/swe
B02BX08,Avatrombopag,fin/swe
B02BX09,Fostamatinib,fin/swe
B03AA,"Iron bivalent, oral preparations",est/swe/lat/ice/den
B03AA01,Ferrous glycine sulfate,fin/swe
B03AA02,Ferrous fumarate,fin/swe
B03AA03,Ferrous gluconate,fin/swe
B03AA04,Ferrous carbonate,fin/swe
B03AA05,Ferrous chloride,fin/swe
B03AA06,Ferrous succinate,fin/swe
B03AA07,Ferrous sulfate,fin/swe
B03AA08,Ferrous tartrate,fin/swe
B03AA09,Ferrous aspartate,fin/swe
B03AA10,Ferrous ascorbate,fin/swe
B03AA11,Ferrous iodine,fin/swe
B03AA12,Ferrous sodium citrate,fin/swe
B03AB,"Iron trivalent, oral preparations",est/swe/lat/ice/den
B03AB01,Ferric sodium citrate,fin/swe
B03AB02,Saccharated iron oxide,fin/swe
B03AB03,Sodium feredetate,fin/swe
B03AB04,Ferric hydroxide,fin/swe
B03AB05,Ferric oxide polymaltose complexes,fin/swe
B03AB07,Chondroitin sulfate-iron complex,fin/swe
B03AB08,Ferric acetyl transferrin,fin/swe
B03AB09,Ferric proteinsuccinylate,fin/swe
B03AB10,Ferric maltol,fin/swe
B03AC,"Iron trivalent, parenteral preparations",est/swe/lat/ice/den
B03AC99,"Iron, parenteral preparation",swe/fin
B03AD,Iron in combination with folic acid,est/swe/lat/ice/den
B03AD01,Ferrous amino acid complex,fin/swe
B03AD02,Ferrous fumarate,fin/swe
B03AD03,Ferrous sulfate,fin/swe
B03AD04,Ferric oxide polymaltose complexes,fin/swe
B03AD05,Ferrous gluconate,fin/swe
B03AE,Iron in other combinations,est/swe/lat/ice/den
B03AE01,"Iron, vitamin B12 and folic acid",fin/swe
B03AE02,"Iron, multivitamins and folic acid",fin/swe
B03AE03,Iron and multivitamins,fin/swe
B03AE04,"Iron, multivitamins and minerals",fin/swe
B03AE10,Various combinations,fin/swe
B03BA,Vitamin B12 (cyanocobalamin and analogues),est/swe/lat/ice/den
B03BA01,Cyanocobalamin,fin/swe
B03BA02,Cyanocobalamin tannin complex,fin/swe
B03BA03,Hydroxocobalamin,fin/swe
B03BA04,Cobamamide,fin/swe
B03BA05,Mecobalamin,fin/swe
B03BA51,"Cyanocobalamin, combinations",fin/swe
B03BA53,"Hydroxocobalamin, combinations",fin/swe
B03BB,Folic acid and derivatives,est/swe/lat/ice/den
B03BB01,Folic acid,fin/swe
B03BB51,"Folic acid, combinations",fin/swe
B03XA,Other antianemic preparations,est/swe/lat/ice/den
B03XA01,Erythropoietin,fin/nor/swe
B03XA02,Darbepoetin alfa,fin/nor/swe
B03XA03,Methoxy polyethylene glycol-epoetin beta,fin/nor/swe
B03XA04,Peginesatide,fin/swe
B03XA05,Roxadustat,fin/swe
B03XA06,Luspatercept,fin/swe
B03XA07,Daprodustat,fin/swe
B03XA08,Vadadustat,fin/swe
B05AA,Blood substitutes and plasma protein fractions,est/swe/lat/ice/den
B05AA01,Albumin,fin/swe
B05AA02,Other plasma protein fractions,fin/swe
B05AA03,Fluorocarbon blood substitutes,fin/swe
B05AA05,Dextran,fin/swe
B05AA06,Gelatin agents,fin/swe
B05AA07,Hydroxyethylstarch,fin/swe
B05AA08,Hemoglobin crosfumaril,fin/swe
B05AA09,Hemoglobin raffimer,fin/swe
B05AA10,Hemoglobin glutamer (bovine),fin/swe
B05AX01,Erythrocytes,fin/swe
B05AX02,Thrombocytes,fin/swe
B05AX03,Blood plasma,fin/swe
B05AX04,Stem cells from umbilical cord blood,fin/swe
B05BA,Solutions for parenteral nutrition,est/swe/lat/ice/den
B05BA01,Amino acids,fin/swe
B05BA02,Fat emulsions,fin/swe
B05BA03,Carbohydrates,fin/swe
B05BA04,Protein hydrolysates,fin/swe
B05BA10,Combinations,fin/swe
B05BB,Solutions affecting the electrolyte balance,est/swe/lat/ice/den
B05BB01,Electrolytes,fin/swe
B05BB02,Electrolytes with carbohydrates,fin/swe
B05BB03,Trometamol,fin/swe
B05BB04,Electrolytes in combination with other drugs,fin/swe
B05BC,Solutions producing osmotic diuresis,est/swe/lat/ice/den
B05BC01,Mannitol,fin/swe
B05BC02,Carbamide,fin/swe
B05CA,Antiinfectives,est/swe/lat/ice/den
B05CA01,Cetylpyridinium,fin/swe
B05CA02,Chlorhexidine,fin/swe
B05CA03,Nitrofural,fin/swe
B05CA04,Sulfamethizole,fin/swe
B05CA05,Taurolidine,fin/swe
B05CA06,Mandelic acid,fin/swe
B05CA07,Noxytiolin,fin/swe
B05CA08,Ethacridine lactate,fin/swe
B05CA09,Neomycin,fin/swe
B05CA10,Combinations,fin/swe
B05CB,Salt solutions,est/swe/lat/ice/den
B05CB01,Sodium chloride,fin/swe
B05CB02,Sodium citrate,fin/swe
B05CB03,Magnesium citrate,fin/swe
B05CB04,Sodium bicarbonate,fin/swe
B05CB10,Combinations,fin/swe
B05CX,Other irrigating solutions,est/swe/lat/ice/den
B05CX01,Glucose,fin/swe
B05CX02,Sorbitol,fin/swe
B05CX03,Glycine,fin/swe
B05CX04,Mannitol,fin/swe
B05CX10,Combinations,fin/swe
B05DA,Isotonic solutions,est/swe/lat/ice/den
B05DB,Hypertonic solutions,est/swe/lat/ice/den
B05XA,Electrolyte solutions,est/swe/lat/ice/den
B05XA01,Potassium chloride,fin/swe
B05XA02,Sodium bicarbonate,fin/swe
B05XA03,Sodium chloride,fin/swe
B05XA04,Ammonium chloride,fin/swe
B05XA05,Magnesium sulfate,fin/swe
B05XA06,"Potassium phosphate, incl. combinations with other ",fin/swe
B05XA07,Calcium chloride,fin/swe
B05XA08,Sodium acetate,fin/swe
B05XA09,Sodium phosphate,fin/swe
B05XA10,Magnesium phosphate,fin/swe
B05XA11,Magnesium chloride,fin/swe
B05XA12,Zinc chloride,fin/swe
B05XA13,Hydrochloric acid,fin/swe
B05XA14,Sodium glycerophosphate,fin/swe
B05XA15,Potassium lactate,fin/swe
B05XA16,Cardioplegia solutions,fin/swe
B05XA17,Potassium acetate,fin/swe
B05XA18,Zinc sulfate,fin/swe
B05XA30,Combinations of electrolytes,fin/swe
B05XA31,Electrolytes in combination with other drugs,fin/swe
B05XB,Amino acids,est/swe/lat/ice/den
B05XB01,Arginine hydrochloride,fin/swe
B05XB02,Alanyl glutamine,fin/swe
B05XB03,Lysine,fin/swe
B05XC,Vitamins,est/swe/lat/ice/den
B05XX,Other i.v. solution additives,est/swe/lat/ice/den
B05XX02,Trometamol,fin/swe
B05ZA,"Hemodialytics, concentrates",est/swe/lat/ice/den
B05ZB,Hemofiltrates,est/swe/lat/ice/den
B06AA,Enzymes,est/swe/lat/ice/den
B06AA02,Fibrinolysin and desoxyribonuclease,fin/swe
B06AA03,Hyaluronidase,fin/swe
B06AA04,Chymotrypsin,fin/swe
B06AA07,Trypsin,fin/swe
B06AA10,Desoxyribonuclease,fin/swe
B06AA55,"Streptokinase, combinations",fin/swe
B06AB,Other hem products,est/swe/lat/ice/den
B06AB01,Hemin,fin/swe
B06AC01,"C1-inhibitor, plasma derived",fin/swe
B06AC02,Icatibant,fin/swe
B06AC03,Ecallantide,fin/swe
B06AC04,Conestat alfa,fin/swe
B06AC05,Lanadelumab,fin/swe
B06AC06,Berotralstat,fin/swe
B06AX01,Crizanlizumab,fin/swe
B06AX02,Betibeglogene autotemcel,fin/swe
B06AX03,Voxelotor,fin/swe
BADD00,Thyroid and parathyroid CT,swe/ice
BADE1A,Thyroid ultrasonography,swe/ice/den/fin/nor
BADG00,Thyroid and parathyroid MRI examination,swe/ice/den
BAFB00,Calcitonin stimulation test,lat/ice/nor
BAFB10,Cortison test for hypercalcemia,swe
BAIA00,Thyroid gland isotope imaging and uptake,swe/ice/fin/nor
BAIA10,Thyroid SPECT with low dose CT,fin
BAIA12,Thyroid SPECT with uptake measurement and low dose CT,fin
BAIB10,Perchlorate discharge test,ice/fin/nor
BAIC00,Isotope imaging of secondary neoplasms of thyroid origin,ice/fin
BAID00,Total body PET and low-dose CT for secondary neoplasms of thyroid origin,fin
BAO001,Preoperative radiotherapy of thyroid gland,ice
BAO002,Radical radiotherapy of thyroid gland,ice
BAO003,Adjuvant radiotherapy of thyroid gland,ice
BAO004,Palliative radiotherapy of thyroid gland,ice
BAO029,Radiotherapy of local residive tumor of thyroid gland,ice
BAO049,Radiotherapy of metasthasis in thyroid gland,ice
BAO090,Profylactic radiotherapy of thyroid gland,ice
BAO099,Other radiotherapy of thyroid gland,ice
BAOA00,Radioiodine therapy of thydoid tissue,ice/den/fin/nor
BAOA10,I-131 dose capsel measurement,ice/fin
BAOA20,Thyroid radiation dose measurement during isotope therapy,ice/fin
BASA00,Biopsy of thyroid gland,est/swe/lat/ice/den/fin
BASA05,Exploration of thyroid gland,est/swe/lat/ice/den/nor
BASA10,Incision of thyroid gland,est/swe/lat/ice/den/fin/nor
BASA20,Unilateral partial excision of thyroid gland,est/swe/lat/ice/den/fin/nor
BASA25,Bilateral partial excision of thyroid gland,est/swe/lat/ice/den/nor
BASA30,Excision of thyroid isthmus,est/swe/lat/ice/den/fin/nor
BASA40,Unilateral lobectomy of thyroid gland,est/swe/lat/ice/den/fin/nor
BASA50,Lobectomy and resection of contralateral lobe of thyroid gland,est/swe/lat/ice/den/nor
BASA60,Total thyroidectomy,est/swe/lat/ice/den/fin/nor
BASA70,Lasercoagulation of thyreoid gland,ice/den
BASA99,Other operation on thyroid gland,est/swe/lat/ice/den/fin/nor
BAXT4K,Sclerotherapy of thyroid,ice/fin
BAXX00,Puncture of thyroid gland,est/swe/lat/ice/den/fin/nor
BAXX10,Needle biopsy of thyroid gland,est/swe/lat/ice/den/fin/nor
BAXX20,Needle biopsy for cytology of thyroid gland,est/swe/lat/ice/den/fin/nor
BAXX30,Percutaneous sclerosing of cyst of thyroid gland,ice/den
BBDE1A,Parathyroid ultrasonography,swe/ice/fin
BBIA00,Parathyroid gland isotope imaging,swe/ice/fin/nor
BBIA10,Parathyroidgland SPECT with low dose CT,fin
BBIA20,Parathyroidgland PET with CT,fin
BBSA10,Biopsy of parathyroid gland,est/swe/lat/ice/den/fin/nor
BBSA20,Exploration of parathyroid gland,est/swe/lat/ice/den/fin/nor
BBSA30,Excision of parathyroid gland,est/swe/lat/ice/den/fin/nor
BBSA40,Subtotal parathyroidectomy,est/swe/lat/ice/den/fin/nor
BBSA42,Percutaneous subtotal paratyreoidectomy,ice/den
BBSA50,Total parathyroidectomy,est/swe/lat/ice/den/fin/nor
BBSA70,Implantation or transplantation of parathyroid gland,est/swe/lat/ice/den/fin/nor
BBSA99,Other operation on parathyroid gland,est/swe/lat/ice/den/fin/nor
BBXT2A,Biopsy of parathyroid gland with ultrasound quidance,ice/fin/nor
BBXT3A,Needle biopsy for cytology of parathyroid gland with ultrasound quidance,ice/fin/nor
BBXT4W,Select blood sampling from parathyroid gland with radiological guidance,ice/fin
BBXX00,Puncture of parathyroid gland,est/swe/lat/ice/den/fin/nor
BBXX10,Needle biopsy of parathyroid gland,est/swe/lat/ice/den/fin/nor
BCDD1A,Adrenal glands CT examination,swe/ice/fin
BCDD1P,CT examination of perfusion of adrenal glands,
BCDE1A,Adrenal gland ultrasonography,swe/ice/fin/nor
BCDG00,Adrenal MRI examination,swe/ice/nor
BCFA00,Adrenal cortex stimulation test,swe/lat/ice/nor
BCFA01,"Adrenal cortex stimulation test, short",swe
BCFB00,Saline suppression test,swe/lat/ice/nor
BCFB10,Water deprivation test,swe/lat/ice/nor
BCIA00,Adrenal cortex isotope imaging,swe/ice/fin/nor
BCIA10,Adrenal cortex SPECT with low dose CT,fin
BCIA20,Adrenal metabolic PET,fin
BCIA22,Adrenal metabolic PET with CT,fin
BCO001,Preoperative radiotherapy of adrenal gland,ice
BCO002,Radical radiotherapy of adrenal gland,ice
BCO003,Adjuvant radiotherapy of adrenal gland,ice
BCO004,Palliative radiotherapy of adrenal gland,ice
BCO029,Radiotherapy of local residive tumor of adrenal gland,ice
BCO049,Radiotherapy of metasthasis in adrenal gland,ice
BCO090,Profylactic radiotherapy of adrenal gland,ice
BCO099,Other radiotherapy of adrenal gland,ice
BCSA10,Biopsy of adrenal gland,est/swe/lat/ice/den/fin/nor
BCSA11,Laparoscopic biopsy of adrenal gland,est/swe/lat/ice/den/fin/nor
BCSA15,Incision of adrenal gland,est/swe/lat/ice/den/fin/nor
BCSA20,Excision of lesion of adrenal gland,est/swe/lat/ice/den/fin/nor
BCSA30,Unilateral adrenalectomy,est/swe/lat/ice/den/fin/nor
BCSA31,Laparoscopic unilateral adrenalectomy,est/swe/lat/ice/den/fin/nor
BCSA40,Bilateral adrenalectomy,est/swe/lat/ice/den/fin/nor
BCSA41,Laparoscopic bilateral adrenalectomy,est/swe/lat/ice/den/fin/nor
BCSA99,Other operation on adrenal gland,est/swe/lat/ice/den/fin/nor
BCXA00,Heat coagulation of adrenal gland,ice/fin
BCXX00,Needle biopsy of adrenal gland,est/swe/lat/ice/den/fin/nor
BCXX10,Needle biopsy for cytology of adrenal gland,est/swe/lat/ice/den/fin/nor
BCXX20,Selective blood sample from adrenal gland,lat/ice/fin/nor
BDSA10,Operation on carotid body,est/swe/lat/ice/den/fin/nor
BDX000,Mechanical stimulation of carotid body,ice
BDX100,Implantantion of device and electodes for Baroreflex activation therapy,swe
BEFA00,Oral glucose tolerance test,swe/lat/ice/nor
BEFA02,Intravenous glucose tolerance test,swe/ice
BEFA10,Prolonged fasting test,swe/lat/ice/nor
BEFA12,Test for postprandial hypoglycemia,swe/ice
BEFA90,Longterm registration of blood glucose,swe/ice/fin
BEFB00,Insulin test,swe/lat/ice/nor
BEFB10,Glucagon stimulation test,swe/lat/ice/nor
BEFC00,Subcutaneous continuous glucose monitoring,lat/ice/nor/swe
BEFC10,Percutaneous continuous glucose monitoring,swe
BEX900,Clinical examination of diabetes patient,swe/ice
BFFA00,Hypothalamic ACTH stimulation test,swe/lat/ice/nor
BFFA05,Hypothalamic ACTH suppression test,swe/lat/ice/nor
BFFA09,ACTH longterm registration,swe/ice
BFFA10,Gonadotrophin releasing hormone (GnRH) test,swe/lat/ice/nor
BFFA20,Growth hormone stimulation test,swe/lat/ice/nor
BFFA25,Growth hormone suppression test,swe/lat/ice/nor
BFFA29,Growth hormone longterm registration,swe/ice
BFFA30,Thyreotropin stimulation test,swe/lat/ice/nor
BFFA39,TSH longterm registration,swe/ice
BFFA90,Combined hypothalamic stimulaiton test,lat/ice/nor
BGIA00,Chromaffine and adrenergic tissue isotope imaging (MIBG),swe/ice/fin/nor
BGIB00,Chromaffine tissue SPECT,ice/fin
BGIB10,Chromaffine tissue SPECT with low dose CT,fin
BGIC00,Somatostatin receptor isotope imaging,swe/ice/fin
BGID00,Somatostatin receptor SPECT,ice/fin
BGID02,Somatostatin receptor SPET med low dose CT,fin
BGOA00,Chromaffine tissue (MIBG) isotope therapy,ice/fin
BGOB00,Somatostatin isotope ablative therapy,ice/fin
BWSA00,Repair of wound dehiscence in endocrine surgery,est/swe/lat/ice/den/fin/nor
BWSB00,Reoperation for superficial infection in endocrine surgery,est/swe/lat/ice/den/nor
BWSC00,Reoperation for deep infection in endocrine surgery,est/swe/lat/ice/den/nor
BWSD00,Reoperation for superficial haemorrhage in endocrine surgery,est/swe/lat/ice/den/fin/nor
BWSE00,Reoperation for deep haemorrhage in endocrine surgery,est/swe/lat/ice/den/nor
BWSW99,Other reoperation in endocrine surgery,est/swe/lat/ice/den/fin/nor
BXFX90,Other endocrine stimulation test,swe/ice
BXFX99,Other hormone longterm registration,swe/lat/ice/nor
BXXX00,Clinical examination of endocrine organs,swe/ice
BXXX99,Other minor procedure on endocrine organ,est/swe/lat/ice/den/fin/nor
C01AA,Digitalis glycosides,est/swe/lat/ice/den
C01AA01,Acetyldigitoxin,fin/swe
C01AA02,Acetyldigoxin,fin/swe
C01AA03,Digitalis leaves,fin/swe
C01AA04,Digitoxin,fin/swe
C01AA05,Digoxin,fin/swe
C01AA06,Lanatoside C,fin/swe
C01AA07,Deslanoside,fin/swe
C01AA08,Metildigoxin,fin/swe
C01AA09,Gitoformate,fin/swe
C01AA52,"Acetyldigoxin, combinations",fin/swe
C01AB,Scilla glycosides,est/swe/lat/ice/den
C01AB01,Proscillaridin,fin/swe
C01AB51,"Proscillaridin, combinations",fin/swe
C01AC,Strophantus glycosides,est/swe/lat/ice/den
C01AC01,G-strophanthin,fin/swe
C01AC03,Cymarin,fin/swe
C01AX,Other cardiac glycosides,est/swe/lat/ice/den
C01AX02,Peruvoside,fin/swe
C01BA,"Antiarrhythmics, class Ia",est/swe/lat/ice/den
C01BA01,Quinidine,fin/swe
C01BA02,Procainamide,fin/swe
C01BA03,Disopyramide,fin/swe
C01BA04,Sparteine,fin/swe
C01BA05,Ajmaline,fin/swe
C01BA08,Prajmaline,fin/swe
C01BA12,Lorajmine,fin/swe
C01BA13,Hydroquinidine,fin/swe
C01BA51,"Quinidine, combinations excl. psycholeptics",fin/swe
C01BA71,"Quinidine, combinations with psycholeptics",fin/swe
C01BB,"Antiarrhythmics, class Ib",est/swe/lat/ice/den
C01BB01,Lidocaine,fin/swe
C01BB02,Mexiletine,fin/swe
C01BB03,Tocainide,fin/swe
C01BB04,Aprindine,fin/swe
C01BC,"Antiarrhythmics, class Ic",est/swe/lat/ice/den
C01BC03,Propafenone,fin/swe
C01BC04,Flecainide,fin/swe
C01BC07,Lorcainide,fin/swe
C01BC08,Encainide,fin/swe
C01BC09,Ethacizine,fin/swe
C01BD,"Antiarrhythmics, class III",est/swe/lat/ice/den
C01BD01,Amiodarone,fin/swe
C01BD02,Bretylium tosilate,fin/swe
C01BD03,Bunaftine,fin/swe
C01BD04,Dofetilide,fin/swe
C01BD05,Ibutilide,fin/swe
C01BD06,Tedisamil,fin/swe
C01BD07,Dronedarone,fin/swe
C01BG,Other class I antiarrhythmics,est/swe/lat/ice/den
C01BG01,Moracizine,fin/swe
C01BG07,Cibenzoline,fin/swe
C01BG11,Vernakalant,fin/swe
C01CA,Adrenergic and dopaminergic agents,est/swe/lat/ice/den
C01CA01,Etilefrine,fin/swe
C01CA02,Isoprenaline,fin/swe
C01CA03,Norepinephrine,fin/swe
C01CA04,Dopamine,fin/swe
C01CA05,Norfenefrine,fin/swe
C01CA06,Phenylephrine,fin/swe
C01CA07,Dobutamine,fin/swe
C01CA08,Oxedrine,fin/swe
C01CA09,Metaraminol,fin/swe
C01CA10,Methoxamine,fin/swe
C01CA11,Mephentermine,fin/swe
C01CA12,Dimetofrine,fin/swe
C01CA13,Prenalterol,fin/swe
C01CA14,Dopexamine,fin/swe
C01CA15,Gepefrine,fin/swe
C01CA16,Ibopamine,fin/swe
C01CA17,Midodrine,fin/swe
C01CA18,Octopamine,fin/swe
C01CA19,Fenoldopam,fin/swe
C01CA21,Cafedrine,fin/swe
C01CA22,Arbutamine,fin/swe
C01CA23,Theodrenaline,fin/swe
C01CA24,Epinephrine,fin/swe
C01CA25,Amezinium metilsulfate,fin/swe
C01CA26,Ephedrine,fin/swe
C01CA27,Droxidopa,fin/swe
C01CA30,Combinations,fin/swe
C01CA51,"Etilefrine, combinations",fin/swe
C01CE,Phosphodiesterase inhibitors,est/swe/lat/ice/den
C01CE01,Amrinone,fin/swe
C01CE02,Milrinone,fin/swe
C01CE03,Enoximone,fin/swe
C01CE04,Bucladesine,fin/swe
C01CX,Other cardiac stimulants,est/swe/lat/ice/den
C01CX06,Angiotensinamide,fin/swe
C01CX07,Xamoterol,fin/swe
C01CX08,Levosimendan,fin/swe
C01CX09,Angiotensin II,fin/swe
C01DA,Organic nitrates,est/swe/lat/ice/den
C01DA02,Glyceryl trinitrate,fin/swe
C01DA04,Methylpropylpropanediol dinitrate,fin/swe
C01DA05,Pentaerithrityl tetranitrate,fin/swe
C01DA07,Propatylnitrate,fin/swe
C01DA08,Isosorbide dinitrate,fin/swe
C01DA09,Trolnitrate,fin/swe
C01DA13,Eritrityl tetranitrate,fin/swe
C01DA14,Isosorbide mononitrate,fin/swe
C01DA20,Organic nitrates in combination,fin/swe
C01DA38,Tenitramine,fin/swe
C01DA52,"Glyceryl trinitrate, combinations",fin/swe
C01DA54,"Methylpropylpropanediol dinitrate, combinations",fin/swe
C01DA55,"Pentaerithrityl tetranitrate, combinations",fin/swe
C01DA57,"Propatylnitrate, combinations",fin/swe
C01DA58,"Isosorbide dinitrate, combinations",fin/swe
C01DA59,"Trolnitrate, combinations",fin/swe
C01DA63,"Eritrityl tetranitrate, combinations",fin/swe
C01DA70,Organic nitrates in combination with psycholeptics,fin/swe
C01DB,Quinolone vasodilators,est/swe/lat/ice/den
C01DB01,Flosequinan,fin/swe
C01DX,Other vasodilators used in cardiac diseases,est/swe/lat/ice/den
C01DX01,Itramin tosilate,fin/swe
C01DX02,Prenylamine,fin/swe
C01DX03,Oxyfedrine,fin/swe
C01DX04,Benziodarone,fin/swe
C01DX05,Carbocromen,fin/swe
C01DX06,Hexobendine,fin/swe
C01DX07,Etafenone,fin/swe
C01DX08,Heptaminol,fin/swe
C01DX09,Imolamine,fin/swe
C01DX10,Dilazep,fin/swe
C01DX11,Trapidil,fin/swe
C01DX12,Molsidomine,fin/swe
C01DX13,Efloxate,fin/swe
C01DX14,Cinepazet,fin/swe
C01DX15,Cloridarol,fin/swe
C01DX16,Nicorandil,fin/swe
C01DX18,Linsidomine,fin/swe
C01DX19,Nesiritide,fin/swe
C01DX21,Serelaxin,fin/swe
C01DX22,Vericiguat,fin/swe
C01DX51,"Itramin tosilate, combinations",fin/swe
C01DX52,"Prenylamine, combinations",fin/swe
C01DX53,"Oxyfedrine, combinations",fin/swe
C01DX54,"Benziodarone, combinations",fin/swe
C01EA,Prostaglandins,est/swe/lat/ice/den
C01EA01,Alprostadil,fin/swe
C01EB,Other cardiac preparations,est/swe/lat/ice/den
C01EB02,Camphora,fin/swe
C01EB03,Indometacin,fin/swe
C01EB04,Crataegus glycosides,fin/swe
C01EB05,Creatinolfosfate,fin/swe
C01EB06,Fosfocreatine,fin/swe
C01EB07,"Fructose 1,6-diphosphate",fin/swe
C01EB09,Ubidecarenone,fin/swe
C01EB10,Adenosine,fin/swe
C01EB11,Tiracizine,fin/swe
C01EB13,Acadesine,fin/swe
C01EB15,Trimetazidine,fin/swe
C01EB16,Ibuprofen,fin/swe
C01EB17,Ivabradine,fin/swe
C01EB18,Ranolazine,fin/swe
C01EB21,Regadenoson,fin/swe
C01EB22,Meldonium,fin/swe
C01EB23,Tiazotic acid,fin/swe
C01EX,Other cardiac combination products,est/swe/lat/ice/den
C02AA,Rauwolfia alkaloids,est/swe/lat/ice/den
C02AA01,Rescinnamine,fin/swe
C02AA02,Reserpine,fin/swe
C02AA03,Combinations of rauwolfia alkaloids,fin/swe
C02AA04,"Rauwolfia alkaloids, whole root",fin/swe
C02AA05,Deserpidine,fin/swe
C02AA06,Methoserpidine,fin/swe
C02AA07,Bietaserpine,fin/swe
C02AA52,"Reserpine, combinations",fin/swe
C02AA53,"Combinations of rauwolfia alkoloids, combinations",fin/swe
C02AA57,"Bietaserpine, combinations",fin/swe
C02AB,Methyldopa,est/swe/lat/ice/den
C02AB01,Methyldopa (levorotatory),fin/swe
C02AB02,Methyldopa (racemic),fin/swe
C02AC,Imidazoline receptor agonists,est/swe/lat/ice/den
C02AC01,Clonidine,fin/swe
C02AC02,Guanfacine,fin/swe
C02AC04,Tolonidine,fin/swe
C02AC05,Moxonidine,fin/swe
C02AC06,Rilmenidine,fin/swe
C02BA,Sulfonium derivatives,est/swe/lat/ice/den
C02BA01,Trimetaphan,fin/swe
C02BB,Secondary and tertiary amines,est/swe/lat/ice/den
C02BB01,Mecamylamine,fin/swe
C02BC,Bisquaternary ammonium compounds,est/swe/lat/ice/den
C02CA,Alpha-adrenoreceptor antagonists,est/swe/lat/ice/den
C02CA01,Prazosin,fin/swe
C02CA02,Indoramin,fin/swe
C02CA03,Trimazosin,fin/swe
C02CA04,Doxazosin,fin/swe
C02CA06,Urapidil,fin/swe
C02CC,Guanidine derivatives,est/swe/lat/ice/den
C02CC01,Betanidine,fin/swe
C02CC02,Guanethidine,fin/swe
C02CC03,Guanoxan,fin/swe
C02CC04,Debrisoquine,fin/swe
C02CC05,Guanoclor,fin/swe
C02CC06,Guanazodine,fin/swe
C02CC07,Guanoxabenz,fin/swe
C02DA,Thiazide derivatives,est/swe/lat/ice/den
C02DA01,Diazoxide,fin/swe
C02DB,Hydrazinophthalazine derivatives,est/swe/lat/ice/den
C02DB01,Dihydralazine,fin/swe
C02DB02,Hydralazine,fin/swe
C02DB03,Endralazine,fin/swe
C02DB04,Cadralazine,fin/swe
C02DC,Pyrimidine derivatives,est/swe/lat/ice/den
C02DC01,Minoxidil,fin/swe
C02DD,Nitroferricyanide derivatives,est/swe/lat/ice/den
C02DD01,Nitroprusside,fin/swe
C02DG,Guanidine derivatives,est/swe/lat/ice/den
C02DG01,Pinacidil,fin/swe
C02KA,"Alkaloids, excl. rauwolfia",est/swe/lat/ice/den
C02KA01,Veratrum,fin/swe
C02KB,Tyrosine hydroxylase inhibitors,est/swe/lat/ice/den
C02KB01,Metirosine,fin/swe
C02KC,MAO inhibitors,est/swe/lat/ice/den
C02KC01,Pargyline,fin/swe
C02KD,Serotonin antagonists,est/swe/lat/ice/den
C02KD01,Ketanserin,fin/swe
C02KX,Other antihypertensives,est/swe/lat/ice/den
C02KX01,Bosentan,fin/nor/swe
C02KX02,Ambrisentan,fin/nor/swe
C02KX03,Sitaxentan,fin/swe
C02KX04,Macitentan,fin/nor/swe
C02KX05,Riociguat,fin/nor/swe
C02KX52,Ambrisentan and tadalafil,fin/swe
C02LA,Rauwolfia alkaloids and diuretics in combination,est/swe/lat/ice/den
C02LA01,Reserpine and diuretics,fin/swe
C02LA02,Rescinnamine and diuretics,fin/swe
C02LA03,Deserpidine and diuretics,fin/swe
C02LA04,Methoserpidine and diuretics,fin/swe
C02LA07,Bietaserpine and diuretics,fin/swe
C02LA08,"Rauwolfia alkaloids, whole root and diuretics",fin/swe
C02LA09,Syrosingopine and diuretics,fin/swe
C02LA50,Combination of rauwolfia alkaloids and diuretics in,fin/swe
C02LA51,"Reserpine and diuretics, combinations with other dr",fin/swe
C02LA52,"Rescinnamine and diuretics, combinations with other",fin/swe
C02LA71,"Reserpine and diuretics, combinations with psychole",fin/swe
C02LB,Methyldopa and diuretics in combination,est/swe/lat/ice/den
C02LB01,Methyldopa (levorotatory) and diuretics,fin/swe
C02LC,Imidazoline receptor agonists in combination with diuretics,est/swe/lat/ice/den
C02LC01,Clonidine and diuretics,fin/swe
C02LC05,Moxonidine and diuretics,fin/swe
C02LC51,"Clonidine and diuretics, combinations with other dr",fin/swe
C02LE,Alpha-adrenoreceptor antagonists and diuretics,est/swe/lat/ice/den
C02LE01,Prazosin and diuretics,fin/swe
C02LF,Guanidine derivatives and diuretics,est/swe/lat/ice/den
C02LF01,Guanethidine and diuretics,fin/swe
C02LG,Hydrazinophthalazine derivatives and diuretics,est/swe/lat/ice/den
C02LG01,Dihydralazine and diuretics,fin/swe
C02LG02,Hydralazine and diuretics,fin/swe
C02LG03,Picodralazine and diuretics,fin/swe
C02LG51,"Dihydralazine and diuretics, combinations with othe",fin/swe
C02LG73,"Picodralazine and diuretics, combinations with psyc",fin/swe
C02LK,"Alkaloids, excl. rauwolfia, in combination with diuretics",est/swe/lat/ice/den
C02LK01,Veratrum and diuretics,fin/swe
C02LL,MAO inhibitors and diuretics,est/swe/lat/ice/den
C02LL01,Pargyline and diuretics,fin/swe
C02LN,Serotonin antagonists and diuretics,est/swe/lat/ice/den
C02LX,Other antihypertensives and diuretics,est/swe/lat/ice/den
C02LX01,Pinacidil and diuretics,fin/swe
C03AA,"Thiazides, plain",est/swe/lat/ice/den
C03AA01,Bendroflumethiazide,fin/swe
C03AA02,Hydroflumethiazide,fin/swe
C03AA03,Hydrochlorothiazide,fin/swe
C03AA04,Chlorothiazide,fin/swe
C03AA05,Polythiazide,fin/swe
C03AA06,Trichlormethiazide,fin/swe
C03AA07,Cyclopenthiazide,fin/swe
C03AA08,Methyclothiazide,fin/swe
C03AA09,Cyclothiazide,fin/swe
C03AA13,Mebutizide,fin/swe
C03AB,Thiazides and potassium in combination,est/swe/lat/ice/den
C03AB01,Bendroflumethiazide and potassium,fin/swe
C03AB02,Hydroflumethiazide and potassium,fin/swe
C03AB03,Hydrochlorothiazide and potassium,fin/swe
C03AB04,Chlorothiazide and potassium,fin/swe
C03AB05,Polythiazide and potassium,fin/swe
C03AB06,Trichlormethiazide and potassium,fin/swe
C03AB07,Cyclopenthiazide and potassium,fin/swe
C03AB08,Methyclothiazide and potassium,fin/swe
C03AB09,Cyclothiazide and potassium,fin/swe
C03AH,"Thiazides, combinations with psycholeptics and/or analgesics",est/swe/lat/ice/den
C03AH01,"Chlorothiazide, combinations",fin/swe
C03AH02,"Hydroflumethiazide, combinations",fin/swe
C03AX,"Thiazides, combinations with other drugs",est/swe/lat/ice/den
C03AX01,"Hydrochlorothiazide, combinations",fin/swe
C03BA,"Sulfonamides, plain",est/swe/lat/ice/den
C03BA02,Quinethazone,fin/swe
C03BA03,Clopamide,fin/swe
C03BA04,Chlortalidone,fin/swe
C03BA05,Mefruside,fin/swe
C03BA07,Clofenamide,fin/swe
C03BA08,Metolazone,fin/swe
C03BA09,Meticrane,fin/swe
C03BA10,Xipamide,fin/swe
C03BA11,Indapamide,fin/swe
C03BA12,Clorexolone,fin/swe
C03BA13,Fenquizone,fin/swe
C03BA82,"Clorexolone, combinations with psycholeptics",fin/swe
C03BB,Sulfonamides and potassium in combination,est/swe/lat/ice/den
C03BB02,Quinethazone and potassium,fin/swe
C03BB03,Clopamide and potassium,fin/swe
C03BB04,Chlortalidone and potassium,fin/swe
C03BB05,Mefruside and potassium,fin/swe
C03BB07,Clofenamide and potassium,fin/swe
C03BC,Mercurial diuretics,est/swe/lat/ice/den
C03BC01,Mersalyl,fin/swe
C03BD,Xanthine derivatives,est/swe/lat/ice/den
C03BD01,Theobromine,fin/swe
C03BK,"Sulfonamides, combinations with other drugs",est/swe/lat/ice/den
C03BX,Other low-ceiling diuretics,est/swe/lat/ice/den
C03BX03,Cicletanine,fin/swe
C03CA,"Sulfonamides, plain",est/swe/lat/ice/den
C03CA01,Furosemide,fin/swe
C03CA02,Bumetanide,fin/swe
C03CA03,Piretanide,fin/swe
C03CA04,Torasemide,fin/swe
C03CB,Sulfonamides and potassium in combination,est/swe/lat/ice/den
C03CB01,Furosemide and potassium,fin/swe
C03CB02,Bumetanide and potassium,fin/swe
C03CC,Aryloxyacetic acid derivatives,est/swe/lat/ice/den
C03CC01,Etacrynic acid,fin/swe
C03CC02,Tienilic acid,fin/swe
C03CD,Pyrazolone derivatives,est/swe/lat/ice/den
C03CD01,Muzolimine,fin/swe
C03CX,Other high-ceiling diuretics,est/swe/lat/ice/den
C03CX01,Etozolin,fin/swe
C03DA,Aldosterone antagonists,est/swe/lat/ice/den
C03DA01,Spironolactone,fin/swe
C03DA02,Potassium canrenoate,fin/swe
C03DA03,Canrenone,fin/swe
C03DA04,Eplerenone,fin/swe
C03DA05,Finerenone,fin/swe
C03DB,Other potassium-sparing agents,est/swe/lat/ice/den
C03DB01,Amiloride,fin/swe
C03DB02,Triamterene,fin/swe
C03EA,Low-ceiling diuretics and potassium-sparing agents,est/swe/lat/ice/den
C03EA01,Hydrochlorothiazide and potassium-sparing agents,fin/swe
C03EA02,Trichlormethiazide and potassium-sparing agents,fin/swe
C03EA03,Epitizide and potassium-sparing agents,fin/swe
C03EA04,Altizide and potassium-sparing agents,fin/swe
C03EA05,Mebutizide and potassium-sparing agents,fin/swe
C03EA06,Chlortalidone and potassium-sparing agents,fin/swe
C03EA07,Cyclopenthiazide and potassium-sparing agents,fin/swe
C03EA12,Metolazone and potassium-sparing agents,fin/swe
C03EA13,Bendroflumethiazide and potassium-sparing agents,fin/swe
C03EA14,Butizide and potassium-sparing agents,fin/swe
C03EB,High-ceiling diuretics and potassium-sparing agents,est/swe/lat/ice/den
C03EB01,Furosemide and potassium-sparing agents,fin/swe
C03EB02,Bumetanide and potassium-sparing agents,fin/swe
C03XA01,Tolvaptan,fin/swe
C03XA02,Conivaptan,fin/swe
C04AA,2-amino-1-phenylethanol derivatives,est/swe/lat/ice/den
C04AA01,Isoxsuprine,fin/swe
C04AA02,Buphenine,fin/swe
C04AA31,Bamethan,fin/swe
C04AB,Imidazoline derivatives,est/swe/lat/ice/den
C04AB01,Phentolamine,fin/swe
C04AB02,Tolazoline,fin/swe
C04AC,Nicotinic acid and derivatives,est/swe/lat/ice/den
C04AC01,Nicotinic acid,fin/swe
C04AC02,Nicotinyl alcohol (pyridylcarbinol),fin/swe
C04AC03,Inositol nicotinate,fin/swe
C04AC07,Ciclonicate,fin/swe
C04AD,Purine derivatives,est/swe/lat/ice/den
C04AD01,Pentifylline,fin/swe
C04AD02,Xantinol nicotinate,fin/swe
C04AD03,Pentoxifylline,fin/swe
C04AD04,Etofylline nicotinate,fin/swe
C04AE,Ergot alkaloids,est/swe/lat/ice/den
C04AE01,Ergoloid mesylates,fin/swe
C04AE02,Nicergoline,fin/swe
C04AE04,Dihydroergocristine,fin/swe
C04AE51,"Ergoloid mesylates, combinations",fin/swe
C04AE54,"Dihydroergocristine, combinations",fin/swe
C04AF,Enzymes,est/swe/lat/ice/den
C04AF01,Kallidinogenase,fin/swe
C04AX,Other peripheral vasodilators,est/swe/lat/ice/den
C04AX01,Cyclandelate,fin/swe
C04AX02,Phenoxybenzamine,fin/swe
C04AX07,Vincamine,fin/swe
C04AX10,Moxisylyte,fin/swe
C04AX11,Bencyclane,fin/swe
C04AX17,Vinburnine,fin/swe
C04AX19,Suloctidil,fin/swe
C04AX20,Buflomedil,fin/swe
C04AX21,Naftidrofuryl,fin/swe
C04AX23,Butalamine,fin/swe
C04AX24,Visnadine,fin/swe
C04AX26,Cetiedil,fin/swe
C04AX27,Cinepazide,fin/swe
C04AX28,Ifenprodil,fin/swe
C04AX30,Azapetine,fin/swe
C04AX32,Fasudil,fin/swe
C05AA,Products containing corticosteroids,est/swe/lat/ice/den
C05AA01,Hydrocortisone,fin/swe
C05AA04,Prednisolone,fin/swe
C05AA05,Betamethasone,fin/swe
C05AA06,Fluorometholone,fin/swe
C05AA08,Fluocortolone,fin/swe
C05AA09,Dexamethasone,fin/swe
C05AA10,Fluocinolone acetonide,fin/swe
C05AA11,Fluocinonide,fin/swe
C05AA12,Triamcinolone,fin/swe
C05AB,Products containing antibiotics,est/swe/lat/ice/den
C05AD,Products containing local anesthetics,est/swe/lat/ice/den
C05AD01,Lidocaine,fin/swe
C05AD02,Tetracaine,fin/swe
C05AD03,Benzocaine,fin/swe
C05AD04,Cinchocaine,fin/swe
C05AD05,Procaine,fin/swe
C05AD06,Oxetacaine,fin/swe
C05AD07,Pramocaine,fin/swe
C05AE01,Glyceryl trinitrate,fin/swe
C05AE02,Isosorbide dinitrate,fin/swe
C05AE03,Diltiazem,fin/swe
C05AX,Other antihemorrhoidals for topical use,est/swe/lat/ice/den
C05AX01,Aluminium preparations,fin/swe
C05AX02,"Bismuth preparations, combinations",fin/swe
C05AX03,"Other preparations, combinations",fin/swe
C05AX04,Zinc preparations,fin/swe
C05AX05,Tribenoside,fin/swe
C05BA,Heparins or heparinoids for topical use,est/swe/lat/ice/den
C05BA01,Organo-heparinoid,fin/swe
C05BA02,Sodium apolate,fin/swe
C05BA03,Heparin,fin/swe
C05BA04,Pentosan polysulfate sodium,fin/swe
C05BA51,"Heparinoid, combinations",fin/swe
C05BA53,"Heparin, combinations",fin/swe
C05BB,Sclerosing agents for local injection,est/swe/lat/ice/den
C05BB01,Monoethanolamine oleate,fin/swe
C05BB02,Polidocanol,fin/swe
C05BB03,Invert sugar,fin/swe
C05BB04,Sodium tetradecyl sulfate,fin/swe
C05BB05,Phenol,fin/swe
C05BB56,"Glucose, combinations",fin/swe
C05BX,Other sclerosing agents,est/swe/lat/ice/den
C05BX01,Calcium dobesilate,fin/swe
C05BX51,"Calcium dobesilate, combinations",fin/swe
C05CA,Bioflavonoids,est/swe/lat/ice/den
C05CA01,Rutoside,fin/swe
C05CA02,Monoxerutin,fin/swe
C05CA03,Diosmin,fin/swe
C05CA04,Troxerutin,fin/swe
C05CA05,Hidrosmin,fin/swe
C05CA51,"Rutoside, combinations",fin/swe
C05CA53,"Diosmin, combinations",fin/swe
C05CA54,"Troxerutin, combinations",fin/swe
C05CX,Other capillary stabilizing agents,est/swe/lat/ice/den
C05CX01,Tribenoside,fin/swe
C05CX02,Naftazone,fin/swe
C05CX03,Hippocastani semen,fin/swe
C07AA,"Beta blocking agents, non-selective",est/swe/lat/ice/den
C07AA01,Alprenolol,fin/swe
C07AA02,Oxprenolol,fin/swe
C07AA03,Pindolol,fin/swe
C07AA05,Propranolol,fin/swe
C07AA06,Timolol,fin/swe
C07AA07,Sotalol,fin/swe
C07AA12,Nadolol,fin/swe
C07AA14,Mepindolol,fin/swe
C07AA15,Carteolol,fin/swe
C07AA16,Tertatolol,fin/swe
C07AA17,Bopindolol,fin/swe
C07AA19,Bupranolol,fin/swe
C07AA23,Penbutolol,fin/swe
C07AA27,Cloranolol,fin/swe
C07AB,"Beta blocking agents, selective",est/swe/lat/ice/den
C07AB01,Practolol,fin/swe
C07AB02,Metoprolol,fin/swe
C07AB03,Atenolol,fin/swe
C07AB04,Acebutolol,fin/swe
C07AB05,Betaxolol,fin/swe
C07AB06,Bevantolol,fin/swe
C07AB07,Bisoprolol,fin/swe
C07AB08,Celiprolol,fin/swe
C07AB09,Esmolol,fin/swe
C07AB10,Epanolol,fin/swe
C07AB11,S-atenolol,fin/swe
C07AB12,Nebivolol,fin/swe
C07AB13,Talinolol,fin/swe
C07AB14,Landiolol,fin/swe
C07AG,Alpha and beta blocking agents,est/swe/lat/ice/den
C07AG01,Labetalol,fin/swe
C07AG02,Carvedilol,fin/swe
C07BA,"Beta blocking agents, non-selective, and thiazides",est/swe/lat/ice/den
C07BA02,Oxprenolol and thiazides,fin/swe
C07BA05,Propranolol and thiazides,fin/swe
C07BA06,Timolol and thiazides,fin/swe
C07BA07,Sotalol and thiazides,fin/swe
C07BA12,Nadolol and thiazides,fin/swe
C07BA68,"Metipranolol and thiazides, combinations",fin/swe
C07BB,"Beta blocking agents, selective, and thiazides",est/swe/lat/ice/den
C07BB02,Metoprolol and thiazides,fin/swe
C07BB03,Atenolol and thiazides,fin/swe
C07BB04,Acebutolol and thiazides,fin/swe
C07BB06,Bevantolol and thiazides,fin/swe
C07BB07,Bisoprolol and thiazides,fin/swe
C07BB12,Nebivolol and thiazides,fin/swe
C07BB52,"Metoprolol and thiazides, combinations",fin/swe
C07BG,Alpha and beta blocking agents and thiazides,est/swe/lat/ice/den
C07BG01,Labetalol and thiazides,fin/swe
C07CA,"Beta blocking agents, non-selective, and other diuretics",est/swe/lat/ice/den
C07CA02,Oxprenolol and other diuretics,fin/swe
C07CA03,Pindolol and other diuretics,fin/swe
C07CA17,Bopindolol and other diuretics,fin/swe
C07CA23,Penbutolol and other diuretics,fin/swe
C07CB,"Beta blocking agents, selective, and other diuretics",est/swe/lat/ice/den
C07CB02,Metoprolol and other diuretics,fin/swe
C07CB03,Atenolol and other diuretics,fin/swe
C07CB53,"Atenolol and other diuretics, combinations",fin/swe
C07CG,Alpha and beta blocking agents and other diuretics,est/swe/lat/ice/den
C07CG01,Labetalol and other diuretics,fin/swe
C07DA,"Beta blocking agents, non-selective, thiazides and other diuretics",est/swe/lat/ice/den
C07DA06,"Timolol, thiazides and other diuretics",fin/swe
C07DB,"Beta blocking agents, selective, thiazides and other diuretics",est/swe/lat/ice/den
C07DB01,"Atenolol, thiazides and other diuretics",fin/swe
C07EA,"Beta blocking agents, non-selective, and vasodilators",est/swe/lat/ice/den
C07EB,"Beta blocking agents, selective, and vasodilators",est/swe/lat/ice/den
C07FA,"Inactivated at 31.12.2021 - Beta blocking agents, non-selective, and other antihypertensives",
C07FB,"Beta blocking agents, selective, and other antihypertensives",est/swe/lat/ice/den
C07FB02,Metoprolol and felodipine,fin/swe
C07FB03,Atenolol and nifedipine,fin/swe
C07FB07,Bisoprolol and amlodipine,fin/swe
C07FB12,Nebivolol and amlodipine,fin/swe
C07FB13,Metoprolol and amlodipine,fin/swe
C07FX01,Propranolol and other combinations,est/fin/ice/lat/swe
C07FX02,Sotalol and acetylsalicylic acid,fin/swe
C07FX03,Metoprolol and acetylsalicylic acid,fin/swe
C07FX04,Bisoprolol and acetylsalicylic acid,fin/swe
C07FX05,Metoprolol and ivabradine,fin/swe
C07FX06,Carvedilol and ivabradine,fin/swe
C08CA,Dihydropyridine derivatives,est/swe/lat/ice/den
C08CA01,Amlodipine,fin/swe
C08CA02,Felodipine,fin/swe
C08CA03,Isradipine,fin/swe
C08CA04,Nicardipine,fin/swe
C08CA05,Nifedipine,fin/swe
C08CA06,Nimodipine,fin/swe
C08CA07,Nisoldipine,fin/swe
C08CA08,Nitrendipine,fin/swe
C08CA09,Lacidipine,fin/swe
C08CA10,Nilvadipine,fin/swe
C08CA11,Manidipine,fin/swe
C08CA12,Barnidipine,fin/swe
C08CA13,Lercanidipine,fin/swe
C08CA14,Cilnidipine,fin/swe
C08CA15,Benidipine,fin/swe
C08CA16,Clevidipine,fin/swe
C08CA17,Levamlodipine,fin/swe
C08CA51,Amlodipine and celecoxib,fin/swe
C08CA55,"Nifedipine, combinations",fin/swe
C08CX,Other selective calcium channel blockers with mainly vascular effects,est/swe/lat/ice/den
C08CX01,Mibefradil,fin/swe
C08DA,Phenylalkylamine derivatives,est/swe/lat/ice/den
C08DA01,Verapamil,fin/swe
C08DA02,Gallopamil,fin/swe
C08DA51,"Verapamil, combinations",fin/swe
C08DB,Benzothiazepine derivatives,est/swe/lat/ice/den
C08DB01,Diltiazem,fin/swe
C08EA,Phenylalkylamine derivatives,est/swe/lat/ice/den
C08EA01,Fendiline,fin/swe
C08EA02,Bepridil,fin/swe
C08EX,Other non-selective calcium channel blockers,est/swe/lat/ice/den
C08EX01,Lidoflazine,fin/swe
C08EX02,Perhexiline,fin/swe
C08GA,Calcium channel blockers and diuretics,est/swe/lat/ice/den
C08GA01,Nifedipine and diuretics,fin/swe
C08GA02,Amlodipine and diuretics,fin/swe
C09AA,"ACE inhibitors, plain",est/swe/lat/ice/den
C09AA01,Captopril,fin/swe
C09AA02,Enalapril,fin/swe
C09AA03,Lisinopril,fin/swe
C09AA04,Perindopril,fin/swe
C09AA05,Ramipril,fin/swe
C09AA06,Quinapril,fin/swe
C09AA07,Benazepril,fin/swe
C09AA08,Cilazapril,fin/swe
C09AA09,Fosinopril,fin/swe
C09AA10,Trandolapril,fin/swe
C09AA11,Spirapril,fin/swe
C09AA12,Delapril,fin/swe
C09AA13,Moexipril,fin/swe
C09AA14,Temocapril,fin/swe
C09AA15,Zofenopril,fin/swe
C09AA16,Imidapril,fin/swe
C09BA,ACE inhibitors and diuretics,est/swe/lat/ice/den
C09BA01,Captopril and diuretics,fin/swe
C09BA02,Enalapril and diuretics,fin/swe
C09BA03,Lisinopril and diuretics,fin/swe
C09BA04,Perindopril and diuretics,fin/swe
C09BA05,Ramipril and diuretics,fin/swe
C09BA06,Quinapril and diuretics,fin/swe
C09BA07,Benazepril and diuretics,fin/swe
C09BA08,Cilazapril and diuretics,fin/swe
C09BA09,Fosinopril and diuretics,fin/swe
C09BA12,Delapril and diuretics,fin/swe
C09BA13,Moexipril and diuretics,fin/swe
C09BA15,Zofenopril and diuretics,fin/swe
C09BB,ACE inhibitors and calcium channel blockers,est/swe/lat/ice/den
C09BB02,Enalapril and lercanidipine,fin/swe
C09BB03,Lisinopril and amlodipine,fin/swe
C09BB04,Perindopril and amlodipine,fin/swe
C09BB05,Ramipril and felodipine,fin/swe
C09BB06,Enalapril and nitrendipine,fin/swe
C09BB07,Ramipril and amlodipine,fin/swe
C09BB10,Trandolapril and verapamil,fin/swe
C09BB12,Delapril and manidipine,fin/swe
C09BX01,"Perindopril, amlodipine and indapamide",fin/swe
C09BX02,Perindopril and bisoprolol,fin/swe
C09BX03,"Ramipril, amlodipine and hydrochlorothiazide",fin/swe
C09BX04,"Perindopril, bisoprolol and amlodipine",fin/swe
C09BX05,Ramipril and bisoprolol,fin/swe
C09CA,"Angiotensin II antagonists, plain",est/swe/lat/ice/den
C09CA01,Losartan,fin/swe
C09CA02,Eprosartan,fin/swe
C09CA03,Valsartan,fin/swe
C09CA04,Irbesartan,fin/swe
C09CA05,Tasosartan,fin/swe
C09CA06,Candesartan,fin/swe
C09CA07,Telmisartan,fin/swe
C09CA08,Olmesartan medoxomil,fin/swe
C09CA09,Azilsartan medoxomil,fin/swe
C09CA10,Fimasartan,fin/swe
C09DA,Angiotensin II antagonists and diuretics,est/swe/lat/ice/den
C09DA01,Losartan and diuretics,fin/swe
C09DA02,Eprosartan and diuretics,fin/swe
C09DA03,Valsartan and diuretics,fin/swe
C09DA04,Irbesartan and diuretics,fin/swe
C09DA06,Candesartan and diuretics,fin/swe
C09DA07,Telmisartan and diuretics,fin/swe
C09DA08,Olmesartan medoxomil and diuretics,fin/swe
C09DA09,Azilsartan medoxomil and diuretics,fin/swe
C09DA10,Fimasartan and diuretics,fin/swe
C09DB01,Valsartan and amlodipine,fin/swe
C09DB02,Olmesartan medoxomil and amlodipine,fin/swe
C09DB04,Telmisartan and amlodipine,fin/swe
C09DB05,Irbesartan and amlodipine,fin/swe
C09DB06,Losartan and amlodipine,fin/swe
C09DB07,Candesartan and amlodipine,fin/swe
C09DB08,Valsartan and lercanidipine,fin/swe
C09DB09,Fimasartan and amlodipine,fin/swe
C09DX01,"Valsartan, amlodipine and hydrochlorothiazide",fin/swe
C09DX02,Valsartan and aliskiren,fin/swe
C09DX03,"Olmesartan medoxomil, amlodipine and hydrochlorothi",fin/swe
C09DX04,Valsartan and sacubitril,fin/swe
C09DX05,Valsartan and nebivolol,fin/swe
C09DX06,"Candesartan, amlodipine and hydrochlorothiazide",fin/swe
C09DX07,"Irbesartan, amlodipine and hydrochlorothiazide",fin/swe
C09XA,Renin-inhibitors,est/swe/lat/ice/den
C09XA01,Remikiren,fin/swe
C09XA02,Aliskiren,fin/swe
C09XA52,Aliskiren and hydrochlorothiazide,fin/swe
C09XA53,Aliskiren and amlodipine,fin/swe
C09XA54,"Aliskiren, amlodipine and hydrochlorothiazide",fin/swe
C10AA,HMG CoA reductase inhibitors,est/swe/lat/ice/den
C10AA01,Simvastatin,fin/swe
C10AA02,Lovastatin,fin/swe
C10AA03,Pravastatin,fin/swe
C10AA04,Fluvastatin,fin/swe
C10AA05,Atorvastatin,fin/swe
C10AA06,Cerivastatin,fin/swe
C10AA07,Rosuvastatin,fin/swe
C10AA08,Pitavastatin,fin/swe
C10AB,Fibrates,est/swe/lat/ice/den
C10AB01,Clofibrate,fin/swe
C10AB02,Bezafibrate,fin/swe
C10AB03,Aluminium clofibrate,fin/swe
C10AB04,Gemfibrozil,fin/swe
C10AB05,Fenofibrate,fin/swe
C10AB06,Simfibrate,fin/swe
C10AB07,Ronifibrate,fin/swe
C10AB08,Ciprofibrate,fin/swe
C10AB09,Etofibrate,fin/swe
C10AB10,Clofibride,fin/swe
C10AB11,Choline fenofibrate,fin/swe
C10AC,Bile acid sequestrants,est/swe/lat/ice/den
C10AC01,Colestyramine,fin/swe
C10AC02,Colestipol,fin/swe
C10AC03,Colextran,fin/swe
C10AC04,Colesevelam,fin/swe
C10AD,Nicotinic acid and derivatives,est/swe/lat/ice/den
C10AD01,Niceritrol,fin/swe
C10AD02,Nicotinic acid,fin/swe
C10AD03,Nicofuranose,fin/swe
C10AD04,Aluminium nicotinate,fin/swe
C10AD05,Nicotinyl alcohol (pyridylcarbinol),fin/swe
C10AD06,Acipimox,fin/swe
C10AD52,"Nicotinic acid, combinations",fin/swe
C10AX,Other cholesterol and triglyceride reducers,est/swe/lat/ice/den
C10AX01,Dextrothyroxine,fin/swe
C10AX02,Probucol,fin/swe
C10AX03,Tiadenol,fin/swe
C10AX05,Meglutol,fin/swe
C10AX06,Omega-3-triglycerides incl. other esters and acids,fin/swe
C10AX07,Magnesium pyridoxal 5-phosphate glutamate,fin/swe
C10AX08,Policosanol,fin/swe
C10AX09,Ezetimibe,fin/swe
C10AX10,Alipogene tiparvovec,fin/swe
C10AX11,Mipomersen,fin/swe
C10AX12,Lomitapide,fin/swe
C10AX13,Evolocumab,fin/swe
C10AX14,Alirocumab,fin/swe
C10AX15,Bempedoic acid,fin/swe
C10AX16,Inclisiran,fin/swe
C10AX17,Evinacumab,fin/swe
C10AX18,Volanesorsen,fin/swe
C10BA01,Lovastatin and nicotinic acid,fin/swe
C10BA02,Simvastatin and ezetimibe,fin/swe
C10BA03,Pravastatin and fenofibrate,fin/swe
C10BA04,Simvastatin and fenofibrate,fin/swe
C10BA05,Atorvastatin and ezetimibe,fin/swe
C10BA06,Rosuvastatin and ezetimibe,fin/swe
C10BA07,Rosuvastatin and omega-3 fatty acids,fin/swe
C10BA08,Atorvastatin and omega-3 fatty acids,fin/swe
C10BA09,Rosuvastatin and fenofibrate,fin/swe
C10BA10,Bempedoic acid and ezetimibe,fin/swe
C10BA11,Pravastatin and ezetimibe,fin/swe
C10BA12,"Pravastatin, ezetimibe and fenofibrate",fin/swe
C10BX01,Simvastatin and acetylsalicylic acid,fin/swe
C10BX02,Pravastatin and acetylsalicylic acid,fin/swe
C10BX03,Atorvastatin and amlodipine,fin/swe
C10BX04,"Simvastatin, acetylsalicylic acid and ramipril",fin/swe
C10BX05,Rosuvastatin and acetylsalicylic acid,fin/swe
C10BX06,"Atorvastatin, acetylsalicylic acid and ramipril",fin/swe
C10BX07,"Rosuvastatin, amlodipine and lisinopril",fin/swe
C10BX08,Atorvastatin and acetylsalicylic acid,fin/swe
C10BX09,Rosuvastatin and amlodipine,fin/swe
C10BX10,Rosuvastatin and valsartan,fin/swe
C10BX11,"Atorvastatin, amlodipine and perindopril",fin/swe
C10BX12,"Atorvastatin, acetylsalicylic acid and perindopril",fin/swe
C10BX13,"Rosuvastatin, perindopril and indapamide",fin/swe
C10BX14,"Rosuvastatin, amlodipine and perindopril",fin/swe
C10BX15,Atorvastatin and perindopril,fin/swe
C10BX16,Rosuvastatin and fimasartan,fin/swe
C10BX17,Rosuvastatin and ramipril,fin/swe
C10BX18,"Atorvastatin, amlodipine and ramipril",fin/swe
CADA1A,Orbit and canalis opticus X-ray examination,ice/den/fin
CADA1E,Localisation of intraocular foreign body with X-ray,ice
CADC00,Angiography of eye,den
CADD1A,Orbit CT examination,swe/ice/den/fin
CADE1A,Eye and orbit ultrasonography,swe/lat/ice/den/fin/nor
CADE1M,Ultrasound oculometry,ice/den/fin
CADG1B,Eye and orbit MRI examination,swe/ice/den/fin
CAFA00,Photography of eye,swe/ice/den/fin
CASA00,Puncture of orbital abscess,est/swe/lat/ice/den/fin/nor
CASA10,Exploratory anterior orbitotomy,est/swe/lat/ice/den/fin/nor
CASA20,Exploratory lateral orbitotomy,est/swe/lat/ice/den/fin/nor
CASA30,Biopsy of orbit,est/swe/lat/ice/den/fin/nor
CASB00,Anterior orbitotomy with excision of lesion,est/swe/lat/ice/den/fin/nor
CASB10,Lateral orbitotomy with excision of lesion,est/swe/lat/ice/den/fin/nor
CASB40,Transcranial orbitotomy with excision of lesion,est/swe/lat/ice/den/fin/nor
CASB50,Orbitotomy with removal of foreign body,est/swe/lat/ice/den/fin/nor
CASC00,Reconstruction of orbital wall,est/swe/lat/ice/den/fin/nor
CASC10,Reconstruction of orbital wall using bone graft or plate,est/swe/lat/ice/den/fin/nor
CASC20,Lateral decompression of orbit,est/swe/lat/ice/den/fin/nor
CASC30,Decompression of orbit to sinuses,est/swe/lat/ice/den/fin/nor
CASC40,Transcranial decompression of orbital roof or optic canal,est/swe/lat/ice/den/fin/nor
CASC42,Decompression of orbit by coronal approach,est/swe/lat/ice/den/fin/nor
CASC44,Combined decompression of orbit,est/swe/lat/ice/den/fin/nor
CASC50,Repair of congenital malformation of orbital wall,est/swe/lat/ice/den/fin/nor
CASD00,Exenteration of orbit with use of graft or flap,est/swe/lat/ice/den/fin/nor
CASE00,Removal of implant from orbit,est/swe/lat/ice/den/fin/nor
CASE10,Revision and secondary implant in orbit,est/swe/lat/ice/den/fin/nor
CASE20,Revision of conjunctival sac with graft,est/swe/lat/ice/den/fin/nor
CASW99,Other operation on orbit,est/swe/lat/ice/den/fin/nor
CAXA00,Eye globe length measurement,swe/lat/ice/nor
CAXX00,Needle biopsy of orbit,est/swe/lat/ice/den/fin/nor
CAXX10,Needle biopsy for cytology of orbit,est/swe/lat/ice/den/fin/nor
CAXX15,Retrobulbar therapeutic injection into orbit,est/swe/lat/ice/den/fin/nor
CAXX20,Peribulbar therapeutic injection into orbit,est/swe/lat/ice/den/fin/nor
CAXX90,Removal of foreign body from the orbit,fin
CBSA00,Incision of eyelid,est/swe/lat/ice/den/fin/nor
CBSA10,Biopsy of eyelid,est/swe/lat/ice/den/fin/nor
CBSB00,Excision of chalazion,est/swe/lat/ice/den/fin/nor
CBSB10,Excision of redundant skin of eyelid,est/swe/lat/ice/den/fin/nor
CBSB15,Resection of herniated fat from eyelid,est/swe/lat/ice/den/fin/nor
CBSB20,Correction of lax skin of eyelid and resection of herniated fat,est/swe/lat/ice/den/fin/nor
CBSB30,Excision of lesion of eyelid,est/swe/lat/ice/den/fin/nor
CBSB32,Destruction of lesion of eyelid,est/swe/lat/ice/den/nor
CBSB37,Electrocoagulation of lesion of eyelid,est/ice/den
CBSB50,Excision of lesion of eyelid and reconstruction using graft or flap,est/swe/lat/ice/den/fin/nor
CBSB99,Other excision or destruction of lesion of eyelid,est/swe/lat/ice/den/fin/nor
CBSC00,Suture of eyelid,est/swe/lat/ice/den/fin/nor
CBSC10,Removal of foreign body from eyelid,est/swe/lat/ice/den/fin/nor
CBSC99,Other operation on eyelid for injury,est/swe/lat/ice/den/fin/nor
CBSD00,Plastic reconstruction of eyelid using suture,est/swe/lat/ice/den/nor
CBSD10,Plastic reconstruction of eyelid using graft or flap,est/swe/lat/ice/den/fin/nor
CBSD11,Opening of eylid graft or flap,est/swe/lat/ice/fin/nor
CBSD99,Other plastic reconstruction of eyelid,est/swe/lat/ice/den/fin/nor
CBSG00,Epilation of cilia by electrolysis,est/swe/lat/ice/den/fin/nor
CBSG10,Cryotherapy for trichiasis,est/swe/lat/ice/den/fin/nor
CBSG20,Plastic repair of margin of eyelid for trichiasis,est/swe/lat/ice/den/fin/nor
CBSG99,Other operation for trichiasis,est/swe/lat/ice/den/fin/nor
CBSH00,Canthotomy,est/swe/lat/ice/den/fin/nor
CBSH05,Canthopexy,est/swe/lat/ice/den/nor
CBSH10,Plastic repair of canthus,est/swe/lat/ice/den/fin/nor
CBSH25,Tarsorrhaphy,est/swe/lat/ice/den/fin/nor
CBSH40,Division of tarsorrhaphy,est/swe/lat/ice/den/fin/nor
CBSH50,Reconstructive operation for epicanthus,est/swe/lat/ice/den/fin/nor
CBSH99,Other operation on canthus,est/swe/lat/ice/den/fin/nor
CBSJ00,Suture of eyelid for ptosis,est/swe/lat/ice/den/fin/nor
CBSJ10,Correction of ptosis of eyelid using sling,est/swe/lat/ice/den/fin/nor
CBSJ20,Tarsomyectomy for ptosis,est/swe/lat/ice/den/nor
CBSJ30,Plastic repair of levator aponeurosis of eyelid,est/swe/lat/ice/den/fin/nor
CBSJ40,Resection of levator muscle of eyelid,est/swe/lat/ice/den/fin/nor
CBSJ45,Shortening of superior tarsal muscle,est/swe/lat/ice/fin/nor
CBSJ50,Operation for ptosis of eyebrow,est/swe/lat/ice/den/fin/nor
CBSJ99,Other operation for ptosis,est/swe/lat/ice/den/fin/nor
CBSK00,Correction of retraction of eyelid,est/swe/lat/ice/den/fin/nor
CBSK10,Operation for lagophthalmus,est/swe/lat/ice/den/nor
CBSK11,Operation for lagophtalmus with implant,ice/fin/est
CBSK99,Other operation for retraction of eyelid,est/swe/lat/ice/den/fin/nor
CBSL00,Myectomy or neurotomy for blepharospasm,est/swe/lat/ice/den/fin/nor
CBSL99,Other operation for blepharospasm,est/swe/lat/ice/den/fin/nor
CBSN00,Eversion suture of eyelid,est/swe/lat/ice/den/fin/nor
CBSN10,Transposition and shortening of orbicularis muscle,est/swe/lat/ice/den/fin/nor
CBSN20,Shortening of eyelid retractors,est/swe/lat/ice/den/fin/nor
CBSN30,Shortening of canthal ligament,est/swe/lat/ice/den/fin/nor
CBSN40,Excision of tarsus without skin,est/swe/lat/ice/den/fin/nor
CBSN50,Excision of tarsus with skin,est/swe/lat/ice/den/fin/nor
CBSN60,Excision of scar of eyelid and plastic reconstruction,est/swe/lat/ice/den/fin/nor
CBSN99,Other operation on eyelid for malposition,est/swe/lat/ice/den/fin/nor
CBSW99,Other operation on eyelid,est/swe/lat/ice/den/fin/nor
CBXX00,Needle biopsy of eyelid,est/swe/lat/ice/den/fin/nor
CBXX10,Simple epilation of cilia,est/swe/lat/ice/den/fin/nor
CBXX20,Therapeutic injection into eyelid,est/swe/lat/ice/den/nor
CBXX30,Removal of ptosis suture from eyelid,est/swe/lat/ice/den/fin/nor
CBXX35,Adjustment of ptosis suture,est/swe/lat/ice/fin/nor
CBXX40,Local therapy of meibomian gland dysfunction,fin
CCDB1C,Dacryocystography,swe/ice/den/fin/nor
CCFC00,Investigative irrigation of lacrimal passages,est/swe/lat/ice/fin/nor
CCFC10,Examination of tear production (Schirmer's tear test),lat/ice/nor
CCIA00,Lacrimal system isotope imaging,swe/ice/fin/nor
CCSA00,Incision of lacrimal gland,est/swe/lat/ice/den/fin/nor
CCSA10,Biopsy of lacrimal gland,est/swe/lat/ice/den/fin/nor
CCSA20,Incision of lacrimal punctum or canaliculus,est/swe/lat/ice/den/fin/nor
CCSA30,Incision of lacrimal sac,est/swe/lat/ice/den/fin/nor
CCSA40,Biopsy of lacrimal passages,est/swe/lat/ice/den/fin/nor
CCSB00,Partial dacryoadenectomy,est/swe/lat/ice/den/fin/nor
CCSB10,Total dacryoadenectomy,est/swe/lat/ice/den/nor
CCSB99,Other operation on lacrimal gland,est/swe/lat/ice/den/fin/nor
CCSC00,Occlusion of lacrimal punctum or canaliculus,est/swe/lat/ice/den/fin/nor
CCSC50,Dacryocystectomy,est/swe/lat/ice/den/fin/nor
CCSC99,Other operation on lacrimal passages,est/swe/lat/ice/den/fin/nor
CCSD00,Occlusion of lacrimal fistula,est/swe/lat/ice/den/fin/nor
CCSD10,Suture of lacrimal canaliculus,est/swe/lat/ice/den/fin/nor
CCSD20,Suture of lacrimal canaliculus with insertion of tube,est/swe/lat/ice/den/fin/nor
CCSD30,Reconstruction of lacrimal canaliculus,est/swe/lat/ice/den/fin/nor
CCSD40,Percutaneous dacryocystorhinostomy,est/swe/lat/ice/den/fin/nor
CCSD50,Dacryocystorhinostomy with insertion of tube,est/swe/lat/ice/den/fin/nor
CCSD60,Transnasal dacryocystorhinostomy,est/swe/lat/ice/den/fin/nor
CCSD70,Conjunctivocystorhinostomy with insertion of tube,est/swe/lat/ice/den/fin/nor
CCSD99,Other reconstructive operation on lacrimal apparatus,est/swe/lat/ice/den/nor
CCSW99,Other operation on lacrimal apparatus,est/swe/lat/ice/den/nor
CCXX00,Needle biopsy of lacrimal gland,est/swe/lat/ice/fin/nor
CCXX10,Probing of lacrimal canaliculus or of nasolacrimal duct,est/swe/lat/ice/den/fin/nor
CCXX30,Intubation of lacrimal canaliculus or intubation of nasolacrimal duct,est/swe/lat/ice/den/fin/nor
CCXX40,Closure of lacrimal canaliculus with plug,ice/fin/est
CDDE1A,Other special ultrasonography of the eye,ice
CDFC00,Measurement of degree of exoftalmus,swe/ice
CDIB00,Eye melanoma isotope imaging,swe/ice
CDSB00,Removal of intraocular foreign body,est/swe/lat/ice/den/fin/nor
CDSB10,Removal of intraocular foreign body using magnet,est/swe/lat/ice/den/fin/nor
CDSB99,Other operation for intraocular foreign body,est/swe/lat/ice/den/fin/nor
CDSC00,Enucleation of eye,est/swe/lat/ice/den/fin/nor
CDSC10,Enucleation of eye with insertion of prosthesis,est/swe/lat/ice/den/fin/nor
CDSC20,Enucleation of eye with use of graft,est/swe/lat/ice/den/fin/nor
CDSC30,Evisceration of eye,est/swe/lat/ice/den/fin/nor
CDSC40,Evisceration of eye with insertion of prosthesis,est/swe/lat/ice/den/fin/nor
CDSC50,Evisceration of eye with use of graft,est/swe/lat/ice/den/fin/nor
CDSW99,Other operation on eyeball,est/swe/lat/ice/den/fin/nor
CEFA00,Strabismus examination,swe/lat/ice/fin/nor
CEFA10,Cover test for strabismus,swe/ice
CEFA20,Prism measurement of strabismus angle,swe/ice
CEFB00,Test of eye motility for diplopy,swe
CESA00,Biopsy of extraocular muscle,est/swe/lat/ice/den/fin/nor
CESB00,Myectomy of extraocular muscle,est/swe/lat/ice/den/nor
CESB10,Partial myotomy of extraocular muscle,est/swe/lat/ice/den/fin/nor
CESB20,Total myotomy of extraocular muscle,est/swe/lat/ice/den/nor
CESB30,Tenotomy of extraocular muscle,est/swe/lat/ice/den/fin/nor
CESC00,Recession of extraocular muscle,est/swe/lat/ice/den/fin/nor
CESC10,Recession and resection of extraocular muscle,est/swe/lat/ice/den/fin/nor
CESC20,Recession and advancement of extraocular muscle,est/swe/lat/ice/den/fin/nor
CESC30,Resection of extraocular muscle,est/swe/lat/ice/den/fin/nor
CESC40,Resection and advancement of extraocular muscle,est/swe/lat/ice/den/fin/nor
CESC50,Advancement of extraocular muscle,est/swe/lat/ice/den/fin/nor
CESC60,Transposition of extraocular muscle with adjustable suture,est/swe/lat/ice/den/fin/nor
CESC70,Transposition of extraocular muscle for nystagmus,est/swe/lat/ice/den/fin/nor
CESC80,Partial transposition of extraocular muscle,est/swe/lat/ice/den/fin/nor
CESC85,Combined correction of cyclodeviation,est/swe/lat/ice/fin/nor
CESC90,Total transposition of extraocular muscle,est/swe/lat/ice/den/fin/nor
CESD00,Plication of extraocular muscle,est/swe/lat/ice/den/fin/nor
CESE00,Posterior fixation suture of extraocular muscle,est/swe/lat/ice/den/fin/nor
CESE10,Fixation of extraocular muscle with anchoring suture,est/swe/lat/ice/den/nor
CESF00,Freeing of adhesions of extraocular muscle,est/swe/lat/ice/den/fin/nor
CESF10,Suture of traumatic lesion of extraocular muscle or Tenon's capsule,est/swe/lat/ice/den/fin/nor
CESW99,Other operation on extraocular muscle,est/swe/lat/ice/den/fin/nor
CEXA00,Squint rehabilitation,fin
CEXX00,Therapeutic injection into extraocular muscle,est/swe/lat/ice/den/fin/nor
CFSA00,Incision of conjunctiva,est/swe/lat/ice/den/nor
CFSA10,Peritomy of conjunctiva,est/swe/lat/ice/den/nor
CFSA12,Resection of conjunctiva,fin/nor/est
CFSA20,Biopsy of conjunctiva,est/swe/lat/ice/den/fin/nor
CFSB00,Suture of conjunctiva,est/swe/lat/ice/den/fin/nor
CFSB10,Removal of foreign body from conjunctiva,est/swe/lat/ice/den/fin/nor
CFSC00,Excision of lesion of conjunctiva,est/swe/lat/ice/den/fin/nor
CFSC15,Destruction of lesion of conjunctiva,est/swe/lat/ice/den/fin/nor
CFSC16,Destruction of lesion of cornea,est/swe/lat/ice
CFSC26,Destruction of lesion of sclera,est/swe/lat/ice
CFSC30,Excision of trachoma follicles,est/swe/lat/ice/den/fin/nor
CFSD00,Repair of conjunctiva without graft,est/swe/lat/ice/den/nor/fin
CFSD10,Repair of conjunctiva using graft,est/swe/lat/ice/den/fin/nor
CFSW99,Other operation on conjunctiva,est/swe/lat/ice/den/fin/nor
CFXA00,Conjuctival smear test,fin
CFXX00,Subconjunctival therapeutic injection,est/swe/lat/ice/den/fin/nor
CGDE00,Cornea ultrasonic examination,swe/lat/ice/fin/nor
CGFA00,Cornea clinical examination,swe/ice
CGFA10,Cornea photography,fin
CGFB00,Keratometry,swe/lat/ice/nor
CGFB02,Cornea topography,swe/fin
CGFB10,Cornea thickness measurement,swe/lat/ice/nor
CGFB20,Optical coherence tomopgrahy of cornea,fin
CGFC00,Sclera photography,fin
CGFC20,Optical coherence tomography of sclera,fin
CGSA00,Biopsy of cornea,est/swe/ice/den/fin/nor
CGSA10,Biopsy of sclera,est/swe/lat/ice/den/fin/nor
CGSB00,Keratotomy,est/swe/lat/ice/den/fin/nor
CGSB10,Sclerotomy,est/swe/lat/ice/den/fin/nor
CGSC10,Removal of foreign body from cornea,est/swe/lat/ice/den/fin/nor
CGSC20,Removal of foreign body from cornea using magnet,est/swe/lat/ice/den/nor
CGSC30,Removal of foreign body from sclera,est/swe/lat/ice/den/fin/nor
CGSC40,Removal of foreign body from sclera using magnet,est/swe/lat/ice/den/nor
CGSD00,Keratotomy for error of refraction,est/swe/lat/ice/den/fin/nor
CGSD05,EPILASIK-laseroperation to correct refraction,fin
CGSD10,Laser keratoplasty for error of refraction,est/swe/lat/ice/den/fin/nor
CGSD15,Thermokeratoplasty,est/swe/lat/ice/fin/nor
CGSD20,Keratomileusis,est/swe/lat/ice/den/fin/nor
CGSD40,Implantation of intracorneal ring segments,est/swe/lat/ice/den/fin/nor
CGSD99,Other operation for error of refraction,est/swe/lat/ice/den/fin/nor
CGSE10,Keratectomy,est/swe/lat/ice/den/fin/nor
CGSE30,Sclerectomy,est/swe/lat/ice/den/fin/nor
CGSE45,Repair of cornea using limbal stem cell graft,est/swe/lat/ice/den/fin/nor
CGSE50,Excision of pterygium,est/swe/lat/ice/den/fin/nor
CGSE55,Excision of pterygium with transplanation of conjunctiva,est/swe/lat/ice/den/fin/nor
CGSE60,"Limbal stem cell transplantation, allotransplantation",est/fin
CGSE65,"Limbal stem cell transplantation, autotransplantation",est/fin
CGSE70,"Limbal stem cell transplantation, cultivated cells",est/fin
CGSE99,Other operation for lesion of cornea or sclera,est/swe/lat/ice/den/fin/nor
CGSF00,Closure of laceration of cornea using tissue glue,est/swe/lat/ice/den/fin/nor
CGSF10,Suture of laceration of cornea,est/swe/lat/ice/den/fin/nor
CGSF20,Suture of laceration of cornea with plastic repair of conjunctiva,est/swe/lat/ice/den/fin/nor
CGSF25,Suture of laceration of cornea with resection of protruding uvea,est/swe/lat/ice/den/fin/nor
CGSF30,Repair of cornea using graft of conjunctiva,est/swe/lat/ice/den/fin/nor
CGSF35,Repair of cornea with graft,est/swe/lat/ice/den/fin/nor
CGSF40,Closure of laceration of sclera using tissue glue,est/swe/lat/ice/den/fin/nor
CGSF45,Suture of laceration of sclera,est/swe/lat/ice/den/fin/nor
CGSF50,Suture of laceration of sclera with plastic repair of conjunctiva,est/swe/lat/ice/den/fin/nor
CGSF55,Suture of laceration of sclera with resection of protruding uvea,est/swe/lat/ice/den/fin/nor
CGSF99,Other operation on cornea and sclera for perforating injury,est/swe/lat/ice/den/fin/nor
CGSG00,Tattooing of cornea,est/swe/lat/ice/den/nor
CGSG10,Correction of keratoconus using thermocautery,est/swe/lat/ice/den/nor
CGSG11,Corneal collagen cross linkage (CXL),est/fin
CGSG20,Epikeratophakia or keratophakia,est/swe/lat/ice/den/fin/nor
CGSG30,Anterior lamellar transplantation of cornea,est/swe/lat/ice/den/fin/nor
CGSG31,Posterior lamellar transplantation of cornea,est/swe/lat/ice/den/fin/nor
CGSG35,Transplantation of endothelium of cornea,est/swe/lat/ice/fin/nor
CGSG40,Full thickness transplantation of cornea using autograft,est/swe/lat/ice/den/fin/nor
CGSG45,Full thickness transplantation of cornea using homograft,est/swe/lat/ice/den/fin/nor
CGSG50,Implantation of keratoprosthesis,est/swe/lat/ice/den/fin/nor
CGSG55,Reinforcement of cornea by collagen cross linking,nor/est
CGSG60,Reinforcement of sclera using graft,est/swe/lat/ice/den/fin/nor
CGSG65,Scleral reinorcement with collagen cross linkage (CXL),est/nor
CGSG99,Other reconstructive operations on cornea and sclera,est/swe/lat/ice/den/fin/nor
CGSW99,Other operation on cornea or sclera,est/swe/lat/ice/den/fin/nor
CGXA00,Corneal rinsing,ice
CGXA10,Scratch from cornea,den
CGXX00,Protection of cornea and sclera with soft lens,est/swe/lat/ice/den/fin/nor
CGXX10,Removal of sutures from cornea,est/swe/lat/ice/den/fin/nor
CGXX20,Laser suture lysis in cornea or sclera,est/swe/lat/den/fin/nor
CGXX30,Corneal Collagen Cross-Linking,fin
CHFA00,Eye pressure measurement,swe/ice/fin
CHFA10,Eye pressure longterm registration,swe/lat/ice/fin/nor/est
CHFA12,Provocation of closed angle glaucoma,lat/ice/nor
CHFA19,Other glaucoma diagnostics,swe
CHFK30,Iris photography,lat/fin/nor
CHFK32,Photoangiography of iris,lat/ice/fin/nor
CHFK34,Scheimpflug imaging of eye,swe
CHFK40,Pupillometry,fin/est/nor
CHFK50,Optical coherence tomography or iris and anterior champer angle,fin
CHFK60,Anterior chamber angle photography,fin
CHSA10,Biopsy of iris,est/swe/lat/ice/den/fin/nor
CHSA20,Biopsy of ciliary body,est/swe/lat/ice/den/fin/nor
CHSB00,Laser synechiolysis,est/swe/lat/ice/den/nor
CHSB06,Puncture of anterior chamber of eye to lower intraocular pressure,fin/nor
CHSB10,Puncture of anterior chamber of eye with irrigation,est/swe/lat/ice/den/fin/nor
CHSB15,Puncture of anterior chamber of eye with replacement of aqueous,est/swe/lat/ice/den/fin/nor
CHSB20,Goniopuncture,est/swe/lat/ice/den/nor
CHSB30,Goniotomy,est/swe/lat/ice/den/fin/nor
CHSB40,Goniosynechiolysis,est/swe/lat/ice/den/fin/nor
CHSB50,Trabeculotomy,est/swe/lat/ice/den/fin/nor
CHSB60,Anterior synechiolysis,est/swe/lat/ice/den/fin/nor
CHSB65,Posterior synechiolysis,est/swe/lat/ice/den/fin/nor
CHSB99,Other operation on anterior chamber and anterior chamber angle,est/swe/lat/ice/den/fin/nor
CHSC00,Iridotomy,est/swe/lat/ice/den/nor
CHSC03,Laser iridoplasty,est/fin
CHSC05,Laser iridotomy,est/swe/lat/ice/den/fin/nor
CHSC10,Peripheral iridectomy,est/swe/lat/ice/den/fin/nor
CHSC20,Sector iridectomy,est/swe/lat/ice/den/fin/nor
CHSC30,Central iridectomy,est/swe/lat/ice/den/fin/nor
CHSD00,Laser trabeculoplasty,est/swe/lat/ice/den/fin/nor
CHSD05,Selective lasertrabeculoplasty,est/swe/lat/ice/den/fin/nor
CHSD10,Trabeculectomy,est/swe/lat/ice/den/nor/fin
CHSD15,Trabeculectomy and iridectomy,est/swe/lat/ice/den/fin/nor
CHSD20,Trephine of sclera,est/swe/lat/ice/den/fin/nor
CHSD25,Trephine of sclera and iridectomy,est/swe/lat/ice/den/nor
CHSD28,Posterior sclerotomy,est/swe/lat/ice/fin/nor
CHSD30,Laser trabeculectomy,est/swe/lat/ice/den/nor
CHSD35,Laser goniopuncture,fin/est
CHSD40,Iridencleisis,est/swe/lat/ice/den
CHSD50,Shunt operation on anterior chamber,est/swe/lat/ice/den/fin/nor
CHSD60,Deep sclerectomy without implant,est/swe/lat/ice/fin/nor
CHSD65,Deep sclerectomy with implant,est/swe/lat/ice/den/fin/nor
CHSD80,Revision of filtering operation,fin
CHSD90,Needling of failed glaucoma bleb,swe/est
CHSD95,Revision of filtering operation,swe/est
CHSD99,Other filtering operation,est/swe/lat/ice/den/fin/nor
CHSE00,Pupillotomy,est/swe/lat/ice/den/fin/nor
CHSE05,Laser pupillotomy,est/swe/lat/ice/den/fin/nor
CHSE10,Excision of lesion of iris,est/swe/lat/ice/den/fin/nor
CHSE20,Laser therapy of lesion of iris,est/swe/lat/ice/den/fin/nor
CHSE30,Suture of iris,est/swe/lat/ice/fin/nor
CHSE35,Repair of defect of iris using prosthetic implant,est/swe/lat/ice/fin/nor
CHSE99,Other operation for lesion of iris,est/swe/lat/ice/den/fin/nor
CHSF00,Excision of lesion of ciliary body,est/swe/lat/ice/den/fin/nor
CHSF05,Transscleral laser coagulation of ciliary body,est/swe/lat/ice/den/fin/nor
CHSF10,Transpupillary laser coagulation of ciliary body,est/swe/lat/ice/den/fin/nor
CHSF12,Endoscopic laser coagulation of ciliary body,est/swe/lat/ice/fin/nor
CHSF15,Cryotherapy of ciliary body,est/swe/lat/ice/den/fin/nor
CHSF20,Electrocoagulation of ciliary body,est/swe/lat/ice/den/nor
CHSF30,Cyclodialysis,est/swe/lat/ice/den/nor
CHSF99,Other operation on ciliary body,est/swe/lat/ice/den/fin/nor
CHSW99,"Other operation on anterior chamber, anterior chamber angle, iris or ciliary body",est/swe/lat/ice/den/fin/nor
CHXA00,Pupillary dilatation,ice/est
CHXB00,Gonioscopy,swe/ice/est
CHXD00,Viscocanalostomy,fin
CHXX10,Needle aspiration of aqueous from anterior chamber,est/swe/lat/ice/den/nor
CHXX12,Sample aspiration from anterior chambre,fin/est
CHXX20,Needle biopsy of iris,est/swe/lat/ice/den/fin/nor
CHXX30,Needle biopsy of ciliary body,est/swe/lat/ice/den/fin/nor
CHXX90,Other eye pressure reducing intervention,swe
CJFA00,Lens or lens prosthesis photography,fin
CJFA20,Photogrpahy and measurement for lens posthesis refraction,fin
CJSA00,Implantation of intraocular contact lens in anterior chamber,est/swe/lat/ice/den/fin/nor
CJSA10,Implantation of intraocular contact lens in posterior chamber,est/swe/lat/ice/den/fin/nor
CJSB00,Discission of secondary cataract,est/swe/lat/ice/den/fin/nor
CJSB10,Laser discission of secondary cataract,est/swe/lat/ice/den/fin/nor
CJSB20,Irrigation and polishing of secondary cataract,est/swe/lat/ice/den/fin/nor
CJSB30,Excision of secondary cataract,est/swe/lat/ice/den/fin/nor
CJSB40,Laser anterior capsulotomy,est/swe/lat/ice/fin/nor
CJSB99,Other operation on lens for secondary cataract,est/swe/lat/ice/den/fin/nor
CJSC00,Intracapsular cataract extraction,est/swe/lat/ice/den/nor
CJSC05,Intracapsular cataract extraction with iridectomy or iridotomy,est/swe/lat/ice/den/nor
CJSC10,Intracapsular cataract extraction with implantation of artificial lens in anterior chamber,est/swe/lat/ice/den/nor
CJSC15,Intracapsular cataract extraction with implantation of artificial lens in anterior chamber and iridectomy or iridotomy,est/swe/lat/ice/den/fin/nor
CJSC20,Intracapsular cataract extraction with implantation of artificial lens in posterior chamber,est/swe/lat/ice/den/nor
CJSC25,Intracapsular cataract extraction with implantation of artificial lens in posterior chamber and iridectomy or iridotomy,est/swe/lat/ice/den/nor
CJSC40,Intracapsular cataract extraction with implantation of artificial lens with fixation to sclera in posterior chamber,ice/fin
CJSC99,Other intracapsular cataract operation,est/swe/lat/ice/den/fin/nor
CJSD00,Extracapsular cataract extraction,est/swe/lat/ice/den/nor
CJSD05,Extracapsular cataract extraction with iridectomy or iridotomy,est/swe/lat/ice/den/nor
CJSD10,Extracapsular cataract extraction with implantation of artificial lens in anterior chamber,est/swe/lat/ice/den/nor
CJSD15,Extracapsular cataract extraction with implantation of artificial lens in anterior chamber and iridectomy or iridotomy,est/swe/lat/ice/den/fin/nor
CJSD20,Extracapsular cataract extraction with implantation of artificial lens in posterior chamber,est/swe/lat/ice/den/fin/nor
CJSD25,Extracapsular cataract extraction with implantation of artificial lens in posterior chamber and iridectomy or iridotomy,est/swe/lat/ice/den/nor
CJSD30,Pars plana lensectomy,est/swe/lat/ice/den/fin/nor
CJSD40,Extracapsular cataract extraction with implantation of artificial lens with fixation to sclera in posterior chamber,ice/fin
CJSD99,Other extracapsular cataract operations,est/swe/lat/ice/den/fin/nor
CJSE00,Phakoemulsification,est/swe/lat/ice/den/nor/fin
CJSE05,Phakoemulsification with iridectomy or iridotomy,est/swe/lat/ice/den/nor
CJSE10,Phakoemulsification with implantation of artificial lens in anterior chamber,est/swe/lat/ice/den/nor
CJSE15,Phakoemulsification with implantation of artificial lens in anterior chamber and iridectomy or iridotomy,est/swe/lat/ice/den/fin/nor
CJSE20,Phakoemulsification with implantation of artificial lens in posterior chamber,est/swe/lat/ice/den/fin/nor
CJSE25,Phakoemulsification with implantation of artificial lens in posterior chamber and iridectomy or iridotomy,est/swe/lat/ice/den/nor
CJSE40,Phacoemulsification with implantation of artificial lens with fixation to sclera in posterior chamber,ice/fin/est
CJSE99,Other extracapsular cataract operation using phakoemulsification technique,est/swe/lat/ice/den/fin/nor
CJSF00,Secondary implantation of artificial lens in anterior chamber,est/swe/lat/ice/den/fin/nor
CJSF10,Secondary implantation of artificial lens in posterior chamber,est/swe/lat/ice/den/fin/nor
CJSF15,Secondary implantation of artificial lens with fixation to sclera in posterior chamber,ice/fin/est
CJSF20,Removal of artificial lens,est/swe/lat/ice/den/fin/nor
CJSF30,Reduction of dislocation of artificial lens,est/swe/lat/ice/den/fin/nor
CJSF40,Removal and implantation of artificial lens in anterior chamber,est/swe/lat/ice/den/nor
CJSF45,Removal and implantation of artificial lens in anterior chamber with iridectomy or iridotomy,est/swe/lat/ice/den/fin/nor
CJSF50,Removal and implantation of artificial lens in posterior chamber,est/swe/lat/ice/den/fin/nor
CJSF55,Removal and implantation of artificial lens in posterior chamber with iridectomy or iridotomy,est/swe/lat/ice/den/nor
CJSF99,Other operation on artificial lens,est/swe/lat/ice/den/fin/nor
CJSG00,Extraction of dislocated lens,est/swe/lat/ice/den/fin/nor
CJSG05,Extraction of dislocated lens with iridectomy or iridotomy,est/swe/lat/ice/den/nor
CJSG10,Extraction of dislocated lens with implantation of artificial lens in anterior chamber,est/swe/lat/ice/den/nor
CJSG15,Extraction of dislocated lens with implantation of artificial lens in anterior chamber and iridectomy or iridotomy,est/swe/lat/ice/den/fin/nor
CJSG20,Extraction of dislocated lens with implantation of artificial lens in posterior chamber,est/swe/lat/ice/den/fin/nor
CJSG25,Extraction of dislocated lens with implantation of artificial lens in posterior chamber and iridectomy or iridotomy,est/swe/lat/ice/den/nor
CJSG40,Extraction of dislocated lens with implantation of artificial lens with fixation to sclera in posterior chamber,ice/fin/est
CJSG99,Other operation on dislocated lens,est/swe/lat/ice/den/fin/nor
CJSW99,Other operation on lens,est/swe/lat/ice/den/fin/nor
CKDA00,Retinal blood flow measurement with Doppler method,lat/ice/nor
CKFA00,Vision test,swe/ice/fin
CKFA20,Contrast vision test,swe/lat/ice/nor
CKFA30,Scotopic sensitivity testing,lat/ice/fin/nor
CKFA40,Stereoscopic vision test,swe
CKFA50,Vision test without patient cooperation,swe
CKFB00,Basic color vision test (Ishira or similar),swe/ice/fin
CKFB02,Extended color vision test with anomaloscope (Nagel or similar),swe/lat/ice/nor
CKFC00,Papillary excavation laser measurement,ice
CKFC10,Retinal nerve fiber layer laser measurement,ice
CKFK00,Perimetry,est/swe/lat/ice/den/fin/nor
CKFK10,Photography of fundus of eye,est/swe/lat/ice/fin/nor
CKFK12,Photoangiography of fundus of eye,est/swe/lat/ice/fin/nor
CKFK20,Examination of eye with optical coherence tomography (OCT),lat/ice/fin/nor
CKOC00,Transcleral radiotherapy,ice/fin
CKSA00,Biopsy of choroid,est/swe/lat/ice/den/fin/nor
CKSA10,Biopsy of vitreous body,est/swe/lat/ice/den/fin/nor
CKSA20,Biopsy of retina,est/swe/lat/ice/den/fin/nor
CKSB00,Puncture and evacuation of supra-choroidal fluid,est/swe/lat/ice/den/fin/nor
CKSB10,"Puncture, evacuation of supra-choroidal fluid and injection of vitreous substitute",est/swe/lat/ice/den/fin/nor
CKSB99,Other operation on choroid for detachment,est/swe/lat/ice/den/fin/nor
CKSC00,Photorupture of vitreous body,est/swe/lat/ice/den/fin/nor
CKSC05,Photocoagulation of lesion of choroidea,ice/nor
CKSC07,Photodynamic therapy of eye,swe
CKSC19,Photocoagulation of retina,est/swe/lat/ice/den/fin/nor
CKSC20,Cryopexy of undetached retina,est/swe/lat/ice/den/fin/nor
CKSC30,Cryopexy of detached retina,est/swe/lat/ice/den/fin/nor
CKSC40,Electrocoagulation of retina,est/swe/lat/ice/den/fin/nor
CKSC50,Transscleral laser therapy of retina,est/swe/lat/ice/den/fin/nor
CKSC60,Local buckling of sclera using implant,est/swe/lat/ice/den/fin/nor
CKSC65,Removal of buckling implant from sclera,est/swe/lat/ice/den/fin/nor
CKSC70,Circular buckling of sclera,est/swe/lat/ice/den/fin/nor
CKSC75,Removal of cerclage from sclera,est/swe/lat/ice/den/fin/nor
CKSC99,Other extraocular operations on vitreous body and retina,est/swe/lat/ice/den/fin/nor
CKSD00,Puncture of vitreous body for decompression,est/swe/lat/ice/den/fin/nor
CKSD05,Puncture of vitreous body with injection of medication,est/swe/lat/ice/den/fin/nor
CKSD10,Insufflation of vitreous cavity,est/swe/lat/ice/den/fin/nor
CKSD15,Injection of vitreous substitute,est/swe/lat/ice/den/fin/nor
CKSD20,Removal of vitreous body substitute,est/swe/lat/ice/den/fin/nor
CKSD25,External drainage of subretinal fluid,est/swe/lat/ice/den/fin/nor
CKSD30,Internal drainage of subretinal fluid,est/swe/lat/ice/den/fin/nor
CKSD40,Endophotocoagulation of retina,est/swe/lat/ice/den/fin/nor
CKSD45,Endocryotherapy of retina,est/swe/lat/ice/den/fin/nor
CKSD50,Endodiathermy of retina,est/swe/lat/ice/den/fin/nor
CKSD60,Anterior vitrectomy,est/swe/lat/ice/den/fin/nor
CKSD65,Pars plana or pars plicata vitrectomy,est/swe/lat/ice/den/fin/nor
CKSD70,Excision of preretinal or epiretinal membrane,est/swe/lat/ice/den/fin/nor
CKSD75,Retinotomy,est/swe/lat/ice/den/fin/nor
CKSD80,Retinectomy,est/swe/lat/ice/den/fin/nor
CKSD85,Removal of subretinal membrane or band,est/swe/lat/ice/den/fin/nor
CKSD90,Removal of subretinal haematoma,est/swe/lat/ice/den/fin/nor
CKSD91,Extended vitrectomy through pars plana,ice/fin
CKSD92,Combined vitrectomy and retinal procedure,ice/fin
CKSD93,Extended combined procedure on vitreous body and retina,ice/fin
CKSD94,Combined vitrectomy and procedure on lens through pars plana,ice/fin
CKSD95,Extended combined vitectomy and lens procedure through pars plana,ice/fin
CKSD99,Other intraoclular operations on vitreous body and retina,est/swe/lat/ice/den/fin/nor
CKSE00,Excision of lesion of choroid,est/swe/lat/ice/den/fin/nor
CKSE10,Transpupillary photocoagulation of lesion of choroid,est/swe/lat/ice/den/fin
CKSE15,Endophotocoagulation of lesion of choroid,est/swe/lat/ice/den/fin/nor
CKSE20,Cryotherapy of lesion of choroid,est/swe/lat/ice/den/fin/nor
CKSE30,Excision of lesion of retina,est/swe/lat/ice/den/fin/nor
CKSE40,Transpupillary photocoagulation of lesion of retina,est/swe/lat/ice/den/fin
CKSE45,Endophotocoagulation of lesion of retina,est/swe/lat/ice/den/fin/nor
CKSE50,Cryotherapy of lesion of retina,est/swe/lat/ice/den/fin/nor
CKSE60,Brachytherapy of choroid and retina,est/swe/lat/ice/den/fin/nor
CKSE65,Removal of brachytherapeutic plate from eye,est/swe/lat/ice/den/fin/nor
CKSE99,Other operation for lesion of choroid or retina,est/swe/lat/ice/den/fin/nor
CKSW99,"Other operation on choroid, vitreous body and retina",est/swe/lat/ice/den/fin/nor
CKXA00,"Oftalmoscopy, direct",swe/ice/fin
CKXA10,"Oftalmoscopy, indirect",swe/ice
CKXA20,Binocular oftalmoscopy,swe/ice
CKXX00,Photosensitisation of choroid and retina,den
CKXX10,Needle biopsy of choroid,est/swe/lat/ice/den/fin/nor
CKXX20,Needle biopsy of vitreous body,est/swe/lat/ice/fin/nor
CKXX30,Needle biopsy of retina,est/swe/lat/ice/den/fin/nor
CWSA00,Repair of wound dehiscence in eye and adjacent structures,est/swe/lat/ice/den/fin/nor
CWSB00,Reoperation for superficial infection in eye and adjacent structures,est/swe/lat/ice/den/fin/nor
CWSC00,Reoperation for deep infection in eye and adjacent structures,est/swe/lat/ice/den/fin/nor
CWSD00,Reoperation for superficial haemorrhage in eye and adjacent structures,est/swe/lat/ice/den/fin/nor
CWSE00,Reoperation for deep haemorrhage in eye and adjacent structures,est/swe/lat/ice/den/fin/nor
CWSF00,Reoperation for insufficiency of anastomosis or suture in eye and adjacent structures,est/swe/lat/ice/den/fin/nor
CWSW99,Other reoperation on eye and adjacent structures,est/swe/lat/ice/den/fin/nor
CXFA00,Eye clinical examination,swe/ice
CXFA02,Retinopathy of prematurity examination,swe/lat/ice/nor
CXFA04,Ocular optical coherent tomography,swe
CXFA08,Clinical examination of eye in general anaesthesia,est/swe/lat/ice/fin
CXFA10,Eye microscopy without contact lens,swe/ice
CXFA12,Eye microscopy with contact lens,swe/ice
CXFA20,Laserbiomicroscopy of eye,swe/ice
CXFB00,Neurooftalmologic examination,swe/lat/ice/nor
CXFW99,Other investigative procedure of eye,est/swe/lat/ice/fin/nor
CXFX00,Eye refractometry,swe/ice
CXFX05,Refractometry of implanted lens,fin
CXFX10,Accomodation amplitude measurement,lat/ice/nor
CXO001,Preoperative radiotherapy of eye and surroundings,ice
CXO002,Radical radiotherapy of eye and surroundings,ice
CXO003,Adjuvant radiotherapy of eye and surroundings,ice
CXO004,Palliative radiotherapy of eye and surroundings,ice
CXO029,Radiotherapy of local recidive tumor of eye and surroundings,ice
CXO049,Radiotherapy of metasthasis in eye and surroundings,ice
CXO090,Profylactic radiotherapy of eye and surroundings,ice
CXO099,Other radiotherapy of eye and surroundings,ice
CXX000,Applying bandage to eye,ice
CXX002,Removeal of binding from eye,ice/den
CXX004,Treatment with eye patch,swe/ice/den
CXXA00,Adjustment of aid for sight,swe/lat/ice/nor/est
CXXA05,Adjustment and check-up of contact lens,swe
CXXA10,Adjustment of eye prosthesis,swe/lat/ice/nor/est
CXXB00,Heat coagulation of orbital area,fin
CXXC00,Injection of air to anterior chamber of eye,den
CXXX00,Flushing of eye,swe/lat/ice/den/nor
CXXX02,Autologous serum eye drops therapy,
CXXX10,Pupil dilatation,swe/ice
CXXX99,Minor procedure on eye,est/swe/lat/ice/den/fin/nor
D01AA,Antibiotics,est/swe/lat/ice/den
D01AA01,Nystatin,fin/swe
D01AA02,Natamycin,fin/swe
D01AA03,Hachimycin,fin/swe
D01AA04,Pecilocin,fin/swe
D01AA06,Mepartricin,fin/swe
D01AA07,Pyrrolnitrin,fin/swe
D01AA08,Griseofulvin,fin/swe
D01AA20,Combinations,fin/swe
D01AC,Imidazole and triazole derivatives,est/swe/lat/ice/den
D01AC01,Clotrimazole,fin/swe
D01AC02,Miconazole,fin/swe
D01AC03,Econazole,fin/swe
D01AC04,Chlormidazole,fin/swe
D01AC05,Isoconazole,fin/swe
D01AC06,Tiabendazole,fin/swe
D01AC07,Tioconazole,fin/swe
D01AC08,Ketoconazole,fin/swe
D01AC09,Sulconazole,fin/swe
D01AC10,Bifonazole,fin/swe
D01AC11,Oxiconazole,fin/swe
D01AC12,Fenticonazole,fin/swe
D01AC13,Omoconazole,fin/swe
D01AC14,Sertaconazole,fin/swe
D01AC15,Fluconazole,fin/swe
D01AC16,Flutrimazole,fin/swe
D01AC17,Eberconazole,fin/swe
D01AC18,Luliconazole,fin/swe
D01AC19,Efinaconazole,fin/swe
D01AC20,Imidazoles/triazoles in combination with corticoste,fin/swe
D01AC52,"Miconazole, combinations",fin/swe
D01AC60,"Bifonazole, combinations",fin/swe
D01AE,Other antifungals for topical use,est/swe/lat/ice/den
D01AE01,Bromochlorosalicylanilide,fin/swe
D01AE02,Methylrosaniline,fin/swe
D01AE03,Tribromometacresol,fin/swe
D01AE04,Undecylenic acid,fin/swe
D01AE05,Polynoxylin,fin/swe
D01AE06,2-(4-chlorphenoxy)-ethanol,fin/swe
D01AE07,Chlorphenesin,fin/swe
D01AE08,Ticlatone,fin/swe
D01AE09,Sulbentine,fin/swe
D01AE10,Ethyl hydroxybenzoate,fin/swe
D01AE11,Haloprogin,fin/swe
D01AE12,Salicylic acid,fin/swe
D01AE13,Selenium sulfide,fin/swe
D01AE14,Ciclopirox,fin/swe
D01AE15,Terbinafine,fin/swe
D01AE16,Amorolfine,fin/swe
D01AE17,Dimazole,fin/swe
D01AE18,Tolnaftate,fin/swe
D01AE19,Tolciclate,fin/swe
D01AE20,Combinations,fin/swe
D01AE21,Flucytosine,fin/swe
D01AE22,Naftifine,fin/swe
D01AE23,Butenafine,fin/swe
D01AE24,Tavaborole,fin/swe
D01AE54,"Undecylenic acid, combinations",fin/swe
D01BA,Antifungals for systemic use,est/swe/lat/ice/den
D01BA01,Griseofulvin,fin/swe
D01BA02,Terbinafine,fin/swe
D01BA03,Fosravuconazole,fin/swe
D02AA,Silicone products,est/swe/lat/ice/den
D02AB,Zinc products,est/swe/lat/ice/den
D02AC,Soft paraffin and fat products,est/swe/lat/ice/den
D02AD,Liquid plasters,est/swe/lat/ice/den
D02AE,Carbamide products,est/swe/lat/ice/den
D02AE01,Carbamide,fin/swe
D02AE51,"Carbamide, combinations",fin/swe
D02AF,Salicylic acid preparations,est/swe/lat/ice/den
D02AX,Other emollients and protectives,est/swe/lat/ice/den
D02BA,Protectives against UV-radiation for topical use,est/swe/lat/ice/den
D02BA01,Aminobenzoic acid,fin/swe
D02BA02,Octinoxate,fin/swe
D02BB,Protectives against UV-radiation for systemic use,est/swe/lat/ice/den
D02BB01,Betacarotene,fin/swe
D02BB02,Afamelanotide,fin/swe
D03AA,Cod-liver oil ointments,est/swe/lat/ice/den
D03AX,Other cicatrizants,est/swe/lat/ice/den
D03AX01,Cadexomer iodine,fin/swe
D03AX02,Dextranomer,fin/swe
D03AX03,Dexpanthenol,fin/swe
D03AX04,Calcium pantothenate,fin/swe
D03AX05,Hyaluronic acid,fin/swe
D03AX06,Becaplermin,fin/swe
D03AX09,Crilanomer,fin/swe
D03AX10,Enoxolone,fin/swe
D03AX11,Sodium chlorite,fin/swe
D03AX12,Trolamine,fin/swe
D03AX13,Betulae cortex,fin/swe
D03AX14,Centella asiatica herba,fin/swe
D03AX15,Trafermin,fin/swe
D03BA,Proteolytic enzymes,est/swe/lat/ice/den
D03BA01,Trypsin,fin/swe
D03BA02,Collagenase,fin/swe
D03BA03,Bromelains,fin/swe
D03BA52,"Collagenase, combinations",fin/swe
D04AA,Antihistamines for topical use,est/swe/lat/ice/den
D04AA01,Thonzylamine,fin/swe
D04AA02,Mepyramine,fin/swe
D04AA03,Thenalidine,fin/swe
D04AA04,Tripelennamine,fin/swe
D04AA09,Chloropyramine,fin/swe
D04AA10,Promethazine,fin/swe
D04AA12,Tolpropamine,fin/swe
D04AA13,Dimetindene,fin/swe
D04AA14,Clemastine,fin/swe
D04AA15,Bamipine,fin/swe
D04AA16,Pheniramine,fin/swe
D04AA22,Isothipendyl,fin/swe
D04AA32,Diphenhydramine,fin/swe
D04AA33,Diphenhydramine methylbromide,fin/swe
D04AA34,Chlorphenoxamine,fin/swe
D04AB,Anesthetics for topical use,est/swe/lat/ice/den
D04AB01,Lidocaine,fin/swe
D04AB02,Cinchocaine,fin/swe
D04AB03,Oxybuprocaine,fin/swe
D04AB04,Benzocaine,fin/swe
D04AB05,Quinisocaine,fin/swe
D04AB06,Tetracaine,fin/swe
D04AB07,Pramocaine,fin/swe
D04AX,Other antipruritics,est/swe/lat/ice/den
D04AX01,Doxepin,fin/swe
D05AA,Tars,est/swe/lat/ice/den
D05AC,Antracen derivatives,est/swe/lat/ice/den
D05AC01,Dithranol,fin/swe
D05AC51,"Dithranol, combinations",fin/swe
D05AD,Psoralens for topical use,est/swe/lat/ice/den
D05AD01,Trioxysalen,fin/swe
D05AD02,Methoxsalen,fin/swe
D05AX,Other antipsoriatics for topical use,est/swe/lat/ice/den
D05AX01,Fumaric acid,fin/swe
D05AX02,Calcipotriol,fin/swe
D05AX03,Calcitriol,fin/swe
D05AX04,Tacalcitol,fin/swe
D05AX05,Tazarotene,fin/swe
D05AX52,"Calcipotriol, combinations",fin/swe
D05AX55,Tazarotene and ulobetasol,fin/swe
D05BA,Psoralens for systemic use,est/swe/lat/ice/den
D05BA01,Trioxysalen,fin/swe
D05BA02,Methoxsalen,fin/swe
D05BA03,Bergapten,fin/swe
D05BB,Retinoids for treatment of psoriasis,est/swe/lat/ice/den
D05BB01,Etretinate,fin/swe
D05BB02,Acitretin,fin/swe
D05BX,Other antipsoriatics for systemic use,est/swe/lat/ice/den
D05BX51,"Fumaric acid derivatives, combinations",fin/swe
D06AA,Tetracycline and derivatives,est/swe/lat/ice/den
D06AA01,Demeclocycline,fin/swe
D06AA02,Chlortetracycline,fin/swe
D06AA03,Oxytetracycline,fin/swe
D06AA04,Tetracycline,fin/swe
D06AX,Other antibiotics for topical use,est/swe/lat/ice/den
D06AX01,Fusidic acid,fin/swe
D06AX02,Chloramphenicol,fin/swe
D06AX04,Neomycin,fin/swe
D06AX05,Bacitracin,fin/swe
D06AX07,Gentamicin,fin/swe
D06AX08,Tyrothricin,fin/swe
D06AX09,Mupirocin,fin/swe
D06AX10,Virginiamycin,fin/swe
D06AX11,Rifaximin,fin/swe
D06AX12,Amikacin,fin/swe
D06AX13,Retapamulin,fin/swe
D06AX14,Ozenoxacin,fin/swe
D06AX15,Rifamycin,fin/swe
D06BA,Sulfonamides,est/swe/lat/ice/den
D06BA01,Silver sulfadiazine,fin/swe
D06BA02,Sulfathiazole,fin/swe
D06BA03,Mafenide,fin/swe
D06BA04,Sulfamethizole,fin/swe
D06BA05,Sulfanilamide,fin/swe
D06BA06,Sulfamerazine,fin/swe
D06BA51,"Silver sulfadiazine, combinations",fin/swe
D06BB,Antivirals,est/swe/lat/ice/den
D06BB01,Idoxuridine,fin/swe
D06BB02,Tromantadine,fin/swe
D06BB03,Aciclovir,fin/swe
D06BB04,Podophyllotoxin,fin/swe
D06BB05,Inosine,fin/swe
D06BB06,Penciclovir,fin/swe
D06BB07,Lysozyme,fin/swe
D06BB08,Ibacitabine,fin/swe
D06BB09,Edoxudine,fin/swe
D06BB10,Imiquimod,fin/swe
D06BB11,Docosanol,fin/swe
D06BB12,Sinecatechins,fin/swe
D06BB53,"Aciclovir, combinations",fin/swe
D06BX,Other chemotherapeutics,est/swe/lat/ice/den
D06BX01,Metronidazole,fin/swe
D06BX02,Ingenol mebutate,fin/swe
D06BX03,Tirbanibulin,fin/swe
D07AA,"Corticosteroids, weak (group I)",est/swe/lat/ice/den
D07AA01,Methylprednisolone,fin/swe
D07AA02,Hydrocortisone,fin/swe
D07AA03,Prednisolone,fin/swe
D07AB,"Corticosteroids, moderately potent (group II)",est/swe/lat/ice/den
D07AB01,Clobetasone,fin/swe
D07AB02,Hydrocortisone butyrate,fin/swe
D07AB03,Flumetasone,fin/swe
D07AB04,Fluocortin,fin/swe
D07AB05,Fluperolone,fin/swe
D07AB06,Fluorometholone,fin/swe
D07AB07,Fluprednidene,fin/swe
D07AB08,Desonide,fin/swe
D07AB09,Triamcinolone,fin/swe
D07AB10,Alclometasone,fin/swe
D07AB11,Hydrocortisone buteprate,fin/swe
D07AB19,Dexamethasone,fin/swe
D07AB21,Clocortolone,fin/swe
D07AB30,Combinations of corticosteroids,fin/swe
D07AC,"Corticosteroids, potent (group III)",est/swe/lat/ice/den
D07AC01,Betamethasone,fin/swe
D07AC02,Fluclorolone,fin/swe
D07AC03,Desoximetasone,fin/swe
D07AC04,Fluocinolone acetonide,fin/swe
D07AC05,Fluocortolone,fin/swe
D07AC06,Diflucortolone,fin/swe
D07AC07,Fludroxycortide,fin/swe
D07AC08,Fluocinonide,fin/swe
D07AC09,Budesonide,fin/swe
D07AC10,Diflorasone,fin/swe
D07AC11,Amcinonide,fin/swe
D07AC12,Halometasone,fin/swe
D07AC13,Mometasone,fin/swe
D07AC14,Methylprednisolone aceponate,fin/swe
D07AC15,Beclometasone,fin/swe
D07AC16,Hydrocortisone aceponate,fin/swe
D07AC17,Fluticasone,fin/swe
D07AC18,Prednicarbate,fin/swe
D07AC19,Difluprednate,fin/swe
D07AC21,Ulobetasol,fin/swe
D07AD,"Corticosteroids, very potent (group IV)",est/swe/lat/ice/den
D07AD01,Clobetasol,fin/swe
D07AD02,Halcinonide,fin/swe
D07BA,"Corticosteroids, weak, combinations with antiseptics",est/swe/lat/ice/den
D07BA01,Prednisolone and antiseptics,fin/swe
D07BA04,Hydrocortisone and antiseptics,fin/swe
D07BB,"Corticosteroids, moderately potent, combinations with antiseptics",est/swe/lat/ice/den
D07BB01,Flumetasone and antiseptics,fin/swe
D07BB02,Desonide and antiseptics,fin/swe
D07BB03,Triamcinolone and antiseptics,fin/swe
D07BB04,Hydrocortisone butyrate and antiseptics,fin/swe
D07BC,"Corticosteroids, potent, combinations with antiseptics",est/swe/lat/ice/den
D07BC01,Betamethasone and antiseptics,fin/swe
D07BC02,Fluocinolone acetonide and antiseptics,fin/swe
D07BC03,Fluocortolone and antiseptics,fin/swe
D07BC04,Diflucortolone and antiseptics,fin/swe
D07BD,"Corticosteroids, very potent, combinations with antiseptics",est/swe/lat/ice/den
D07CA,"Corticosteroids, weak, combinations with antibiotics",est/swe/lat/ice/den
D07CA01,Hydrocortisone and antibiotics,fin/swe
D07CA02,Methylprednisolone and antibiotics,fin/swe
D07CA03,Prednisolone and antibiotics,fin/swe
D07CB,"Corticosteroids, moderately potent, combinations with antibiotics",est/swe/lat/ice/den
D07CB01,Triamcinolone and antibiotics,fin/swe
D07CB02,Fluprednidene and antibiotics,fin/swe
D07CB03,Fluorometholone and antibiotics,fin/swe
D07CB04,Dexamethasone and antibiotics,fin/swe
D07CB05,Flumetasone and antibiotics,fin/swe
D07CC,"Corticosteroids, potent, combinations with antibiotics",est/swe/lat/ice/den
D07CC01,Betamethasone and antibiotics,fin/swe
D07CC02,Fluocinolone acetonide and antibiotics,fin/swe
D07CC03,Fludroxycortide and antibiotics,fin/swe
D07CC04,Beclometasone and antibiotics,fin/swe
D07CC05,Fluocinonide and antibiotics,fin/swe
D07CC06,Fluocortolone and antibiotics,fin/swe
D07CD,"Corticosteroids, very potent, combinations with antibiotics",est/swe/lat/ice/den
D07CD01,Clobetasol and antibiotics,fin/swe
D07XA,"Corticosteroids, weak, other combinations",est/swe/lat/ice/den
D07XA01,Hydrocortisone,fin/swe
D07XA02,Prednisolone,fin/swe
D07XB,"Corticosteroids, moderately potent, other combinations",est/swe/lat/ice/den
D07XB01,Flumetasone,fin/swe
D07XB02,Triamcinolone,fin/swe
D07XB03,Fluprednidene,fin/swe
D07XB04,Fluorometholone,fin/swe
D07XB05,Dexamethasone,fin/swe
D07XB30,Combinations of corticosteroids,fin/swe
D07XC,"Corticosteroids, potent, other combinations",est/swe/lat/ice/den
D07XC01,Betamethasone,fin/swe
D07XC02,Desoximetasone,fin/swe
D07XC03,Mometasone,fin/swe
D07XC04,Diflucortolone,fin/swe
D07XC05,Fluocortolone,fin/swe
D07XD,"Corticosteroids, very potent, other combinations",est/swe/lat/ice/den
D08AA,Acridine derivatives,est/swe/lat/ice/den
D08AA01,Ethacridine lactate,fin/swe
D08AA02,Aminoacridine,fin/swe
D08AA03,Euflavine,fin/swe
D08AB,Aluminium agents,est/swe/lat/ice/den
D08AC,Biguanides and amidines,est/swe/lat/ice/den
D08AC01,Dibrompropamidine,fin/swe
D08AC02,Chlorhexidine,fin/swe
D08AC03,Propamidine,fin/swe
D08AC04,Hexamidine,fin/swe
D08AC05,Polihexanide,fin/swe
D08AC52,"Chlorhexidine, combinations",fin/swe
D08AD,Boric acid products,est/swe/lat/ice/den
D08AE,Phenol and derivatives,est/swe/lat/ice/den
D08AE01,Hexachlorophene,fin/swe
D08AE02,Policresulen,fin/swe
D08AE03,Phenol,fin/swe
D08AE04,Triclosan,fin/swe
D08AE05,Chloroxylenol,fin/swe
D08AE06,Biphenylol,fin/swe
D08AF,Nitrofuran derivatives,est/swe/lat/ice/den
D08AF01,Nitrofural,fin/swe
D08AG,Iodine products,est/swe/lat/ice/den
D08AG01,Iodine/octylphenoxypolyglycolether,fin/swe
D08AG02,Povidone-iodine,fin/swe
D08AG03,Iodine,fin/swe
D08AG04,Diiodohydroxypropane,fin/swe
D08AH,Quinoline derivatives,est/swe/lat/ice/den
D08AH01,Dequalinium,fin/swe
D08AH02,Chlorquinaldol,fin/swe
D08AH03,Oxyquinoline,fin/swe
D08AH30,Clioquinol,fin/swe
D08AJ,Quaternary ammonium compounds,est/swe/lat/ice/den
D08AJ01,Benzalkonium,fin/swe
D08AJ02,Cetrimonium,fin/swe
D08AJ03,Cetylpyridinium,fin/swe
D08AJ04,Cetrimide,fin/swe
D08AJ05,Benzoxonium chloride,fin/swe
D08AJ06,Didecyldimethylammonium chloride,fin/swe
D08AJ08,Benzethonium chloride,fin/swe
D08AJ10,Decamethoxine,fin/swe
D08AJ57,"Octenidine, combinations",fin/swe
D08AJ58,"Benzethonium chloride, combinations",fin/swe
D08AJ59,"Dodeclonium bromide, combinations",fin/swe
D08AK,Mercurial products,est/swe/lat/ice/den
D08AK01,Mercuric amidochloride,fin/swe
D08AK02,Phenylmercuric borate,fin/swe
D08AK03,Mercuric chloride,fin/swe
D08AK04,Merbromin,fin/swe
D08AK05,"Mercury, metallic",fin/swe
D08AK06,Thiomersal,fin/swe
D08AK30,Mercuric iodide,fin/swe
D08AL,Silver compounds,est/swe/lat/ice/den
D08AL01,Silver nitrate,fin/swe
D08AL30,Silver,fin/swe
D08AX,Other antiseptics and disinfectants,est/swe/lat/ice/den
D08AX01,Hydrogen peroxide,fin/swe
D08AX02,Eosin,fin/swe
D08AX03,Propanol,fin/swe
D08AX04,Tosylchloramide sodium,fin/swe
D08AX05,Isopropanol,fin/swe
D08AX06,Potassium permanganate,fin/swe
D08AX07,Sodium hypochlorite,fin/swe
D08AX08,Ethanol,fin/swe
D08AX53,"Propanol, combinations",fin/swe
D09AA,Ointment dressings with antiinfectives,est/swe/lat/ice/den
D09AA01,Framycetin,fin/swe
D09AA02,Fusidic acid,fin/swe
D09AA03,Nitrofural,fin/swe
D09AA04,Phenylmercuric nitrate,fin/swe
D09AA05,Benzododecinium,fin/swe
D09AA06,Triclosan,fin/swe
D09AA07,Cetylpyridinium,fin/swe
D09AA08,Aluminium chlorohydrate,fin/swe
D09AA09,Povidone-iodine,fin/swe
D09AA10,Clioquinol,fin/swe
D09AA11,Benzalkonium,fin/swe
D09AA12,Chlorhexidine,fin/swe
D09AA13,Iodoform,fin/swe
D09AB,Zinc bandages,est/swe/lat/ice/den
D09AB01,Zinc bandage without supplements,fin/swe
D09AB02,Zinc bandage with supplements,fin/swe
D09AX,Soft paraffin dressings,est/swe/lat/ice/den
D10AA,"Corticosteroids, combinations for treatment of acne",est/swe/lat/ice/den
D10AA01,Fluorometholone,fin/swe
D10AA02,Methylprednisolone,fin/swe
D10AA03,Dexamethasone,fin/swe
D10AB,Preparations containing sulfur,est/swe/lat/ice/den
D10AB01,Bithionol,fin/swe
D10AB02,Sulfur,fin/swe
D10AB03,Tioxolone,fin/swe
D10AB05,Mesulfen,fin/swe
D10AD,Retinoids for topical use in acne,est/swe/lat/ice/den
D10AD01,Tretinoin,fin/swe
D10AD02,Retinol,fin/swe
D10AD03,Adapalene,fin/swe
D10AD04,Isotretinoin,fin/swe
D10AD05,Motretinide,fin/swe
D10AD06,Trifarotene,fin/swe
D10AD51,"Tretinoin, combinations",fin/swe
D10AD53,"Adapalene, combinations",fin/swe
D10AD54,"Isotretinoin, combinations",fin/swe
D10AE,Peroxides,est/swe/lat/ice/den
D10AE01,Benzoyl peroxide,fin/swe
D10AE51,"Benzoyl peroxide, combinations",fin/swe
D10AF,Antiinfectives for treatment of acne,est/swe/lat/ice/den
D10AF01,Clindamycin,fin/swe
D10AF02,Erythromycin,fin/swe
D10AF03,Chloramphenicol,fin/swe
D10AF04,Meclocycline,fin/swe
D10AF05,Nadifloxacin,fin/swe
D10AF06,Sulfacetamide,fin/swe
D10AF07,Minocycline,fin/swe
D10AF51,"Clindamycin, combinations",fin/swe
D10AF52,"Erythromycin, combinations",fin/swe
D10AX,Other anti-acne preparations for topical use,est/swe/lat/ice/den
D10AX01,Aluminium chloride,fin/swe
D10AX02,Resorcinol,fin/swe
D10AX03,Azelaic acid,fin/swe
D10AX04,Aluminium oxide,fin/swe
D10AX05,Dapsone,fin/swe
D10AX06,Clascoterone,fin/swe
D10AX30,Various combinations,fin/swe
D10BA,Retinoids for treatment of acne,est/swe/lat/ice/den
D10BA01,Isotretinoin,fin/swe
D10BX,Other anti-acne preparations for systemic use,est/swe/lat/ice/den
D10BX01,Ichtasol,fin/swe
D11AA,Antihidrotics,est/swe/lat/ice/den
D11AA01,Glycopyrronium,fin/swe
D11AC,Medicated shampoos,est/swe/lat/ice/den
D11AC01,Cetrimide,fin/swe
D11AC02,Cadmium compounds,fin/swe
D11AC03,Selenium compounds,fin/swe
D11AC06,Povidone-iodine,fin/swe
D11AC08,Sulfur compounds,fin/swe
D11AC09,Xenysalate,fin/swe
D11AC30,Others,fin/swe
D11AE,Androgens for topical use,est/swe/lat/ice/den
D11AE01,Metandienone,fin/swe
D11AF,Wart and anti-corn preparations,est/swe/lat/ice/den
D11AH01,Tacrolimus,fin/swe
D11AH02,Pimecrolimus,fin/swe
D11AH03,Cromoglicic acid,fin/swe
D11AH04,Alitretinoin,fin/swe
D11AH05,Dupilumab,fin/swe
D11AH06,Crisaborole,fin/swe
D11AH07,Tralokinumab,fin/swe
D11AH08,Abrocitinib,fin/swe
D11AX,Other dermatologicals,est/swe/lat/ice/den
D11AX01,Minoxidil,fin/swe
D11AX02,Gamolenic acid,fin/swe
D11AX03,Calcium gluconate,fin/swe
D11AX04,Lithium succinate,fin/swe
D11AX05,Magnesium sulfate,fin/swe
D11AX06,Mequinol,fin/swe
D11AX08,Tiratricol,fin/swe
D11AX09,Oxaceprol,fin/swe
D11AX10,Finasteride,fin/swe
D11AX11,Hydroquinone,fin/swe
D11AX12,Pyrithione zinc,fin/swe
D11AX13,Monobenzone,fin/swe
D11AX16,Eflornithine,fin/swe
D11AX18,Diclofenac,fin/swe
D11AX21,Brimonidine,fin/swe
D11AX22,Ivermectin,fin/swe
D11AX23,Aminobenzoate potassium,fin/swe
D11AX24,Deoxycholic acid,fin/swe
D11AX25,Hydrogen peroxide,fin/swe
D11AX26,Caffeine,fin/swe
D11AX27,Oxymetazoline,fin/swe
D11AX52,"Gamolenic acid, combinations",fin/swe
D11AX57,"Collagen, combinations",fin/swe
DASA00,Incision of auricle,est/swe/lat/ice/den/fin/nor
DASB00,Excision of lesion of auricle,est/swe/lat/ice/den/fin/nor
DASB10,Partial excision of auricle,est/swe/lat/ice/den/fin/nor
DASB15,Total excision of auricle,est/ice/fin
DASB20,Excision of fistula of auricle,est/swe/lat/ice/den/fin/nor
DASC00,Removal of foreign body from auricle,est/swe/lat/ice/den/fin/nor
DASD00,Suture of auricle,est/swe/lat/ice/den/fin/nor
DASD10,Reconstruction of auricle,est/swe/lat/ice/den/fin/nor
DASD20,Osseous fixation of auricular prosthesis,est/swe/lat/ice/den/fin/nor
DASD30,Plastic repair of auricle,est/swe/lat/ice/den/fin/nor
DASW99,Other operation on auricle,est/swe/lat/ice/den/fin/nor
DAXA00,Adjustment of air conduction hearing aid,est/swe/lat/ice/den/fin/nor
DAXA02,Adjustment of bone conduction hearing aid,lat/ice/den/swe
DAXA04,Adjustment of hearing aid in open field,ice/den
DAXA08,Control and correction of hearing aid,swe/lat/ice/den/fin/nor
DAXB00,"Production, adjustment and correction of ear plug",ice/den
DAXC00,Aftercare of cavity of radical ear operation,swe/lat/ice/den/nor
DAXD00,Other fysical treatment of ear,ice/den
DAXX00,Biopsy of auricle or external auditory canal,est/swe/lat/ice/den/nor
DAXX10,Needle biopsy of auricle or external auditory canal,est/swe/lat/ice/den/fin/nor
DBF000,Examination of external ear,ice/fin
DBSA00,Incision of external auditory canal,est/swe/lat/ice/den/fin/nor
DBSB00,Excision of lesion of external auditory canal,est/swe/lat/ice/fin/nor
DBSB02,Excision of a neoplasm from external auditory canal,ice/fin
DBSB10,Resection of auditory canal,est/swe/ice
DBSD00,Suture of external auditory canal,est/swe/lat/ice/den/fin/nor
DBSD10,Reconstruction of external auditory canal,est/swe/lat/ice/den/fin/nor
DBSD20,Plastic repair of external auditory canal,est/swe/lat/ice/den/fin/nor
DBSD30,Correction of atresia of external auditory canal,est/swe/lat/ice/den/fin/nor
DBSW99,Other operation on external auditory canal,est/swe/lat/ice/den/fin/nor
DBXX00,Removal of foreign body from external auditory canal,est/swe/lat/ice/den/fin/nor
DBXX10,Packing of external ear,swe/ice
DBXX12,Removal of ear packing,lat/ice/nor
DBXX90,Removal wax from ear,est/swe/lat/ice/den/fin/nor
DBXX99,Other minor intervention on external ear,swe
DCDA1A,Temporalbone X-ray examination,swe/ice/den/fin
DCDA1D,Bilateral temporal bone X-ray examination,ice/fin
DCDD1A,Temporal bone CT examination,swe/ice/den/fin
DCDD1B,Temporal bone cone beam CT,fin
DCE000,Ear microscopy,est/lat/ice/den/fin/nor
DCE010,Tympanoscopy,est/ice/den/fin
DCFA00,Tympanometry,swe/lat/ice/nor
DCFA10,Tubanometry and tubal sonometry,lat/ice/fin/nor
DCSA00,Biopsy of tympanic membrane or middle ear,est/swe/lat/ice/den/fin/nor
DCSA10,Paracentesis of tympanic membrane,est/swe/lat/ice/den/fin/nor
DCSA20,Insertion of ventilating tube through tympanic membrane,est/swe/lat/ice/den/fin/nor
DCSA30,Exploration of middle ear,est/swe/lat/ice/den/fin/nor
DCSB00,Excision of lesion of middle ear,est/swe/lat/ice/den/fin/nor
DCSB10,Freeing of adhesions of middle ear,est/swe/lat/ice/den/fin/nor
DCSB20,Partial excision of middle ear,est/swe/lat/ice/den/nor
DCSB30,Total excision of middle ear,est/lat/ice/den/nor
DCSC00,Removal of foreign body from middle ear,est/swe/lat/ice/den/fin/nor
DCSD00,Myringoplasty,est/swe/lat/ice/den/fin/nor
DCSD10,Tympanoplasty,est/swe/lat/ice/den/fin/nor
DCSW99,Other operation on eardrum and middle ear,est/swe/lat/ice/den/fin/nor
DCXA10,Injection to middle ear,nor
DCXX00,Needle biopsy of tympanic membrane,est/swe/lat/ice/den/nor
DCXX10,Removal of ventilating tube from tympanic membrane,est/lat/ice/den/fin/nor
DCXX20,Removal of foreign body from eardrum,nor
DDS023,Upgrading of sound processor,swe
DDSA00,Stapedotomy,est/swe/lat/ice/den/fin/nor
DDSA10,Exploration of ossicular chain,est/swe/lat/ice/den/fin/nor
DDSB00,Stapedectomy,est/swe/lat/ice/den/fin/nor
DDSC00,Removal of prosthesis of ossicular chain,est/swe/lat/ice/den/fin/nor
DDSD00,Mobilisation of stapes,est/swe/lat/ice/den/fin/nor
DDSD05,Plastic repair of ossicular chain,est/swe/lat/ice/den/fin/nor
DDSD10,Interposition between malleus and stapes,est/swe/lat/ice/den/fin/nor
DDSD20,Interposition between eardrum and footplate of stapes,est/swe/lat/ice/den/fin/nor
DDSD30,Fixation of tympanic membrane to stapes,est/swe/lat/ice/den/fin/nor
DDSD40,Fixation of tympanic membrane to footplate of stapes,est/swe/lat/ice/den/fin/nor
DDSD60,Fixation of semi-implantable middle ear electromagnetic hearing device,swe/nor
DDSW99,Other operation on ossicles of ear,est/swe/lat/ice/den/fin/nor
DEDA2A,Porus acusticus X-ray examination without contrast,swe/ice
DEDA3A,Processus styloideus X-ray examination without contrast,ice
DEDD2A,Porus acusticus CT,den
DEDG2B,Acoustic channel MRI examination,swe/ice/den/fin
DEO001,Preoperative radiotherapy of ear,ice
DEO002,Radical radiotherapy of ear,ice
DEO003,Adjuvant radiotherapy of ear,ice
DEO004,Palliative radiotherapy of ear,ice
DEO029,Radiotherapy of local residive tumor of ear,ice
DEO049,Radiotherapy of metasthasis in ear,ice
DEO090,Profylactic radiotherapy of ear,ice
DEO099,Other radiotherapy of ear,ice
DESA00,Biopsy of mastoid or temporal bone,est/swe/lat/ice/den/fin/nor
DESA10,Attico-antrotomy,est/swe/lat/ice/den/fin/nor
DESB00,Cortical mastoidectomy,est/swe/lat/ice/den/fin/nor
DESB10,Attico-antro-mastoidectomy,est/swe/lat/ice/den/fin/nor
DESB20,Attico-antro-mastoidectomy and tympanotomy,est/swe/lat/ice/den/fin/nor
DESB25,Attico-antro-mastoidectomy and tympanoplasty,est/swe/lat/ice/den/fin/nor
DESB30,Radical mastoidectomy,est/swe/lat/ice/den/fin/nor
DESB32,Radical mastoidectomy with tympanoplasty,est/fin
DESB40,Partial excision of mastoid,est/swe/lat/ice/den/nor
DESB50,Partial excision of temporal bone,est/swe/lat/ice/den/fin/nor
DESB60,Total excision of temporal bone,est/lat/ice/den/fin/nor
DESC00,Removal of foreign body from mastoid or temporal bone,est/swe/lat/ice/den/fin/nor
DESD00,Obliteration of cavity after partial excision of mastoid,est/swe/lat/ice/den/fin/nor
DESE00,Osseous fixation of hearing aid,est/swe/lat/ice/den/fin/nor
DESW99,Other operation on mastoid and temporal bone,est/swe/lat/ice/den/fin/nor
DFFA00,Elektrocochleography and registration of otoacustic emissions,swe/lat/ice/fin/nor
DFFA10,Promontorial test of inner ear,swe/lat/ice/nor
DFFB00,Stabilometry,swe/lat/ice/nor
DFFB10,Electronystagmography,est/swe/lat/ice/fin/nor
DFFB20,Examination of nystagmus with Frenzel glasses,swe/lat/ice/nor
DFFB90,Otoneurologic examination of vertigo,est/swe/lat/ice/fin/nor
DFFC00,Measurement of tinnitus frequency,est/swe/lat/ice/fin/nor
DFFD00,Tone audiogram,est/swe/lat/ice/fin/nor
DFFD10,Acoustic impedance measurement,est/swe/lat/ice/fin/nor
DFFD15,Speech audiometry,est/swe/lat/ice/fin/nor
DFFD20,Audiometry for children,est/swe/lat/ice/fin/nor
DFFD30,Loudness discomfort level (LDL),est/swe/ice/fin
DFFD50,Real Ear measurements testing of hearing aid,swe
DFFD90,Otoneurologic examination of hearing,swe
DFFE00,Acoustic rhinometry,swe/lat/ice/nor
DFFE10,Rhinomanometry,swe/lat/ice/nor
DFRA00,Tinnitus retraining therapy (TRT),swe/lat/ice/nor
DFSA00,Saccotomy,est/swe/lat/ice/den/fin/nor
DFSA10,Translabyrinthine exploration of apex of pyramid,est/swe/lat/ice/den/fin/nor
DFSB00,Labyrinthectomy,est/swe/lat/ice/den/fin/nor
DFSB10,Destruction of labyrinth,est/swe/lat/ice/den/fin/nor
DFSC00,Removal of foreign body from inner ear,est/lat/ice/den/fin/nor
DFSD00,Fenestration of vestibule,est/swe/lat/ice/den/fin/nor
DFSD10,Reconstruction of oval window,est/swe/lat/ice/den/fin/nor
DFSD20,Closure of rupture of round window,est/swe/lat/ice/den/fin/nor
DFSD30,Closure of perilymphatic fistula,est/swe/lat/ice/den/fin/nor
DFSE00,Insertion of cochlear implant,est/swe/lat/ice/den/fin/nor
DFSW99,Other operation on inner ear,est/swe/lat/ice/den/fin/nor
DFXA00,Connecting cochlear implant,est/swe/ice/fin
DFXA02,Check-up of cochlear implant,est/swe/lat/ice/fin/nor
DFXA04,Upgrading of speech processor for cochlear implant,swe
DFXC00,Chemical destruction of labyrinth,swe/ice
DFXC10,Selective treatment of inner aerr with radioactive micromaterial,
DFXD00,High flow oxygen therapy of innear ear,
DFXX00,Postition maniputlation for vertigo,swe/lat/ice/nor
DFXX10,Meniett device therapy,den
DGEA00,Endoscopy of eustachian tube,fin
DGSA00,Biopsy of eustachian tube,est/swe/lat/ice/den/fin/nor
DGSB00,Obliteration of eustachian tube,est/swe/lat/ice/den/fin/nor
DGSW00,Dilatation of eustachian tube,est/swe/lat/ice/den/fin/nor
DGSW99,Other operation on eustachian tube,est/swe/lat/ice/den/fin/nor
DHDA1A,Nose bone X-ray examination without contrast,ice/fin
DHE002,Rhinopharyngoscopy,est/swe/lat/ice/den/fin/nor
DHE005,Rhinopharyngoscopy with biopsy,est/swe/lat/ice/den/nor
DHFA10,Nasal probe taking for cytology,swe/lat/ice/nor/est
DHIA00,Nose cilia funtion isotope imaging,ice/fin
DHO001,Preoperative radiotherapy of nose,ice
DHO002,Radical radiotherapy of nose,ice
DHO003,Adjuvant radiotherapy of nose,ice
DHO004,Palliative radiotherapy of nose,ice
DHO029,Radiotherapy of local residive tumor of nose,ice
DHO049,Radiotherapy of metasthasis in nose,ice
DHO090,Profylactic radiotherapy of nose,ice
DHO092,Brachytherapy of nose,ice
DHO099,Other radiotherapy of nose,ice
DHSA00,Incision of nose,est/swe/lat/ice/den/fin
DHSA02,Biopsy of cavity of nose,est/swe/lat/ice/den/fin/nor
DHSA10,Excision of lesion of external nose,est/swe/lat/ice/den/fin
DHSA20,Excision of lesion of internal nose,est/swe/lat/ice/den/fin/nor
DHSA22,Polypectomy of internal nose,est/swe/lat/ice/den/fin/nor
DHSA24,Polypectomy of choana through maxillary antrum,est/swe/lat/ice/den/nor
DHSA30,Conchotomy,est/swe/lat/ice/den/fin/nor
DHSA31,Destruction of turbinate tissue,est/swe/lat/ice/den/nor
DHSA32,Turbinoplasty,est/swe/lat/ice/den/fin/nor
DHSA38,Surgical therapy of ozaena,est/ice
DHSA40,Removal of implant from bone of nose,est/swe/lat/ice/den/nor
DHSB01,Partial excision of external nose,est/den/fin
DHSB02,Total excision of external nose,est/fin
DHSD00,Internal suture of nose,est/swe/lat/ice/den/fin/nor
DHSD10,Closed reduction of fracture of nose,est/swe/lat/ice/den/fin/nor
DHSD20,Open reduction of fracture of nose,est/swe/lat/ice/den/fin/nor
DHSD30,Osteosynthesis of fracture of nose,est/swe/lat/ice/den/nor
DHSD40,Removal of penetrating foreign body from nose,est/swe/lat/ice/den/fin/nor
DHSE00,Incision of septum of nose,est/swe/lat/ice/den/fin/nor
DHSE10,Biopsy of septum of nose,est/swe/lat/ice/den/fin/nor
DHSE20,Transseptal opening of sphenoidal sinus,est/swe/lat/ice/den/nor
DHSE30,Excision of septum of nose,est/swe/lat/ice/den/fin/nor
DHSE32,Removal of local lesion of nasal septum,est/ice/fin
DHSE40,Suture of septum of nose,est/swe/lat/ice/den/nor
DHSE42,Closure of perforation of septum of nose,est/swe/lat/ice/den/fin/nor
DHSE44,Plastic repair of septum of nose,est/swe/lat/ice/den/fin/nor
DHSE50,Closed reduction of fracture of septum of nose,est/swe/lat/ice/den/nor
DHSE52,Open reduction of fracture of septum of nose,est/swe/lat/ice/den/nor
DHSE99,Other operation on septum of nose,est/swe/lat/ice/den/fin/nor
DHSF00,Cauterisation of mucosa of nose,est/swe/lat/ice/den/fin/nor
DHSF10,Packing of anterior cavity of nose,est/swe/lat/ice/den/fin/nor
DHSF20,Packing of posterior cavity of nose,est/swe/lat/ice/den/fin/nor
DHSF30,Cauterisation of artery of internal nose,est/swe/lat/ice/den/nor
DHSF40,Ligature of artery of internal nose,est/swe/lat/ice/den/fin/nor
DHSF90,Embolisation of epistaxis,est/ice/fin
DHSF99,Other procedures for control of epistaxis,est/swe/lat/ice/den/fin/nor
DHSG00,Reconstruction of cartilage of nose,est/swe/lat/ice/den/nor
DHSG10,Reconstruction of cartilage and bone of nose,est/swe/lat/ice/den/fin/nor
DHSG20,Rhinoplasty,est/swe/lat/ice/den/fin/nor
DHSG25,Correction of choanal atresia,est/swe/lat/ice/den/nor
DHSG30,Construction of nose,est/swe/lat/ice/den/fin/nor
DHSG35,Partial construction of nose,est/fin
DHSG40,Correction of cleft nose,est/ice/fin
DHSG70,Setting fixationsscrew for noseprosthesis,den
DHSG99,Other plastic operations on nose,est/swe/lat/ice/den/fin/nor
DHSW99,Other operation on nose,est/swe/lat/ice/den/nor
DHXC00,Aftercare of cavity of radical nose operation,lat/ice/den/nor
DHXD00,Removal of foreign body from cavity of nose,swe/lat/ice/den/fin
DHXE00,Needle biopsy of septum of nose,est/swe/lat/ice/den/nor
DHXX00,Needle biopsy of nose,est/swe/lat/ice/den/nor
DHXX05,Aspiration for cytology of nose,nor/est
DHXX09,Other examination of nose,ice
DHXX50,Neonatal reposition of septum deviation of nose,est/ice
DMDA1A,Paranasal sinuses X-ray examination without contrast,swe/ice/den/fin/nor
DMDA1Q,Paranasal sinuses X-ray examination in one projection,ice/fin
DMDD00,Digital volume tomography of face structures,lat
DMDD10,Face area CT,
DMDD1A,CT of paranasal sinuses and face area,swe/ice/den/fin
DMDE1B,Ultrasoumd of paranasal sinuses and face area,swe/lat/ice/den/nor/est
DMDG1B,Paranasal sinuses and face area MRI examination,swe/ice/den/fin
DME002,Sinoscopy,est/swe/lat/ice/den/fin/nor
DME005,Sinoscopy with biopsy,est/swe/lat/ice/den/nor
DMIA00,Paranasal sinuses cililia function isotope imaging,ice/fin
DMO001,Preoperative radiotherapy of paranasal sinuses,ice
DMO002,Radical radiotherapy of the paranasal sinuses,ice
DMO003,Adjuvant radiotherapy of the paranasal sinuses,ice
DMO004,Palliative radiotherapy of paranasal sinuses,ice
DMO029,Radiotherapy for local residive of tumor in paranasal sinuses,ice
DMO049,Radiotherapy for methastasis in the paranasal sinuses,ice
DMO090,Profylactic radiotherapy of paranasal sinuses,ice
DMO099,Other radiotherapy of paranasal sinuses,ice
DMSA00,Biopsy of maxillary antrum,est/swe/lat/ice/den/fin/nor
DMSA02,Exploration of maxillary antrum,est/swe/lat/ice/den/nor
DMSA10,Endonasal trephine of maxillary antrum,est/swe/lat/ice/den/fin/nor
DMSA12,Radical maxillary antrotomy,est/swe/lat/ice/den/fin/nor
DMSA14,Functional endoscopic opening of maxillary antrum,est/swe/lat/ice/den/fin/nor
DMSA20,Excision of lesion of maxillary antrum,est/swe/lat/ice/den/fin/nor
DMSA24,Excision of lesion of maxillary antrum through lateral rhinotomy,est/swe/lat/ice/den/nor
DMSA30,Removal of foreign body from maxillary antrum,est/swe/lat/ice/den/fin/nor
DMSA90,Intubation of maxillary antrum,est/swe/lat/ice/den/fin/nor
DMSA99,Other operation on maxillary antrum,est/swe/lat/ice/den/fin/nor
DMSB00,Biopsy of ethmoidal sinus,est/swe/lat/ice/den/fin/nor
DMSB10,External ethmoidectomy,est/swe/lat/ice/den/nor
DMSB12,Endonasal ethmoidectomy,est/swe/lat/ice/den/nor
DMSB14,Endoscopic ethmoidectomy,est/swe/lat/ice/den/fin/nor
DMSB20,Excision of lesion of ethmoidal sinus,est/swe/lat/ice/den/fin/nor
DMSB30,Removal of foreign body from ethmoidal sinus,est/swe/lat/ice/den/nor
DMSB60,Sublabial rhinotomy,est/lat/ice/den/fin/nor
DMSB99,Other operation on ethmoidal sinus and bone,est/swe/lat/ice/den/fin/nor
DMSC00,Biopsy of frontal sinus,est/swe/lat/ice/den/fin/nor
DMSC10,Trephine of frontal sinus,est/swe/lat/ice/den/fin/nor
DMSC12,Trephine of frontal sinus through nose,est/ice/fin
DMSC20,Partial excision of frontal sinus,est/swe/lat/ice/den/fin/nor
DMSC22,Obliteration of frontal sinus,est/swe/lat/ice/den/fin/nor
DMSC90,Intubation of frontal sinus,est/swe/lat/ice/den/fin/nor
DMSC92,Dilatation of nasofrontal duct,den
DMSD00,Biopsy of sphenoidal sinus,est/swe/lat/ice/den/fin/nor
DMSD10,Sphenotomy,est/swe/lat/ice/den/fin/nor
DMSD20,Partial excision of sphenoidal sinus,est/swe/lat/ice/den/fin/nor
DMSD22,Obliteration of sphenoidal sinus,swe/ice
DMSD90,Intubation of sphenoidal sinus,est/lat/ice/den/nor
DMSW20,Functional endoscopic sinus surgery (FESS),den
DMSW30,Removal of foreign body from frontal or sphenoidal sinus,est/swe/lat/ice/den/fin/nor
DMSW99,Other operation on frontal or sphenoidal sinus,est/swe/lat/ice/den/fin/nor
DMXA00,Needle biopsy of maxillary antrum,est/swe/lat/ice/den/nor
DMXA10,Puncture and irrigation of maxillary antrum,est/swe/lat/ice/den/fin/nor
DMXB00,Needle biopsy of ethmoidal bone and sinus,est/swe/lat/ice/den/nor
DMXC00,Needle biopsy of frontal sinus,est/swe/lat/ice/den/nor
DMXC05,Puncture of frontal sinus,est/ice
DMXD00,Needle biopsy of sphenoidal sinus,est/swe/lat/ice/den/nor
DMXE00,Sinonasal balloon dilatation,est/den/fin
DMXX00,Needle biopsy of maxillary antrum,nor
DQDA00,Laryngography,swe/ice/den
DQE002,Direct laryngoscopy,est/swe/lat/ice/den/fin/nor
DQE005,Direct laryngoscopy with biopsy,est/swe/lat/ice/den/nor
DQE012,Flexible laryngoscopy,est/swe/lat/ice/den/fin/nor
DQE015,Flexible laryngoscopy with biopsy,est/swe/lat/ice/den/fin/nor
DQE022,Microlaryngoscopy,est/swe/lat/ice/den/nor
DQE025,Microlaryngoscopy with biopsy,est/swe/lat/ice/den/nor
DQEA30,Vocal cord stroboscopy or high speed registration,swe/lat/ice/nor
DQFB00,Voice analysis,swe/ice
DQFB02,Speech disorderr analysis,ice
DQFB10,Acoustic analysis of voice and speech,swe/ice
DQFB90,Recording of voice and speech,swe
DQFX90,Voice and speech clinical examination,swe/ice
DQO001,Preoperative radiotherapy of larynx,ice
DQO002,Radical radiotherapy of larynx,ice
DQO003,Adjuvant radiotherapy of larynx,ice
DQO004,Palliative radiotherapy of larynx,ice
DQO029,Radiotheraoy of local recidive of tumor of larynx,ice
DQO049,Radiotherapy of methastasis of larynx,ice
DQO090,Profylactic radiotherapy of larynx,ice
DQO099,Other radiotherapy of larynx,ice
DQSA00,Incision of larynx,est/swe/lat/ice/den/fin/nor
DQSA10,Biopsy of larynx,est/swe/lat/ice/den/fin/nor
DQSA20,Exploratory laryngofissure,est/swe/lat/ice/den/fin/nor
DQSB00,Excision of lesion of larynx,est/swe/lat/ice/den/nor
DQSB10,Endoscopic excision of lesion of larynx,est/swe/lat/ice/den/fin/nor
DQSB20,Partial excision of larynx,est/lat/ice/den/fin/nor
DQSB30,Laryngectomy,est/swe/lat/ice/den/fin/nor
DQSB40,Supraglottic laryngectomy,est/swe/lat/ice/den/nor
DQSB50,Hemilaryngectomy,est/swe/lat/ice/den/nor
DQSB60,Aryotenoidectomy,est/swe/lat/ice/den/fin/nor
DQSB70,Total excision of vocal cord,est/swe/lat/ice/den/fin/nor
DQSB80,Operation for stricture of vocal cords,est/swe/lat/ice/den/fin/nor
DQSC00,Removal of foreign body from larynx,est/swe/lat/ice/den/nor
DQSC10,Endoscopic removal of foreign body from larynx,est/lat/ice/den/fin
DQSD00,Lateral fixation of vocal cord,est/swe/lat/ice/den/fin/nor
DQSD10,Suture of larynx,est/swe/lat/ice/den/fin/nor
DQSD20,Reconstruction of larynx with free mucosa graft,est/swe/lat/ice/den/nor
DQSD25,Reconstruction of larynx with free microvascular graft,est/ice
DQSD30,Reconstruction of larynx with pedunculated graft,est/swe/lat/ice/den/nor
DQSD32,Plastic repair vocal cord for better voice,est/ice/fin
DQSD34,Treatment of spasmodic dysfonia,est/ice/fin
DQSD40,Plastic repair of larynx,est/swe/lat/ice/den/fin/nor
DQSD42,Thyreoplasty,est/swe/lat/ice/den/fin/nor
DQSD50,Endoscopic insertion of laryngeal stent,est/swe/lat/ice/den/fin/nor
DQSE00,Implantation of prosthetic replacement for larynx,est/swe/lat/ice/den/fin/nor
DQSE10,Injection of foreign material into vocal cord,est/swe/lat/ice/den/fin/nor
DQSE20,Implantation of foreign material in vocal chord,est/lat/ice/den/fin/nor
DQSW99,Other operation on larynx,est/swe/lat/ice/den/fin/nor
DQXE00,Exchange of larynx prosthesis,nor
DQXX00,Needle biopsy of larynx,est/swe/lat/ice/den/nor
DWSA00,"Repair of wound dehiscence in surgery of ear, nose and larynx",est/swe/lat/ice/den/fin/nor
DWSB00,"Reoperation for superficial infection in surgery of ear, nose and larynx",est/swe/lat/ice/den/nor
DWSC00,"Reoperation for deep infection in surgery of ear, nose and larynx",est/swe/lat/ice/den/fin/nor
DWSD00,"Reoperation for superficial haemorrhage in surgery of ear, nose and larynx",est/swe/lat/ice/den/fin/nor
DWSE00,"Reoperation for deep haemorrhage in surgery of ear, nose and larynx",est/swe/lat/ice/den/nor
DWSF00,"Reoperation for insufficiency of anastomosis or suture in surgery of ear, nose and larynx",est/swe/lat/ice/den/nor
DWSW99,"Other reoperation in surgery of ear, nose and larynx",est/swe/lat/ice/den/fin/nor
DXFX90,"Clinical examination of ear, nose and pharynx",swe/ice
DXSA00,Facial transplant of soft tissues,fin/est
DXSA10,Facial transplant of soft tissues and maxillar and mandipular bones,fin/est
DXXX00,"Other minor procedure of ear, nose and larynx",est/swe/lat/ice/den/fin/nor
EASA00,Incision of lip,est/swe/lat/ice/den/fin/nor
EASA10,Excision of lesion of lip,est/swe/lat/ice/den/fin/nor
EASA20,Partial excision of upper lip,est/swe/lat/ice/den/fin/nor
EASA30,Partial excision of lower lip,est/swe/lat/ice/den/fin/nor
EASA99,Other excision of lip,est/swe/lat/ice/den/fin/nor
EASB00,Suture of lip,est/swe/lat/ice/den/fin/nor
EASB10,Excision and repair of frenulum of lip,est/swe/lat/ice/den/fin/nor
EASB20,Plastic repair of lip,est/swe/lat/ice/den/fin/nor
EASB30,Correction of cleft lip,est/swe/lat/ice/den/fin/nor
EASB99,Other reconstructive operations on lip,est/swe/lat/ice/den/fin/nor
EASW99,Other operation on lip,est/swe/lat/ice/den/fin/nor
EAXA00,Removal of foreign body from lip,ice/den/est
EAXX00,Biopsy of lip,est/swe/lat/ice/den/fin/nor
EAXX10,Needle biopsy of lip,est/swe/lat/ice/den/nor
EBDA1A,Intraoral tooth X-ray examination,swe/ice/den/fin
EBDA1H,Panorama tomography of teeth and jaws or similar X-ray examination,swe/ice/den/fin/nor
EBDA1J,Double panorama tomography of teeth and jaws or similar X-ray examination,ice/den/fin
EBDA1M,Cephalometry with X-ray,ice/fin
EBDA1R,X-ray examination of tooth in conjunction with clinical examination,ice
EBDA1S,Lateral teeth Bitewing X-ray,ice/fin
EBDD00,CT of tooth,swe/ice/den/fin
EBDD10,Teeth and jaws digital volume tomography,lat/nor
EBFA00,Teeth photography,fin
EBSA00,Extraction of tooth,est/swe/lat/ice/den/fin/nor
EBSA05,Complicated extraction of tooth,ice/fin/est
EBSA10,Surgical removal of tooth,est/swe/lat/ice/den/fin/nor
EBSA12,Complicated surgical removal of tooth,ice/fin/est
EBSA15,Extraction of large number of teeth,ice/den/fin/est
EBSA20,Hemisection of tooth,est/swe/lat/ice/den/fin/nor
EBSA30,Excision of root of tooth,est/lat/ice/den/fin/nor
EBSA40,Excision of apex of root of tooth,est/swe/lat/ice/den/fin/nor
EBSA45,Excision of apex of root of a tooth with several radixes,ice/fin/est
EBSA99,Other extraction or partial excision of tooth,est/swe/lat/ice/den/fin/nor
EBSB00,Reduction and fixation of dislocated tooth,est/swe/lat/ice/den/fin/nor
EBSB05,Reduction and fixation of fractured tooth,est/swe/lat/ice/den/fin/nor
EBSB10,Insertion of dental implant,est/swe/lat/ice/den/fin/nor
EBSB11,Insertion of additional dental implant in one session,ice/fin/est
EBSB15,Insertion of dental implant abutment,est/swe/lat/ice/den/fin/nor
EBSB20,Transplantation of tooth,est/swe/lat/ice/den/fin/nor
EBSB40,Extraradicular repair of dental root canal,est/swe/lat/ice/fin/nor
EBSB99,Other reconstructive operations on tooth,est/swe/lat/ice/den/fin/nor
EBSU00,Removal of implant or external fixation device from teeth,est/swe/lat/ice/fin/nor
EBSW99,Other operation on tooth,est/swe/lat/ice/den/fin/nor
ECSA00,Surgical exposure of tooth,est/swe/lat/ice/den/fin/nor
ECSA10,Incision of gingiva,est/swe/lat/ice/den/fin/nor
ECSA20,Biopsy of gingiva,est/swe/lat/ice/den/fin/nor
ECSA30,Excision of lesion of gingiva,est/swe/lat/ice/den/fin/nor
ECSA32,Complicated excision of lesion of gingiva,ice/fin/est
ECSA34,Resection of alveolus,ice/den/est
ECSA40,Surgical treatment of parodontal abscess,est/swe/lat/ice/den/fin/nor
ECSA45,Surgical treatment of infected implant in jawbone,ice/den/est
ECSA50,Parodontal operation,est/swe/lat/ice/den/fin/nor
ECSA55,Complicated parodontal operation,ice/fin/est
ECSA58,Regenerative parodontal operation or gingiva and alveolus transplantation,ice/fin/est
ECSA60,Removal of foreign body from gingiva or alveolus,est/swe/lat/ice/den/fin/nor
ECSA99,Other incision or excision of gingiva and alveolus,est/swe/lat/ice/den/fin/nor
ECSB00,Suture of gingiva,est/swe/lat/ice/den/fin/nor
ECSB05,Mucogingival repair,est/swe/lat/ice/den/fin/nor
ECSB10,Reconstruction of gingiva,est/swe/lat/ice/den/fin/nor
ECSB15,Plastic repair of oronasal or oroantral fistula,est/swe/lat/ice/den/fin/nor
ECSB17,Operation for cleft gingiva,ice/fin/est
ECSB20,Oral alveoplasty,est/swe/lat/ice/den/fin/nor
ECSB30,Alveoplasty using graft of skin or mucosa,est/swe/lat/ice/den/fin/nor
ECSB40,Surgical treatment of fracture of alveolus,est/swe/lat/ice/den/fin/nor
ECSB50,Alveoplasty using graft of bone or foreign material,est/swe/lat/ice/den/fin/nor
ECSB60,Reconstruction of alveolus,est/swe/lat/ice/den/fin
ECSB65,Extension of alveolus,ice/den/fin/est
ECSB99,Other reconstructive operations on gingiva,est/swe/lat/ice/den/fin/nor
ECSU00,Removal of implant or external fixation device from alveoli,est/swe/lat/ice/den/fin/nor
ECSW99,Other operation on gingiva or alveoli,est/swe/lat/ice/den/fin/nor
ECXB00,Setting mini-implant or screw for tooth,fin/est
ECXB40,Closed reposition and fixation of fracture of alveolus,ice/den
ECXC02,Setting rigid intermaxillary fixation,ice/den/est
ECXU00,Removal of mini-implant or screw for tooth,fin/est
ECXX00,Needle biopsy of gingiva,est/swe/lat/ice/den/fin/nor
ECXX05,Cytology of mouth epithelium,den/est
EDDA1A,Mandipular X-ray examination,swe/ice/den/fin
EDSA00,Incision of mandible,est/swe/lat/ice/den/fin/nor
EDSA10,Biopsy of mandible,est/swe/lat/ice/den/fin/nor
EDSA20,Removal of foreign body from mandible,ice/den/est
EDSB00,Partial excision of mandible,est/swe/lat/ice/den/fin/nor
EDSB10,Mandibulectomy,est/swe/lat/ice/den/fin/nor
EDSB20,Hemimandibulectomy,est/swe/lat/ice/den/fin/nor
EDSB30,Coronoidectomy,est/swe/lat/ice/den/fin/nor
EDSB99,Other excision on mandible,est/swe/lat/ice/den/fin/nor
EDSC00,Condylotomy of mandible,est/swe/lat/ice/den/fin/nor
EDSC05,Segmental osteotomy of mandible,est/swe/lat/ice/den/fin/nor
EDSC10,Sagittal osteotomy of ramus of mandible,est/swe/lat/ice/den/fin/nor
EDSC11,Horisontal distraction of mandible,ice/den/est
EDSC15,Vertical osteotomy of ramus of mandible,est/swe/lat/ice/den/fin/nor
EDSC16,Vertical distraction of mandible,ice/den/est
EDSC20,Unspecified osteotomy of ramus of mandible,est/swe/lat/ice/den/fin/nor
EDSC25,Osteotomy of body of mandible,est/swe/lat/ice/den/fin/nor
EDSC30,Genioplasty,est/swe/lat/ice/den/fin/nor
EDSC31,Box-operation of mandible,ice/fin/est
EDSC32,Closed reduction and immobilisation of fracture of head or neck of mandible,est/swe/lat/ice/den/fin/nor
EDSC34,Closed reduction and immobilisation of fracture of body of mandible,est/swe/lat/ice/den/fin/nor
EDSC35,Closed reduction and immobilisation of fracture of mandible,est/ice
EDSC36,Open reduction and internal fixation of fracture of head or neck of mandible,est/swe/lat/ice/den/fin/nor
EDSC38,Open reduction and fixation of fracture of body of mandible,est/swe/lat/ice/den/fin/nor
EDSC39,Open reduction and fixation of fracture of mandible,ice/est
EDSC40,Open reposition and osteosyntesis of fracture of mandible,est/ice
EDSC41,Revision of mandibular osteosynthesis,ice/den/est
EDSC42,Reconstruction of mandible using implant,est/swe/lat/ice/fin/nor
EDSC45,Reconstruction of mandible using bone graft,est/swe/lat/ice/den/fin/nor
EDSC48,External fixation of mandible,ice/den/est
EDSC50,Cutting and horisontal distraction of mandiple,ice/fin/est
EDSC55,Cutting and vertical distraction of mandiple,ice/fin/est
EDSC99,Other reconstructive operations on mandible,est/swe/lat/ice/den/fin/nor
EDSU00,Removal of implant or external fixation device from mandible,est/swe/lat/ice/den/nor
EDSW99,Other operation on mandible,est/swe/lat/ice/den/fin/nor
EDXX10,Needle biopsy of mandible,est/swe/lat/ice/den/fin/nor
EEDA1A,Maxilla and palate X-ray without contrast,swe/ice/fin
EEDA1H,Tomography of maxilla and mandiple or X-ray for implants,ice/fin
EESA00,Incision of maxilla,est/swe/lat/ice/den/fin/nor
EESA10,Biopsy of maxilla,est/swe/ice/den/fin/nor
EESA20,Removal of foreign body from maxilla,ice/den/est
EESA22,Removal of foreign body from cheekbone,ice/den/est
EESB00,Partial excision of maxilla,est/swe/lat/ice/den/fin/nor
EESB10,Hemimaxillectomy,est/swe/lat/ice/den/fin/nor
EESB20,Maxillectomy,est/swe/lat/ice/den/fin
EESB99,Other excision of maxilla,est/swe/lat/ice/den/fin/nor
EESC00,Segmental osteotomy of maxilla,est/swe/lat/ice/den/fin/nor
EESC01,Distraction of maxilla,ice/fin/est
EESC02,Rapid expansion of maxilla,ice/fin/est
EESC05,Le Fort I osteotomy,est/swe/lat/ice/den/fin/nor
EESC10,Le Fort II osteotomy,est/swe/lat/ice/den/fin/nor
EESC15,Le Fort III osteotomy,est/swe/lat/ice/den/fin/nor
EESC16,Other distraction of bones of head and face,ice/den/fin
EESC20,Closed reduction and immobilisation of fracture of maxilla,est/swe/lat/ice/den/fin/nor
EESC25,Open reduction and immobilisation of fracture of maxilla,est/swe/lat/ice/den/fin/nor
EESC27,Revision of maxillar osteosynthesis,ice/den/est
EESC30,Reduction of zygomaticomaxillary fracture,est/swe/lat/ice/den/fin/nor
EESC35,Reduction and osteosynthesis of zygomaticomaxillary fracture,est/swe/lat/ice/den/fin/nor
EESC37,Open revision of zygomaticus osteosynthesis,ice/den/est
EESC40,Application of skeletal traction to maxilla,est/swe/lat/ice/den/fin/nor
EESC42,Reconstruction of maxilla using implant,est/swe/lat/ice/den/fin/nor
EESC43,Reconstruction of zygomaticus with foreign material,ice/den/est
EESC45,Reconstruction of maxilla using bone graft,est/swe/lat/ice/den/fin/nor
EESC46,Reconstruction of zygomaticus with bone graft,ice/den/est
EESC80,Insertion of implant for facial or orbital prosthesis,den/est
EESC98,Other reconstructive operation on zygomaticus,ice/den
EESC99,Other reconstructive operation on maxilla,est/swe/lat/ice/den/fin/nor
EESU00,Removal of implant or external fixation device from maxilla,est/swe/lat/ice/den/nor
EESU10,Removal of implant or external fixation device from other facial bones,ice/den
EESW99,Other operation on maxilla,est/swe/lat/ice/den/fin/nor
EEX406,Psychiatric magnetic stimulationtherapy,den
EEXX00,Needle biopsy of maxilla,est/swe/lat/ice/den/fin/nor
EFSA10,Excision of lesion of jaws,est/swe/lat/ice/den/fin/nor
EFSA20,Decortication of jaws,est/swe/lat/ice/den/fin/nor
EFSA40,Fenestration of cyst of jaws,est/swe/lat/ice/den/fin/nor
EFSA50,Excision of cyst of jaws,est/swe/lat/ice/den/fin/nor
EFSA99,Other excision of jaws,est/swe/lat/ice/den/fin/nor
EFSB10,Osteoplasty on jaws,est/swe/lat/ice/den/fin/nor
EFSB20,Reduction and/or immobilisation of multiple fractures of facial bones,est/swe/lat/ice/den/fin/nor
EFSB30,External fixation in fracture of facial bones,est/swe/lat/ice/den/fin/nor
EFSB50,Orthodontic procedure connected with orthognathic surgery,est/swe/lat/ice/fin
EFSB60,Osteoplasty of jaws or facial bones with use of osseous graft or foreign material,est/swe/lat/ice/den/fin
EFSB99,Other reconstructive operations on jaws,est/swe/lat/ice/den/fin/nor
EFSU00,Removal of implant or external fixation device from jaws,est/swe/lat/ice/den/fin/nor
EFSW99,Other operation on jaws,est/swe/lat/ice/den/fin/nor
EGDA1A,Mandibular joint X-ray examination,ice/fin
EGDB1C,Artrography of mandipular joint,ice/nor
EGDD1A,CT of mandipular joint,swe/ice/den/fin/nor
EGDE00,Mandipular joints ultrasonography,den/fin
EGDG1B,Mandipular joint MRI examination,swe/ice/den/fin
EGSA00,Arthroscopy of mandibular joint,est/swe/lat/ice/den/fin/nor
EGSA05,Rinsing of mandipular joint,ice/fin/est
EGSA10,Incision of mandibular joint,est/swe/lat/ice/den/fin/nor
EGSA20,Biopsy of mandibular joint,est/swe/lat/ice/den/fin/nor
EGSB00,Condylectomy of mandible,est/swe/lat/ice/den/fin/nor
EGSB10,Meniscectomy of mandibular joint,est/swe/lat/ice/den/fin/nor
EGSB20,Synovectomy of mandibular joint,est/swe/lat/ice/den/fin/nor
EGSB99,Other excision on mandibular joint,est/swe/lat/ice/den/fin/nor
EGSC00,Open reduction of dislocation of jaw,est/swe/lat/ice/den/fin/nor
EGSC02,Open reduction of mandibular joint menisceal dislocation,ice/den/est
EGSC10,Arthroplasty of mandibular joint without graft,est/swe/lat/ice/den/fin/nor
EGSC20,Arthroplasty of mandibular joint with bone or other graft,est/swe/lat/ice/den/fin/nor
EGSC30,Prosthetic replacement of mandibular joint,est/swe/lat/ice/fin/nor
EGSC99,Other reconstructive operation on mandibular joint,est/swe/lat/ice/den/fin/nor
EGSU00,Removal of implant or external fixation device from mandibular joint,est/swe/lat/ice/den/fin/nor
EGSW99,Other operation on mandibular joint,est/swe/lat/ice/den/fin/nor
EGXC00,Closed reduction of dislocation of jaw,est/swe/lat/ice/den/fin/nor
EGXC02,Closed reduction of mandibular joint menisceal dislocation,ice/den/est
EGXX00,Needle biopsy of mandibular joint,est/swe/lat/ice/den/fin/nor
EGXX10,Arthrocentesis of mandibular joint,est/swe/lat/ice/den/fin/nor
EHDB2B,Naso-pharyngography,ice/den/nor
EHSA00,Incision of palate,est/swe/lat/ice/den/fin/nor
EHSA10,Biopsy of palate,est/swe/lat/ice/den/fin/nor
EHSB00,Excision of lesion of palate,est/swe/lat/ice/den/fin/nor
EHSB99,Other excision of palate,est/swe/lat/ice/den/fin/nor
EHSC00,Suture of palate,est/swe/lat/ice/den/fin/nor
EHSC10,Plastic repair of oronasal or oroantral fistula of palate,est/swe/lat/ice/den/fin/nor
EHSC20,Repair of scar of palate,est/swe/lat/ice/den/fin/nor
EHSC30,Reconstruction of palate,est/swe/lat/ice/den/fin/nor
EHSC31,Anterior partial reconstruction of palate,est/swe/lat/ice/den/fin/nor
EHSC32,Posterior partial reconstruction of palate,swe/ice/den/nor
EHSC34,Osteoplastic reconstruction of palate,est/lat/ice/den/fin
EHSC40,Correction of submucous cleft palate,est/swe/lat/ice/den/fin/nor
EHSC45,Secondary reconstruction of cleft palate,swe/ice/est
EHSC50,Correction of cleft palate using pharyngeal flap,est/swe/lat/ice/den/fin/nor
EHSC60,Correction of combined cleft lip and palate,est/swe/lat/ice/den/fin/nor
EHSC99,Other reconstructive operations on palate,est/swe/lat/ice/den/fin/nor
EHSU00,Removal of implant or external fixation device from palate,est/swe/lat/ice/den/fin/nor
EHSW99,Other operation on palate,est/swe/lat/ice/den/fin/nor
EHXX00,Needle biopsy of palate,est/swe/lat/ice/den/nor
EJDE00,Ultrasound of tongue and floor of mouth,den
EJFA00,Photography of tongue,fin
EJSA00,Incision of tongue or floor of mouth,est/swe/lat/ice/den/fin/nor
EJSA10,Biopsy of tongue or floor of mouth,est/swe/lat/ice/den/fin/nor
EJSA20,Removal of foreign body from tongue or floor of mouth,est/swe/lat/ice/den/fin/nor
EJSB00,Excision of ranula,est/swe/lat/ice/den/fin/nor
EJSB10,Excision of lesion of apex or body of tongue,est/swe/lat/ice/den/fin/nor
EJSB20,Excision of lesion of base of tongue,est/swe/lat/ice/den/fin/nor
EJSB30,Excision of lesion of floor of mouth,est/swe/lat/ice/den/fin/nor
EJSB40,Hemiglossectomy,est/swe/lat/ice/den/fin/nor
EJSB50,Total glossectomy,est/swe/lat/ice/den/fin/nor
EJSB60,Partial excision of floor of mouth,est/swe/lat/ice/den/fin/nor
EJSB99,Other excision on tongue and floor of mouth,est/swe/lat/ice/den/fin/nor
EJSC00,Suture of tongue or floor of mouth,est/swe/lat/ice/den/fin/nor
EJSC20,Operation on frenulum of tongue,est/swe/lat/ice/den/fin/nor
EJSC30,Reconstruction of tongue,est/swe/lat/ice/den/fin/nor
EJSC31,Reconstruction of floor of mouth,ice/den/est
EJSC40,Glossopexy,est/swe/lat/ice/den/nor
EJSC50,Reduction glossoplasty,swe/lat/ice/den/fin/nor/est
EJSC99,Other reconstructive operation on tongue and floor of mouth,est/swe/lat/ice/den/fin/nor
EJSW99,Other operation on tongue or floor of mouth,est/swe/lat/ice/den/fin/nor
EJXX00,Needle biopsy of tongue or floor of mouth,est/swe/lat/ice/den/nor
EKSA00,Incision of cheek,est/swe/lat/ice/den/fin/nor
EKSA10,Biopsy of cheek,est/swe/lat/ice/den/fin/nor
EKSB00,Excision of lesion of cheek,est/swe/lat/ice/den/fin/nor
EKSB99,Other excision of cheek,est/swe/lat/ice/den/fin/nor
EKSC00,Suture of cheek,est/swe/lat/ice/den/fin/nor
EKSC10,Removal of foreign body from cheek,est/swe/lat/ice/den/fin/nor
EKSC20,Plastic repair of cheek,est/swe/lat/ice/den/fin/nor
EKSC30,Reconstruction of cheek,est/swe/lat/ice/den/nor
EKSC99,Other reconstructive operations on cheek,est/swe/lat/ice/den/fin/nor
EKSW99,Other operation on cheek,est/swe/lat/ice/den/fin/nor
EKXA00,Needle biopsy of cheek,ice/den/nor/est
ELDA3A,Salivary gland X-ray examinatin without contrast,swe/ice/den/fin
ELDB1C,Sialography of parotis,ice/fin
ELDB2C,Submandibular sialography,ice/fin
ELDB99,"Sialography, unspecified",swe/ice/den/nor
ELDE3A,Salivary gland ultrasonography,swe/ice/den/fin/nor
ELDG00,Sialography with MRI,fin
ELEA00,Sialoscopy,est/swe/lat/ice/den/fin/nor
ELEA02,Sialoscopy with biopsy,est/swe/lat/den/nor
ELFA00,Saliva excretion measurement,ice
ELIA00,Isotope imaging of salivary glands,swe/ice/fin/nor
ELSA00,Incision of salivary gland,est/swe/lat/ice/den/fin/nor
ELSA10,Sialodochotomy,est/swe/lat/ice/den/fin/nor
ELSA20,Sialolithotomy,est/swe/lat/ice/den/fin/nor
ELSA30,Biopsy of salivary gland,est/swe/lat/ice/den/fin/nor
ELSA40,Removal of foreign body from salivary gland,den/est
ELSB00,Excision or exploration of lesion of salivary gland,est/swe/lat/ice/den/fin/nor
ELSB10,Excision of minor salivary gland,est/swe/lat/ice/den/fin/nor
ELSB20,Excision of sublingual gland,est/swe/lat/ice/den/fin/nor
ELSB30,Excision of submandibular gland,est/swe/lat/ice/den/fin/nor
ELSB40,Partial parotidectomy,est/swe/lat/ice/den/fin/nor
ELSB50,Total parotidectomy,est/swe/lat/ice/den/fin/nor
ELSB99,Other excision of salivary gland,est/swe/lat/ice/den/fin/nor
ELSC00,Suture of salivary gland,est/swe/lat/ice/den/fin/nor
ELSC30,Ligature of salivary duct,est/swe/lat/ice/den/nor
ELSC40,Reconstruction of salivary duct,est/swe/lat/ice/den/fin/nor
ELSC50,Transposition of salivary duct,est/swe/lat/ice/den/fin/nor
ELSC60,Occlusion of fistula of salivary gland,est/swe/lat/ice/den/fin/nor
ELSC70,Endoscopic dilatation of salivary duct,den/est
ELSC99,Other reconstructive operations on salivary glands,est/swe/lat/ice/den/nor
ELSW99,Other operation on salivary gland,est/swe/lat/ice/den/fin/nor
ELXX00,Needle biopsy of salivary gland,est/swe/lat/ice/den/fin/nor
ELXX10,Salivary gland needle biopsy for cytology,ice/fin/est
ELXX40,Probing of salivary gland,ice/fin/est
ELXX42,Dilatation of salivary duct,ice/est
ELXX43,Dilatation of salivary duct with stent,ice/fin
EMDA1A,Epiharyngeal X-ray examination,ice/fin
EMSA00,Incision of tonsil,est/swe/lat/ice/den/fin/nor
EMSA10,Biopsy of tonsil,est/swe/lat/ice/den/fin/nor
EMSA20,Incision of adenoid,est/swe/lat/ice/den/nor
EMSA30,Biopsy of rhinopharynx,est/swe/lat/ice/den/fin/nor
EMSB00,Excision of lesion of tonsil or adenoids,est/swe/lat/ice/den/fin/nor
EMSB10,Tonsillectomy,est/swe/lat/ice/den/fin/nor
EMSB15,Intracapsular destruction of tonsils,swe/lat/ice/den/fin/nor
EMSB20,Adenotonsillectomy,est/swe/lat/ice/den/fin/nor
EMSB30,Adenotomy,est/swe/lat/ice/den/fin/nor
EMSB99,Other excision on tonsils and adenoids,est/swe/lat/ice/den/fin/nor
EMSC00,Suture of tonsil or adenoids,est/swe/lat/ice/den/nor
EMSC10,Removal of foreign body from tonsil,est/swe/lat/ice/den/fin/nor
EMSC99,Other reconstructive operations on tonsils and adenoids,est/swe/lat/ice/den/nor
EMSW99,Other operation on tonsil or adenoids,est/swe/lat/ice/den/fin/nor
EMXX00,Needle biopsy of tonsils or adenoids,est/swe/lat/ice/den/nor
ENDA20,Functional X-ray esamination of pharynx and adjacent structures,swe/lat/ice/fin/nor
ENDD1A,Mouth and neck soft tissues CT examination,swe/ice/den/fin
ENDE1A,Neck ultrasonography,swe/lat/ice/den/fin/nor
ENDG1B,Soft tissue of neck MRI examination,swe/ice/den/fin
ENE002,Oropharyngoscopy,est/swe/lat/ice/den/nor/fin
ENE005,Oropharyngoscopy with biopsy,est/swe/lat/ice/den/nor
ENE008,Oropharyngoscopic examination of swallowing,swe/ice
ENE009,Orophagyngoscopic examination of voice formation,swe/ice
ENE012,Hypopharyngoscopy,est/swe/lat/ice/den/nor
ENE015,Hypopharyngoscopy with biopsy,est/swe/lat/ice/den/nor
ENF010,Throat samling by swap for bacterial culture,ice
ENFX80,Clinical examination of ablility to swallow,swe/lat/ice/nor
ENIA00,Neck metabolic PET,fin
ENIA05,Neck metabolic PET with CT,fin/nor
ENIA07,Neck metabolic PET with MRI,fin
ENSA00,Internal incision of pharynx,est/swe/lat/ice/den/fin/nor
ENSA10,Biopsy of pharynx,est/swe/lat/ice/den/fin/nor
ENSA20,Pharyngotomy,est/swe/lat/ice/den/nor
ENSA30,Pharyngostomy,est/swe/lat/ice/den/fin/nor
ENSA32,Incision of deep pharyngeal infection,ice/fin/est
ENSB00,Excision or exploration of lesion of pharynx,est/swe/lat/ice/den/fin/nor
ENSB10,Excision of diverticulum of hypopharynx,est/swe/lat/ice/den/fin/nor
ENSB20,Pharyngectomy,est/swe/lat/ice/den/fin/nor
ENSB30,Laryngopharyngectomy,est/swe/lat/ice/den/fin/nor
ENSB40,Excision of branchial cyst or fistula,est/swe/lat/ice/den/fin/nor
ENSB50,Excision of cyst or fistula of thyroglossic duct,est/swe/lat/ice/den/fin/nor
ENSB60,Excision of styloid process,est/swe/lat/ice/den/fin/nor
ENSB99,Other excision of pharynx and adjacent structures,est/swe/lat/ice/den/fin/nor
ENSC00,Suture of pharynx and adjacent structures,est/swe/lat/ice/den/fin/nor
ENSC10,Removal of foreign body from pharynx,est/swe/lat/ice/den/fin/nor
ENSC20,Myotomy of cricopharyngeal muscle,est/swe/lat/ice/den/fin/nor
ENSC30,Plastic operation of pharynx,est/swe/lat/ice/den/fin/nor
ENSC40,Uvulopalatopharyngoplasty,est/swe/lat/ice/den/nor
ENSC45,Reduction palatopharyngoplasty using electromagnetic or sonic energy,swe/lat/ice/den/nor
ENSC50,Closure of fistula of pharynx,est/swe/lat/ice/den/fin/nor
ENSC60,Freeing of adhesions of pharynx,est/swe/lat/ice/den/fin/nor
ENSC70,Endoscopic diverticulo-hypopharyngostomy,est/lat/ice/den/nor
ENSC80,Plastic operation of soft palate for voice disturbance,ice/est
ENSC85,Plastic operation pharynx for voice disturbance,swe/ice/fin/est
ENSC99,Other reconstructive operation on pharynx and adjacent structures,est/swe/lat/ice/den/fin/nor
ENSW99,Other operation on pharynx or adjacent structures,est/swe/lat/ice/den/fin/nor
ENXA00,Heat coagulation of neck area with radiological guidance,ice/fin
ENXT1A,Punction of soft tissue of neck with ultrasound guidance,ice/fin/est
ENXT2A,Neck soft tissue needle puncture for cytology,ice/fin/est
ENXT3A,Neck soft tissue needle biopsy,ice/fin/est
ENXX00,Needle biopsy of pharynx or adjacent structures,est/swe/lat/ice/den/nor
ENXX10,Injection therapy of velopharynx och nasopharynx including therapy of ostium of auditory tubes,swe
EPDA1L,Dynamic X-ray of neck,ice/fin
EWSA00,"Repair of wound dehiscence in surgery of teeth, jaws, mouth and pharynx",est/swe/lat/ice/den/fin/nor
EWSB00,"Reoperation for superficial infection in surgery of teeth, jaws, mouth and pharynx",est/swe/lat/ice/den/nor
EWSC00,"Reoperation for deep infection in surgery of teeth, jaws, mouth and pharynx",est/swe/lat/ice/den/fin/nor
EWSD00,"Reoperation for superficial haemorrhage in surgery of teeth, jaws, mouth and pharynx",est/swe/lat/ice/den/nor
EWSE00,"Reoperation for deep haemorrhage in surgery of teeth, jaws, mouth and pharynx",est/swe/lat/ice/den/fin/nor
EWSF00,"Reoperation for insufficiency of anastomosis or suture in surgery of teeth, jaws, mouth and pharynx",est/swe/lat/ice/den/fin/nor
EWSW99,"Other reoperations in surgery of teeth, jaws, mouth and pharynx",est/swe/lat/ice/den/fin/nor
EXFA00,Examination of oral motor function,swe/ice/nor
EXFB00,Examination of taste and smell,swe/ice/nor
EXFC00,Photography of mouth,fin
EXO001,Preoperative radiotherapy of mouth and throat,ice
EXO002,Radical radiotherapy of mouth and throat,ice
EXO003,Adjuvant radiotherapy of mouth and throat,ice
EXO004,Palliative radiotherapy of mouth and throat,ice
EXO029,Radiotherapy of local residive of tumour of mouth and throat,ice
EXO049,Radiotherapy of methastasis of mouth and throat,ice
EXO090,Profylactic radiotherapy of mouth and throat,ice
EXO092,Brachyterapy of mouth,ice/fin/est
EXO099,Other radiotherapy of mouth and throat,ice
EXXA00,Implantantion of skeletal marker to bones of face area,den/est
EXXT00,Percutaneous sclerotherapy of vascular malformation of head and neck,ice/fin
EXXX99,"Other minor procedure in surgery of teeth, jaws, mouth and pharynx",est/swe/lat/ice/den/fin/nor
FADC00,Throcal cavography,swe/ice/nor
FADC10,Pulmonary venography,
FADD00,Pulmonaly venes and left atrium CT,fin/nor
FASA00,Suture of thoracic vena cava,est/swe/lat/ice/den/fin/nor
FASA10,Repair of thoracic vena cava using graft,est/swe/lat/ice/den/fin/nor
FASA20,Repair of thoracic vena cava using endovascular implant,ice/den
FASA30,Implantation of filter to superior vena cava,ice/den
FASA96,Other suture or repair of vena cava,est/swe/lat/ice/den/fin/nor
FASB00,Incision of thoracic vena cava,est/swe/lat/ice/den/fin/nor
FASB10,Thrombectomy of thoracic vena cava,est/swe/lat/ice/den/fin/nor
FASB20,Removal of foreign body from thoracic vena cava,est/swe/lat/ice/den/fin/nor
FASB22,Percutaneous transluminal removal of foreign body from thoracic vena cava,est/swe/lat/ice/den/fin/nor
FASB30,Excision of lesion of thoracic vena cava,est/swe/lat/ice/den/fin/nor
FASB96,Other incision or excision of thoracic vena cava,est/swe/lat/ice/den/fin/nor
FASC00,Resection or ligature of thoracic vena cava,est/swe/lat/ice/den/fin/nor
FASC10,Resection and reconstruction of thoracic vena cava using vein autograft,est/swe/lat/ice/den/fin/nor
FASC20,Resection and reconstruction of thoracic vena cava using prosthetic graft,est/swe/lat/ice/den/fin/nor
FASC22,Percutaneous transluminal angioplasty of thoracic vena cava,est/swe/lat/ice/den/fin/nor
FASC25,Percutaneous transluminal angioplasty of thoracic vena cava with insertion of stent,est/swe/lat/ice/den/fin/nor
FASC96,"Other resection, reconstruction or ligature of thoracic vena cava",est/swe/lat/ice/den/fin/nor
FASD00,Bypass operation on thoracic vena cava using vein graft,est/swe/lat/ice/den/fin/nor
FASD10,Bypass operation on thoracic vena cava using tube graft,est/swe/lat/ice/den/fin/nor
FASD96,Other bypass operations on thoracic vena cava,est/swe/lat/ice/den/fin/nor
FASE00,Anastomosis to pulmonary artery from superior vena cava,est/swe/lat/ice/den/fin/nor
FASE10,Bidirectional anastomosis between superior vena cava and pulmonary artery,est/swe/lat/ice/den/fin/nor
FASE20,Total cavo-pulmonary connection,est/swe/lat/ice/den/fin/nor
FASE30,Total cavo-pulmonary connection using fenestrated patch,est/swe/lat/ice/den/fin/nor
FASE40,Total cavo-pulmonary connection using extracardial conduit,est/swe/lat/ice/den/fin/nor
FASE50,Total extracardial cavo-pulmonary connection with shunt to atrium,est/swe/lat/ice/den/fin/nor
FASE96,Other connection to pulmonary artery from superior vena cava,est/swe/lat/ice/den/fin/nor
FASF00,Fenestration of total intracardiac cavopulmonal connection,est/swe/lat/ice/den/fin/nor
FASF10,Closure of fenestration of cavopulmonal connection,est/swe/lat/ice/den/fin/nor
FASF12,Percutaneous transluminal closure of fenestration of cavopulmonal connection,est/swe/lat/ice/den/fin
FASF20,Closure of cavopulmonary anastomosis,est/swe/lat/ice/den/fin/nor
FASF96,Other operation subsequent to cavopulmonary connection,est/swe/lat/ice/den/fin/nor
FASW96,Other operation on major thoracic veins,est/swe/lat/ice/den/fin/nor
FBDC1A,Angiography of arteria pulmonalis,swe/ice/den/fin/nor
FBDD1A,CT examination of arteria pulmonalis,ice/fin/nor
FBDG1B,Arteria pulmonalis MRI examination,ice/fin/nor
FBSA00,Suture of pulmonary artery,est/swe/lat/ice/den/fin/nor
FBSA10,Suture of pulmonary artery using graft,est/swe/lat/ice/den/fin/nor
FBSA96,Other suture or repair of pulmonary artery,est/swe/lat/ice/den/fin/nor
FBSB00,Incision of pulmonary artery,est/swe/lat/ice/den/fin/nor
FBSB10,Transluminal extraction of pulmonary embolus,est/swe/lat/ice/den/fin/nor
FBSB20,Thrombendarterectomy of pulmonary artery in chronic obstruction,est/swe/lat/ice/den/fin/nor
FBSB50,Removal of foreign body from pulmonary artery,est/swe/lat/ice/den/fin/nor
FBSB52,Percutaneous transluminal removal of foreign body from pulmonary artery,est/swe/lat/ice/den/fin/nor
FBSB96,Other incision of pulmonary artery,est/swe/lat/ice/den/fin/nor
FBSC00,Banding of pulmonary artery,est/swe/lat/ice/den/fin/nor
FBSC10,Banding of pulmonary artery with other concurrent procedure for congenital heart defect,est/swe/lat/ice/den/fin/nor
FBSC96,Other banding operations on pulmonary artery,est/swe/lat/ice/den/fin/nor
FBSD00,Removal of band from pulmonary artery,est/swe/lat/ice/den/fin/nor
FBSD10,Removal of band and dilatation of pulmonary artery,est/swe/lat/ice/den/fin/nor
FBSD12,Percutaneous transluminal rupture of band and dilatation of pulmonary artery,est/swe/lat/ice/den/fin/nor
FBSD20,Removal of band and reconstruction of pulmonary artery,est/swe/lat/ice/den/fin/nor
FBSD96,Other debanding operation on pulmonary artery,est/swe/lat/ice/den/fin/nor
FBSE00,Expansion of pulmonary artery,est/swe/lat/ice/den/fin/nor
FBSE10,Expansion or reconstruction of pulmonary artery using patch,est/swe/lat/ice/den/fin/nor
FBSE20,Reconstruction of pulmonary artery using tube graft,est/swe/lat/ice/den/fin/nor
FBSE32,Percutaneous transluminal angioplasty of pulmonary artery,est/swe/lat/ice/den/fin/nor
FBSE35,Percutaneous transluminal angioplasty of pulmonary artery with insertion of stent,est/swe/lat/ice/den/fin/nor
FBSE42,Percutaneous transluminal recanalisation of pulmonary artery,est/swe/lat/ice/den/fin
FBSE96,Other expansion or reconstruction of pulmonary artery,est/swe/lat/ice/den/fin/nor
FBSF00,Resection of pulmonary artery,est/swe/lat/ice/den/fin/nor
FBSF10,Resection and reconstruction of pulmonary artery using graft,est/swe/lat/ice/den/fin/nor
FBSF20,Resection of pulmonary artery and reconstruction of airway,est/swe/lat/ice/den/fin/nor
FBSF96,Other reduction of pulmonary artery,est/swe/lat/ice/den/fin/nor
FBSG00,Anastomosis to pulmonary artery from MAPCA,est/swe/lat/ice/den/fin/nor
FBSG10,Anastomosis to graft from MAPCA,est/swe/lat/ice/den/fin/nor
FBSG96,Other unifocalisation in MAPCA,est/swe/lat/ice/den/fin/nor
FBSH00,Transposition of pulmonary artery sling,est/swe/lat/ice/den/fin/nor
FBSH10,Transposition of pulmonary artery sling with division of airway,est/swe/lat/ice/den/fin/nor
FBSH96,Other repair of pulmonary artery sling,est/swe/lat/ice/den/fin/nor
FBSJ00,Anastomosis to pulmonary artery from subclavian artery,est/swe/lat/ice/den/nor
FBSJ10,Anastomosis to pulmonary artery from subclavian artery with interposition graft,est/swe/lat/ice/den/fin/nor
FBSJ96,Other connection to pulmonary artery from subclavian artery,est/swe/lat/ice/den/fin/nor
FBSK00,Closure of subclavio-pulmonary anastomosis,est/swe/lat/ice/den/fin/nor
FBSK02,Percutaneous transluminal closure of Blalock-Taussig shunt,ice/den/fin/est
FBSK10,Closure of subclavio-pulmonary anastomosis with reconstruction of pulmonary artery,est/swe/lat/ice/den/fin/nor
FBSK96,Closure of other subclavio-pulmonary connection,est/swe/lat/ice/den/fin/nor
FBSL00,Anastomosis to pulmonary trunk from ascending aorta,est/swe/lat/ice/den/fin/nor
FBSL10,Aorto-pulmonary anastomosis,est/swe/lat/ice/den/nor
FBSL20,Distal aorto-pulmonary anastomosis,est/swe/lat/ice/den/nor
FBSL30,Aorto-pulmonary anastomosis using graft,est/swe/lat/ice/den/fin/nor
FBSL40,Aorto-pulmonary anastomosis in single ventricle conditions,est/swe/lat/ice/den/fin/nor
FBSL50,Aorto-pulmonary anastomosis with transsection of pulmonary artery,est/swe/lat/ice/den/nor
FBSL96,Other connection to pulmonary artery from aorta,est/swe/lat/ice/den/fin/nor
FBSM00,Closure of central aorto-pulmonary anastomosis,est/swe/lat/ice/den/fin/nor
FBSM10,Closure of aorto-pulmonary shunt,est/swe/lat/ice/den/nor
FBSM20,Closure of distal aorto-pulmonary shunt,est/swe/lat/ice/den/nor
FBSM30,Closure of prosthetic aorto-pulmonary connection,est/swe/lat/ice/den/nor
FBSM32,Percutaneous transluminal closure of central aortopulmonal connection,ice/den
FBSM96,Other closure of artificial aorto-pulmonary connection,est/swe/lat/ice/den/fin/nor
FBSN00,Closure of fistula to atrium from pulmonary artery,est/swe/lat/ice/den/fin/nor
FBSN10,Closure of arterio-venous fistula from pulmonary artery,est/swe/lat/ice/den/fin/nor
FBSN12,Percutaneous transluminal closure of arterio-venous fistula from pulmonary artery,ice/den/fin/est
FBSN96,Closure of other fistula of pulmonary artery,est/swe/lat/ice/den/fin/nor
FBSW96,Other operation on pulmonary artery and branches,est/swe/lat/ice/den/fin
FBXX00,Catheterisation of pulmonary artery,swe/lat/ice/fin/nor
FBXX02,Removal of catheter from lung artery,ice
FCDC1A,Angiography of thoracal aorta,swe/ice/fin/nor
FCDD1A,CT of thoracal aorta,ice/den/fin
FCSA00,Suture of ascending aorta,est/swe/lat/ice/den/fin/nor
FCSA02,Repair of ascending aorta by division and suture,est/swe/lat/ice/nor
FCSA03,Percutaneous transluminal plastic correction of ascending aorta,den
FCSA04,Reinforcement of ascending aorta with wrapping,est/swe/lat/ice/den/fin/nor
FCSA06,Partial resection and suture of ascending aorta,est/swe/lat/ice/nor
FCSA08,Repair of ascending aorta using patch,est/swe/lat/ice/nor
FCSA20,Suture of aortic arch,est/swe/lat/ice/den/fin/nor
FCSA22,Repair of aortic arch by division and suture,est/swe/lat/ice/den/fin/nor
FCSA23,Percutaneous transluminal plastic of aortic arch,den/est
FCSA26,Partial resection and suture of aortic arch,est/swe/lat/ice/den/fin/nor
FCSA28,Repair of aortic arch using patch,est/swe/lat/ice/den/fin/nor
FCSA40,Suture of descending aorta,est/swe/lat/ice/nor
FCSA42,Repair of descending aorta by division and suture,est/swe/lat/ice/nor
FCSA44,Wrapping of descendent aorta,swe/ice/fin
FCSA46,Partial resection and suture of descending aorta,est/swe/lat/ice/den/fin/nor
FCSA48,Repair of descending aorta using patch,est/swe/lat/ice/den/fin/nor
FCSA60,Suture of thoracoabdominal aorta,est/swe/lat/ice/den/fin/nor
FCSA64,Reinforcement of thoracoabdominal aorta using suture,est/swe/lat/ice/den/fin/nor
FCSA66,Partial resection and suture of thoracoabdominal aorta,est/swe/lat/ice/den/fin/nor
FCSA68,Repair of thoracoabdominal aorta using patch,est/swe/lat/ice/den/fin/nor
FCSA69,Percutaneous transluminal insertion of stent into ductus arteriosus,nor
FCSB00,Resection of aortic root and ascending aorta with reimplantation of coronary arteries and use of composite graft with mechanical valve prosthesis,est/swe/lat/ice/den/fin/nor
FCSB02,Resection of aortic root and ascending aorta with reimplantation of coronary arteries and use of biological valve prosthesis and tube graft,est/swe/lat/ice/den/fin/nor
FCSB04,Resection of aortic root and ascending aorta with reimplantation of coronary arteries and preservation of own aortta,est/swe/lat/ice/fin
FCSB08,Resection and reconstruction of ascending aorta using tube graft,est/swe/lat/ice/den/fin/nor
FCSB12,Percutaneous insertion of stent into ascending aorta,est/swe/lat/ice/den/fin/nor
FCSB20,Resection and reconstruction of aortic arch using tube graft,est/swe/lat/ice/den/fin/nor
FCSB22,By-pass of aortic arch using tube graft,ice/fin/nor
FCSB26,Resection of aortic arch and reimplantation of branches,est/swe/lat/ice/nor/den
FCSB30,Percutaneous transluminal angioplasty (PTA) of aortic arch,ice/den/fin
FCSB32,Percutaneous insertion of stent into aortic arch,est/swe/lat/ice/den/fin/nor
FCSB40,Resection and reconstruction of descending aorta using tube graft,est/swe/lat/ice/fin/nor
FCSB42,Bypass to descending aorta using tube graft,est/swe/lat/ice/den
FCSB46,Resection of descending aorta and reimplantation of branches,swe/ice/den/fin/nor
FCSB52,Percutaneous insertion of stent into descending aorta,est/swe/lat/ice/den/fin/nor
FCSB60,Resection and reconstruction of thoracoabdominal aorta using tube graft,est/swe/lat/ice/den/fin/nor
FCSB62,Bypass of thoracoabdominal aorta using tube graft,est/swe/lat/ice/den/fin/nor
FCSB66,Resection of thoracoabdominal aorta and reimplantation of branches,est/swe/lat/ice/den/fin/nor
FCSB70,Percutaneous insertion of stent into thoracoabdominal aorta,est/swe/lat/ice/den/fin/nor
FCSB80,Perctaneous trombectomy or embolectomy of thoracic aorta,nor/est
FCSC00,Removal of foreign body from ascending aorta,est/swe/lat/ice/den/fin
FCSC02,Percutaneous removal of foreign body from ascending aorta,est/swe/lat/ice/den/fin/nor
FCSC20,Removal of foreign body from aortic arch,est/swe/lat/ice/den/fin/nor
FCSC22,Percutaneous removal of foreign body from aortic arch,est/swe/lat/ice/den/fin
FCSC42,Percutaneous removal of foreign body from descending aorta,est/swe/lat/ice/den
FCSC60,Removal of foreign body from thoracoabdominal aorta,est/swe/lat/ice/den/fin/nor
FCSC62,Percutaneous removal of foreign body from thoracoabdominal aorta,est/swe/lat/ice/den/fin/nor
FCSD00,Other repair of ascending aorta,est/swe/lat/ice/den/fin/nor
FCSD20,Other repair of aortic arch,est/swe/lat/ice/den/fin/nor
FCSD40,Other repair of descending aorta,est/swe/lat/ice/den/fin/nor
FCSD60,Other repair of thoracoabdominal aorta,est/swe/lat/ice/den/fin/nor
FCSE00,Closure of ruptured aneurysm of sinus of Valsalva,est/swe/lat/ice/den/fin/nor
FCSE10,Closure of acquired aorto-venous fistula,est/swe/lat/ice/den/fin/nor
FCSE12,Percutaneous transluminal closure of acquired aorto-venous fistula,ice/den/est
FCSE20,Closure of acquired aorto-pulmonary fistula,est/swe/lat/ice/den/fin/nor
FCSE22,Percutaneous transluminal closure of acquired aorto-pulmonary fistula,ice/den
FCSE30,Closure of acquired aorto-bronchial fistula,est/swe/lat/ice/den/fin/nor
FCSE35,Closure of aorto-cardial fistula,ice/den
FCSE40,Closure of acquired aorto-enteric fistula,est/swe/lat/ice/den/fin/nor
FCSE96,Closure of other acquired fistula from aorta,est/swe/lat/ice/den/fin/nor
FCSW02,Percutaneous transluminal closure of aorto-pulmonary collateral,ice/est
FCSW12,Percutaneous transluminal fenestration of thoracal descending aorta,ice/den
FCSW20,Percutaneous transluminal dilatation of aorta,ice/est
FCSW96,Other operation on thoracic or thoracoabdominal aorta,est/swe/lat/ice/den/fin/nor
FDSA00,Aortoplasty and aorto-pulmonary shunt for Hypoplastic Left Heart Syndrome,est/swe/lat/ice/den/fin/nor
FDSA10,Aortoplasty and ventriculo-pulmonary shunt for Hypoplastic Left Heart Syndrome,est/swe/lat/ice/den/fin/nor
FDSA96,Other operation for Hypoplastic Left Heart Syndrome,est/swe/lat/ice/den/fin/nor
FDSB00,Arterial switch for Transposition of Great Arteries,est/swe/lat/ice/den/nor
FDSB20,Arterial switch operation for other congenital heart defect,est/swe/lat/ice/den/fin/nor
FDSB30,Secondary correction of TGA,fin
FDSB96,Other operation for transposition of the great arteries,est/swe/lat/ice/den/fin/nor
FDSC00,Repair of persistent truncus arteriosus with simple prosthetic connection to pulmonary artery from right,est/swe/lat/ice/den/fin/nor
FDSC10,Repair of persistent truncus arteriosus using valved prosthesis,est/swe/lat/ice/den/fin/nor
FDSC20,Repair of persistent truncus arteriosus with anastomosis to pulmonary artery from right ventricle,est/swe/lat/ice/den/fin/nor
FDSC96,Other repair of persistent truncus arteriosus,est/swe/lat/ice/den/fin/nor
FDSD00,Closure of aorto-ventricular tunnel,est/swe/lat/ice/den/fin/nor
FDSD10,Ligature of aorto-pulmonary window,est/swe/lat/ice/den/fin/nor
FDSD13,Closure of aorto-pulmonary window with suture,est/swe/lat/ice/den/fin/nor
FDSD20,Closure of aorto-pulmonary window using patch,est/swe/lat/ice/den/fin/nor
FDSD30,Percutaneous transluminal occlusion of aorto-pulmonary collateral,nor
FDSD96,Closure of other congenital fistula from aorta,est/swe/lat/ice/den/fin/nor
FDSE00,Closure of patent ductus arteriosus,est/swe/lat/ice/den/fin/nor
FDSE10,Ligature of patent ductus arteriosus,est/swe/lat/ice/den/fin/nor
FDSE20,Division of patent ductus arteriosus,est/swe/lat/ice/den/fin/nor
FDSE31,Thoracoscopic closure of patent ductus arteriosus,est/swe/lat/ice/den/fin/nor
FDSE32,Percutaneous transluminal occlusion of patent ductus arteriosus,est/swe/lat/ice/den/fin/nor
FDSE96,Other closure of patent ductus arteriosus,est/swe/lat/ice/den/fin/nor
FDSF00,Closure of aorto-pulmonary collaterals,est/swe/lat/ice/den/fin/nor
FDSF05,Percutaneous transluminal occlusion of aorto-pulmonary collaterals,est/swe/lat/ice/den/fin
FDSG00,Reconstruction of ascending aorta for supravalvular aortic stenosis,est/swe/lat/ice/den/fin/nor
FDSG10,Reconstruction of ascending aorta for supravalvular aortic stenosis using patch,est/swe/lat/ice/den/fin/nor
FDSG96,Other operation for supravalvular aortic stenosis,est/swe/lat/ice/den/fin/nor
FDSH00,End to end reconstruction of interrupted or hypoplastic aortic arch,est/swe/lat/ice/den/fin/nor
FDSH10,Reconstruction of interrupted or hypoplastic aortic arch using patch,est/swe/lat/ice/den/nor
FDSH30,Reconstruction of interrupted or hypoplastic aortic arch using tube graft,est/swe/lat/ice/den/nor
FDSH40,Reconstruction of interrupted or hypoplastic aortic arch with bypass,est/swe/lat/ice/den/nor
FDSH96,Other operation for interrupted or hypoplastic aortic arch,est/swe/lat/ice/den/fin/nor
FDSJ00,End to end reconstruction of aorta for coarctation,est/swe/lat/ice/den/fin/nor
FDSJ10,Aortoplasty using subclavian or carotid artery for coarctation,est/swe/lat/ice/den/fin/nor
FDSJ20,Aortoplasty for coarctation using patch,est/swe/lat/ice/den/fin/nor
FDSJ30,Reconstruction of aorta for coarctation using tube graft,est/swe/lat/ice/den/fin/nor
FDSJ42,Percutaneous transluminal angioplasty of thoracic aorta in coarctation,est/swe/lat/ice/den/fin
FDSJ45,Percutaneous transluminal angioplasty of thoracic aorta with stent in coarctation,ice/den/fin/est
FDSJ96,Other operation for coarctation of aorta,est/swe/lat/ice/den/fin/nor
FDSM00,Division of double aortic arch,est/swe/lat/ice/den/fin/nor
FDSM10,Division of other vascular ring anomaly of aortic arch,est/swe/lat/ice/den/fin/nor
FDSM11,Thoracoscopic division of other vascular ring anomaly of aortic arch,est/swe/lat/ice/den/nor
FDSM20,Transposition of arterial sling,est/swe/lat/ice/den/nor
FDSM96,Other operation for vascular ring anomalies of aortic arch,est/swe/lat/ice/den/fin/nor
FDSN02,Percutaneous transluminal insertion of stent into ductus arteriosus,est/swe/lat/ice/den/fin/nor
FDSW96,Other operation for malformation of thoracic or thoracoabdominal aorta,est/swe/lat/ice/den/fin/nor
FDXA00,Closure of ductus arteriosus with drugs,lat/ice/nor
FDXA02,Opening of ductus arteriosus with drugs,lat/ice/nor
FEDE1A,Ultrasonography of pericardiium,swe/ice/fin
FESA00,Closed external drainage of pericardium,est/swe/lat/ice/den/fin/nor
FESB00,Exploration of pericardium,est/swe/lat/ice/den/fin/nor
FESB10,Decompression and drainage of pericardium,est/swe/lat/ice/den/fin/nor
FESB51,Thoracoscopic pericardiotomy,est/swe/lat/ice/den/fin/nor
FESB96,Other pericardiotomy procedures,est/swe/lat/ice/den/fin/nor
FESC00,Pericardiopleurostomy,est/swe/lat/ice/den/fin/nor
FESC01,Thoracoscopic pericardiopleurostomy,est/swe/lat/ice/den/fin/nor
FESC10,Pericardioperitoneostomy,est/swe/lat/ice/den/fin/nor
FESC96,Other internal pericardiostomy,est/swe/lat/ice/den/fin/nor
FESD00,Suture of pericardium,est/swe/lat/ice/den/fin/nor
FESD03,Reconstruction of pericardium using patch,est/swe/lat/ice/den/fin/nor
FESD10,Suture of pericardium and diaphragm,est/swe/lat/ice/den/fin
FESD96,Other repair of pericardium,est/swe/lat/ice/den/fin/nor
FESE00,Biopsy of pericardium,est/swe/lat/ice/den/fin/nor
FESE01,Thoracoscopic biopsy of pericardium,est/swe/lat/ice/den/fin/nor
FESE10,Excision of lesion of pericardium,est/swe/lat/ice/den/fin/nor
FESE96,Other biopsy or excision of lesion of pericardium,est/swe/lat/ice/den/fin/nor
FESF00,Resection of pericardium,est/swe/lat/ice/den/fin/nor
FESF10,Subtotal pericardiectomy,est/swe/lat/ice/den/fin/nor
FESF20,Pericardiectomy with decortication,est/swe/lat/ice/den/fin/nor
FESF31,Thoracoscopic pericardiectomy,est/swe/lat/ice/den/fin/nor
FESF96,Other resection or extirpation of pericardium,est/swe/lat/ice/den/fin/nor
FESW96,Other operation on pericardium,est/swe/lat/ice/den/fin/nor
FEX000,Pericardiocentesis,est/swe/lat/ice/den/fin/nor
FEX002,Pericardial catheterisation,ice/fin/nor/est
FEX010,Removal of pericardial catheter,swe/ice
FFSA00,Biopsy of atrium,est/swe/lat/ice/den/fin/nor
FFSA02,Percutaneous transluminal biopsy of atrium,est/swe/lat/ice/den/fin/nor
FFSA10,Excision of lesion of atrium,est/swe/lat/ice/den/fin/nor
FFSA20,Thrombectomy of atrium,est/swe/lat/ice/den/fin/nor
FFSA30,Removal of foreign body from atrium,est/swe/lat/ice/den/fin/nor
FFSA32,Percutaneous transluminal removal of foreign body from atrium,est/swe/lat/ice/den/fin/nor
FFSA96,Other biopsy or excision of lesion in atrium,est/swe/lat/ice/den/fin/nor
FFSB00,Suture of atrium,est/swe/lat/ice/den/fin/nor
FFSB10,Repair of atrium,est/swe/lat/ice/den/fin/nor
FFSB96,Other operation on atrium for injury,est/swe/lat/ice/den/fin/nor
FFSC00,Suture of ostium secundum type ASD,est/swe/lat/ice/den/fin/nor
FFSC10,Suture of sinus venosus type ASD,est/swe/lat/ice/den/nor
FFSC22,Percutaneous transluminal closure of ostium secundum type ASD,est/swe/lat/ice/den/fin/nor
FFSC32,Percutaneous transluminal closure of sinus venosus type ASD,est/swe/lat/ice/den/nor
FFSC50,Closure of ostium secundum type ASD using patch,est/swe/lat/ice/den/fin/nor
FFSC60,Closure of sinus venosus type ASD using patch,est/swe/lat/ice/den/nor
FFSC96,Other closure of isolated atrial septal defect,est/swe/lat/ice/den/fin/nor
FFSD00,Suture of atrio-ventricular septal defect,est/swe/lat/ice/den/nor
FFSD20,Closure of atrio-ventricular septal defect using patch,est/swe/lat/ice/den/nor
FFSD96,Other operation for partial atrio-ventricular septal defect,est/swe/lat/ice/den/fin/nor
FFSE00,Closed atrial septostomy,est/swe/lat/ice/den/nor
FFSE02,Percutaneous transluminal atrial septostomy,est/swe/lat/ice/den/fin/nor
FFSE10,Creation or expansion of ASD in open heart surgery,est/swe/lat/ice/den/fin/nor
FFSE96,Other creation or expansion of atrial septal defect,est/swe/lat/ice/den/fin/nor
FFSF00,Transposition of partially anomalous pulmonary veins using intraatrial patch,est/swe/lat/ice/den/fin/nor
FFSF10,Creation or expansion of ASD and transposition of partially anomalous pulmonary veins using intraatrial,est/swe/lat/ice/den/fin/nor
FFSF20,Anastomosis to left atrium from partially anomalous pulmonary veins,est/swe/lat/ice/den/fin/nor
FFSF96,Other operation for partially anomalous pulmonary veins,est/swe/lat/ice/den/fin/nor
FFSG00,Repair of supracardial TAPVD,est/swe/lat/ice/den/fin/nor
FFSG10,Repair of cardial type TAPVD,est/swe/lat/ice/den/fin/nor
FFSG20,Repair of infracardial TAPVD,est/swe/lat/ice/den/fin/nor
FFSG30,Repair of mixed type TAPVD,est/swe/lat/ice/den/fin/nor
FFSG96,Other correction of total anomalous pulmonary vein drainage,est/swe/lat/ice/den/fin/nor
FFSH00,Operation for primary stenosis of pulmonary vein,est/swe/lat/ice/den/fin/nor
FFSH10,Operation for stenosis of pulmonary vein after correction of TAPVD,est/swe/lat/ice/den/fin/nor
FFSH22,Percutaneous transluminal angioplasty of pulmonary vein,est/swe/lat/ice/den/fin/nor
FFSH25,Percutaneous transluminal angioplasty of pulmonary vein with insertion of stent,est/swe/lat/ice/den/fin/nor
FFSH96,Other operation for stenosis of pulmonary vein,est/swe/lat/ice/den/fin/nor
FFSJ00,Intraatrial transposition using atrial wall,est/swe/lat/ice/den/fin/nor
FFSJ10,Intraatrial transposition using atrial patch,est/swe/lat/ice/den/fin/nor
FFSJ96,Other intraatrial transposition of venous return,est/swe/lat/ice/den/fin/nor
FFSK10,Atrio-ventricular anastomosis,est/swe/lat/ice/den/fin/nor
FFSK20,Atrio-pulmonary anastomosis,est/swe/lat/ice/den/fin/nor
FFSK96,Other operation involving atrial anastomoses,est/swe/lat/ice/den/fin/nor
FFSL00,Resection of intraatrial membrane,est/swe/lat/ice/den/fin/nor
FFSL10,Resection of intraatrial membrane and closure of ASD,est/swe/lat/ice/den/fin/nor
FFSL96,Other reconstruction of atrium in cor triatriatum,est/swe/lat/ice/den/fin/nor
FFSM00,Atrial auricle closure or removal with ligation,fin
FFSM10,Atrial auricle closure or removal with pericardial device,fin/est
FFSM20,Atrial auricle amputation,fin
FFSM30,Atrial auricle closure in intracardiac suture,fin
FFSM32,Intravascular closure or removal of atrial auricle with device,swe/fin/nor/est
FFSM99,Other closure or removal of atrial aurcile,fin
FFSW96,Other operation on atria,est/swe/lat/ice/den/fin
FFSW98,Other percutaneous transluminal operation on atrium,den/nor
FGSA00,Commissurotomy of tricuspid valve for congenital malformation,est/swe/lat/ice/den/fin/nor
FGSA10,Commissurotomy of tricuspid valve for acquired stenosis,est/swe/lat/ice/den/fin/nor
FGSA32,Percutaneous transluminal expansion of tricuspid valve,est/swe/lat/ice/den/fin/nor
FGSA96,Other repair of tricuspid valve for stenosis,est/swe/lat/ice/den/fin/nor
FGSB00,Repair of Ebstein's anomaly with atrio-ventricular plication,est/swe/lat/ice/den/fin/nor
FGSB10,Repair of Ebstein's anomaly with mobilisation and ventricular plication,est/swe/lat/ice/den/fin/nor
FGSB96,Other repair of Ebstein's anomaly,est/swe/lat/ice/den/fin/nor
FGSC00,Annuloplasty of tricuspid valve using suture,est/swe/lat/ice/den/fin/nor
FGSC10,Annuloplasty of tricuspid valve using prosthetic ring,est/swe/lat/ice/den/fin/nor
FGSC96,Other annuloplasty of tricuspid valve for insufficiency,est/swe/lat/ice/den/fin/nor
FGSD00,Repair of tricuspid valve using suture,est/swe/lat/ice/den/fin/nor
FGSD03,Suture of cleft tricuspid leaflet,est/swe/lat/ice/den/fin/nor
FGSD10,Repair of tricuspid valve using patch,est/swe/lat/ice/den/fin/nor
FGSD30,Repair of tricuspid valve with suture of papillary muscle or chord,est/swe/lat/ice/den/fin/nor
FGSD40,Repair of tricuspid valve using prosthetic chord,est/swe/lat/ice/den/fin/nor
FGSD96,Other repair of tricuspid valve for insufficiency,est/swe/lat/ice/den/fin/nor
FGSE00,Replacement of tricuspid valve using mechanical prosthesis,est/swe/lat/ice/den/fin/nor
FGSE10,Replacement of tricuspid valve using biological prosthesis,est/swe/lat/ice/den/fin/nor
FGSE20,Replacement of tricuspid valve using homograft,est/swe/lat/ice/den/fin/nor
FGSE96,Other prosthetic replacement of tricuspid valve,est/swe/lat/ice/den/fin/nor
FGSW96,Other operation on tricuspid valve,est/swe/lat/ice/den/fin/nor
FHSA00,Closure of VSR for injury,est/swe/lat/ice/den/fin/nor
FHSA10,Closure of VSR in anteroseptal myocardial infarction,est/swe/lat/ice/den/fin/nor
FHSA20,Closure of VSR in posteroseptal myocardial infarction,est/swe/lat/ice/den/fin/nor
FHSA96,Other closure of acquired ventricular septal defect,est/swe/lat/ice/den/fin/nor
FHSB00,Transatrial suture of VSD,est/swe/lat/ice/den/fin/nor
FHSB10,Transventricular suture of VSD,est/swe/lat/ice/den/nor
FHSB20,Transpulmonary suture of VSD,est/swe/lat/ice/den/nor
FHSB30,Transaortal suture of VSD,est/swe/lat/ice/den/nor
FHSB40,Intraoperative transluminal closure of ventricular septal defect,est/swe/lat/ice/den/fin/nor
FHSB42,Percutaneous transluminal closure of ventricular septal defect,est/swe/lat/ice/den/fin/nor
FHSB50,Transatrial closure of VSD using patch,est/swe/lat/ice/den/fin/nor
FHSB60,Transventricular closure of VSD using patch,est/swe/lat/ice/den/nor
FHSB70,Transpulmonary closure of VSD using patch,est/swe/lat/ice/den/nor
FHSB80,Transaortal closure of VSD using patch,est/swe/lat/ice/den/nor
FHSB96,Other closure of congenital ventricular septal defect,est/swe/lat/ice/den/fin/nor
FHSC00,Transatrial closure of multiple ventricular septal defects,est/swe/lat/ice/den/fin/nor
FHSC10,Closure of multiple ventricular septal defects through right ventriculotomy,est/swe/lat/ice/den/nor
FHSC20,Closure of multiple ventricular septal defects through left ventriculotomy,est/swe/lat/ice/den/nor
FHSC30,Closure of multiple ventricular septal defects through atriotomy and ventriculotomy,est/swe/lat/ice/den/nor
FHSC96,Other closure of multiple congenital ventricular septal defects,est/swe/lat/ice/den/fin/nor
FHSD00,Repair of complete atrio-ventricular septal defect using atrio-ventricular patch,est/swe/lat/ice/den/fin/nor
FHSD05,Repair of complete atrioventricular septal defect using atrial patch and suture of ventricular septal defect,est/swe/lat/ice/den/fin/nor
FHSD10,Repair of complete atrio-ventricular septal defect using two patch technique,est/swe/lat/ice/den/fin/nor
FHSD30,Repair of complete atrio-ventricular septal defect and concurrent resection of pulmonary stenosis,est/swe/lat/ice/den/nor
FHSD96,Other repair of complete atrio-ventricular septal defect,est/swe/lat/ice/den/fin/nor
FHSE00,Transatrial repair of tetralogy of Fallot,est/swe/lat/ice/den/fin/nor
FHSE10,Transventricular repair of tetralogy of Fallot,est/swe/lat/ice/den/nor
FHSE20,Transventricular repair of tetralogy of Fallot with outlet patch,est/swe/lat/ice/den/fin/nor
FHSE30,Repair of tetralogy of Fallot with transannular patch,est/swe/lat/ice/den/fin/nor
FHSE40,Repair of tetralogy of Fallot with ventriculo-pulmonary prosthesis or homograft,est/swe/lat/ice/den/fin/nor
FHSE96,Other repair of tetralogy of Fallot,est/swe/lat/ice/den/fin/nor
FHSF00,Repair of pulmonary atresia with transannular patch,est/swe/lat/ice/den/fin/nor
FHSF10,Repair of pulmonary atresia with ventriculo-pulmonary prosthesis or homograft,est/swe/lat/ice/den/fin/nor
FHSF20,Repair of pulmonary atresia with transannular patch and closure of VSD,est/swe/lat/ice/den/fin/nor
FHSF30,Repair of pulmonary atresia with ventriculo-pulmonary prosthesis or homograft and closure of VSD,est/swe/lat/ice/den/fin/nor
FHSF96,Other repair of pulmonary atresia,est/swe/lat/ice/den/fin/nor
FHSG00,Correction of DOLV,est/swe/lat/ice/den/fin/nor
FHSG10,Correction of DORV,est/swe/lat/ice/den/fin/nor
FHSG20,Intraventricular switch with extraventricular conduit,est/swe/lat/ice/den/fin/nor
FHSG96,Other operation for double outlet ventricle,est/swe/lat/ice/den/fin/nor
FHSH00,Expansion of VSD in univentricular heart,est/swe/lat/ice/den/fin/nor
FHSH10,Expansion of VSD in double outlet ventricle,est/swe/lat/ice/den/nor
FHSH20,Fenestration of VSD patch,est/swe/lat/ice/den/fin/nor
FHSH96,Other operation for creation or expansion of VSD,est/swe/lat/ice/den/fin/nor
FHSH98,Percutaneous creation or expansion of VSD,ice
FHSJ00,Construction of ventricular septum using patch,est/swe/lat/ice/den/fin/nor
FHSJ10,Construction of ventricular septum using fenestrated patch,est/swe/lat/ice/den/fin/nor
FHSJ96,Other construction of septum in common ventricle,est/swe/lat/ice/den/fin/nor
FHSW96,Other operation on ventricular septum,est/swe/lat/ice/den/fin/nor
FJSA00,Biopsy of right ventricle,est/swe/lat/ice/den/fin/nor
FJSA12,Percutaneous transluminal biopsy of right ventricle,est/swe/lat/ice/den/fin/nor
FJSA96,Other biopsy of right ventricle,est/swe/lat/ice/den/fin/nor
FJSB00,Suture of right ventricle for injury,est/swe/lat/ice/den/fin/nor
FJSB10,Repair of right ventricle for injury using graft,est/swe/lat/ice/den/fin/nor
FJSB96,Other repair of right ventricle for injury,est/swe/lat/ice/den/fin/nor
FJSC00,Excision of lesion of right ventricle,est/swe/lat/ice/den/fin/nor
FJSC10,Removal of foreign body from right ventricle,est/swe/lat/ice/den/fin/nor
FJSC12,Percutaneous transluminal removal of foreign body from right ventricle,est/swe/lat/ice/den/fin/nor
FJSD00,Resection of fibromuscular infundibular pulmonary stenosis,est/swe/lat/ice/den/fin/nor
FJSD10,Expansion of right ventricle with patch,est/swe/lat/ice/den/fin/nor
FJSD20,Bypass of pulmonary valve with ventriculopulmonary prosthesis or homograft,est/swe/lat/ice/den/fin/nor
FJSD96,Other operation on right ventricle outlet for congenital or acquired obstruction,est/swe/lat/ice/den/fin/nor
FJSE00,Dilatation of pulmonary valve,est/swe/lat/ice/den/fin/nor
FJSE10,Pulmonary valvulotomy,est/swe/lat/ice/den/fin/nor
FJSE20,Excision of pulmonary valve and expansion of annulus using patch,est/swe/lat/ice/den/fin/nor
FJSE30,Transannular pulmonary patch using monocusp valve,est/swe/lat/ice/den/fin/nor
FJSE42,Percutaneous transluminal expansion of pulmonary valve,est/swe/lat/ice/den/fin/nor
FJSE96,Other operation on pulmonary valve for isolated stenosis,est/swe/lat/ice/den/fin/nor
FJSF00,Replacement of pulmonary valve using mechanical prosthesis,est/swe/lat/ice/den/fin/nor
FJSF10,Replacement of pulmonary valve using biological prosthesis,est/swe/lat/ice/den/fin/nor
FJSF12,Percutaneous transluminal replacement of pulmonary valve using biological prosthesis,est/swe/lat/ice/den/fin/nor
FJSF20,Replacement of pulmonary valve using homograft,est/swe/lat/ice/den/fin/nor
FJSF96,Other prosthetic replacement of pulmonary valve,est/swe/lat/ice/den/fin/nor
FJSW96,Other operation on right ventricle and pulmonary valve,est/swe/lat/ice/den/fin/nor
FKSA00,Commissurotomy of mitral valve,est/swe/lat/ice/den/fin/nor
FKSA10,Commissurotomy of mitral valve with decalcification,est/swe/lat/ice/den/fin/nor
FKSA20,Commissurotomy of mitral valve and discission of fusion of chords,est/swe/lat/ice/den/fin/nor
FKSA32,Percutaneous transluminal expansion of mitral valve,est/swe/lat/ice/den/fin/nor
FKSA96,Other repair of mitral valve for stenosis,est/swe/lat/ice/den/fin/nor
FKSB00,Annuloplasty of mitral valve for insufficiency using suture,est/swe/lat/ice/den/fin/nor
FKSB10,Annuloplasty of mitral valve for insufficiency using ring,est/swe/lat/ice/den/fin/nor
FKSB96,Other annuloplasty of mitral valve for insufficiency,est/swe/lat/ice/den/fin/nor
FKSC00,Repair of mitral valve for insufficiency using suture,est/swe/lat/ice/den/fin/nor
FKSC10,Suture of cleft mitral leaflet,est/swe/lat/ice/den/fin/nor
FKSC20,Plastic repair of mitral valve leaflet for insufficiency,est/swe/lat/ice/den/fin/nor
FKSC30,Shortening or elongation of chords of mitral valve,est/swe/lat/ice/den/fin/nor
FKSC40,Suture of chord or papillary muscle of mitral valve,est/swe/lat/ice/den/fin/nor
FKSC50,Repair of mitral valve for insufficiency using prosthetic chord,est/swe/lat/ice/den/fin/nor
FKSC54,Papillary muscle surgery,fin
FKSC60,Resection and reconstruction of leaflet of mitral valve for insufficiency,est/swe/lat/ice/den/fin/nor
FKSC61,Repair of mitral valve insufficiency by a transluminally inserted clip,den/fin/est
FKSC96,Other repair of mitral valve for insufficiency,est/swe/lat/ice/den/fin/nor
FKSD00,Replacement of mitral valve using mechanical prosthesis,est/swe/lat/ice/den/fin/nor
FKSD02,Percutaneous replacement of mitral valve using mechanical prosthesis,den/nor/est
FKSD10,Replacement of mitral valve using biological prosthesis,est/swe/lat/ice/den/fin/nor
FKSD20,Replacement of mitral valve using homograft,est/swe/lat/ice/den/fin/nor
FKSD96,Other replacement of mitral valve,est/swe/lat/ice/den/fin/nor
FKSW96,Other operation on mitral valve,est/swe/lat/ice/den/fin/nor
FLSA00,Biopsy of left ventricle,est/swe/lat/ice/den/fin/nor
FLSA12,Percutaneous transluminal biopsy of left ventricle,est/swe/lat/ice/den/fin/nor
FLSA96,Other biopsy of left ventricle,est/swe/lat/ice/den/fin/nor
FLSB00,Excision of lesion of left ventricle,est/swe/lat/ice/den/fin/nor
FLSB10,Removal of foreign body from left ventricle,est/swe/lat/ice/den/fin/nor
FLSB12,Percutaneous transluminal removal of foreign body from left ventricle,est/swe/lat/ice/den/fin/nor
FLSC00,Suture of left ventricle,est/swe/lat/ice/den/fin/nor
FLSC10,Repair of wall of left ventricle using patch,est/swe/lat/ice/den/fin/nor
FLSC96,Other repair of left ventricle,est/swe/lat/ice/den/fin/nor
FLSD00,Plication of aneurysm of left ventricle,est/swe/lat/ice/den/fin/nor
FLSD10,Resection of aneurysm of left ventricle,est/swe/lat/ice/den/fin/nor
FLSD20,Resection of aneurysm and repair of left ventricle using patch,est/swe/lat/ice/den/fin/nor
FLSD30,Partial excision of left ventricle,est/swe/lat/ice/den/fin/nor
FLSD50,Plastic expansion of left ventricle,est/swe/lat/ice/den/fin/nor
FLSD96,Other expansion or reduction of left ventricle,est/swe/lat/ice/den/fin/nor
FLSE00,Excision of subvalvular membrane of left ventricle,est/swe/lat/ice/den/fin/nor
FLSE10,Myotomy or myectomy of left ventricle for outlet obstruction,est/swe/lat/ice/den/fin/nor
FLSE20,Myotomy or myectomy of left vetricle for outlet obstruction using ventricular septum patch,est/swe/lat/ice/den/fin/nor
FLSE32,Percutaneous transcoronary destruction of myocardium,swe/lat/ice/den/fin/nor
FLSE96,Other repair of outlet obstruction of left ventricle,est/swe/lat/ice/den/fin/nor
FLSF00,Transmyocardial laser revascularisation from left ventricle,est/swe/lat/ice/den/fin/nor
FLSF12,Percutaneous transmyocardial laser revascularisation from left ventricle,est/swe/lat/ice/den/fin/nor
FLSW96,Other operation on left ventricle,est/swe/lat/ice/den/fin/nor
FMSA00,Dilatation of aortic valve,est/swe/lat/ice/den/fin/nor
FMSA10,Commissurotomy of aortic valve,est/swe/lat/ice/den/fin/nor
FMSA20,Plastic repair of aortic valve for stenosis,est/swe/lat/ice/den/fin/nor
FMSA32,Percutaneous transluminal expansion of aortic valve,est/swe/lat/ice/den/fin/nor
FMSA96,Other repair of aortic valve for stenosis,est/swe/lat/ice/den/fin/nor
FMSB00,Supravalvular aortic expansion using patch,est/swe/lat/ice/den/fin/nor
FMSB10,Transannular expansion of aortic ostium,est/swe/lat/ice/den/fin/nor
FMSB20,Aorto-septal expansion of aortic ostium,est/swe/lat/ice/den/fin/nor
FMSB96,Other expansion of aortic ostium,est/swe/lat/ice/den/fin/nor
FMSC00,Annuloplasty of aortic valve,est/swe/lat/ice/den/fin/nor
FMSC10,Reduction of leaflet of aortic valve,est/swe/lat/ice/den/fin/nor
FMSC20,Suture of leaflet of aortic valve,est/swe/lat/ice/den/fin/nor
FMSC96,Other operation on aortic valve for insufficiency,est/swe/lat/ice/den/fin/nor
FMSD00,Replacement of aortic valve using mechanical prosthesis,est/swe/lat/ice/den/fin/nor
FMSD10,Replacement of aortic valve using biological prosthesis,est/swe/lat/ice/den/fin/nor
FMSD12,Percutaneous transluminal replacement of aortic valve using biological prosthesis,est/swe/lat/ice/den/fin/nor
FMSD13,Percutaneous transapical replacement of aortic valve using biological prosthesis,est/swe/lat/ice/den/fin/nor
FMSD19,Other transluminal replacement of aortic valve,fin
FMSD20,Replacement of aortic valve using homograft,est/swe/lat/ice/den/fin/nor
FMSD30,Replacement of aortic root using homograft and reimplantation of coronary arteries,est/swe/lat/ice/den/fin/nor
FMSD33,Replacement of aortic root using xenograft and reimplantation of coronary arteries,est/swe/lat/ice/den/nor
FMSD40,Aortopulmonary root replacement using autograft of aortic root with reimplantation of coronary arteries,est/swe/lat/ice/den/fin/nor
FMSD96,Other prosthetic replacement of aortic valve,est/swe/lat/ice/den/fin/nor
FMSW96,Other operation on aortic valve,est/swe/lat/ice/den/fin/nor
FND1QR,PET-TT of coronary arteriy calcifications,fin
FNDC1A,Angiography of heart and/or coronary arteries,swe/lat/ice/den/fin
FNDD0A,Coranary artery calcifcation measurement with CT,fin
FNDD1A,CT of coronary arteries,ice/den/fin/nor
FNDE1A,Percutaneous ultrasonography of coronary ateries,ice/den/fin
FNDE1B,Intravascular ultrasonography of coronary arteries,swe/ice/den/fin/nor
FNDE1K,Percutaneous ultrasound of coronary arteries with contrast,ice/fin
FNDG1B,Coronary artery structure and blood flow MRI examination,ice/fin
FNIA00,Heart perfusion isotope imaging at rest,ice/fin/nor
FNIA02,Heart perfusion isotope imaging with exercise,ice/fin/nor
FNIA04,Heart perfusion isotope imaging both at rest and with exercise,ice/fin
FNIB00,Heart perfusion PET,ice/fin
FNIB05,Heart perfusion PET with TT,fin
FNIB07,Heart perfusion PET with MRI,fin
FNIC00,Heart perfusion SPECT with low dose CT at rest,fin
FNO000,Coronary artery brachytherapy,est/swe/lat/ice/fin/nor
FNSA00,Anastomosis to coronary artery from internal mammary artery,est/swe/lat/ice/den/nor
FNSA01,"Anastomosis to coronary artery from internal mammary artery, one distal anastamosis",ice/fin
FNSA02,"Anastomosis to coronary artery from internal mammary artery, two distal anastamoses",ice/fin
FNSA03,"Anastomosis to coronary artery from internal mammary artery, three distal anastamoses",ice/fin
FNSA04,"Anastomosis to coronary artery from internal mammary artery, four distal anastamoses",ice/fin
FNSA05,"Anastomosis to coronary artery from internal mammary artery, five or more distal anastamoses",ice/fin
FNSA10,Sequential anastomoses to coronary arteries from internal mammary arteries,est/swe/lat/ice/den/fin/nor
FNSA20,Anastomosis to coronary arteries from bilateral internal mammary arteries,est/swe/lat/ice/den/fin/nor
FNSA96,Other connection to coronary artery from internal mammary artery,est/swe/lat/ice/den/fin/nor
FNSB00,Anastomosis to coronary artery from gastroepiploic artery,est/swe/lat/ice/den/nor
FNSB01,"Anastomosis to coronary artery from gastroepiploic artery, one distal anastamosis",ice/fin
FNSB02,"Anastomosis to coronary artery from gastroepiploic artery, two distal anastamosis",ice/fin
FNSB20,Sequential anastomoses to coronary arteries from gastroepiploic arteries,est/swe/lat/ice/den/fin/nor
FNSB96,Other connection of gastroepiploic artery to coronary artery,est/swe/lat/ice/den/fin/nor
FNSC10,Aorto-coronary venous bypass with single distal anastomosis,est/swe/lat/ice/den/fin/nor
FNSC20,Aorto-coronary venous bypass with two distal anastomoses,est/swe/lat/ice/den/fin/nor
FNSC30,Aorto-coronary venous bypass with three distal anastomoses,est/swe/lat/ice/den/fin/nor
FNSC40,Aorto-coronary venous bypass with four distal anastomoses,est/swe/lat/ice/den/fin/nor
FNSC50,Aorto-coronary venous bypass with five distal anastomoses,est/swe/lat/ice/den/fin/nor
FNSC60,Aorto-coronary venous bypass with six distal anastomoses,est/swe/lat/ice/den/fin/nor
FNSC96,Other aorto-coronary venous bypass,est/swe/lat/ice/den/fin/nor
FNSD10,Aorto-coronary bypass using single prosthetic graft,est/swe/lat/ice/den/fin/nor
FNSD20,Aorto-coronary bypass using two prosthetic grafts,est/swe/lat/ice/den/fin/nor
FNSD96,Other aorto-coronary bypass using prosthetic graft,est/swe/lat/ice/den/fin/nor
FNSE00,Coronary bypass using free arterial graft of internal mammary artery,est/swe/lat/ice/den/nor
FNSE01,"Coronary bypass using free arterial graft of internal mammary artery, one graft",ice/fin
FNSE02,"Coronary bypass using free arterial graft of internal mammary artery, two grafts",ice/fin
FNSE03,"Coronary bypass using free arterial graft of internal mammary artery, sequential grafts",ice/fin
FNSE10,Coronary bypass using free arterial graft of gastroepiploic artery,est/swe/lat/ice/den/fin/nor
FNSE20,Coronary bypass using free arterial graft of radial artery,est/swe/lat/ice/den/fin/nor
FNSE96,Coronary bypass using other free arterial graft,est/swe/lat/ice/den/fin/nor
FNSF00,Thrombendarterectomy of right coronary artery,est/swe/lat/ice/den/fin/nor
FNSF10,Thrombendarterectomy of anterior descending branch,est/swe/lat/ice/den/fin/nor
FNSF20,Thrombendarterectomy of circumflex branch,est/swe/lat/ice/den/fin/nor
FNSF30,Thrombendarterectomy of left main coronary artery,est/swe/lat/ice/den/fin/nor
FNSF96,Other coronary thrombendarterectomy,est/swe/lat/ice/den/fin/nor
FNSG00,Dilatation of coronary artery,est/swe/lat/ice/den/fin/nor
FNSG02,Percutaneous transluminal coronary angioplasty,est/swe/lat/ice/den/fin/nor
FNSG05,Percutaneous transluminal coronary angioplasty with insertion of stent,est/swe/lat/ice/den/fin/nor
FNSG10,Embolectomy of coronary artery,est/swe/lat/ice/den/fin/nor
FNSG12,Percutaneous transluminal embolectomy of coronary artery,ice/den/nor
FNSG20,Removal of foreign body from coronary artery,est/swe/lat/ice/den/fin/nor
FNSG22,Percutaneous transluminal removal of foreign body from coronary artery,est/swe/lat/ice/den/fin/nor
FNSG30,Expansion of coronary artery using patch,est/swe/lat/ice/den/fin/nor
FNSG40,Recanalisation of coronary artery with laser,ice/den
FNSG96,Other recanalisation of coronary artery,est/swe/lat/ice/den/fin/nor
FNSH00,Suture of coronary artery,est/swe/lat/ice/den/fin/nor
FNSH10,Repair of coronary artery using patch,est/swe/lat/ice/den/fin/nor
FNSH20,Repair of coronary artery with bypass,est/swe/lat/ice/den/fin/nor
FNSH96,Other repair of coronary artery,est/swe/lat/ice/den/fin/nor
FNSJ00,Ligature of anomalous coronary artery,est/swe/lat/ice/den/fin/nor
FNSJ02,Percutaneous transluminal occlusion of anomalous coronary artery,est/swe/lat/ice/den/fin/nor
FNSJ10,Closure of coronary fistula,est/swe/lat/ice/den/fin/nor
FNSJ12,Percutaneous transluminal occlusion of coronary fistula,est/swe/lat/ice/den/fin/nor
FNSJ96,Other operation for coronary fistula,est/swe/lat/ice/den/fin/nor
FNSK00,Transposition of coronary artery,est/swe/lat/ice/den/fin/nor
FNSK10,Pulmonary arterioplasty with anastomosis to aorta,est/swe/lat/ice/den/fin/nor
FNSK20,Ligature and bypass reconstruction of anomalous coronary artery,est/swe/lat/ice/den/fin/nor
FNSK96,Other repair of anomalous origin of coronary artery,est/swe/lat/ice/den/fin/nor
FNSW96,Other operation on coronary arteries,est/swe/lat/ice/den/fin/nor
FNSW97,Other thoracoscopic procedure on coronary arteries,ice/fin
FNSW98,Other percutaneous transluminal procedure on coronary arteries,est/swe/lat/ice/den/fin
FNX002,Intraoperative coronary angioscopy,est/swe/lat/ice/fin/nor
FNX096,Other intraoperative angiocardioscopic investigation,est/swe/lat/ice/fin/nor
FNXT1S,Local thrombolytic therapy of coronary arteries with radiological guidance,ice/fin/est
FNXT1X,Other coronary artery procedure through catheter,ice/fin
FNXX10,Catheterisation of heart with local thrombolysis,ice
FNXX20,Coronary catheterisation with pressure measurement,lat/ice/den/fin/nor
FNXX30,Optical Coherence Tomography of coronary artery,den/fin/nor
FNXX99,Catheterisation of heart with other coronary procedure,ice
FPF000,Mapping of ectopic focus or aberrant path of impulse propagation,est/swe/lat/ice/fin/nor
FPF009,Other invasive electrophysiological investigation for arrhythmia or disturbance of impulse propagation,est/swe/lat/ice/den/fin/nor
FPFA00,Standard check-up and reprogramming of pacemaker or defibrillator,swe/lat/ice/den/nor
FPFA02,Check-up of defibrillator with induced ventricular fibrillation,swe/lat/ice/nor
FPFB00,Basic transvenous electrophysiological investigation of heart,fin
FPFB10,Non-invasive electrophysiological investigation of heart,swe/nor
FPSA00,Division of anteroseptal atrio-ventricular pathway,est/swe/lat/ice/den/fin/nor
FPSA10,Division of posteroseptal atrio-ventricular pathway,est/swe/lat/ice/den/fin/nor
FPSA20,Division of right free wall atrio-ventricular pathway,est/swe/lat/ice/den/fin/nor
FPSA30,Division of left free wall atrio-ventricular pathway,est/swe/lat/ice/den/fin/nor
FPSA40,Division of multiple atrio-ventricular pathways,est/swe/lat/ice/den/fin/nor
FPSA96,Other operation for supraventricular arrhythmia,est/swe/lat/ice/den/fin/nor
FPSB00,Excision of ectopic heart focus,est/swe/lat/ice/den/fin/nor
FPSB10,Cryoablation of ectopic heart focus,est/swe/lat/ice/den/fin/nor
FPSB12,Transvasal cryoablation of ectopic heart focus,swe/ice/nor
FPSB20,Radiofrequency ablation of aberrant pathway or focus of heart,est/swe/lat/ice/den/fin/nor
FPSB22,Transvenous radiofrequency ablation of aberrant pathway or focus of heart,est/swe/lat/ice/den/fin
FPSB32,Transvenous radiofrequency ablation of pulmonary vein pathway or focus,est/swe/lat/ice
FPSB96,Other excision or ablation of aberrant pathway or focus of heart,est/swe/lat/ice/den/fin/nor
FPSB98,Percutaneous ablation of aberrant pathway or focus of heart,lat
FPSC00,Partial endocardial myotomy for ventricular arrhythmia,est/swe/lat/ice/den/fin/nor
FPSC10,Total endocardial myotomy for ventricular arrhythmia,est/swe/lat/ice/den/fin/nor
FPSC96,Other endocardial myotomy for ventricular arrhythmia,est/swe/lat/ice/den/fin/nor
FPSD00,Maze procedure for atrial fibrillation,est/swe/lat/ice/den/fin/nor
FPSD10,Ablation focus of atrial fibrillation in open surgery,fin
FPSD96,Other operation for atrial fibrillation,est/swe/lat/ice/den/fin/nor
FPSE00,Implantation of transvenous cardiac pacemaker with ventricular electrode,est/swe/lat/ice/fin/nor
FPSE02,"Venous implantation of permanent pacemaker, ventricular and atrial sensor",ice/fin/nor
FPSE10,Implantation of transvenous cardiac pacemaker with atrial electrode,est/swe/lat/ice/den/fin/nor
FPSE20,Implantation of transvenous cardiac pacemaker with atrial and ventricular electrodes,est/swe/lat/ice/den/fin
FPSE25,Implantation of transvenous cardiac pacemaker with biventricular electrodes,est/swe/lat/ice/fin/nor
FPSE30,Replacement of transvenous cardiac pacemaker pulse generator,est/swe/lat/ice/den/fin/nor
FPSE42,Implantation of transvenous atrial electrode,ice/den
FPSE44,Implantation of transvenous ventricular electrode,ice/den
FPSE49,Replacement of transvenous cardiac pacemaker electrode,est/swe/lat/ice/den/fin/nor
FPSE96,Other implantation or replacement of transvenous cardiac pacemaker,est/swe/lat/ice/den/fin/nor
FPSF00,Implantation of epicardial pacemaker with ventricular electrode,est/swe/lat/ice/den/fin/nor
FPSF10,Implantation of epicardial pacemaker with atrial electrode,est/swe/lat/ice/den/fin/nor
FPSF20,Implantation of epicardial pacemaker with atrial and ventricular electrodes,est/swe/lat/ice/den/fin/nor
FPSF30,Replacement of epicardial pacemaker pulse generator,est/swe/lat/ice/den/fin/nor
FPSF40,Replacement of epicardial pacemaker electrode,est/swe/lat/ice/den/fin/nor
FPSF96,Other implantation or replacement of epicardial pacemaker,est/swe/lat/ice/den/fin/nor
FPSG00,"Implantation of defibrillator, ventricular electrode",
FPSG02,"Insertion of internal defibrillator, atrial electrode",ice/fin
FPSG04,"Insertion of internal defibrillator, atrial and chamber electrode",ice/fin
FPSG10,Open implantation of epicardial cardioverter-defibrillator,est/swe/lat/ice/den/fin/nor
FPSG20,Implantation of epicardial cardioverter-defibrillator at heart surgery,est/swe/lat/ice/den/fin/nor
FPSG30,Implantation of transvenous cardioverter-defibrillator with generator and ventricular electrode,est/swe/lat/ice/den/fin
FPSG33,Implantation of transvenous cardioverter-defibrillator with generator and with atrial and ventricular electrodes,est/swe/lat/ice/den/fin/nor
FPSG36,Implantation of transvenous cardioverter-defibrillator with generator and with biventricular electrodes,est/swe/lat/ice/fin/nor
FPSG40,Replacement of pulsgenerator in transvenous cardioverter-defibrillator,est/swe/lat/ice/den/fin/nor
FPSG43,Replacement of electrode(s) in transvenous cardioverter-defibrillator,est/swe/lat/ice/den/fin/nor
FPSG63,Implantation of transvenous cardioverter-defibrillator with generator and with biventricular electrodes,
FPSG96,Other implantation of permanent cardioverter-defibrillator,est/swe/lat/ice/fin/nor
FPSH00,Transvenous extraction of transvenous cardiac pacemaker or cardioverter-defibrillator,est/swe/lat/ice/den/fin/nor
FPSH10,Open removal of transvenous cardiac pacemaker or cardioverter-defibrillator,est/swe/lat/ice/den/fin/nor
FPSH20,Removal of epicardial pacemaker or cardioverter-defibrillator,est/swe/lat/ice/den/fin/nor
FPSH96,Other removal of cardiac pacemaker or cardioverter-defibrillator,est/swe/lat/ice/fin/nor
FPSJ00,Revision of pacemaker pulse generator or electrode,est/swe/lat/ice/fin
FPSW96,Other operation for arrhythmia or disturbance of impulse propagation,est/swe/lat/ice/den/fin/nor
FPXA00,X-ray guidance of implantation of cardiac pacemaker or defibrillator,ice/fin
FPXX00,Temporary use of transvenous or epicardial pacemaker,est/swe/lat/ice/den/fin/nor
FPXX10,Transcutaneous external cardiac pacing (TEP),swe/ice
FPXX20,Cardioversion,est/lat/ice/den/fin/nor
FPXX26,Treatment of cardiac arythmia with rapid pacemaker stimulation,swe/lat/ice/nor
FPXX90,Delivery of transportable defibrillator,swe
FQSA00,Orthotopic transplantation of heart,est/swe/lat/ice/den/fin/nor
FQSA10,Orthotopic transplantation of heart with bicaval anastomosis,est/swe/lat/ice/den/fin/nor
FQSA20,Orthotopic heart transplantation with reconstruction of recipient atria or systemic venous connections,est/swe/lat/ice/den/fin/nor
FQSA30,Heterotopic transplantation of heart,est/swe/lat/ice/den/fin/nor
FQSA40,Transplantation of heart with living donor,est/swe/lat/ice/den/fin/nor
FQSA96,Other transplantation of heart,est/swe/lat/ice/den/fin/nor
FQSB00,Transplantation of heart and lung,est/swe/lat/ice/den/fin/nor
FQSB10,Transplantation of heart and lung with bicaval anastomosis,est/swe/lat/ice/den/fin/nor
FQSB20,Transplantation of heart and lung with reconstruction of recipient atria or systemic venous connections,est/swe/lat/ice/den/fin/nor
FQSB30,Transplantation of heart and lungs with revascularisation of bronchial arteries,est/swe/lat/ice/den/fin/nor
FQSB96,Other transplantation of heart and lung,est/swe/lat/ice/den/fin/nor
FQSW96,Other procedure in transplantation of heart and lung,est/swe/lat/ice/den/fin/nor
FWSA00,Repair of wound dehiscence in surgery of heart and major thoracic vessels,est/swe/lat/ice/den/fin/nor
FWSB00,Reoperation for superficial infection in surgery of heart and major thoracic vessels,est/swe/lat/ice/den/nor
FWSC00,Reoperation for deep infection in surgery of heart and major thoracic vessels,est/swe/lat/ice/den/fin/nor
FWSD00,Reoperation for superficial haemorrhage in surgery of heart and major thoracic vessels,est/swe/lat/ice/den/fin/nor
FWSE00,Reoperation for deep haemorrhage in surgery of heart and major thoracic vessels,est/swe/lat/ice/den/nor
FWSF00,Reoperation for insufficiency of anastomosis or suture in surgery of heart,est/swe/lat/ice/den/fin/nor
FWSG00,Reoperation for thrombosis or embolus in surgery of heart and major thoracic vessels,est/swe/lat/ice/den/fin/nor
FWSG02,Angioscopic reoperation for thrombosis or embolus in surgery of heart and major thoracic vessels,est/swe/lat/ice/den/nor
FWSW96,Other reoperation on heart or major thoracic vessels,est/swe/lat/ice/den/fin
FWSW98,Other angioscopic reoperation on heart or major thoracic vessels,est/swe/lat/ice/den/nor
FWXX00,MAST (Anti Shock Trouses),swe/lat/ice/nor
FWXX99,Other minor procedure in cardiac surgery,est/swe/lat/ice/den/fin
FXDA00,Cardiac X-ray examination,swe/ice
FXDA10,Dynamic heart X-ray examination,swe/ice/nor
FXDC1A,Upper cavography,swe/ice/fin
FXDC2A,Right cardioangiography,swe/ice/den/fin/nor
FXDC3A,Left cardioangiography,swe/ice/den/fin/nor
FXDC40,Bilateral cardioangiography,swe/ice
FXDD1A,CT of heart,swe/ice/fin/nor
FXDD1P,CT examinantion of heart perfusion,ice/fin
FXDE1A,Cardiac ultrasonography,swe/lat/ice/den/fin/nor
FXDE1B,Cardiac ultrasound with work load or stress,swe/lat/ice/den/fin/nor
FXDE1K,Ultrasonography of heart with contrast,ice/den/fin
FXDE4B,Transesophageal cardiac ultrasonography,swe/lat/ice/den/fin/nor
FXDE6C,Angioscopic cardiac ultrasonography,est/swe/lat/ice/fin/nor
FXDE6D,Optical Coherence Tomography of coronary artery,
FXDE7B,Epicardial ultrasonography,est/swe/lat/ice/den/fin/nor
FXDE7C,Thoracoscopic epicardial ultrasonography,est/swe/lat/ice/fin/nor
FXDE7D,Other intraoperative ultrasonography of heart,ice/den/fin
FXDE8P,Ultrasonography of ductus Botalli,ice/fin
FXDG1B,Heart MRI examination,swe/ice/fin/nor
FXDK1A,Cardiac spectroscopy,ice/fin
FXDL1A,Magnetocardiography,ice
FXF000,"ECG with 12 standard connections, including registration",swe/ice/fin
FXF001,Vector ECG,swe/lat/nor
FXF002,ECG with work load test,swe/lat/ice/fin/nor
FXF003,ECG with hyperventilation,ice
FXF004,"Ambulatory ECG, including registration",swe/lat/ice/fin/nor
FXF005,Symptom ECG,ice/fin
FXF006,High resolution ECG,ice/fin
FXF008,Esophageal ECG,swe/lat/ice/fin/nor
FXF009,Other special ECG,swe/lat/ice/fin/nor
FXF010,Implantation of electrode for ambulatory ECG,lat/ice
FXF016,Interpretation of previously recorded standard or non-extensive ECG,swe
FXF019,Interpretation of  other ECG including ambulatory ECG,swe
FXF020,Implantation of loop recorder for examination of cardiac arythmias,est/swe/lat/ice/den/nor
FXF022,Analysis of loop recorder data of cardiac arythmias,swe/lat/ice/den/nor
FXF024,Removal of loop recorder,swe/ice/den
FXF025,Intracardiac ECG,fin
FXF030,Check-up and reprgramming of cardicac pacemaker or defibrillator,ice/fin
FXF050,Transesophageal diagnostic stimulation of heart,lat/ice/nor
FXF100,Blood pressure measurement,swe/lat/ice/fin/nor
FXF101,Blood pressure measurement with Doppler method,ice/fin
FXF102,Blood pressure monitoring,swe/lat/ice/fin/nor
FXF103,Direct intraarterial blood pressure measurement,lat/ice/fin/nor
FXF104,Baroreflex sensitivity measurement,ice/fin
FXF105,Tilt table test,swe
FXF106,Ortostatic test,swe/lat/ice/fin/nor
FXF107,Registration of pulse volume curve or registration of blood pressure at several or periferal locations,swe/lat/ice/nor
FXF110,Measurement of pulse and pulsvariation,lat/ice/fin/nor
FXF112,Measurement of central venous pressure,lat/ice/fin/nor
FXF114,Measurement of pulmonary circulation pressure and flow,lat/ice/fin/nor
FXF116,Coronary artery pressure and flow measurement with pressure monitoring wire,
FXF119,Other physical examination of heart,swe/ice/fin
FXF120,Examination of circulation with color method,ice/fin
FXF122,Measurement of minute volume of heart,lat/ice/den/fin/nor
FXF145,Heart ultrasonography with load test,ice/fin
FXF199,Other cardiac monitoring,swe
FXF200,Catheterisation of right atrium or ventricle,est/swe/lat/ice/den/fin/nor
FXF210,Catheterisation of left atrium or ventricle,est/swe/lat/ice/den/fin
FXF220,Catheterisation of both sides of heart,ice/fin/est
FXF225,Transseptal catheterisation of left atrium or ventricle,ice/fin/est
FXF230,Balloon dilatation of coarctation of aorta,ice/den
FXF299,Catheterisation of heart with other procedure,ice/fin
FXFA00,Clinical examination of heart,swe/ice
FXFA90,Fysical exercise test,swe/ice/fin
FXFX90,Cardiologic clinical examination,ice
FXIA00,Heart isotope imaging,swe/ice/fin/nor
FXIA20,Heart function isotope examination,swe/ice/fin
FXIA40,Intra cardiac shunt isotope imaging,swe/ice/fin/nor
FXIB00,"Heart, metabolic PET",ice/fin
FXIB05,"Heart, metabolic PET with CT",fin/nor
FXIB07,"Heart, metabolic PET with MRI",fin/nor
FXIC00,"Heart, reseptor PET",ice/fin
FXIC04,"Heart, reseptor PET with MRI",fin
FXID00,Hearth blood volume PET,fin
FXID04,Hearth blood volume PET with MRI,fin
FXIW00,"Heart, isotope imaging combined with PET",ice/fin
FXIX90,"Heart, other PET",fin
FXIX92,Heart gamma PET with low-dose CT,fin/nor
FXX000,Puncture of heart or major thoracic vessels,est/swe/lat/ice/den/fin/nor
FXX001,Thoracoscopic puncture of heart or major thoracic vessel,est/swe/lat/ice/fin
FXX002,Puncture of heart or major thoracic vessels with aspiration,est/swe/lat/ice/fin
FXX004,Puncture manometry of heart or major thoracic vessels,est/swe/lat/ice/fin
FXX010,Muscle biopsy of heart,ice/fin
FXX020,Flowmetry of heart or major thoracic vessels,est/swe/lat/ice/fin
FXXA00,Closed cardiac compression,est/swe/lat/ice/den/fin/nor
FXXA05,Mechanical heart compression,swe/ice
FXXA10,Open cardiac compression,est/swe/lat/ice/den/fin/nor
FXXA20,Cardiac compression with temporary clamping of thoracic aorta,est/swe/lat/ice/fin/nor
FXXA30,Other cardiac compression procedure,est/swe/lat/ice/fin/nor
FXXB00,Temporary transvenous cardiac pacemaker,est/swe/lat/ice/den/fin/nor
FXXB10,Use of temporary epicardial pacemaker,est/swe/lat/ice/den/fin/nor
FXXX99,Other intervention for heart and major vessels,den/nor
FZSA00,Total cardiopulmonary bypass in normothermia or moderate hypothermia at concurrent surgical procedure,est/swe/lat/ice/den/fin/nor
FZSA10,Total cardiopulmonary bypass in deep hypothermia at concurrent surgical procedure,est/swe/lat/ice/den/fin/nor
FZSA13,Total cardiopulmonary bypass in deep hypothermia and exclusive cerebral perfusion at concurrent surgical procedure,est/swe/lat/ice/den/nor
FZSA20,Total cardiopulmonary bypass in deep hypothermia and circulatory arrest at concurrent surgical procedure,est/swe/lat/ice/den/fin/nor
FZSA96,Other total cardiopulmonary bypass at concurrent surgical procedure,est/swe/lat/ice/den/fin/nor
FZSB00,Intraoperative partial cardiopulmonary bypass,est/swe/lat/ice/den/fin/nor
FZSC00,Partial cardiopulmonary bypass without use of oxygenator,est/swe/lat/ice/den/fin/nor
FZSD00,Use of extracorporeal heart and lung assistance (ECHLA) without concurrent surgical procedure,est/swe/lat/ice/den/fin/nor
FZSD10,Control and adjustment of intra- or paracorporeal VAD,swe
FZSE00,Use of extracorporeal lung assistance (ECLA),est/swe/lat/ice/den/fin/nor
FZSF00,Decannulation after ECHLA or ECLA,est/swe/lat/ice/den/fin/nor
FZSG00,Insertion and use of intra-aortal balloon pump (IABP),est/swe/lat/ice/den/fin/nor
FZSH00,Removal of IABP,est/swe/lat/ice/den/fin/nor
FZSJ00,Insertion of pulmonary artery balloon pump (PABP),est/swe/lat/ice/den/fin/nor
FZSK00,Removal of PABP,est/swe/lat/ice/den/fin/nor
FZSL00,"Insertion and use of extra-, para- or intracorporeal VAD",est/swe/lat/ice/den/fin/nor
FZSM00,"Removal of extra-, para- or intracorporeal VAD",est/swe/lat/ice/den/fin/nor
FZSN00,Procedures using total artificial heart (TAH ),est/swe/lat/ice/den/fin/nor
FZSP00,Haemofiltration or haemodialysis in the course of cardiopulmonary bypass,est/swe/lat/ice/den/fin/nor
FZSZ99,Off-pump cardiac operation,fin
FZX000,Trendelenburg therapy for cardiac insuffisiency,ice
FZX009,Other or usspecified position therapy of cardiac insuffisiency,ice
FZX999,Other support of circulation,swe/den
G01AA,Antibiotics,est/swe/lat/ice/den
G01AA01,Nystatin,fin/swe
G01AA02,Natamycin,fin/swe
G01AA03,Amphotericin B,fin/swe
G01AA04,Candicidin,fin/swe
G01AA05,Chloramphenicol,fin/swe
G01AA06,Hachimycin,fin/swe
G01AA07,Oxytetracycline,fin/swe
G01AA08,Carfecillin,fin/swe
G01AA09,Mepartricin,fin/swe
G01AA10,Clindamycin,fin/swe
G01AA11,Pentamycin,fin/swe
G01AA51,"Nystatin, combinations",fin/swe
G01AB,Arsenic compounds,est/swe/lat/ice/den
G01AB01,Acetarsol,fin/swe
G01AC,Quinoline derivatives,est/swe/lat/ice/den
G01AC01,Diiodohydroxyquinoline,fin/swe
G01AC02,Clioquinol,fin/swe
G01AC03,Chlorquinaldol,fin/swe
G01AC05,Dequalinium,fin/swe
G01AC06,Broxyquinoline,fin/swe
G01AC30,Oxyquinoline,fin/swe
G01AD,Organic acids,est/swe/lat/ice/den
G01AD01,Lactic acid,fin/swe
G01AD02,Acetic acid,fin/swe
G01AD03,Ascorbic acid,fin/swe
G01AE,Sulfonamides,est/swe/lat/ice/den
G01AE01,Sulfatolamide,fin/swe
G01AE10,Combinations of sulfonamides,fin/swe
G01AF,Imidazole derivatives,est/swe/lat/ice/den
G01AF01,Metronidazole,fin/swe
G01AF02,Clotrimazole,fin/swe
G01AF04,Miconazole,fin/swe
G01AF05,Econazole,fin/swe
G01AF06,Ornidazole,fin/swe
G01AF07,Isoconazole,fin/swe
G01AF08,Tioconazole,fin/swe
G01AF11,Ketoconazole,fin/swe
G01AF12,Fenticonazole,fin/swe
G01AF13,Azanidazole,fin/swe
G01AF14,Propenidazole,fin/swe
G01AF15,Butoconazole,fin/swe
G01AF16,Omoconazole,fin/swe
G01AF17,Oxiconazole,fin/swe
G01AF18,Flutrimazole,fin/swe
G01AF19,Sertaconazole,fin/swe
G01AF20,Combinations of imidazole derivatives,fin/swe
G01AF55,"Econazole, combinations",fin/swe
G01AG,Triazole derivatives,est/swe/lat/ice/den
G01AG02,Terconazole,fin/swe
G01AX,Other antiinfectives and antiseptics,est/swe/lat/ice/den
G01AX01,Clodantoin,fin/swe
G01AX02,Inosine,fin/swe
G01AX03,Policresulen,fin/swe
G01AX05,Nifuratel,fin/swe
G01AX06,Furazolidone,fin/swe
G01AX09,Methylrosaniline,fin/swe
G01AX11,Povidone-iodine,fin/swe
G01AX12,Ciclopirox,fin/swe
G01AX13,Protiofate,fin/swe
G01AX14,Lactobacillus,fin/swe
G01AX15,Copper usnate,fin/swe
G01AX16,Hexetidine,fin/swe
G01AX17,Dapivirine,fin/swe
G01AX66,"Octenidine, combinations",fin/swe
G01BA,Antibiotics and corticosteroids,est/swe/lat/ice/den
G01BC,Quinoline derivatives and corticosteroids,est/swe/lat/ice/den
G01BD,Antiseptics and corticosteroids,est/swe/lat/ice/den
G01BE,Sulfonamides and corticosteroids,est/swe/lat/ice/den
G01BF,Imidazole derivatives and corticosteroids,est/swe/lat/ice/den
G02AB,Ergot alkaloids,est/swe/lat/ice/den
G02AB01,Methylergometrine,fin/swe
G02AB02,Ergot alkaloids,fin/swe
G02AB03,Ergometrine,fin/swe
G02AC,"Ergot alkaloids and oxytocin incl. analogues, in combination",est/swe/lat/ice/den
G02AC01,Methylergometrine and oxytocin,fin/swe
G02AD,Prostaglandins,est/swe/lat/ice/den
G02AD01,Dinoprost,fin/swe
G02AD02,Dinoprostone,fin/swe
G02AD03,Gemeprost,fin/swe
G02AD04,Carboprost,fin/swe
G02AD05,Sulprostone,fin/swe
G02AD06,Misoprostol,fin/swe
G02AX,Other oxytocics,est/swe/lat/ice/den
G02BA,Intrauterine contraceptives,est/swe/lat/ice/den
G02BA01,Plastic IUD,fin/swe
G02BA02,Plastic IUD with copper,fin/swe
G02BA03,Plastic IUD with progestogen,fin/swe
G02BB,Intravaginal contraceptives,est/swe/lat/ice/den
G02BB01,Vaginal ring with progestogen and estrogen,fin/swe
G02BB02,Vaginal ring with progestogen,fin/swe
G02CA,"Sympathomimetics, labour repressants",est/swe/lat/ice/den
G02CA01,Ritodrine,fin/swe
G02CA02,Buphenine,fin/swe
G02CA03,Fenoterol,fin/swe
G02CB,Prolactine inhibitors,est/swe/lat/ice/den
G02CB01,Bromocriptine,fin/swe
G02CB02,Lisuride,fin/swe
G02CB03,Cabergoline,fin/swe
G02CB04,Quinagolide,fin/swe
G02CB05,Metergoline,fin/swe
G02CB06,Terguride,fin/swe
G02CC,Antiinflammatory products for vaginal administration,est/swe/lat/ice/den
G02CC01,Ibuprofen,fin/swe
G02CC02,Naproxen,fin/swe
G02CC03,Benzydamine,fin/swe
G02CC04,Flunoxaprofen,fin/swe
G02CX,Other gynecologicals,est/swe/lat/ice/den
G02CX01,Atosiban,fin/swe
G02CX02,Flibanserin,fin/swe
G02CX03,Agni casti fructus,fin/swe
G02CX04,Cimicifugae rhizoma,fin/swe
G02CX05,Bremelanotide,fin/swe
G03AA,"Progestogens and estrogens, fixed combinations",est/swe/lat/ice/den
G03AA01,Etynodiol and ethinylestradiol,fin/swe
G03AA02,Quingestanol and ethinylestradiol,fin/swe
G03AA03,Lynestrenol and ethinylestradiol,fin/swe
G03AA04,Megestrol and ethinylestradiol,fin/swe
G03AA05,Norethisterone and ethinylestradiol,fin/swe
G03AA06,Norgestrel and ethinylestradiol,fin/swe
G03AA07,Levonorgestrel and ethinylestradiol,fin/swe
G03AA08,Medroxyprogesterone and ethinylestradiol,fin/swe
G03AA09,Desogestrel and ethinylestradiol,fin/swe
G03AA10,Gestodene and ethinylestradiol,fin/swe
G03AA11,Norgestimate and ethinylestradiol,fin/swe
G03AA12,Drospirenone and ethinylestradiol,fin/swe
G03AA13,Norelgestromin and ethinylestradiol,fin/swe
G03AA14,Nomegestrol and estradiol,fin/swe
G03AA15,Chlormadinone and ethinylestradiol,fin/swe
G03AA16,Dienogest and ethinylestradiol,fin/swe
G03AA17,Medroxyprogesterone and estradiol,fin/swe
G03AA18,Drospirenone and estetrol,fin/swe
G03AB,"Progestogens and estrogens, sequential preparations",est/swe/lat/ice/den
G03AB01,Megestrol and ethinylestradiol,fin/swe
G03AB02,Lynestrenol and ethinylestradiol,fin/swe
G03AB03,Levonorgestrel and ethinylestradiol,fin/swe
G03AB04,Norethisterone and ethinylestradiol,fin/swe
G03AB05,Desogestrel and ethinylestradiol,fin/swe
G03AB06,Gestodene and ethinylestradiol,fin/swe
G03AB07,Chlormadinone and ethinylestradiol,fin/swe
G03AB08,Dienogest and estradiol,fin/swe
G03AB09,Norgestimate and ethinylestradiol,fin/swe
G03AC,Progestogens,est/swe/lat/ice/den
G03AC01,Norethisterone,fin/swe
G03AC02,Lynestrenol,fin/swe
G03AC03,Levonorgestrel,fin/swe
G03AC04,Quingestanol,fin/swe
G03AC05,Megestrol,fin/swe
G03AC06,Medroxyprogesterone,fin/swe
G03AC07,Norgestrienone,fin/swe
G03AC08,Etonogestrel,fin/swe
G03AC09,Desogestrel,fin/swe
G03AC10,Drospirenone,fin/swe
G03AD01,Levonorgestrel,fin/swe
G03AD02,Ulipristal,fin/swe
G03BA,3-oxoandrosten (4) derivatives,est/swe/lat/ice/den
G03BA01,Fluoxymesterone,fin/swe
G03BA02,Methyltestosterone,fin/swe
G03BA03,Testosterone,fin/swe
G03BB,5-androstanon (3) derivatives,est/swe/lat/ice/den
G03BB01,Mesterolone,fin/swe
G03BB02,Androstanolone,fin/swe
G03CA,"Natural and semisynthetic estrogens, plain",est/swe/lat/ice/den
G03CA01,Ethinylestradiol,fin/swe
G03CA03,Estradiol,fin/swe
G03CA04,Estriol,fin/swe
G03CA06,Chlorotrianisene,fin/swe
G03CA07,Estrone,fin/swe
G03CA09,Promestriene,fin/swe
G03CA53,"Estradiol, combinations",fin/swe
G03CA57,Conjugated estrogens,fin/swe
G03CB,"Synthetic estrogens, plain",est/swe/lat/ice/den
G03CB01,Dienestrol,fin/swe
G03CB02,Diethylstilbestrol,fin/swe
G03CB03,Methallenestril,fin/swe
G03CB04,Moxestrol,fin/swe
G03CC,"Estrogens, combinations with other drugs",est/swe/lat/ice/den
G03CC02,Dienestrol,fin/swe
G03CC03,Methallenestril,fin/swe
G03CC04,Estrone,fin/swe
G03CC05,Diethylstilbestrol,fin/swe
G03CC06,Estriol,fin/swe
G03CC07,Conjugated estrogens and bazedoxifene,fin/swe
G03CX01,Tibolone,fin/swe
G03DA,Pregnen (4) derivatives,est/swe/lat/ice/den
G03DA01,Gestonorone,fin/swe
G03DA02,Medroxyprogesterone,fin/swe
G03DA03,Hydroxyprogesterone,fin/swe
G03DA04,Progesterone,fin/swe
G03DB,Pregnadien derivatives,est/swe/lat/ice/den
G03DB01,Dydrogesterone,fin/swe
G03DB02,Megestrol,fin/swe
G03DB03,Medrogestone,fin/swe
G03DB04,Nomegestrol,fin/swe
G03DB05,Demegestone,fin/swe
G03DB06,Chlormadinone,fin/swe
G03DB07,Promegestone,fin/swe
G03DB08,Dienogest,fin/swe
G03DC,Estren derivatives,est/swe/lat/ice/den
G03DC01,Allylestrenol,fin/swe
G03DC02,Norethisterone,fin/swe
G03DC03,Lynestrenol,fin/swe
G03DC04,Ethisterone,fin/swe
G03DC06,Etynodiol,fin/swe
G03DC31,Methylestrenolone,fin/swe
G03EA,Androgens and estrogens,est/swe/lat/ice/den
G03EA01,Methyltestosterone and estrogen,fin/swe
G03EA02,Testosterone and estrogen,fin/swe
G03EA03,Prasterone and estrogen,fin/swe
G03EB,"Androgen, progestogen and estrogen in combination",est/swe/lat/ice/den
G03EK,Androgens and female sex hormones in combination with other drugs,est/swe/lat/ice/den
G03EK01,Methyltestosterone,fin/swe
G03FA,"Progestogens and estrogens, fixed combinations",est/swe/lat/ice/den
G03FA01,Norethisterone and estrogen,fin/swe
G03FA02,Hydroxyprogesterone and estrogen,fin/swe
G03FA03,Ethisterone and estrogen,fin/swe
G03FA04,Progesterone and estrogen,fin/swe
G03FA05,Methylnortestosterone and estrogen,fin/swe
G03FA06,Etynodiol and estrogen,fin/swe
G03FA07,Lynestrenol and estrogen,fin/swe
G03FA08,Megestrol and estrogen,fin/swe
G03FA09,Noretynodrel and estrogen,fin/swe
G03FA10,Norgestrel and estrogen,fin/swe
G03FA11,Levonorgestrel and estrogen,fin/swe
G03FA12,Medroxyprogesterone and estrogen,fin/swe
G03FA13,Norgestimate and estrogen,fin/swe
G03FA14,Dydrogesterone and estrogen,fin/swe
G03FA15,Dienogest and estrogen,fin/swe
G03FA16,Trimegestone and estrogen,fin/swe
G03FA17,Drospirenone and estrogen,fin/swe
G03FB,"Progestogens and estrogens, sequential preparations",est/swe/lat/ice/den
G03FB01,Norgestrel and estrogen,fin/swe
G03FB02,Lynestrenol and estrogen,fin/swe
G03FB03,Chlormadinone and estrogen,fin/swe
G03FB04,Megestrol and estrogen,fin/swe
G03FB05,Norethisterone and estrogen,fin/swe
G03FB06,Medroxyprogesterone and estrogen,fin/swe
G03FB07,Medrogestone and estrogen,fin/swe
G03FB08,Dydrogesterone and estrogen,fin/swe
G03FB09,Levonorgestrel and estrogen,fin/swe
G03FB10,Desogestrel and estrogen,fin/swe
G03FB11,Trimegestone and estrogen,fin/swe
G03FB12,Nomegestrol and estrogen,fin/swe
G03GA,Gonadotropins,est/swe/lat/ice/den
G03GA01,Chorionic gonadotrophin,fin/swe
G03GA02,Human menopausal gonadotrophin,fin/swe
G03GA03,Serum gonadotrophin,fin/swe
G03GA04,Urofollitropin,fin/swe
G03GA05,Follitropin alfa,fin/swe
G03GA06,Follitropin beta,fin/swe
G03GA07,Lutropin alfa,fin/swe
G03GA08,Choriogonadotropin alfa,fin/swe
G03GA09,Corifollitropin alfa,fin/swe
G03GA10,Follitropin delta,fin/swe
G03GA30,Combinations,fin/swe
G03GB,"Ovulation stimulants, synthetic",est/swe/lat/ice/den
G03GB01,Cyclofenil,fin/swe
G03GB02,Clomifene,fin/swe
G03GB03,Epimestrol,fin/swe
G03HA,"Antiandrogens, plain",est/swe/lat/ice/den
G03HA01,Cyproterone,fin/swe
G03HB,Antiandrogens and estrogens,est/swe/lat/ice/den
G03HB01,Cyproterone and estrogen,fin/swe
G03XA,Antigonadotropins and similar agents,est/swe/lat/ice/den
G03XA01,Danazol,fin/swe
G03XA02,Gestrinone,fin/swe
G03XB,Antiprogestogens,est/swe/lat/ice/den
G03XB01,Mifepristone,fin/swe
G03XB02,Ulipristal,fin/swe
G03XB51,"Mifepristone, combinations",fin/swe
G03XC,Selective estrogen receptor modulators,est/swe/lat/ice/den
G03XC01,Raloxifene,fin/swe
G03XC02,Bazedoxifene,fin/swe
G03XC03,Lasofoxifene,fin/swe
G03XC04,Ormeloxifene,fin/swe
G03XC05,Ospemifene,fin/swe
G03XX01,Prasterone,fin/swe
G04BA,Acidifiers,est/swe/lat/ice/den
G04BA01,Ammonium chloride,fin/swe
G04BA03,Calcium chloride,fin/swe
G04BC,Urinary concrement solvents,est/swe/lat/ice/den
G04BD,Urinary antispasmodics,est/swe/lat/ice/den
G04BD01,Emepronium,fin/swe
G04BD02,Flavoxate,fin/swe
G04BD03,Meladrazine,fin/swe
G04BD04,Oxybutynin,fin/swe
G04BD05,Terodiline,fin/swe
G04BD06,Propiverine,fin/swe
G04BD07,Tolterodine,fin/swe
G04BD08,Solifenacin,fin/swe
G04BD09,Trospium,fin/swe
G04BD10,Darifenacin,fin/swe
G04BD11,Fesoterodine,fin/swe
G04BD12,Mirabegron,fin/swe
G04BD13,Desfesoterodine,fin/swe
G04BE,Drugs used in erectile dysfunction,est/swe/lat/ice/den
G04BE01,Alprostadil,fin/swe
G04BE02,Papaverine,fin/swe
G04BE03,Sildenafil,fin/nor/swe
G04BE04,Yohimbine,fin/swe
G04BE06,Moxisylyte,fin/swe
G04BE07,Apomorphine,fin/swe
G04BE08,Tadalafil,fin/nor/swe
G04BE09,Vardenafil,fin/swe
G04BE10,Avanafil,fin/swe
G04BE11,Udenafil,fin/swe
G04BE30,Combinations,fin/swe
G04BE52,"Papaverine, combinations",fin/swe
G04BX,Other urologicals,est/swe/lat/ice/den/fin
G04BX01,Magnesium hydroxide,fin/swe
G04BX03,Acetohydroxamic acid,fin/swe
G04BX06,Phenazopyridine,fin/swe
G04BX10,Succinimide,fin/swe
G04BX11,Collagen,fin/swe
G04BX12,Phenyl salicylate,fin/swe
G04BX13,Dimethyl sulfoxide,fin/swe
G04BX14,Dapoxetine,fin/swe
G04BX15,Pentosan polysulfate sodium,fin/swe
G04BX16,Tiopronin,fin/swe
G04BX99,Hyaluronic acid urological use,fin
G04CA,Alpha-adrenoreceptor antagonists,est/swe/lat/ice/den
G04CA01,Alfuzosin,fin/swe
G04CA02,Tamsulosin,fin/swe
G04CA03,Terazosin,fin/swe
G04CA04,Silodosin,fin/swe
G04CA51,Alfuzosin and finasteride,fin/swe
G04CA52,Tamsulosin and dutasteride,fin/swe
G04CA53,Tamsulosin and solifenacin,fin/swe
G04CA54,Tamsulosin and tadalafil,fin/swe
G04CB,Testosterone-5-alpha reductase inhibitors,est/swe/lat/ice/den
G04CB01,Finasteride,fin/swe
G04CB02,Dutasteride,fin/swe
G04CX,Other drugs used in benign prostatic hypertrophy,est/swe/lat/ice/den
G04CX01,Prunus africanae cortex,fin/swe
G04CX02,Sabalis serrulatae fructus,fin/swe
G04CX03,Mepartricin,fin/swe
G04CX04,Fexapotide,fin/swe
GADA5A,Rib X-ray examination,swe/ice/den/fin/nor
GADA6A,Sternal X-ray examination,swe/ice/den/fin/nor
GADA7A,Sterno-clavicular joint X-ray examination,ice/den/fin
GADE1A,Chest cage ultrasonography,swe/lat/ice/den/fin/nor
GADG00,Chest MRI,fin/nor
GAE002,Endoscopy through pleuro-cutaneous window,est/swe/lat/ice/den/fin/nor
GAE005,Endoscopy with biopsy through pleuro-cutaneous window,est/swe/lat/ice/den/nor
GAFA00,Transillumination of chest,swe/ice
GAFG00,Magnetic stimulation of the phrenic nerve,swe/lat/ice/nor
GAO001,Preoperative radiotherapy of thorax excluding intrathoracal organs,ice
GAO002,Radical radiotherapy of tumor of thorax excluding intrathoracal organs,ice
GAO003,Adjuvant radiotherapy of thorax excluding intrathoracal organs,ice
GAO004,Palliative radiotherapy of thorax excluding intrathoracal organs,ice
GAO029,Raditherapy of local recidive of tumor of thorax excluding intrathoracal organs,ice
GAO049,Radiotherapy of methastasis of thorax excluding intrathoracal organs,ice
GAO090,Profylactic radiotherapy of thorax excluding intrathoracal organs,ice
GAO099,Other radiotherapy of thorax excluding intrathoracal organs,ice
GASA10,Intercostal insertion of pleural drainage tube,est/swe/lat/ice/den/fin/nor
GASA15,Insertion of pleural drainage tube by resection of rib,est/swe/lat/ice/den/fin/nor
GASA20,Fenestration of pleura,est/swe/lat/ice/den/fin/nor
GASA31,Thoracoscopy,est/swe/lat/ice/den/fin/nor
GASA96,Other open or percutaneous drainage of pleural cavity,est/swe/lat/ice/den/fin/nor
GASA97,Other thoracoscopic drainage procedures on pleura,est/swe/lat/ice/den/fin/nor
GASB00,Emergency thoracotomy,est/swe/lat/ice/den/fin/nor
GASB10,Antero- or postero-lateral thoracotomy,est/swe/lat/ice/den/fin/nor
GASB13,Transaxillary thoracotomy,est/swe/lat/ice/den/fin/nor
GASB20,Median sternotomy,est/swe/lat/ice/den/fin/nor
GASB30,Parasternal minitorakotomi,swe/ice
GASB96,Other thoracotomy,est/swe/lat/ice/den/fin/nor
GASC00,Biopsy of pleura,est/swe/lat/ice/den/fin/nor
GASC01,Endoscopic biopsy of pleura,est/swe/lat/ice/den/fin/nor
GASC10,Removal of foreign body from pleural cavity,est/swe/lat/ice/den/fin/nor
GASC11,Endoscopic removal of foreign body from pleural cavity,est/swe/lat/ice/den/fin/nor
GASC20,Excision or destruction of lesion of pleura,est/swe/lat/ice/den/fin/nor
GASC21,Endoscopic excision or destruction of lesion of pleura,est/swe/lat/ice/den/fin/nor
GASC30,Artificial pneumothorax,est/swe/lat/ice/den/fin/nor
GASC33,Mechanical pleurodesis,est/swe/lat/ice/den/fin/nor
GASC34,Endoscopic mechanical pleurodesis,est/swe/lat/ice/den/fin/nor
GASC36,Chemical pleurodesis,est/swe/lat/ice/den/fin/nor
GASC37,Endoscopic chemical pleurodesis,est/swe/lat/ice/den/fin/nor
GASC40,Pleurodesis with decortication,est/swe/lat/ice/den/fin/nor
GASC41,Endoscopic pleurodesis with decortication,est/swe/lat/ice/den/fin/nor
GASC43,Total decortication of pleura,est/swe/lat/ice/den/fin/nor
GASC44,Endoscopic total decortication of pleura,est/swe/lat/ice/den/fin/nor
GASC46,Partial decortication of pleura,est/swe/lat/ice/den/fin/nor
GASC47,Endoscopic partial decortication of pleura,est/swe/lat/ice/den/fin/nor
GASC96,Other operation on pleura,est/swe/lat/ice/den/fin/nor
GASC97,Other endoscopic operation on pleura,est/swe/lat/ice/den/fin/nor
GASC98,Other operation on pleura through pleuro-cutaneous window,est/swe/lat/ice/den/fin/nor
GASD00,Thoracoplasty without plombage,est/swe/lat/ice/den/fin/nor
GASD03,Thoracoplasty with plombage,est/swe/lat/ice/den/fin/nor
GASD10,Removal of plombage material from chest wall,est/swe/lat/ice/den/fin
GASD96,Other thoracoplasty or related procedure,est/swe/lat/ice/den/fin/nor
GASE00,Incision or biopsy of chest wall,est/swe/lat/ice/den/fin/nor
GASE03,Suture of chest wall,est/swe/lat/ice/den/fin/nor
GASE06,Excision of lesion of chest wall,est/swe/lat/ice/den/fin/nor
GASE10,Closure of previous incision of chest wall,est/swe/lat/ice/den/fin/nor
GASE13,Closure of fenestration of pleura,est/lat/ice/den/fin/nor
GASE16,Resection of chest wall,est/swe/lat/ice/den/fin/nor
GASE20,Resection of chest wall and repair using flap,est/swe/lat/ice/den/fin/nor
GASE23,Resection of chest wall and prosthetic repair,est/swe/lat/ice/den/fin/nor
GASE26,Repair of injury to chest wall,est/swe/lat/ice/den/fin/nor
GASE30,Repair of combined injury to chest wall and diaphragm,est/swe/lat/ice/den/fin/nor
GASE40,Operation on rib and soft tissues for thoracic outlet syndrome,est/swe/lat/ice/den/fin/nor
GASE50,Reconstruction of chest wall,est/swe/lat/ice/den/fin/nor
GASE53,Removal of foreign body from chest wall,est/swe/lat/ice/fin/nor
GASE56,Removal of osteosynthesis material from chest wall,swe
GASE70,Operation for pseudoarthrosis of chest wall,ice/den/est
GASE73,Operation for pseudoarthrosis of chest wall with bone transplantation,ice/den/est
GASE90,Removal of fixation material from chest wall,ice/den/est
GASE96,"Other incision, biopsy, resection or repair of chest wall",est/swe/lat/ice/den/fin/nor
GASF00,Correction of pectus carinatum,est/swe/lat/ice/den/fin/nor
GASF03,Correction of pectus excavatum,est/swe/lat/ice/den/fin/nor
GASF10,Removal of prosthetic material after correction of malformation of chest wall,est/swe/lat/ice/den/fin/nor
GASF96,Other correction of malformation of chest wall,est/swe/lat/ice/den/fin/nor
GASG00,Transthoracic biopsy of diaphragm,est/swe/lat/ice/den/fin/nor
GASG01,Thoracoscopic biopsy of diaphragm,est/swe/lat/ice/den/fin/nor
GASG10,Transthoracic excision or destruction of lesion of diaphragm,est/swe/lat/ice/den/fin/nor
GASG11,Thoracoscopic excision or destruction of lesion of diaphragm,est/swe/lat/ice/den/fin/nor
GASG20,Transthoracic removal of foreign body from diaphragm,est/swe/lat/ice/den/fin/nor
GASG21,Thoracoscopic removal of foreign body from diaphragm,est/swe/lat/ice/den/fin/nor
GASG30,Transthoracic repair of diaphragm for rupture,est/swe/lat/ice/den/fin/nor
GASG31,Thoracoscopic repair of diaphragm for rupture,est/swe/lat/ice/den/fin/nor
GASG33,Transthoracic resection of diaphragm,est/swe/lat/ice/den/fin/nor
GASG36,Transthoracic resection and reconstruction of diaphragm using graft,est/swe/lat/ice/den/fin/nor
GASG40,Transthoracic closure of thoraco-abdominal fistula,est/swe/lat/ice/den/fin/nor
GASG50,Transthoracic repair of defect of diaphragm,est/swe/lat/ice/den/fin/nor
GASG96,Other transthoracic operation on diaphragm,est/swe/lat/ice/den/fin/nor
GASG97,Other thoracoscopic operation on diaphragm,est/swe/lat/ice/den/fin/nor
GASW96,"Other operation on chest wall, pleura and diaphragm",est/swe/lat/ice/den/fin/nor
GASW97,"Other thoracoscopic operation on chest wall, pleura and diaphragm",est/swe/lat/ice/den/fin/nor
GAXA05,Check-up of diafragma stimulating device,swe/lat/ice/nor
GAXX00,Needle biopsy of chest wall,est/swe/lat/ice/den/fin/nor
GAXX02,Needle biopsy of pleura,est/swe/lat/ice/den/fin/nor
GAXX04,Needle biopsy of diaphragm,est/swe/lat/ice/den/fin/nor
GAXX10,Pleural puncture,est/swe/lat/ice/den/fin/nor
GAXX12,Pleural catheter exchange or removal,swe/ice/den/fin/nor
GAXX20,Artificial pneumothorax for collapse of lung,est/swe/lat/ice/den
GAXX30,Irrigation of pleural cavity,swe/lat/ice/nor/est
GBDA1A,Tracheal X-ray examination,swe/ice/den/fin
GBDA2A,Epipharynx X-ray examination,swe/ice/nor
GBDA3A,Larynx X-ray examination,swe/ice
GBE002,Tracheoscopy,est/swe/lat/ice/den/fin/nor
GBE005,Tracheoscopy with biopsy,est/swe/lat/ice/den/nor
GBSA00,Tracheotomy,est/swe/lat/ice/den/fin/nor
GBSA10,Tracheotomy with removal of foreign body,est/swe/lat/ice/den/fin
GBSA12,Endoscopic removal of foreign body from trachea,est/swe/lat/ice/den/fin/nor
GBSA22,Endoscopic excision of lesion of trachea,est/swe/lat/ice/den/fin/nor
GBSA25,Endoscopic electrocoagulation of lesion of trachea,est/swe/lat/ice/den/nor
GBSA28,Endoscopic laser therapy of lesion of trachea,est/swe/lat/ice/den/nor
GBSA32,Endoscopic dilatation of trachea,est/swe/lat/ice/den/fin/nor
GBSA35,Endoscopic insertion of tracheal stent,est/swe/lat/ice/den/fin/nor
GBSA40,Suture of trachea,est/swe/lat/ice/den/fin/nor
GBSA46,Tracheoplasty,est/swe/lat/ice/den/fin/nor
GBSA50,Repair of trachea,est/swe/lat/ice/den/fin/nor
GBSA53,Prosthetic repair of trachea,est/swe/lat/ice/den/fin/nor
GBSA96,Other incision or operation on trachea for injury or lesion,est/swe/lat/ice/den/fin/nor
GBSA98,Other endoscopic operation on trachea for injury or lesion,est/swe/lat/ice/den/fin/nor
GBSB00,Tracheostomy,est/swe/lat/ice/den/fin/nor
GBSB02,Tracheostomy with dilatation,ice
GBSB03,Percutaneous tracheostomy,est/swe/lat/ice/fin/nor
GBSB06,Tracheostomy with removal of foreign body,ice
GBSB13,Revision of tracheostomy,est/swe/lat/ice/den/fin/nor
GBSB18,Closure of tracheostomy,est/swe/lat/ice/den/fin/nor
GBSB96,Other tracheostomy procedure,est/swe/lat/ice/den/fin/nor
GBSC00,Partial resection of trachea,est/swe/lat/ice/den/fin/nor
GBSC03,Resection of trachea,est/swe/lat/ice/den/fin/nor
GBSC06,Resection and prosthetic reconstruction of trachea,est/swe/lat/ice/den/fin/nor
GBSC10,Resection and reconstruction of carina,est/swe/lat/ice/den/fin/nor
GBSC13,Resection and reconstruction of carina using graft,est/swe/lat/ice/den/fin/nor
GBSC96,Other resection or reconstruction of trachea,est/swe/lat/ice/den/fin/nor
GBSW96,Other operation on trachea,est/swe/lat/ice/den/fin/nor
GBSW98,Other transluminal endoscopic procedure on trachea,est/swe/lat/ice/den/fin/nor
GBXB00,Installation or exchange of tube to tracheostomy,swe/lat/ice/den/fin/nor
GBXB02,Producing and testing of individually adjusted tracheal tube,swe
GBXB10,Exchange of tracheostmy voice valve,swe/ice
GBXB90,Removal of tracheostomy tube,swe
GBXX00,Needle biopsy of trachea,est/swe/lat/ice/den/fin/nor
GBXX10,Percutaneous insertion of aspiration cannula into trachea,est/swe/lat/ice/nor
GCDB1B,Bronchography with X-ray,swe/ice
GCE002,Rigid bronchoscopy,est/swe/lat/ice/den/fin/nor
GCE004,Rigid bronchoscopy with biopsy of lung,swe/ice/den/fin/nor
GCE005,Rigid bronchoscopy with biopsy,est/swe/lat/ice/den/nor
GCE012,Flexible bronchoscopy,est/swe/lat/ice/den/fin/nor
GCE014,Flexible bronchoscopy with biopsy of lung,est/swe/lat/ice/den/fin/nor
GCE015,Flexible bronchoscopy with biopsy,est/swe/lat/ice/den/nor
GCIA00,Bronchial cilia function isotope imaging,ice/fin
GCSA02,Bronchoscopic electrocoagulation of lesion of bronchus,est/swe/lat/ice/den/fin/nor
GCSA05,Bronchoscopic laser therapy of lesion of bronchus,est/swe/lat/ice/den/fin/nor
GCSA06,Excision of lesion of bronchus,est/swe/lat/ice/den/fin/nor
GCSA08,Bronchoscopic excsion of lesion of bronchus,est/swe/lat/ice/den/fin/nor
GCSA10,Incision of bronchus with removal of foreign body,est/swe/lat/ice/den/fin/nor
GCSA12,Bronchoscopic removal of foreign body,est/swe/lat/ice/den/fin/nor
GCSA18,Bronchoscopic dilatation of bronchus,est/swe/lat/ice/den/fin/nor
GCSA20,Suture or reconstruction of bronchus for injury,est/swe/lat/ice/den/fin/nor
GCSA26,Plastic repair of bronchus,est/swe/lat/ice/den/fin/nor
GCSA30,Repair of bronchus using prosthesis,est/swe/lat/ice/den/fin/nor
GCSA32,Endoscopic insertion of bronchial stent,est/swe/lat/ice/den/fin/nor
GCSA40,Closure of bronchopleural fistula,est/swe/lat/ice/den/fin/nor
GCSA42,Bronchoscopic closure of bronchopleural fistula,est/swe/lat/ice/den/fin/nor
GCSA43,Other closure of bronchopleural fistula,est/swe/lat/ice/den/fin/nor
GCSA50,Partial resection of bronchus,est/swe/lat/ice/den/fin/nor
GCSA60,Resection of bronchus and end to end anastomosis,est/swe/lat/ice/den/fin/nor
GCSA63,Sleeve resection of bronchus,est/lat/ice/den/fin/nor
GCSA70,Resection and reconstruction of bronchus using prosthesis,est/swe/lat/ice/den/fin/nor
GCSA96,Other operation on bronchus,est/swe/lat/ice/den/fin/nor
GCSA98,Other bronchoscopic procedure on bronchus,est/swe/lat/ice/den/fin/nor
GCX000,Broncho-alveolar lavage,lat/ice/nor
GCXX00,Bronchial lavation,swe/ice/fin/nor
GCXX10,Aspiration from respiratory channel,swe/lat/ice/nor
GDDA1A,Thorax X-ray examination,ice/den/fin/nor
GDDA1C,Thorax X-ray screening examination,swe/ice
GDDA1E,Translateral thorax X-ray examination,ice/fin
GDDA1H,Tomography of respiratory organs,ice
GDDA1L,Dynamic X-ray examination of respiratory organs,ice/den/fin
GDDA1P,Lung X-ray examination with one projection,ice/fin
GDDA1Q,Supine thorax X-ray examination,swe/ice/fin
GDDA1R,Dynamic X-ray examination of respiratory organs with convetional X-ray picture,swe/ice/fin
GDDA1U,Thorax X-ray examination outside radiological department,ice/fin
GDDD1A,Thorax CT examination,swe/ice/den/fin/nor
GDDD1E,High resolution CT examination of lungs,ice/den/fin
GDDD1F,Thorax CT examination for dose design of radiotherapy,ice/fin
GDDD1P,CT examination of lung perfusion,ice
GDDD5A,Thorax and upper abodmen combined CT examination,ice/fin/nor
GDDG1B,Lungs and pleura MRI examination,swe/ice/den/fin/nor
GDDG1F,Thorax MRI examination for dose design of radiotherapy,ice/fin
GDO001,"Preoperative radiotherapy of trachea, bronchi and lungs",ice
GDO002,"Radical radiotherapy of trachea, bronchi and lungs",ice
GDO003,"Adjuvant radiotherapy of trachea, bronchi and lungs",ice
GDO004,"Palliative radiotherapy of trachea, bronchi and lungs",ice
GDO029,"Radiotherapy of local recidive of trachea, bronchi and lungs",ice
GDO049,"Radiotherapy of methastasis of trachea, bronchi and lungs",ice
GDO090,"Profylactic radiotherapy of trachea, bronchi and lungs",ice
GDO092,Brachytherapy of lung with radiological guidance,fin
GDO099,Other radiotherapy of the lungs,ice/den
GDSA00,Incision of lung,est/swe/lat/ice/den/fin/nor
GDSA01,Thoracoscopic incision of lung,est/swe/lat/ice/den/fin/nor
GDSA10,Biopsy of lung,est/swe/lat/ice/den/fin/nor
GDSA11,Thoracoscopic biopsy of lung,est/swe/lat/ice/den/fin/nor
GDSA20,Excision of lesion of lung,est/swe/lat/ice/den/fin/nor
GDSA21,Thoracoscopic excision of lesion of lung,est/swe/lat/ice/den/fin/nor
GDSA30,Incision of lung and removal of foreign body,est/swe/lat/ice/den/fin/nor
GDSA31,Thoracoscopic incision of lung and removal of foreign body,est/swe/lat/ice/den/fin/nor
GDSA40,Repair of lung for injury,est/swe/lat/ice/den/fin/nor
GDSA41,Thoracoscopic repair of lung for injury,est/swe/lat/ice/den/fin/nor
GDSA96,"Other incision, excision of lesion or repair of lung",est/swe/lat/ice/den/fin/nor
GDSA97,"Other thoracoscopic incision, excision of lesion or repair of lung",est/swe/lat/ice/den/fin/nor
GDSA98,"Other bronchoscopic incision, excision of lesion or repair of lung",est/swe/lat/ice/den/fin/nor
GDSB00,Resection of bullae of lung,est/swe/lat/ice/den/fin/nor
GDSB01,Thoracoscopic resection of bullae of lung,est/swe/lat/ice/den/fin/nor
GDSB10,Wedge resection of lung,est/swe/lat/ice/den/fin/nor
GDSB11,Thoracoscopic wedge resection of lung,est/swe/lat/ice/den/fin/nor
GDSB20,Segmental resection of lung,est/swe/lat/ice/den/fin/nor
GDSB21,Thoracoscopic segmental resection of lung,est/swe/lat/ice/den/fin/nor
GDSB30,Volume reduction of lung,ice/den/est
GDSB31,Thoracoscopic volume reduction of lung,ice/den/est
GDSB96,Other minor resection of lung,est/swe/lat/ice/den/fin/nor
GDSB97,Other thoracoscopic minor resection of lung,est/swe/lat/ice/den/fin/nor
GDSC00,Lobectomy of lung,est/swe/lat/ice/den/fin/nor
GDSC01,Thoracoscopic lobectomy of lung,est/swe/lat/ice/den/fin/nor
GDSC10,Bilobectomy of lung,est/swe/lat/ice/den/fin/nor
GDSC11,Thoracoscopic bilobectomy of lung,est/swe/lat/ice/den/fin/nor
GDSC13,Extended procedure for lobectomy or bilobectomy of lung,est/swe/lat/ice/den/fin/nor
GDSC20,Lobectomy of lung and sleeve resection of bronchus,est/swe/lat/ice/den/fin/nor
GDSC23,Lobectomy and segment resection of lung,est/swe/lat/ice/den/fin/nor
GDSC26,Lobectomy and other resection of lung,est/swe/lat/ice/den/fin/nor
GDSC96,Other lobectomy of lung,est/swe/lat/ice/den/fin/nor
GDSC97,Other thoracoscopic lobectomy of lung,est/swe/lat/ice/den/fin/nor
GDSD00,Pneumonectomy,est/swe/lat/ice/den/fin/nor
GDSD01,Thoracoscopic pneumonectomy,est/swe/lat/ice/den/fin/nor
GDSD10,Pleuropneumonectomy,est/swe/lat/ice/den/fin/nor
GDSD11,Thoracoscopic pleuropneumonectomy,est/swe/lat/ice/den/fin/nor
GDSD20,Extended pneumonectomy,est/swe/lat/ice/den/fin/nor
GDSD23,Pneumonectomy and resection of carina,est/swe/lat/ice/den/fin/nor
GDSD26,Pneumonectomy and resection of bronchus or bronchus and trachea,est/swe/lat/ice/den/fin/nor
GDSD96,Other pneumonectomy,est/swe/lat/ice/den/fin/nor
GDSD97,Other thoracoscopic pneumonectomy,est/swe/lat/ice/den/fin/nor
GDSG00,Unilateral transplantation of lung,est/swe/lat/ice/den/fin/nor
GDSG03,Unilateral transplantation of lung with revascularisation of bronchial arteries,est/swe/lat/ice/den/fin/nor
GDSG10,Bilateral transplantation of lung,est/swe/lat/ice/den/fin/nor
GDSG13,En bloc transplantation of lungs with revascularisation of bronchial arteries,est/swe/lat/ice/den/fin/nor
GDSG30,Transplantation of lung from living donor,est/swe/lat/ice/den/fin/nor
GDSG96,Other transplantation of lung,est/swe/lat/ice/den/fin/nor
GDSW96,Other operation on lung,est/swe/lat/ice/den/fin/nor
GDSW97,Other thoracoscopic operation on lung,est/swe/lat/ice/den/fin/nor
GDSW98,Other bronchoscopic operation on lung,est/swe/lat/ice/den/fin/nor
GDXA00,Heat coagulation of lung,ice/fin
GDXB00,Embolotherapy of arteriovenous fistulae of lung,nor
GDXC00,Labeling lung pathology,ice/fin
GDXX00,Lung needle biopsy,est/swe/lat/ice/den/fin/nor
GDXX04,Bronchoscopic lung needle biopsy,ice/fin
GDXX10,Lung needle biopsy for cytology,ice/fin
GEDE1B,Oesophageal ultrasonography of mediastinum,est/swe/lat/ice/den/fin/nor
GEDE2E,External ultrasonography of mediastinum,nor
GEDG1B,Heart and mediastinum MRI examination,swe/ice/den
GEEX00,Bronchoscopic biopsy of mediastinum,nor
GEO001,Preoperative radiotherapy of mediastinum,ice
GEO002,Radical radiotherapy of mediastinum,ice
GEO003,Adjuvant radiotherapy of mediastinum,ice
GEO004,Palliativer radiotherapy of mediastinum,ice
GEO029,Rardiotherapy of local recidive of tumour of mediastinum,ice
GEO049,Radiotherapy of methastasis in mediastinum,ice
GEO090,Profylactic radiotherapy of mediastinum,ice
GEO099,Other radiotherapy of mediastinum,ice
GESA00,Mediastinoscopy,est/swe/lat/ice/den/fin/nor
GESA10,Mediastinoscopy with removal of foreign body,est/swe/lat/ice/den/fin/nor
GESA20,Mediastinoscopy with excision of lesion,est/swe/lat/ice/den/fin/nor
GESA96,Other mediastinoscopic procedure,est/swe/lat/ice/den/fin/nor
GESB10,Mediastinotomy,est/swe/lat/ice/den/fin/nor
GESB20,Mediastinotomy with removal of foreign body,est/swe/lat/ice/den/fin/nor
GESB30,Mediastinotomy and excision of lesion,est/swe/lat/ice/den/fin/nor
GESB40,Mediastinotomy and extended excision of lesion,est/swe/lat/ice/den/fin/nor
GESB96,Other mediastionotomy,est/swe/lat/ice/den/fin/nor
GESC00,Biopsy of thymus,est/swe/lat/ice/den/fin/nor
GESC03,Mediastinoscopic biopsy of thymus,est/swe/lat/ice/den/fin/nor
GESC10,Transcervical resection of thymus,est/swe/lat/ice/den/fin/nor
GESC13,Transsternal resection of thymus,est/swe/lat/ice/den/fin/nor
GESC14,Thoracoscopic resection of thymus,est/swe/lat/ice/den/fin/nor
GESC16,Mediastinoscopic resection of thymus,est/swe/lat/ice/den/fin/nor
GESC20,Transcervical thymectomy,est/swe/lat/ice/den/fin/nor
GESC23,Transsternal thymectomy,est/swe/lat/ice/den/fin/nor
GESC24,Thoracoscopic thymectomy,est/swe/lat/ice/den/fin/nor
GESC26,Mediastinoscopic thymectomy,est/swe/lat/ice/den/fin/nor
GESC93,Other mediastinoscopic operation on thymus,est/swe/lat/ice/den/nor
GESC96,Other operation on thymus,est/swe/lat/ice/den/fin/nor
GESC97,Other thoracoscopic operation on thymus,est/swe/lat/ice/den/fin/nor
GESW96,Other operation on mediastinum,est/swe/lat/ice/den/fin/nor
GEXA00,Thorax and mediastinum coagulation with radiologic guidance,fin
GEXX00,Needle biopsy of mediastinum,est/swe/lat/ice/den/fin/nor
GEXX02,Needle biopsy of mediastinum for cytology,ice/fin
GWSA00,Repair of wound dehiscence in thoracic surgery,est/swe/lat/ice/den/fin/nor
GWSB00,Reoperation for superficial infection in thoracic surgery,est/swe/lat/ice/den/nor
GWSC00,Reoperation for deep infection in thoracic surgery,est/swe/lat/ice/den/fin/nor
GWSC01,Percutaneous endoscopic reoperation for deep infection in thoracic surgery,est/swe/lat/ice/den/nor
GWSD00,Reoperation for superficial haemorrhage in thoracic surgery,est/swe/lat/ice/den/nor
GWSE00,Reoperation for deep haemorrhage in thoracic surgery,est/swe/lat/ice/den/fin/nor
GWSE01,Percutaneous endoscopic reoperation for deep haemorrhage in thoracic surgery,est/swe/lat/ice/den/nor
GWSE02,Transluminal endoscopic reoperation for deep haemorrhage in thoracic surgery,est/swe/lat/ice/den/nor
GWSF00,Reoperation for insufficiency of anastomosis or suture in thoracic surgery,est/swe/lat/ice/den/fin/nor
GWSF01,Percutaneous endoscopic reoperation for insufficiency of anastomosis or suture in thoracic surgery,est/swe/lat/ice/den/nor
GWSW96,Other reoperation in thoracic surgery,est/swe/lat/ice/den/fin/nor
GWSW97,Other percutaneous endoscopic reoperation in thoracic surgery,est/swe/lat/ice/den/nor
GWSW98,Other transluminal endoscopic reoperation in thoracic surgery,est/swe/lat/ice/den/nor
GXDD00,Thorax and neck CT,fin
GXDE00,Intrapleural ultrasonography,est/swe/lat/ice/den/fin/nor
GXDE02,Thoracoscopic ultrasonography,est/swe/lat/ice/den/fin/nor
GXDE04,Bronchoscopic ultrasonography,est/swe/lat/ice/den/fin/nor
GXDE09,Other intraoperative thoracic ultrasonography,est/swe/lat/ice/den/fin/nor
GXF400,Analysis of respiratory sounds,ice/fin
GXF404,Peak expiratory flow (PEF) measurement,swe/ice/den/fin
GXF406,Peak expiratory flow (PEF) follow-up with/without exercise,swe/lat/ice/nor/fin
GXF410,Flow-volume spirometry,swe/ice/fin
GXF412,Flow-volume spirometry with bronchodilatation,swe/ice/fin
GXF414,Spirometry with oscillometry,lat/ice/fin/nor
GXF416,Measurement of maximal airway pressure,swe/lat/ice/fin/nor
GXF418,Measurement of transdiafragmal pressure,swe/lat/ice/nor
GXF420,Time-volume spirometry,ice/fin/nor
GXF422,Time-volume spirometry with bronchodilatation,lat/ice/fin/nor
GXF424,Measurement of maximal expiratory capasity,ice/fin
GXF426,Spirometry with exercise provocation (and bronchodilatation),swe/ice/fin
GXF428,Oscillometric spirometry with exercise provocation,ice/fin
GXF430,Spiroergometry,swe/lat/ice/fin/nor
GXF432,Cold exponation and spirometry,ice/fin
GXF434,Spirometry with blood gass analysis,ice/fin
GXF436,Methacholine test with spirometry,swe/lat/ice/nor
GXF438,Other specfied provocation of respiratory obstruction,swe/ice
GXF440,Total body pletysmography,swe/lat/ice/fin/nor
GXF442,Total body pletysmography with bronchodilatation,lat/ice/fin/nor
GXF450,Functional recidual capacity (lung volume) measurement with dilution method,swe/lat/ice/nor
GXF460,Percutaneous oxymetry with/without CO2 measurement,swe/lat/ice/fin/nor
GXF461,Percutaneous oxymetry with endtidal carbondioxide measurement,lat/ice/nor
GXF462,Examination of perfusion of lungs with multichannel device,ice/fin
GXF464,Examination of ventilation in lungs with multichanne device,swe/ice/fin
GXF466,Long-term oxymetry,swe/lat/ice/fin/nor
GXF470,Measurement of diffusion capastity of the lungs,swe/lat/ice/fin/nor
GXF472,Single breath nitrography,swe/lat/ice/fin/nor
GXF474,Exhalation nitrogen oxide measurement,swe/lat/ice/fin/nor
GXF476,Testing of controll of respiration and C02 stimulaition,ice/fin
GXF480,Histamine provocation of respiratroy tract,ice/fin
GXF488,Other provokation of respiratroy tract,ice/fin
GXF490,High altitude simulation test,lat/ice/nor
GXF492,Outpatient respiratory support device therapy check-up,lat/ice/nor/swe
GXF499,Other physiological examination of respiratory function,swe/lat/ice/fin/nor
GXFD00,Total respiratory impedance measurement by impulsoscillometry,swe/ice
GXFX90,Clinical examination of respiratory system,swe/ice
GXIA00,Thorax and neck isotope imaging,swe/ice
GXIA20,Aspiration isotope examination,swe/ice
GXIC00,Lung tissue isotope imaging,swe/ice/fin/nor
GXIC02,Lung tissue SPECT,ice/fin
GXIC04,Lung ventilation isotope imaging,swe/ice/fin/nor
GXIC05,Lung ventilation SPECT with low dose CT or  MR,fin/nor
GXIC06,Lung ventilation distribution isotope examination (radiospirometry),swe/ice/fin
GXIC08,Lung ventilation SPECT,ice/fin
GXID00,Lung circulation isotope imaging,swe/ice/fin
GXID02,Lung circulation SPECT,ice/fin
GXID03,Lung circulation SPECT with low dose CT,fin
GXOA00,Radiofrequency tumor ablation in thorax,nor
GXOB00,Focused Ultrasound treatment in thorax,nor
GXXA00,Heat coagulation of thorax wall or mediastinum,ice
GXXF00,Respiratory physiotherapy,den/fin
GXXX00,Examination of respiratory excretion,den
GXXX50,Surfactant therapy,lat/den
GXXX80,Other care of respiratory problems,den
GXXX99,Other minor procedure in thoracic surgery,est/swe/lat/ice/den/fin/nor
H01AA,ACTH,est/swe/lat/ice/den
H01AA01,Corticotropin,fin/swe
H01AA02,Tetracosactide,fin/swe
H01AB,Thyrotropin,est/swe/lat/ice/den
H01AB01,Thyrotropin alfa,fin/swe
H01AC,Somatropin and somatropin agonists,est/swe/lat/ice/den
H01AC01,Somatropin,fin/swe
H01AC02,Somatrem,fin/swe
H01AC03,Mecasermin,fin/nor/swe
H01AC04,Sermorelin,fin/swe
H01AC05,Mecasermin rinfabate,fin/swe
H01AC06,Tesamorelin,fin/swe
H01AC07,Somapacitan,fin/swe
H01AC08,Somatrogon,fin/swe
H01AX,Other anterior pituitary lobe hormones and analogues,est/swe/lat/ice/den
H01AX01,Pegvisomant,fin/swe
H01BA,Vasopressin and analogues,est/swe/lat/ice/den
H01BA01,Vasopressin (argipressin),fin/swe
H01BA02,Desmopressin,fin/swe
H01BA03,Lypressin,fin/swe
H01BA04,Terlipressin,fin/swe
H01BA05,Ornipressin,fin/swe
H01BB,Oxytocin and analogues,est/swe/lat/ice/den
H01BB01,Demoxytocin,fin/swe
H01BB02,Oxytocin,fin/swe
H01BB03,Carbetocin,fin/swe
H01CA,Gonadotropin-releasing hormones,est/swe/lat/ice/den
H01CA01,Gonadorelin,fin/swe
H01CA02,Nafarelin,fin/swe
H01CB,Antigrowth hormone,est/swe/lat/ice/den
H01CB01,Somatostatin,fin/swe
H01CB02,Octreotide,fin/swe
H01CB03,Lanreotide,fin/swe
H01CB04,Vapreotide,fin/swe
H01CB05,Pasireotide,fin/swe
H01CC,Anti-gonadotropin-releasing hormones,est/swe/lat/ice/den
H01CC01,Ganirelix,fin/swe
H01CC02,Cetrorelix,fin/swe
H01CC03,Elagolix,fin/swe
H01CC04,Linzagolix,fin/swe
H01CC54,"Relugolix, estradiol and norethisterone",fin/swe
H02AA,Mineralocorticoids,est/swe/lat/ice/den
H02AA01,Aldosterone,fin/swe
H02AA02,Fludrocortisone,fin/swe
H02AA03,Desoxycortone,fin/swe
H02AB,Glucocorticoids,est/swe/lat/ice/den
H02AB01,Betamethasone,fin/swe
H02AB02,Dexamethasone,fin/swe
H02AB03,Fluocortolone,fin/swe
H02AB04,Methylprednisolone,fin/swe
H02AB05,Paramethasone,fin/swe
H02AB06,Prednisolone,fin/swe
H02AB07,Prednisone,fin/swe
H02AB08,Triamcinolone,fin/swe
H02AB09,Hydrocortisone,fin/swe
H02AB10,Cortisone,fin/swe
H02AB11,Prednylidene,fin/swe
H02AB12,Rimexolone,fin/swe
H02AB13,Deflazacort,fin/swe
H02AB14,Cloprednol,fin/swe
H02AB15,Meprednisone,fin/swe
H02AB17,Cortivazol,fin/swe
H02BX,"Corticosteroids for systemic use, combinations",est/swe/lat/ice/den
H02BX01,"Methylprednisolone, combinations",fin/swe
H02CA,Anticorticosteroids,est/swe/lat/ice/den
H02CA01,Trilostane,fin/swe
H02CA02,Osilodrostat,fin/swe
H02CA03,Ketoconazole,fin/swe
H03AA,Thyroid hormones,est/swe/lat/ice/den
H03AA01,Levothyroxine sodium,fin/swe
H03AA02,Liothyronine sodium,fin/swe
H03AA03,Combinations of levothyroxine and liothyronine,fin/swe
H03AA04,Tiratricol,fin/swe
H03AA05,Thyroid gland preparations,fin/swe
H03BA,Thiouracils,est/swe/lat/ice/den
H03BA01,Methylthiouracil,fin/swe
H03BA02,Propylthiouracil,fin/swe
H03BA03,Benzylthiouracil,fin/swe
H03BB,Sulfur-containing imidazole derivatives,est/swe/lat/ice/den
H03BB01,Carbimazole,fin/swe
H03BB02,Thiamazole,fin/swe
H03BB52,"Thiamazole, combinations",fin/swe
H03BC,Perchlorates,est/swe/lat/ice/den
H03BC01,Potassium perchlorate,fin/swe
H03BX,Other antithyroid preparations,est/swe/lat/ice/den
H03BX01,Diiodotyrosine,fin/swe
H03BX02,Dibromotyrosine,fin/swe
H03CA,Iodine therapy,est/swe/lat/ice/den
H04AA,Glycogenolytic hormones,est/swe/lat/ice/den
H04AA01,Glucagon,fin/swe
H05AA,Parathyroid hormones and analogues,est/swe/lat/ice/den
H05AA01,Parathyroid gland extract,fin/swe
H05AA02,Teriparatide,fin/swe
H05AA03,Parathyroid hormone,fin/swe
H05AA04,Abaloparatide ,fin/swe
H05BA,Calcitonin preparations,est/swe/lat/ice/den
H05BA01,Calcitonin (salmon synthetic),fin/swe
H05BA02,Calcitonin (pork natural),fin/swe
H05BA03,Calcitonin (human synthetic),fin/swe
H05BA04,Elcatonin,fin/swe
H05BX01,Cinacalcet,fin/swe
H05BX02,Paricalcitol,fin/swe
H05BX03,Doxercalciferol,fin/swe
H05BX04,Etelcalcetide,fin/swe
H05BX05,Calcifediol,fin/swe
HADA1A,Mammography with X-ray,swe/ice/den/fin/nor
HADA1C,Mammography screening,swe/ice/fin
HADA1S,Expansion mammography,ice/fin
HADA6A,Extra corporeal mammography of operated mammary gland,swe/ice/den/fin
HADB1B,Pneumocystography of mammary gland,swe/ice/den
HADB5C,Galactography,swe/ice/den/fin
HADD00,Mammary glands CT examination,swe/ice/fin
HADD10,Breast 3D tomosynthesis,fin/nor
HADD12,Extra corporeal  tomosynthesis of operated mammary gland,fin
HADE1A,Mammary glands ultrasaound examination,swe/lat/ice/den/fin/nor
HADE1B,Mammary gland ultrasound examination during lactation,swe
HADG1B,Mammary gland MRI examination,swe/ice/den/fin
HAIA00,Isotope imaging of mammary gland,ice/fin/nor
HAIA14,Mammary gland metabolic PET with MRI,fin
HAO003,Radiotherapy after partial ablation of mammary gland,ice/fin
HAO013,Radiotherapy after total ablation of mammary gland,ice/fin
HAO100,Profylactic radiotherapy of mammary gland,ice
HAO101,Preoperative radiotherapy of mammary gland,ice/den
HAO103,Radical radiotherapy of mammary gland,ice
HAO104,Palliative radiotherapy of mammary gland,ice
HAO110,Brachytherapy of mammary gland,ice/den/fin
HAO149,Radiotherapy of methastasis in mammary gland,ice
HASA00,Incision of mammary gland,est/swe/lat/ice/den/fin/nor
HASA01,Suture of mammary gland,est/swe/lat/ice/den/fin/nor
HASA10,Biopsy of mammary gland,est/swe/lat/ice/den/fin/nor
HASB00,Excision of lesion of mammary gland,est/swe/lat/ice/fin/nor
HASB02,Excision of needle marked lesion of mammary gland,ice/den
HASB10,Microductectomy of mammary gland,est/lat/ice/den/nor
HASB20,Excision of lactiferous duct,est/swe/lat/ice/den/fin/nor
HASB30,Excision of mamilla or areola,est/swe/lat/ice/den/fin/nor
HASB40,Wedge excision of mammary gland,est/swe/lat/ice/den/fin/nor
HASB99,Other partial excision of mammary gland,est/swe/lat/ice/den/fin/nor
HASC10,Subcutaneous mastectomy with preservation of mamilla,est/swe/lat/ice/den/fin/nor
HASC15,Subcutaneous mastectomy with excision of mamilla,est/swe/lat/ice/den/fin/nor
HASC20,Total mastectomy,est/swe/lat/ice/den/fin/nor
HASC25,Radical mastectomy,est/swe/lat/ice/den/fin/nor
HASC30,Excision of supernumerary mammary gland or mamilla,est/swe/lat/ice/den/fin/nor
HASC99,Other mastectomy,est/swe/lat/ice/den/fin/nor
HASD00,Augmentation mammoplasty,est/swe/lat/ice/den/fin/nor
HASD05,Mammoplasty with flap of gland,fin
HASD10,Augmentation of breast using prosthesis,est/swe/lat/ice/den/fin/nor
HASD20,Liposuction of breast,est/swe/lat/ice/den/fin/nor
HASD30,Reduction mammoplasty with transposition of areola,est/swe/lat/ice/den/fin/nor
HASD35,Reduction mammoplasty with transplantation of areola,est/swe/lat/ice/den/fin/nor
HASD40,Mastopexy,est/swe/lat/ice/den/fin/nor
HASD41,Transposition of areola,fin
HASD45,Eversion of mamilla,est/swe/lat/ice/den/fin/nor
HASD50,Removal of prosthetic implant from breast,est/swe/lat/ice/den/fin/nor
HASD55,Incision of periprosthetic capsule of breast,est/swe/lat/ice/den/fin/nor
HASD57,Excision of periprosthetic capsule of breast,est/swe/lat/ice/den/fin/nor
HASD60,Replacement of prosthetic implant in breast,est/swe/lat/ice/den/fin/nor
HASD99,Other plastic operation on breast,est/swe/lat/ice/den/fin/nor
HASE00,Reconstruction of breast using prosthesis,est/swe/lat/ice/den/fin/nor
HASE05,Reconstruction of breast using soft tissue and prosthesis,est/swe/lat/ice/den/fin/nor
HASE10,Reconstruction of breast using graft or flap,est/swe/lat/ice/den/fin/nor
HASE20,Reconstruction of areola and mamilla using graft or flap,est/swe/lat/ice/den/fin/nor
HASE99,Other reconstruction of breast,est/swe/lat/ice/den/fin/nor
HASF00,Excision of local recurrence of breast cancer,est/swe/lat/ice/den/fin/nor
HASF10,Repair after excision of local recurrence of breast cancer using graft or flap,est/swe/lat/ice/den/fin/nor
HASF20,Repair after excision of local recurrence of breast cancer using prosthetic material,est/swe/lat/ice/den/fin/nor
HASF99,Other operation for local recurrence of breast cancer,est/swe/lat/ice/den/fin/nor
HAX000,Needle biopsy of mamilla,est/swe/lat/ice/den/fin/nor
HAX002,Needle biopsy of mammary gland,est/swe/lat/ice/den/fin/nor
HAX004,Mammary gland needle biopsy for cytology,ice/den/fin/nor
HAX010,Mammary gland cyst drainage,swe/ice/den/fin/nor
HAX012,Removal of lesion of breast with radiological guidance,ice/fin
HAX014,Breast lesion destruction with radiofrequence,fin
HAX020,Mammary gland pathology labeling,swe/ice/fin/nor
HAXA00,Injection of therapeutic agent around breast prosthesis (with ultrasound quidance),nor
HAXB00,Focused Ultrasound therapy of mammary gland,nor
HAXX20,Implantation of marker to mammary gland (with radiological guidance),nor
HWSA00,Repair of wound dehiscence in surgery of mammary gland,est/swe/lat/ice/den/fin/nor
HWSB00,Reoperation for superficial infection in surgery of mammary gland,est/swe/lat/ice/den/nor
HWSC00,Reoperation for deep infection in surgery of mammary gland,est/swe/lat/ice/den/nor
HWSD00,Reoperation for superficial haemorrhage in surgery of mammary gland,est/swe/lat/ice/den/fin/nor
HWSE00,Reoperation for deep haemorrhage in surgery of mammary gland,est/swe/lat/ice/den/nor
HWSF00,Reoperation for insufficiency of anastomosis or suture in surgery of mammary gland,est/swe/lat/ice/den/nor
HWSW99,Other reoperation in surgery of mammary gland,est/swe/lat/ice/den/fin/nor
HXXA00,Testing and adjustment of external breast prosthesis,swe/ice/den
HXXB00,Mammary gland photography,fin
HXXX90,Care for breast problem,den
HXXX99,Other minor procedure of mammary gland,est/swe/lat/ice/den/fin/nor
I07AV01,Staphylococcus + Bacteriophage,
J01AA,Tetracyclines,est/swe/lat/ice/den
J01AA01,Demeclocycline,fin/swe
J01AA02,Doxycycline,fin/swe
J01AA03,Chlortetracycline,fin/swe
J01AA04,Lymecycline,fin/swe
J01AA05,Metacycline,fin/swe
J01AA06,Oxytetracycline,fin/swe
J01AA07,Tetracycline,fin/swe
J01AA08,Minocycline,fin/swe
J01AA09,Rolitetracycline,fin/swe
J01AA10,Penimepicycline,fin/swe
J01AA11,Clomocycline,fin/swe
J01AA12,Tigecycline,fin/swe
J01AA13,Eravacycline,fin/swe
J01AA14,Sarecycline,fin/swe
J01AA15,Omadacycline,fin/swe
J01AA20,Combinations of tetracyclines,fin/swe
J01AA56,"Oxytetracycline, combinations",fin/swe
J01BA,Amphenicols,est/swe/lat/ice/den
J01BA01,Chloramphenicol,fin/swe
J01BA02,Thiamphenicol,fin/swe
J01BA52,"Thiamphenicol, combinations",fin/swe
J01CA,Penicillins with extended spectrum,est/swe/lat/ice/den
J01CA01,Ampicillin,fin/swe
J01CA02,Pivampicillin,fin/swe
J01CA03,Carbenicillin,fin/swe
J01CA04,Amoxicillin,fin/swe
J01CA05,Carindacillin,fin/swe
J01CA06,Bacampicillin,fin/swe
J01CA07,Epicillin,fin/swe
J01CA08,Pivmecillinam,fin/swe
J01CA09,Azlocillin,fin/swe
J01CA10,Mezlocillin,fin/swe
J01CA11,Mecillinam,fin/swe
J01CA12,Piperacillin,fin/swe
J01CA13,Ticarcillin,fin/swe
J01CA14,Metampicillin,fin/swe
J01CA15,Talampicillin,fin/swe
J01CA16,Sulbenicillin,fin/swe
J01CA17,Temocillin,fin/swe
J01CA18,Hetacillin,fin/swe
J01CA19,Aspoxicillin,fin/swe
J01CA20,Combinations,fin/swe
J01CA51,"Ampicillin, combinations",fin/swe
J01CE,Beta-lactamase sensitive penicillins,est/swe/lat/ice/den
J01CE01,Benzylpenicillin,fin/swe
J01CE02,Phenoxymethylpenicillin,fin/swe
J01CE03,Propicillin,fin/swe
J01CE04,Azidocillin,fin/swe
J01CE05,Pheneticillin,fin/swe
J01CE06,Penamecillin,fin/swe
J01CE07,Clometocillin,fin/swe
J01CE08,Benzathine benzylpenicillin,fin/swe
J01CE09,Procaine benzylpenicillin,fin/swe
J01CE10,Benzathine phenoxymethylpenicillin,fin/swe
J01CE30,Combinations,fin/swe
J01CF,Beta-lactamase resistant penicillins,est/swe/lat/ice/den
J01CF01,Dicloxacillin,fin/swe
J01CF02,Cloxacillin,fin/swe
J01CF03,Meticillin,fin/swe
J01CF04,Oxacillin,fin/swe
J01CF05,Flucloxacillin,fin/swe
J01CF06,Nafcillin,fin/swe
J01CG,Beta-lactamase inhibitors,est/swe/lat/ice/den
J01CG01,Sulbactam,fin/swe
J01CG02,Tazobactam,fin/swe
J01CR,"Combinations of penicillins, incl. beta-lactamase inhibitors",est/swe/lat/ice/den
J01CR01,Ampicillin and beta-lactamase inhibitor,fin/swe
J01CR02,Amoxicillin and beta-lactamase inhibitor,fin/swe
J01CR03,Ticarcillin and beta-lactamase inhibitor,fin/swe
J01CR04,Sultamicillin,fin/swe
J01CR05,Piperacillin and beta-lactamase inhibitor,fin/swe
J01CR50,Combinations of penicillins,fin/swe
J01DA,Cephalosporins and related substances,est/lat/ice/den
J01DB,First-generation cephalosporins,est/swe/lat/ice/den
J01DB01,Cefalexin,fin/swe
J01DB02,Cefaloridine,fin/swe
J01DB03,Cefalotin,fin/swe
J01DB04,Cefazolin,fin/swe
J01DB05,Cefadroxil,fin/swe
J01DB06,Cefazedone,fin/swe
J01DB07,Cefatrizine,fin/swe
J01DB08,Cefapirin,fin/swe
J01DB09,Cefradine,fin/swe
J01DB10,Cefacetrile,fin/swe
J01DB11,Cefroxadine,fin/swe
J01DB12,Ceftezole,fin/swe
J01DC,Second-generation cephalosporins,est/swe/lat/ice/den
J01DC01,Cefoxitin,fin/swe
J01DC02,Cefuroxime,fin/swe
J01DC03,Cefamandole,fin/swe
J01DC04,Cefaclor,fin/swe
J01DC05,Cefotetan,fin/swe
J01DC06,Cefonicid,fin/swe
J01DC07,Cefotiam,fin/swe
J01DC08,Loracarbef,fin/swe
J01DC09,Cefmetazole,fin/swe
J01DC10,Cefprozil,fin/swe
J01DC11,Ceforanide,fin/swe
J01DC12,Cefminox,fin/swe
J01DC13,Cefbuperazone,fin/swe
J01DC14,Flomoxef,fin/swe
J01DD,Third-generation cephalosporins,est/swe/lat/ice/den
J01DD01,Cefotaxime,fin/swe
J01DD02,Ceftazidime,fin/swe
J01DD03,Cefsulodin,fin/swe
J01DD04,Ceftriaxone,fin/swe
J01DD05,Cefmenoxime,fin/swe
J01DD06,Latamoxef,fin/swe
J01DD07,Ceftizoxime,fin/swe
J01DD08,Cefixime,fin/swe
J01DD09,Cefodizime,fin/swe
J01DD10,Cefetamet,fin/swe
J01DD11,Cefpiramide,fin/swe
J01DD12,Cefoperazone,fin/swe
J01DD13,Cefpodoxime,fin/swe
J01DD14,Ceftibuten,fin/swe
J01DD15,Cefdinir,fin/swe
J01DD16,Cefditoren,fin/swe
J01DD17,Cefcapene,fin/swe
J01DD18,Cefteram,fin/swe
J01DD51,Cefotaxime and beta-lactamase inhibitor,fin/swe
J01DD52,Ceftazidime and beta-lactamase inhibitor,fin/swe
J01DD54,"Ceftriaxone, combinations",fin/swe
J01DD62,Cefoperazone and beta-lactamase inhibitor,fin/swe
J01DD63,Ceftriaxone and beta-lactamase inhibitor,fin/swe
J01DD64,Cefpodoxime and beta-lactamase inhibitor,fin/swe
J01DE,Fourth-generation cephalosporins,est/swe/lat/ice/den
J01DE01,Cefepime,fin/swe
J01DE02,Cefpirome,fin/swe
J01DE03,Cefozopran,fin/swe
J01DF,Monobactams,est/swe/lat/ice/den
J01DF01,Aztreonam,fin/swe
J01DF02,Carumonam,fin/swe
J01DH,Carbapenems,est/swe/lat/ice/den
J01DH02,Meropenem,fin/swe
J01DH03,Ertapenem,fin/swe
J01DH04,Doripenem,fin/swe
J01DH05,Biapenem,fin/swe
J01DH06,Tebipenem pivoxil,fin/swe
J01DH51,Imipenem and cilastatin,fin/swe
J01DH52,Meropenem and vaborbactam,fin/swe
J01DH55,Panipenem and betamipron,fin/swe
J01DH56,"Imipenem, cilastatin och relebaktam",fin/swe
J01DI01,Ceftobiprole medocaril,fin/swe
J01DI02,Ceftaroline fosamil,fin/swe
J01DI03,Faropenem,fin/swe
J01DI04,Cefiderocol ,fin/swe
J01DI54,Ceftolozane and beta-lactamase inhibitor,fin/swe
J01EA,Trimethoprim and derivatives,est/swe/lat/ice/den
J01EA01,Trimethoprim,fin/swe
J01EA02,Brodimoprim,fin/swe
J01EA03,Iclaprim,fin/swe
J01EB,Short-acting sulfonamides,est/swe/lat/ice/den
J01EB01,Sulfaisodimidine,fin/swe
J01EB02,Sulfamethizole,fin/swe
J01EB03,Sulfadimidine,fin/swe
J01EB04,Sulfapyridine,fin/swe
J01EB05,Sulfafurazole,fin/swe
J01EB06,Sulfanilamide,fin/swe
J01EB07,Sulfathiazole,fin/swe
J01EB08,Sulfathiourea,fin/swe
J01EB20,Combinations,fin/swe
J01EC,Intermediate-acting sulfonamides,est/swe/lat/ice/den
J01EC01,Sulfamethoxazole,fin/swe
J01EC02,Sulfadiazine,fin/swe
J01EC03,Sulfamoxole,fin/swe
J01EC20,Combinations,fin/swe
J01ED,Long-acting sulfonamides,est/swe/lat/ice/den
J01ED01,Sulfadimethoxine,fin/swe
J01ED02,Sulfalene,fin/swe
J01ED03,Sulfametomidine,fin/swe
J01ED04,Sulfametoxydiazine,fin/swe
J01ED05,Sulfamethoxypyridazine,fin/swe
J01ED06,Sulfaperin,fin/swe
J01ED07,Sulfamerazine,fin/swe
J01ED08,Sulfaphenazole,fin/swe
J01ED09,Sulfamazone,fin/swe
J01ED20,Combinations,fin/swe
J01EE,"Combinations of sulfonamides and trimethoprim, incl. derivatives",est/swe/lat/ice/den
J01EE01,Sulfamethoxazole and trimethoprim,fin/swe
J01EE02,Sulfadiazine and trimethoprim,fin/swe
J01EE03,Sulfametrole and trimethoprim,fin/swe
J01EE04,Sulfamoxole and trimethoprim,fin/swe
J01EE05,Sulfadimidine and trimethoprim,fin/swe
J01EE06,Sulfadiazine and tetroxoprim,fin/swe
J01EE07,Sulfamerazine and trimethoprim,fin/swe
J01FA,Macrolides,est/swe/lat/ice/den
J01FA01,Erythromycin,fin/swe
J01FA02,Spiramycin,fin/swe
J01FA03,Midecamycin,fin/swe
J01FA05,Oleandomycin,fin/swe
J01FA06,Roxithromycin,fin/swe
J01FA07,Josamycin,fin/swe
J01FA08,Troleandomycin,fin/swe
J01FA09,Clarithromycin,fin/swe
J01FA10,Azithromycin,fin/swe
J01FA11,Miocamycin,fin/swe
J01FA12,Rokitamycin,fin/swe
J01FA13,Dirithromycin,fin/swe
J01FA14,Flurithromycin,fin/swe
J01FA15,Telithromycin,fin/swe
J01FA16,Solithromycin,fin/swe
J01FF,Lincosamides,est/swe/lat/ice/den
J01FF01,Clindamycin,fin/swe
J01FF02,Lincomycin,fin/swe
J01FG,Streptogramins,est/swe/lat/ice/den
J01FG01,Pristinamycin,fin/swe
J01FG02,Quinupristin/dalfopristin,fin/swe
J01GA,Streptomycins,est/swe/lat/ice/den
J01GA01,Streptomycin,fin/swe
J01GA02,Streptoduocin,fin/swe
J01GB,Other aminoglycosides,est/swe/lat/ice/den
J01GB01,Tobramycin,fin/swe
J01GB03,Gentamicin,fin/swe
J01GB04,Kanamycin,fin/swe
J01GB05,Neomycin,fin/swe
J01GB06,Amikacin,fin/swe
J01GB07,Netilmicin,fin/swe
J01GB08,Sisomicin,fin/swe
J01GB09,Dibekacin,fin/swe
J01GB10,Ribostamycin,fin/swe
J01GB11,Isepamicin,fin/swe
J01GB12,Arbekacin,fin/swe
J01GB13,Bekanamycin,fin/swe
J01GB14,Plazomicin,fin/swe
J01MA,Fluoroquinolones,est/swe/lat/ice/den
J01MA01,Ofloxacin,fin/swe
J01MA02,Ciprofloxacin,fin/swe
J01MA03,Pefloxacin,fin/swe
J01MA04,Enoxacin,fin/swe
J01MA05,Temafloxacin,fin/swe
J01MA06,Norfloxacin,fin/swe
J01MA07,Lomefloxacin,fin/swe
J01MA08,Fleroxacin,fin/swe
J01MA09,Sparfloxacin,fin/swe
J01MA10,Rufloxacin,fin/swe
J01MA11,Grepafloxacin,fin/swe
J01MA12,Levofloxacin,fin/swe
J01MA13,Trovafloxacin,fin/swe
J01MA14,Moxifloxacin,fin/swe
J01MA15,Gemifloxacin,fin/swe
J01MA16,Gatifloxacin,fin/swe
J01MA17,Prulifloxacin,fin/swe
J01MA18,Pazufloxacin,fin/swe
J01MA19,Garenoxacin,fin/swe
J01MA21,Sitafloxacin,fin/swe
J01MA22,Tosufloxacin,fin/swe
J01MA23,Delafloxacin,fin/swe
J01MA24,Levonadifloxacin,fin/swe
J01MA25,Lascufloxacin,fin/swe
J01MB,Other quinolones,est/swe/lat/ice/den
J01MB01,Rosoxacin,fin/swe
J01MB02,Nalidixic acid,fin/swe
J01MB03,Piromidic acid,fin/swe
J01MB04,Pipemidic acid,fin/swe
J01MB05,Oxolinic acid,fin/swe
J01MB06,Cinoxacin,fin/swe
J01MB07,Flumequine,fin/swe
J01MB08,Nemonoxacin,fin/swe
J01RA,Combinations of antibacterials,est/swe/lat/ice/den
J01RA01,"Penicillins, combinations with other antibacterials",fin/swe
J01RA02,"Sulfonamides, combinations with other antibacterial",fin/swe
J01RA03,Cefuroxime and metronidazole,fin/swe
J01RA04,Spiramycin and metronidazole,fin/swe
J01RA05,Levofloxacin and ornidazole,fin/swe
J01RA06,Cefepime and amikacin,fin/swe
J01RA07,"Azithromycin, fluconazole and secnidazole",fin/swe
J01RA08,Tetracycline and oleandomycin,fin/swe
J01RA09,Ofloxacin and ornidazole,fin/swe
J01RA10,Ciprofloxacin and metronidazole,fin/swe
J01RA11,Ciprofloxacin and tinidazole,fin/swe
J01RA12,Ciprofloxacin and ornidazole,fin/swe
J01RA13,Norfloxacin and tinidazole,fin/swe
J01RA14,Norfloxacin and metronidazole,fin/swe
J01RA15,Cefixime and ornidazole,fin/swe
J01XA,Glycopeptide antibacterials,est/swe/lat/ice/den
J01XA01,Vancomycin,fin/swe
J01XA02,Teicoplanin,fin/swe
J01XA03,Telavancin,fin/swe
J01XA04,Dalbavancin,fin/swe
J01XA05,Oritavancin,fin/swe
J01XB,Polymyxins,est/swe/lat/ice/den
J01XB01,Colistin,fin/swe
J01XB02,Polymyxin B,fin/swe
J01XC,Steroid antibacterials,est/swe/lat/ice/den
J01XC01,Fusidic acid,fin/swe
J01XD,Imidazole derivatives,est/swe/lat/ice/den
J01XD01,Metronidazole,fin/swe
J01XD02,Tinidazole,fin/swe
J01XD03,Ornidazole,fin/swe
J01XE,Nitrofuran derivatives,est/swe/lat/ice/den
J01XE01,Nitrofurantoin,fin/swe
J01XE02,Nifurtoinol,fin/swe
J01XE03,Furazidin,fin/swe
J01XE51,"Nitrofurantoin, combinations",fin/swe
J01XX,Other antibacterials,est/swe/lat/ice/den
J01XX01,Fosfomycin,fin/swe
J01XX02,Xibornol ,fin/swe
J01XX03,Clofoctol,fin/swe
J01XX04,Spectinomycin,fin/swe
J01XX05,Methenamine,fin/swe
J01XX06,Mandelic acid,fin/swe
J01XX07,Nitroxoline,fin/swe
J01XX08,Linezolid,fin/swe
J01XX09,Daptomycin,fin/swe
J01XX10,Bacitracin,fin/swe
J01XX11,Tedizolid,fin/swe
J01XX12,Lefamulin,fin/swe
J02AA,Antibiotics,est/swe/lat/ice/den
J02AA01,Amphotericin B ,fin/swe
J02AA02,Hachimycin,fin/swe
J02AB,Imidazole derivatives,est/swe/lat/ice/den
J02AB01,Miconazole,fin/swe
J02AB02,Ketoconazole,fin/swe
J02AC,Triazole derivatives,est/swe/lat/ice/den
J02AC01,Fluconazole,fin/swe
J02AC02,Itraconazole,fin/swe
J02AC03,Voriconazole,fin/swe
J02AC04,Posaconazole,fin/swe
J02AC05,Isavuconazole,fin/swe
J02AC06,Oteseconazole,fin/swe
J02AX,Other antimycotics for systemic use,est/swe/lat/ice/den
J02AX01,Flucytosine,fin/swe
J02AX04,Caspofungin,fin/swe
J02AX05,Micafungin ,fin/swe
J02AX06,Anidulafungin,fin/swe
J04AA,Aminosalicylic acid and derivatives,est/swe/lat/ice/den
J04AA01,4-aminosalicylic acid,fin/swe
J04AA02,Sodium aminosalicylate,fin/swe
J04AA03,Calcium aminosalicylate,fin/swe
J04AB,Antibiotics,est/swe/lat/ice/den
J04AB01,Cycloserine,fin/swe
J04AB02,Rifampicin,fin/swe
J04AB03,Rifamycin,fin/swe
J04AB04,Rifabutin,fin/swe
J04AB05,Rifapentine,fin/swe
J04AB06,Enviomycin,fin/swe
J04AB30,Capreomycin,fin/swe
J04AC,Hydrazides,est/swe/lat/ice/den
J04AC01,Isoniazid,fin/swe
J04AC51,"Isoniazid, combinations",fin/swe
J04AD,Thiocarbamide derivatives,est/swe/lat/ice/den
J04AD01,Protionamide,fin/swe
J04AD02,Tiocarlide,fin/swe
J04AD03,Ethionamide,fin/swe
J04AK,Other drugs for treatment of tuberculosis,est/swe/lat/ice/den
J04AK01,Pyrazinamide,fin/swe
J04AK02,Ethambutol,fin/swe
J04AK03,Terizidone,fin/swe
J04AK04,Morinamide,fin/swe
J04AK05,Bedaquiline,fin/swe
J04AK06,Delamanid,fin/swe
J04AK07,Thioacetazone,fin/swe
J04AK08,Pretomanid,fin/swe
J04AM,Combinations of drugs for treatment of tuberculosis,est/swe/lat/ice/den
J04AM01,Streptomycin and isoniazid,fin/swe
J04AM02,Rifampicin and isoniazid,fin/swe
J04AM03,Ethambutol and isoniazid,fin/swe
J04AM04,Thioacetazone and isoniazid,fin/swe
J04AM05,"Rifampicin, pyrazinamide and isoniazid",fin/swe
J04AM06,"Rifampicin, pyrazinamide, ethambutol and isoniazid",fin/swe
J04AM07,"Rifampicin, ethambutol and isoniazid",fin/swe
J04AM08,"Isoniazid, sulfamethoxazole, trimethoprim and pyrid",fin/swe
J04BA,Drugs for treatment of lepra,est/swe/lat/ice/den
J04BA01,Clofazimine,fin/swe
J04BA02,Dapsone,fin/swe
J04BA03,Aldesulfone sodium,fin/swe
J05AA,Thiosemicarbazones,est/swe/lat/ice/den
J05AA01,Metisazone,fin/swe
J05AB,Nucleosides and nucleotides excl. reverse transcriptase inhibitors,est/swe/lat/ice/den
J05AB01,Aciclovir,fin/swe
J05AB02,Idoxuridine,fin/swe
J05AB03,Vidarabine,fin/swe
J05AB06,Ganciclovir,fin/swe
J05AB09,Famciclovir,fin/swe
J05AB11,Valaciclovir,fin/swe
J05AB12,Cidofovir,fin/swe
J05AB13,Penciclovir,fin/swe
J05AB14,Valganciclovir,fin/swe
J05AB15,Brivudine,fin/swe
J05AB16,Remdesivir,fin/swe
J05AB17,Brincidofovir,fin/swe
J05AC,Cyclic amines,est/swe/lat/ice/den
J05AC02,Rimantadine,fin/swe
J05AC03,Tromantadine,fin/swe
J05AD,Phosphonic acid derivatives,est/swe/lat/ice/den
J05AD01,Foscarnet,fin/swe
J05AD02,Fosfonet,fin/swe
J05AE,Protease inhibitors,est/swe/lat/ice/den
J05AE01,Saquinavir,fin/swe
J05AE02,Indinavir,fin/swe
J05AE03,Ritonavir,fin/swe
J05AE04,Nelfinavir,fin/swe
J05AE05,Amprenavir,fin/swe
J05AE07,Fosamprenavir,fin/swe
J05AE08,Atazanavir,fin/swe
J05AE09,Tipranavir,fin/swe
J05AE10,Darunavir,fin/swe
J05AF,Nucleoside and nucleotide reverse transcriptase inhibitors,est/swe/lat/ice/den
J05AF01,Zidovudine,fin/swe
J05AF02,Didanosine,fin/swe
J05AF03,Zalcitabine,fin/swe
J05AF04,Stavudine,fin/swe
J05AF05,Lamivudine,fin/swe
J05AF06,Abacavir,fin/swe
J05AF07,Tenofovir disoproxil,fin/swe
J05AF08,Adefovir dipivoxil,fin/swe
J05AF09,Emtricitabine,fin/swe
J05AF10,Entecavir,fin/swe
J05AF11,Telbivudine,fin/swe
J05AF12,Clevudine,fin/swe
J05AF13,Tenofovir alafenamide,fin/swe
J05AG,Non-nucleoside reverse transcriptase inhibitors,est/swe/lat/ice/den
J05AG01,Nevirapine,fin/swe
J05AG02,Delavirdine,fin/swe
J05AG03,Efavirenz,fin/swe
J05AG04,Etravirine,fin/swe
J05AG05,Rilpivirine,fin/swe
J05AG06,Doravirine,fin/swe
J05AH,Neuraminidase inhibitors,est/swe/lat/ice/den
J05AH01,Zanamivir,fin/swe
J05AH02,Oseltamivir,fin/swe
J05AH03,Peramivir,fin/swe
J05AH04,Laninamivir,fin/swe
J05AJ01,Raltegravir,fin/swe
J05AJ02,Elvitegravir,fin/swe
J05AJ03,Dolutegravir,fin/swe
J05AJ04,Cabotegravir,fin/swe
J05AP01,Ribavirin,fin/swe
J05AP02,Telaprevir,fin/swe
J05AP03,Boceprevir,fin/swe
J05AP04,Faldaprevir,fin/swe
J05AP05,Simeprevir,fin/nor/swe
J05AP06,Asunaprevir,fin/swe
J05AP07,Daclatasvir,fin/nor/swe
J05AP08,Sofosbuvir,fin/nor/swe
J05AP09,Dasabuvir,fin/nor/swe
J05AP10,Elbasvir,fin/swe
J05AP11,Grazoprevir,fin/swe
J05AP12,Coblopasvir,fin/swe
J05AP51,Sofosbuvir and ledipasvir,fin/swe/nor
J05AP52,"Dasabuvir, ombitasvir, paritaprevir and ritonavir",fin/swe
J05AP53,"Ombitasvir, paritaprevir and ritonavir",fin/nor/swe
J05AP54,Elbasvir and grazoprevir,fin/swe
J05AP55,Sofosbuvir and velpatasvir,fin/swe
J05AP56,"Sofosbuvir, velpatasvir and voxilaprevir",fin/swe
J05AP57,Glecaprevir and pibrentasvir,fin/swe
J05AP58,"Daclatasvir, asunaprevir and beclabuvir",fin/swe
J05AR01,Zidovudine and lamivudine,fin/swe
J05AR02,Lamivudine and abacavir,fin/swe
J05AR03,Tenofovir disoproxil and emtricitabine,fin/swe
J05AR04,"Zidovudine, lamivudine and abacavir",fin/swe
J05AR05,"Zidovudine, lamivudine and nevirapine",fin/swe
J05AR06,"Emtricitabine, tenofovir disoproxil and efavirenz",fin/swe
J05AR07,"Stavudine, lamivudine and nevirapine",fin/swe
J05AR08,"Emtricitabine, tenofovir disoproxil and rilpivirine",fin/swe
J05AR09,"Emtricitabine, tenofovir disoproxil, elvitegravir a",fin/swe
J05AR10,Lopinavir and ritonavir,fin/swe
J05AR11,"Lamivudine, tenofovir disoproxil and efavirenz",fin/swe
J05AR12,Lamivudine and tenofovir disoproxil,fin/swe
J05AR13,"Lamivudine, abacavir and dolutegravir",fin/swe
J05AR14,Darunavir and cobicistat,fin/swe
J05AR15,Atazanavir and cobicistat,fin/swe
J05AR16,Lamivudine and raltegravir,fin/swe
J05AR17,Emtricitabine and tenofovir alafenamide,fin/swe
J05AR18,"Emtricitabine, tenofovir alafenamide, elvitegravir ",fin/swe
J05AR19,"Emtricitabine, tenofovir alafenamide and rilpivirin",fin/swe
J05AR20,"Emtricitabine, tenofovir alafenamide and bictegravi",fin/swe
J05AR21,Dolutegravir and rilpivirine,fin/swe
J05AR22,"Emtricitabine, tenofovir alafenamide, darunavir and",fin/swe
J05AR23,Atazanavir and ritonavir,fin/swe
J05AR24,"Lamivudine, tenofovir disoproxil and doravirine",fin/swe
J05AR25,Lamivudine and dolutegravir,fin/swe
J05AR26,Darunavir and ritonavir,fin/swe
J05AR27,"Lamivudine, tenofovir disoproxil and dolutegravir",fin/swe
J05AX,Other antivirals,est/swe/lat/ice/den
J05AX01,Moroxydine,fin/swe
J05AX02,Lysozyme,fin/swe
J05AX05,Inosine pranobex,fin/swe
J05AX06,Pleconaril,fin/swe
J05AX07,Enfuvirtide,fin/swe
J05AX08,Raltegravir,fin/swe
J05AX09,Maraviroc,fin/swe
J05AX10,Maribavir,fin/swe
J05AX11,Elvitegravir,fin/swe
J05AX12,Dolutegravir,fin/swe
J05AX13,Umifenovir,fin/swe
J05AX17,Enisamium iodide,fin/swe
J05AX18,Letermovir,fin/swe
J05AX19,Tilorone,fin/swe
J05AX21,Pentanedioic acid imidazolyl ethanamide,fin/swe
J05AX23,Ibalizumab,fin/swe
J05AX24,Tecovirimat,fin/swe
J05AX25,Baloxavir marboxil,fin/swe
J05AX26,Amenamevir,fin/swe
J05AX27,Favipiravir,fin/swe
J05AX28,Bulevirtide ,fin/swe
J05AX29,Fostemsavir,fin/swe
J05AX31,Lenacapavir,fin/swe
J06AA,Immune sera,est/swe/lat/ice/den
J06AA01,Diphtheria antitoxin,fin/swe
J06AA02,Tetanus antitoxin,fin/swe
J06AA03,Snake venom antiserum,fin/swe
J06AA04,Botulinum antitoxin,fin/swe
J06AA05,Gas-gangrene sera,fin/swe
J06AA06,Rabies serum,fin/swe
J06BA,"Immunoglobulins, normal human",est/swe/lat/ice/den
J06BA01,"Immunoglobulins, normal human, for extravascular ad",fin/swe
J06BA02,"Immunoglobulins, normal human, for intravascular adm	",fin/swe/nor
J06BB,Specific immunoglobulins,est/swe/lat/ice/den
J06BB01,Anti-D (rh) immunoglobulin,fin/swe
J06BB02,Tetanus immunoglobulin,fin/swe
J06BB03,Varicella/zoster immunoglobulin,fin/swe
J06BB04,Hepatitis B immunoglobulin,fin/swe
J06BB05,Rabies immunoglobulin,fin/swe
J06BB06,Rubella immunoglobulin,fin/swe
J06BB07,Vaccinia immunoglobulin,fin/swe
J06BB08,Staphylococcus immunoglobulin,fin/swe
J06BB09,Cytomegalovirus immunoglobulin,fin/swe
J06BB10,Diphtheria immunoglobulin,fin/swe
J06BB11,Hepatitis A immunoglobulin,fin/swe
J06BB12,"Encephalitis, tick borne immunoglobulin",fin/swe
J06BB13,Pertussis immunoglobulin,fin/swe
J06BB14,Measles immunoglobulin,fin/swe
J06BB15,Mumps immunoglobulin,fin/swe
J06BB16,Palivizumab,fin/swe
J06BB17,Motavizumab,fin/swe
J06BB18,Raxibacumab,fin/swe
J06BB19,Anthrax immunoglobulin,fin/swe
J06BB21,Bezlotoxumab,fin/swe
J06BB22,Obiltoxaximab,fin/swe
J06BB30,Combinations,fin/swe
J06BB99,Anti-human T-lymphocyte immunoglobulin,fin
J06BC,Other immunoglobulins,est/swe/lat/ice/den
J06BC01,Nebacumab,fin/swe
J06BC02,Raxibacumab,fin/swe
J06BC03,Bezlotoxumab,fin/swe
J06BC04,Obiltoxaximab,fin/swe
J06BD01,Palivizumab,fin/swe
J06BD02,Motavizumab,fin/swe
J06BD03,Tixagevimab and cilgavimab,fin/swe
J07AC,Anthrax vaccines,est/swe/lat/ice/den
J07AC01,Anthrax antigen,fin/swe
J07AD,Brucellosis vaccines,est/swe/lat/ice/den
J07AD01,Brucella antigen,fin/swe
J07AE,Cholera vaccines,est/swe/lat/ice/den
J07AE01,"Cholera, inactivated, whole cell",fin/swe
J07AE02,"Cholera, live attenuated",fin/swe
J07AE51,"Cholera, combinations with typhoid vaccine, inactiv",fin/swe
J07AF,Diphtheria vaccines,est/swe/lat/ice/den
J07AF01,Diphtheria toxoid,fin/swe
J07AG,Hemophilus influenzae B vaccines,est/swe/lat/ice/den
J07AG01,"Haemophilus influenzae B, purified antigen conjugat",fin/swe
J07AG51,"Haemophilus influenzae B, combinations with toxoids",fin/swe
J07AG52,"Haemophilus influenzae B, combinations with pertuss",fin/swe
J07AG53,"Haemophilus influenzae B, combinations with meningo",fin/swe
J07AG54,"Haemophilus influenza B, combinations with meningococcus C,Y, conjugated",fin/swe
J07AH,Meningococcal vaccines,est/swe/lat/ice/den
J07AH01,"Meningococcus A, purified polysaccharides antigen",fin/swe
J07AH02,Other meningococcal monovalent purified polysacchar,fin/swe
J07AH03,"Meningococcus A,C, bivalent purified polysaccharide",fin/swe
J07AH04,"Meningococcus A,C,Y,W-135, tetravalent purified pol",fin/swe
J07AH05,Other meningococcal polyvalent purified polysacchar,fin/swe
J07AH06,"Meningococcus B, outer membrane vesicle vaccine",fin/swe
J07AH07,"Meningococcus C, purified polysaccharides antigen c",fin/swe
J07AH08,"Meningococcus A,C,Y,W-135, tetravalent purified pol",fin/swe
J07AH09,"Meningococcus B, multicomponent vaccine",fin/swe
J07AH10,"Meningococcus A, purified polysaccharides antigen c",fin/swe
J07AJ,Pertussis vaccines,est/swe/lat/ice/den
J07AJ01,"Pertussis, inactivated, whole cell",fin/swe
J07AJ02,"Pertussis, purified antigen",fin/swe
J07AJ51,"Pertussis, inactivated, whole cell, combinations wi",fin/swe
J07AJ52,"Pertussis, purified antigen, combinations with toxo",fin/swe
J07AK,Plague vaccines,est/swe/lat/ice/den
J07AK01,"Plague, inactivated, whole cell",fin/swe
J07AL,Pneumococcal vaccines,est/swe/lat/ice/den
J07AL01,"Pneumococcus, purified polysaccharides antigen",fin/swe
J07AL02,"Pneumococcus, purified polysaccharides antigen conj",fin/swe
J07AL52,Pneumococcus purified polysaccharides antigen and h,fin/swe
J07AM,Tetanus vaccines,est/swe/lat/ice/den
J07AM01,Tetanus toxoid,fin/swe
J07AM51,"Tetanus toxoid, combinations with diphtheria toxoid",fin/swe
J07AM52,"Tetanus toxoid, combinations with tetanus immunoglo",fin/swe
J07AN,Tuberculosis vaccines,est/swe/lat/ice/den
J07AN01,"Tuberculosis, live attenuated",fin/swe
J07AP,Typhoid vaccines,est/swe/lat/ice/den
J07AP01,"Typhoid, oral, live attenuated",fin/swe
J07AP02,"Typhoid, inactivated, whole cell",fin/swe
J07AP03,"Typhoid, purified polysaccharide antigen",fin/swe
J07AP10,"Typhoid, combinations with paratyphi types",fin/swe
J07AR,Typhus (exanthematicus) vaccines,est/swe/lat/ice/den
J07AR01,"Typhus exanthematicus, inactivated, whole cell",fin/swe
J07AX,Other bacterial vaccines,est/swe/lat/ice/den
J07BA,Encephalitis vaccines,est/swe/lat/ice/den
J07BA01,"Encephalitis, tick borne, inactivated, whole virus",fin/swe
J07BA02,"Encephalitis, Japanese, inactivated, whole virus",fin/swe
J07BA03,"Encephalitis, Japanese, live attenuated",fin/swe
J07BB,Influenza vaccines,est/swe/lat/ice/den
J07BB01,"Influenza, inactivated, whole virus",fin/swe
J07BB02,"Influenza, inactivated, split virus or surface anti",fin/swe
J07BB03,"Influenza, live attenuated",fin/swe
J07BB04,"Influenza, virus like particles",fin/swe
J07BC,Hepatitis vaccines,est/swe/lat/ice/den
J07BC01,"Hepatitis B, purified antigen",fin/swe
J07BC02,"Hepatitis A, inactivated, whole virus",fin/swe
J07BC20,Combinations,fin/swe
J07BD,Measles vaccines,est/swe/lat/ice/den
J07BD01,"Measles, live attenuated",fin/swe
J07BD51,"Measles, combinations with mumps, live attenuated",fin/swe
J07BD52,"Measles, combinations with mumps and rubella, live ",fin/swe
J07BD53,"Measles, combinations with rubella, live attenuated",fin/swe
J07BD54,"Measles, combinations with mumps, rubella and varic",fin/swe
J07BE,Mumps vaccines,est/swe/lat/ice/den
J07BE01,"Mumps, live attenuated",fin/swe
J07BF,Poliomyelitis vaccines,est/swe/lat/ice/den
J07BF01,"Poliomyelitis oral, monovalent, live attenuated",fin/swe
J07BF02,"Poliomyelitis oral, trivalent, live attenuated",fin/swe
J07BF03,"Poliomyelitis, trivalent, inactivated, whole virus",fin/swe
J07BF04,"Poliomyelitis oral, bivalent, live attenuated",fin/swe
J07BG,Rabies vaccines,est/swe/lat/ice/den
J07BG01,"Rabies, inactivated, whole virus",fin/swe
J07BH,Rota virus diarrhea vaccines,est/swe/lat/ice/den
J07BH01,"Rota virus, live attenuated",fin/swe
J07BH02,"Rota virus, pentavalent, live, reassorted",fin/swe
J07BJ,Rubella vaccines,est/swe/lat/ice/den
J07BJ01,"Rubella, live attenuated",fin/swe
J07BJ51,"Rubella, combinations with mumps, live attenuated",fin/swe
J07BK,Varicella vaccines,est/swe/lat/ice/den
J07BK01,"Varicella, live attenuated",fin/swe
J07BK02,"Zoster, live attenuated",fin/swe
J07BK03,"Zoster, purified antigen",fin/swe
J07BL,Yellow fever vaccines,est/swe/lat/ice/den
J07BL01,"Yellow fever, live attenuated",fin/swe
J07BM01,"Papillomavirus (human types 6, 11, 16, 18)",fin/swe
J07BM02,"Papillomavirus (human types 16, 18)",fin/swe
J07BM03,"Papillomavirus (human types 6, 11, 16, 18, 31, 33, ",fin/swe
J07BX,Other viral vaccines,est/swe/lat/ice/den
J07BX01,"Smallpox, live attenuated",fin/swe
J07BX02,Ebola vaccines,fin/swe
J07BX03,Covid-19 vaccines,fin/swe
J07BX04,Dengue virus vaccines,fin/swe
J07CA,"Bacterial and viral vaccines, combined",est/swe/lat/ice/den
J07CA01,Diphtheria-poliomyelitis-tetanus,fin/swe
J07CA02,Diphtheria-pertussis-poliomyelitis-tetanus,fin/swe
J07CA03,Diphtheria-rubella-tetanus,fin/swe
J07CA04,Haemophilus influenzae B and poliomyelitis,fin/swe
J07CA05,Diphtheria-hepatitis B-pertussis-tetanus,fin/swe
J07CA06,Diphtheria-haemophilus influenzae B-pertussis-polio,fin/swe
J07CA07,Diphtheria-hepatitis B-tetanus,fin/swe
J07CA08,Haemophilus influenzae B and hepatitis B,fin/swe
J07CA09,Diphtheria-haemophilus influenzae B-pertussis-polio,fin/swe
J07CA10,Typhoid-hepatitis A,fin/swe
J07CA11,Diphtheria-haemophilus influenzae B-pertussis-tetan,fin/swe
J07CA12,Diphtheria-pertussis-poliomyelitis-tetanus-hepatiti,fin/swe
J07CA13,Diphtheria-haemophilus influenzae B-pertussis-tetan,fin/swe
JADB1C,Herniography,swe/ice/fin
JADE00,Intraoperative abdominal ultrasonography,est/swe/lat/ice/fin/nor
JADE01,Laparoscopic ultrasonography,est/swe/lat/ice/den/fin/nor
JADE1A,Ultrasound examination of groin and abdominal wall,swe/ice/den/fin
JAFA00,Mesurement of peritoneal permeability,ice
JAO001,"Preoperative radiotherapy of abdominal wall, peritoneum and omentum",ice
JAO002,"Radical radiotherapy of abdominal wall, peritoneum and omentum",ice
JAO003,"Adjuvant radiotherapy of abdominal wall, peritoneum and omentum",ice
JAO004,"Palliative radiotherapy of abdominal wall, peritoneum and omentum",ice
JAO029,"Radiotherapy local recidive of tumor of abdominal wall, peritoneum and omentum",ice
JAO049,"Radiotherapy of methastasis in abdominal wall, peritoneum and omentum",ice
JAO090,"Profylactic radiotherapy of abdominal wall, peritoneum and omentum",ice
JAO099,"Other radiotherapy of abdominal wall, peritoneum and omentum",ice
JASA00,Incision of abdominal wall,est/swe/lat/ice/fin
JASA10,Excision of lesion of abdominal wall,est/swe/lat/ice/den/fin
JASA11,Laparoscopic biopsy or excision of lesion of abdominal wall,est/swe/lat/ice/den/fin/nor
JASA13,Wide excision of extensive necrotising conditions of abdominal wall,est/swe/lat/ice/fin/nor
JASA20,Exploration of inguinal canal,swe
JASA21,Laparoscopic exploration of ingunal canal,swe
JASA23,Exploration of inguinal canal with removal of mesh or fixation,swe
JASA24,Laparoscopic exploration of inguinal canal with removal of mesh or fixation,swe
JASA96,Other local operation on abdominal wall,est/swe/lat/ice/den/fin/nor
JASA97,Other laparoscopic local operation on abdominal wall,est/swe/lat/ice/den/fin/nor
JASB00,Division and ligature of inguinal hernia sac,est/swe/lat/ice/den/fin/nor
JASB01,Laparoscopic division and ligature of inguinal hernia sac,swe/nor
JASB04,Endoskopisk extraperitoneal operation av ljumskbråck med exicision av bråcksäck,swe
JASB10,Repair of inguinal hernia,est/swe/lat/ice/den/fin/nor
JASB11,Laparoscopic repair of inguinal hernia,est/swe/lat/ice/den/fin/nor
JASB14,Endoscopic extraperitoneal repair of inguinal hernia,swe
JASB20,Repair of inguinal hernia using using graft,est/swe/lat/ice/den/fin/nor
JASB30,Repair of inguinal hernia using prosthetic material,est/swe/lat/ice/den/fin/nor
JASB40,Repair of inguinal hernia by laparotomy and reconstruction of abdominal wall,est/swe/lat/ice/den/fin/nor
JASB41,Laparoscopi repair of inguinal hernia by laparotomy and reconstruction of abdominal wall,swe
JASB44,Endoskopisk extraperitoneal operation av ljumskbråck med implantat bakom bukvägsmuskeln framför bukhinnan (sublay) TEP,swe
JASB96,Other repair of inguinal hernia,est/lat/ice/den/fin/nor
JASB97,Other laparoscopic repair of inguinal hernia,est/lat/ice/den/fin
JASC10,Repair of femoral hernia,est/swe/lat/ice/den/fin/nor
JASC11,Laparoscopic repair of femoral hernia,est/swe/lat/ice/den/fin/nor
JASC14,Endoscopic repair of femoral hernia with extraperitoneal suturation,swe
JASC30,Repair of femoral hernia using prosthetic material,est/swe/lat/ice/den/fin/nor
JASC31,Laparoscopi repair of femoral hernia using prosthetic material,swe
JASC34,Endoscopic extraperitoneal repair of femoral hernia using prosthetic material,swe
JASC40,Repair of femoral hernia by laparotomy and reconstruction of abdominal wall,est/lat/ice/den/fin/nor
JASC96,Other repair of femoral hernia,est/lat/ice/den/fin/nor
JASC97,Other laparoscopic repair of femoral hernia,est/lat/ice/den/fin
JASD10,Repair of incisional hernia,est/swe/lat/ice/den/fin
JASD11,Laparoscopic repair of incisional hernia,est/swe/lat/ice/den/fin/nor
JASD20,Repair of incisional hernia using using graft,est/lat/ice/den/fin
JASD30,Repair of incisional hernia using prosthetic material,est/swe/lat/ice/den/fin/nor
JASD31,Laparoscopic repair of incisional hernia using prosthetic material,swe
JASD34,Endoscopic extraperitoneal repair of incisional hernia using prosthetic material,swe
JASD96,Other repair of incisional hernia,est/lat/ice/den/fin/nor
JASD97,Other laparoscopic repair of incisional hernia,est/swe/lat/ice/den/fin
JASE10,Repair of epigastric hernia,est/swe/lat/ice/den/fin/nor
JASE11,Laparoscopic repair of epigastric hernia,swe
JASE84,Endoscopic extraperitoneal repair of epigastric hernia,swe
JASF10,Repair of umbilical hernia,est/swe/lat/ice/den/fin/nor
JASF11,Laparoscopic repair of umbilical hernia,est/swe/lat/ice/den/fin/nor
JASF20,Repair of umbilical hernia using graft,est/lat/ice/den/fin/nor
JASF30,Repair of umbilical hernia using prosthetic material,est/swe/lat/ice/den/fin/nor
JASF31,Laparascopic repair of umbilical hernia using prosthetic material,swe
JASF34,Endoscopic extraperitoneal repair of umbilical hernia using prosthetic material,swe
JASF96,Other repair of umbilical hernia,est/lat/ice/den/fin/nor
JASF97,Other laparoscopic repair of umbilical hernia,est/lat/ice/den/fin
JASG02,Repair of internal hernia,fin/nor
JASG03,Laparoscopic repair of internal hernia,fin/nor
JASG08,Repair of other hernia,est/lat/ice/den/fin/nor
JASG09,Laparoscopic repair of other hernia,est/lat/ice/den/fin/nor
JASG10,Repair of gastroschisis,est/swe/lat/ice/den/fin/nor
JASG11,Laparoscopic repair of gastroschisis,swe
JASG20,Repair of omphalocele,est/lat/ice/den/fin/nor
JASG30,Reconstruction of abdominal wall using flap,est/lat/ice/den/fin/nor
JASG60,Reconstruction of abdominal wall using prosthetic material,est/swe/lat/ice/den/fin/nor
JASG61,Laparoscopic reconstruction of abdominal wall using flap,swe
JASG64,Endoscopic extraperitoneal reconstruction of abdominal wall using prosthetic material,swe
JASG96,Other reconstruction of abdominal wall,est/lat/ice/den/fin/nor
JASG97,Other laparoscopic reconstruction of abdominal wall,est/lat/ice/den/fin/nor
JASH00,Laparotomy,est/swe/lat/ice/den/fin/nor
JASH01,Laparoscopy,est/swe/lat/ice/fin/nor
JASH02,Second look laparoscopy,ice/den
JASH05,Laparoscopy with biopsy,ice/den
JASH20,Staging laparotomy,est/swe/lat/ice/den/fin/nor
JASH21,Staging laparoscopy,est/swe/lat/ice/den/fin/nor
JASH30,Laparostomy,est/swe/lat/ice/den/fin/nor
JASH33,Opening of laparostomy,est/swe/lat/ice/den/fin/nor
JASH40,Thoracolaparotomy,est/swe/lat/ice/den/fin/nor
JASH50,Laporotomic implantation of flexible radiotherapy applicators,ice/den
JASH51,Laporoscopic implantation of flexible radiotherapy applicators,ice/den
JASJ00,Rectal incision and drainage of pelvic abscess,est/swe/lat/ice/den/fin/nor
JASK00,Laparotomy and drainage of peritoneal cavity,est/swe/lat/ice/den/fin/nor
JASK01,Laparoscopic drainage of peritoneal cavity,est/swe/lat/ice/den/fin/nor
JASK03,Laparotomy and peritoneal irrigation,est/swe/lat/ice/den/fin/nor
JASK04,Laparoscopy and peritoneal irrigation,est/swe/lat/ice/den/fin/nor
JASK10,Laparotomy and insertion of peritoneal dialysis catheter,est/swe/lat/ice/den/fin/nor
JASK12,Laparotomy and revision of peritoneal dialysis catheter,ice/den
JASK14,Laparoscopy and insertion or revision of peritoneal dialysis catheter,swe/ice
JASK20,Measurement of intra-abdominal pressure,fin
JASL00,Biopsy of peritoneum,est/swe/lat/ice/den/fin/nor
JASL01,Laparoscopic biopsy of peritoneum,est/swe/lat/ice/den/fin/nor
JASL10,Laparotomy and removal of foreign body,est/swe/lat/ice/den/fin/nor
JASL11,Laparoscopy and removal of foreign body,est/swe/lat/ice/den/fin/nor
JASL20,Excision or destruction of lesion of peritoneum,est/swe/lat/ice/den/fin/nor
JASL21,Laparoscopic excision or destruction of lesion of peritoneum,est/swe/lat/ice/den/fin/nor
JASL23,Excision of local lesion of pelvic wall,est/swe/lat/ice/fin/nor
JASL24,Laparoscopic excision of local lesion of pelvic wall,est/lat/ice/fin/nor
JASL30,Omentectomy,est/swe/lat/ice/den/fin/nor
JASL31,Laparoscopic omentectomy,est/swe/lat/ice/den/fin/nor
JASL50,Intraabdominal revision of shunt of ventricle of brain,est/swe/lat/ice/den/fin/nor
JASL51,Laparoscopic revision of shunt of ventricle of brain,est/swe/lat/ice/den/fin/nor
JASL96,Other local operation on peritoneum or peritoneal cavity,est/swe/lat/ice/den/fin/nor
JASL97,Other laparoscopic local operation on peritoneum or peritoneal cavity,est/swe/lat/ice/den/fin/nor
JASM00,Transposition of omentum,est/swe/lat/ice/den/fin/nor
JASM10,Operation for malrotation of intestine,est/swe/lat/ice/den/fin/nor
JASN00,Creation of peritoneovenous shunt,est/swe/lat/ice/den/fin/nor
JASN10,Revision of peritoneovenous shunt,est/swe/lat/ice/den/fin/nor
JASN20,Removal of peritoneovenous shunt,est/swe/lat/ice/den/fin/nor
JASP00,Freeing of adhesions in the peritoneal cavity,est/swe/lat/ice/den/fin/nor
JASP01,Laparoscopic freeing of adhesions in the peritoneal cavity,est/swe/lat/ice/den/fin/nor
JASQ00,Extensive excision of peritoneum,est/swe/lat/ice/den/fin/nor
JASQ10,Intraoperative hypertermic chemotherapeutic perfusion of abdominal cavity,est/swe/lat/ice/den/fin/nor
JASR10,Repair of enterostomy hernia with suturation,swe
JASR11,Laparoscopic repair of enterostomy hernia with suturation,swe
JASR20,Repair of enterostomy hernia with prosthetic material,swe
JASR21,Laparoscopic repair of enterostomy hernia with prosthetic material,swe
JASS10,Other operation of intrabdominal hernia with suturation,swe
JASS11,Other laparoscopic operation of intrabdominal hernia with suturation,swe
JASS80,Other operation of intraabdominal hernia,swe
JASS81,Other laparoscopic operation of intraabdominal hernia,swe
JASW96,"Other operation on abdominal wall, peritoneum, mesentery or omentum",est/swe/lat/ice/den/fin/nor
JASW97,"Other laparoscopic operation on abdominal wall, peritoneum, mesentery or omentum",est/swe/lat/ice/den/fin/nor
JAXA00,Heat coagulation of abdominal wall,ice/fin
JAXB00,Manual reduction of inguinal hernia,nor
JAXC00,Manual reduction of femoral hernia,nor
JAXF00,Manual reduction of umbilical hernia,nor
JAXL00,Insertion of  peritoneal injection gate,nor
JAXX00,Puncture of peritoneum,est/swe/lat/ice/den/fin/nor
JAXX02,Needle biopsy of abdominal wall,den/nor
JAXX10,Abdominal paracentesis,est/swe/lat/ice/den/fin/nor
JAXX14,Exchange of abdominal catheter,ice/fin/nor
JAXX20,Percutaneous peritoneal irrigation,est/swe/lat/ice/den/fin/nor
JAXX33,Percutaneous introduction of peritoneal dialysis catheter,est/swe/lat/ice/den/fin/nor
JAXX34,Laparoscopy and revision of peritoneal dialysis catheter,swe/ice/den
JAXX35,Removal of peritoneal dialysis catheter,est/swe/lat/ice/den/fin/nor
JAXX37,Rinsing of peritoneal dialysis catheter,ice/den
JAXX39,Other care for peritonealdialysis,den
JAXX40,Percutaneous local drainage of peritoneal cavity,est/swe/lat/ice/den/fin
JAXX50,Introduction of intraperitoneal injection port,est/swe/lat/ice/fin
JAXX55,Removal of intraperitoneal injection port,est/swe/lat/ice/den/fin/nor
JBDB1J,Diafragmatic hernia X-ray examination,ice
JBDB20,Transillumination of diafragma,nor
JBSA00,Transabdominal repair of diaphragm for rupture,est/swe/lat/ice/den/fin/nor
JBSA01,Laparoscopic repair of diaphragm for rupture,est/swe/lat/ice/den/fin/nor
JBSA10,Transabdominal biopsy or excision of lesion of diaphragm,est/swe/lat/ice/den/fin/nor
JBSA11,Laprasoscopic biopsy or excision of lesion of diaphragm,est/swe/lat/ice/den/fin/nor
JBSA20,Transabdominal partial excision of diaphragm,est/swe/lat/ice/fin/nor
JBSA21,Laparoscopic partial excision of diaphragm,est/swe/lat/ice/fin/nor
JBSB00,Repair of paraoesophageal hernia,est/swe/lat/ice/den/fin/nor
JBSB01,Laparoscopic repair of paraoesophageal hernia,est/swe/lat/ice/den/fin/nor
JBSB10,Repair of congenital diaphragmatic hernia,est/swe/lat/ice/den/fin/nor
JBSB11,Laparoscopic repair of congenital diaphragmatic hernia,est/swe/lat/ice/den/fin/nor
JBSB20,Paraoesophageal hernia resuturation,fin
JBSB22,Paraoesophageal hernia resuturation with endoscopic method,fin
JBSB24,Paraoesphageal hernia reoperation with prosthetic material,fin
JBSB26,Paraoesphageal hernia reoperation with prosthetic material and endoscopic method,fin
JBSB30,Resuturation of congenital diafragmatich hernia,fin
JBSB32,Resuturation of congenital diafragmatich hernia with endoscopic method,fin
JBSB34,Reoperation of congenital diafragmatich hernia with prosthetic material,fin
JBSB36,Reoperation of congenital diafragmatich hernia with prosthetic material and endoscopic method,fin
JBSB96,Repair of other diaphragmatic hernia,est/swe/lat/ice/den/fin/nor
JBSB97,Laparoscopic repair of other diaphragmatic hernia,est/swe/lat/ice/den/fin/nor
JBSC00,Gastro-oesophageal antireflux operation,est/swe/lat/ice/den/fin/nor
JBSC01,Laparoscopic gastro-oesophageal antireflux operation,est/swe/lat/ice/den/fin/nor
JBSC02,Gastroscopic gastro-oesophageal antireflux operation,den/nor
JBSC80,Resuturation after gastrooesophageal antireflux operation,fin
JBSC81,Resuturation after gastrooesophageal antireflux operation with endoscopic method,fin
JBSC84,Gastrooesophageal antireflux reoperation with prosthetic material,fin
JBSC85,Gastrooesophageal antireflux reoperation with prosthetic material and endoscopic method,fin
JBSC88,Gastrooesophageal antireflux reoperation with other technique,fin
JBSC89,Gastrooesophageal antireflux reoperation with other technique and endoscopic method,fin
JBSW96,Other transabdominal operation on diaphragm or operation for gastro-oesophageal reflux,est/swe/lat/ice/den/fin/nor
JBSW97,Other laparoscopic operation on diaphragm or laparoscopic or thoracoscopic operation for gastro-oesophageal reflux,est/swe/lat/ice/den/fin/nor
JCDB1A,Hypopharyngx X-ray examination with contrast,swe/ice
JCDB2A,Oesophagus X-ray examination with contrast,swe/ice/den/fin/nor
JCDB2B,Oesophagus X-ray examination with douple contrast,ice
JCDB2J,Functional kinetic X-ray examination oesophagus,ice/den
JCDB2K,Functional examination of swallowing,swe/ice/fin
JCE001,Scopy of lower throat,ice/fin
JCE002,Rigid oesophagoscopy,est/swe/lat/ice/den/fin/nor
JCE005,Rigid oesophagoscopy with biopsy,est/swe/lat/ice/den/nor
JCE012,Flexible oesophagoscopy,est/swe/lat/ice/den/fin/nor
JCE015,Flexible oesophagoscopy with biopsy,est/swe/lat/ice/den/nor
JCFC00,Oesophageal manometry,est/swe/lat/ice/fin/nor
JCFC02,Mesurement of oesophageal pressure and pressure profile of lower oesophageal sphincter,swe/lat/ice/fin/nor
JCFC10,Oesophageal pH monitoring,est/swe/lat/ice/fin/nor
JCFC15,Follow-up of esophagus function and pressure,ice/fin
JCFC20,Oesophageal electromyography,est/swe/lat/ice/fin/nor
JCFC30,Impedance measurement of oesphagus,swe
JCIA00,Oesophagus function isotope imaging,swe/ice/fin/nor
JCO001,Preoperative radiotherapy of oesophagus,ice
JCO002,Radical radiotherapy of oesophagus,ice
JCO003,Adjuvant radiotherapy of oesophagus,ice
JCO004,Palliative radiotherapy of oesophagus,ice
JCO029,Radiotherapy of local recidive of tumor in oesophagus,ice
JCO049,Radiotherapy of methastasis in oesophagus,ice
JCO090,Profylactic radiotherapy of oesophagus,ice
JCO099,Other radiotherapy of oesophagus,ice
JCSA00,Oesophagotomy,est/swe/lat/ice/den/fin/nor
JCSA01,Laparoscopic or thoracoscopic excision of lesion of oesophagus,est/swe/lat/ice/den/fin/nor
JCSA05,Endoscopic polypectomy in oesophagus,est/swe/lat/ice/den/fin/nor
JCSA08,Endoscopic removal of foreign body from oesophagus,est/swe/lat/ice/den/fin/nor
JCSA12,Endoscopic diverticulo-oesophagostomy,est/swe/lat/ice/den/fin/nor
JCSA14,Endoscopic submucosal dissection in the esophagus,swe
JCSA20,Ligature of oesophageal varices,est/swe/lat/ice/den/fin/nor
JCSA22,Endoscopic ligature of oesophageal varices,est/swe/lat/ice/den/fin/nor
JCSA32,Endoscopic injection in oesophagus,est/swe/lat/ice/den/fin/nor
JCSA35,Endoscopic contact coagulation in oesophagus,est/swe/lat/ice/den/fin/nor
JCSA38,Endoscopic laser therapy in oesophagus,est/swe/lat/ice/den/fin/nor
JCSA42,Other endoscopic procedure using diathermy or heat in oesophagus,est/swe/lat/ice/fin/nor
JCSA45,Endoscopic mucosal or submucosal resection in oesophagus,est/swe/lat/ice/fin/nor
JCSA52,Other endoscopic procedure using diathermy or heat in oesophagus,est/swe/lat/ice/den/fin/nor
JCSA55,Endoscopic dilatation of oesophagus,est/swe/lat/ice/den/fin/nor
JCSA60,Transcervical excision of diverticulum of oesophagus,est/swe/lat/ice/den/fin/nor
JCSA96,Other local operation on oesophagus,est/swe/lat/ice/den/fin/nor
JCSA97,Other local thoracoscopic or laparoscopic operation on oesophagus,est/swe/lat/ice/den/fin/nor
JCSA98,Other local endoscopic operation on oesophagus,est/swe/lat/ice/den/fin/nor
JCSB00,Oesophagostomy,est/swe/lat/ice/den/fin/nor
JCSB01,Laparoscopic or thoracoscopic oesophagostomy,est/swe/lat/ice/den/fin/nor
JCSC00,Transhiatal partial oesophagectomy without interposition,est/swe/lat/ice/den/fin/nor
JCSC10,Transthoracic partial oesophagectomy without interposition,est/swe/lat/ice/den/fin/nor
JCSC11,Transhiatal thoracoscopic assisted partial oesophagectomy,ice/den
JCSC12,Thoracoscopic or laparoscopic partial oesophagectomy,est/swe/lat/ice/den/fin/nor
JCSC20,Transhiatal partial oesophagectomy with interposition of intestine,est/swe/lat/ice/den/fin/nor
JCSC30,Transthoracic partial oesophagectomy with interposition of intestine,est/swe/lat/ice/den/fin/nor
JCSC96,Other partial oesophagectomy,est/swe/lat/ice/den/fin/nor
JCSC97,Other thoracoscopic or laparoscopic oesophagectomy,est/swe/lat/ice/den/nor
JCSD00,Subcutaneous anastomosis of oesophagus without interposition,est/swe/lat/ice/den/fin/nor
JCSD03,Subcutaneous anastomosis of oesophagus with interposition of intestine,est/swe/lat/ice/den/fin/nor
JCSD10,Intrathoracic anastomosis of oesophagus without interposition,est/swe/lat/ice/den/fin/nor
JCSD11,Thoracoscopic or laparoscopic anastomosis of oesophagus without interposition,est/swe/lat/ice/den/fin/nor
JCSD13,Intrathoracic oesophageal anastomosis with interposition of intestine,est/swe/lat/ice/den/fin/nor
JCSD20,Transsection of oesophagus,est/swe/lat/ice/den/fin/nor
JCSD96,Other anastomosis of oesophagus without resection,est/swe/lat/ice/den/fin/nor
JCSD97,Other thoracoscopic or laparoscopic anastomosis of oesophagus without resection,est/swe/lat/ice/den/fin/nor
JCSE00,Suture of oesophagus,est/swe/lat/ice/den/fin/nor
JCSE01,Thoracoscopic or laparoscopic suture of oesophagus,est/swe/lat/ice/den/fin/nor
JCSE10,Plastic repair of stenosis of cardia,est/swe/lat/ice/den/fin/nor
JCSE20,Cardiomyotomy,est/swe/lat/ice/den/fin/nor
JCSE21,Laparoscopic cardiomyotomy,est/swe/lat/ice/den/fin/nor
JCSE30,Repair of oesophageal atresia or congenital tracheo-oesophageal fistula,est/swe/lat/ice/den/nor
JCSE31,Treatment esophageal atresia,ice/fin/est
JCSE32,Closure of esophago-tracheal fistel,ice/den/fin/est
JCSE33,Closure of acquired tracheo-oesophageal or broncho-oesophageal fistula,est/swe/lat/ice/den/fin/nor
JCSE35,Laprascopic operation on oesophageal atresia or congenital tracheo-oesophageal fistula,nor
JCSE40,Reconstruction of oesophagus using flap,est/swe/lat/ice/den/fin/nor
JCSE50,Reconstruction of oesophagus using free microvascular graft of intestine,est/swe/lat/ice/den/fin/nor
JCSE96,Other reconstruction of oesophagus,est/swe/lat/ice/den/fin/nor
JCSE97,Other thoracoscopic or laparoscopic reconstruction of oesophagus,est/swe/lat/ice/den/fin/nor
JCSF00,Insertion of oesophageal stent,est/swe/lat/ice/den/fin/nor
JCSF12,Endoscopic insertion of oesophageal stent,est/swe/lat/ice/den/fin/nor
JCSW96,Other operation on oesophagus,est/swe/lat/ice/den/fin/nor
JCSW97,Other laparoscopic or thoracoscopic operation on oesophagus,est/swe/lat/ice/den/fin/nor
JCSW98,Other transluminal endoscopic procedure on oesophagus,est/swe/lat/ice/den/fin/nor
JCXX00,Insertion of ballon tube for tamponade of oesophageal varices,est/swe/lat/ice/fin/nor
JCXX10,Botulinustherapy of esophagus,den
JDDB1A,Gastro-duodenography with X-ray,swe/ice/den/fin/nor
JDDB1B,Gastrography with duple contrast,swe/ice
JDDB2B,Duodenography,swe/ice
JDDE00,External intestinal ultrasonography,nor
JDDE02,Peroral endoscopic ultrasonography,est/swe/lat/ice/fin/nor
JDDE1E,Ultrasound examination of gastro-oesophageal reflux,ice/fin
JDE002,Gastroscopy,est/swe/lat/ice/den/fin/nor
JDE005,Gastroscopy with biopsy,est/swe/lat/ice/den/nor
JDE010,"Esophagoscopy, gastroscopy and duodenoscopy",ice/den/fin
JDF100,Secretine test,ice/fin
JDF110,Respiratory helicobactery test,swe/lat/ice/fin/nor
JDF118,Other respiratory test,swe
JDF120,Pentagastrine test,swe/ice/fin
JDFB20,Collection of duodenal secretion,swe/ice
JDFC00,Electrogastrography,ice
JDFD00,Measrument of gastric transit time for fluid,lat/nor
JDFD05,Measurement of gastric transit time for solid food,lat/nor
JDIA00,Gastric function isotope examination,ice/fin/nor
JDIB00,Duodenogastric bile reflux isotope examination,swe/ice/fin
JDIC00,Meckel isotope imaging,ice/fin/nor
JDIC02,Ectopic gastric epithelium SPECT with low dose CT,fin
JDO001,Preoperative radiotherapy of gastric or duodenal tumor,ice
JDO002,Radical radiotherapy of gastric or duodenal tumor,ice
JDO003,Adjuvant radiotherapy of gastric or duodenal tumor,ice
JDO004,Palliative radiotherapy of gastric or duodenal tumor,ice
JDO029,Radiotherapy of local recidive of gastric or duodenal tumor,ice
JDO049,Radiotherapy of methastasis in stomach or duodenum,ice
JDO090,Profylact ic radiotherapy of stomach and duodenum,ice
JDO099,Other radiotherapy of stomach and duodenum,ice
JDSA00,Gastrotomy,est/swe/lat/ice/den/fin/nor
JDSA05,Endoscopic polypectomy in stomach or pylorus,est/swe/lat/ice/den/fin/nor
JDSA08,Endoscopic removal of foreign body from stomach or pylorus,est/swe/lat/ice/den/fin/nor
JDSA12,Endoscopic insertion of gastric stent,est/swe/lat/ice/den/fin/nor
JDSA22,Endoscopic hemostatic ligature of stomach or pylorus,est/swe/lat/ice/den/fin/nor
JDSA32,Endoscopic injection in stomach or pylorus,est/swe/lat/ice/den/fin/nor
JDSA35,Endoscopic contact coagulation in stomach or pylorus,est/swe/lat/ice/den/fin/nor
JDSA38,Endoscopic laser therapy in stomach or pylorus,est/swe/lat/ice/den/fin/nor
JDSA42,Other endoscopic haemostatic procedure in stomach or pylorus,est/swe/lat/ice/den/fin/nor
JDSA45,Endoscopic mucosal or submucosal resection in stomach or pylorus,est/swe/lat/ice/fin/nor
JDSA52,Other endoscopic procedure using diathermy or heat in stomach or pylorus,est/swe/lat/ice/den/fin/nor
JDSA55,"Endoscopic dilatation of stomach, pylorus or anastomosis of stomach",est/swe/lat/ice/den/fin/nor
JDSA60,Closure of perforated ulcer of stomach,est/swe/lat/ice/den/fin/nor
JDSA61,Laparoscopic closure of perforated ulcer of stomach,est/swe/lat/ice/den/fin/nor
JDSA63,Local excision of lesion of stomach,est/swe/lat/ice/den/fin/nor
JDSB00,Gastrostomy,est/swe/lat/ice/den/fin/nor
JDSB01,Laparoscopic gastrostomy,est/swe/lat/ice/den/fin/nor
JDSB10,Percutaneous gastrostomy,est/swe/lat/ice/den/fin/nor
JDSC00,Partial gastrectomy and gastroduodenostomy,est/swe/lat/ice/den/fin/nor
JDSC10,Partial gastrectomy and gastrojejunostomy,est/swe/lat/ice/den/fin/nor
JDSC11,Laparoscopic partial gastrectomy and gastrojejunostomy,est/swe/lat/ice/den/fin/nor
JDSC20,Partial gastrectomy and Roux-en-Y reconstruction,est/swe/lat/ice/den/fin/nor
JDSC30,Partial gastrectomy with interposition of jejunum,est/swe/lat/ice/den/fin/nor
JDSC40,Partial gastrectomy and oesophagogastrostomy,est/swe/lat/ice/den/fin/nor
JDSC96,Partial gastrectomy with other reconstruction,est/swe/lat/ice/den/fin/nor
JDSC97,Laparoscopic partial gastrectomy with other reconstruction,est/swe/lat/ice/den/fin/nor
JDSD00,Total gastrectomy and Roux-en-Y oesophagojejunostomy,est/swe/lat/ice/den/fin/nor
JDSD01,Laparoscopic total gastrectomy and Roux-en-Y oesophagojejunostomy,swe/nor
JDSD96,Total gastrectomy with other reconstruction,est/swe/lat/ice/den/fin/nor
JDSE00,Gastrojejunostomy,est/swe/lat/ice/den/fin/nor
JDSE01,Laparoscopic gastroenterostomy,est/swe/lat/ice/den/fin/nor
JDSE05,Revision gastroenterostomy,swe
JDSE06,Laparoscopic revision gastroenterostomy,swe
JDSE10,Conversion of gastrojejunostomy to Roux-en-Y anastomosis,est/swe/lat/ice/den/fin/nor
JDSE20,Conversion of gastrojejunostomy to gastroduodenostomy with interposition of jejunum,est/swe/lat/ice/den/fin/nor
JDSE96,Other anastomosis of stomach without concurrent gastrectomy,est/swe/lat/ice/den/fin/nor
JDSF00,Gastroplasty,est/swe/lat/ice/den/fin/nor
JDSF01,Laparoscopic gastroplasty,est/swe/lat/ice/den/fin/nor
JDSF10,Gastric bypass,est/swe/lat/ice/den/fin/nor
JDSF11,Laparoscopic gastric bypass,est/swe/lat/ice/den/fin/nor
JDSF15,Single-anastomosis gastric bypass,swe/nor
JDSF16,Laparoscopic single-anastomosis gastric bypass,swe/nor
JDSF20,Gastric banding,est/swe/lat/ice/den/fin/nor
JDSF21,Laparoscopic gastric banding,est/swe/lat/ice/den/fin/nor
JDSF24,Gastric sleeve,swe/nor/ice
JDSF25,Laparoscopic gastric sleeve,swe/nor/ice
JDSF32,Gastroscopic insertion of expanding foreign body into stomach,est/swe/lat/ice/den/fin/nor
JDSF80,Reversion of bariatric surgery,swe/den
JDSF81,Laparoscopic reversion of bariatric surgery,swe/den
JDSF96,Other bariatric operation on stomach,est/swe/lat/ice/den/fin/nor
JDSF97,Other laparoscopic bariatric operation on stomach,est/swe/lat/ice/den/fin/nor
JDSF98,Other gastroscopic bariatric procedure on stomach,est/swe/lat/ice/den/fin/nor
JDSG00,Truncal vagotomy,est/swe/lat/ice/den/fin/nor
JDSG01,Laparoscopic or thoracoscopic truncal vagotomy,est/swe/lat/ice/den/fin/nor
JDSG10,Proximal gastric vagotomy,est/swe/lat/ice/den/fin/nor
JDSG11,Laparoscopic proximal gastric vagotomy,est/swe/lat/ice/den/fin/nor
JDSG96,Other vagotomy,est/swe/lat/ice/den/fin/nor
JDSG97,Other laparoscopic vagotomy,est/swe/lat/ice/den/fin/nor
JDSH00,Duodenotomy,est/swe/lat/ice/den/fin/nor
JDSH05,Endoscopic polypectomy in duodenum,est/swe/lat/ice/den/fin/nor
JDSH08,Endoscopic removal of foreign body from duodenum,est/swe/lat/ice/den/fin/nor
JDSH15,Endoscopic injection in duodenum,est/swe/lat/ice/den/fin/nor
JDSH18,Endoscopic contact coagulation in duodenum,est/swe/lat/ice/den/fin/nor
JDSH22,Endoscopic laser therapy in duodenum,est/swe/lat/ice/den/fin/nor
JDSH25,Other endoscopic haemostatic procedure in duodenum,est/swe/lat/ice/den/fin/nor
JDSH28,Other endoscopic procedure using diathermy or heat in duodenum,est/swe/lat/ice/den/fin/nor
JDSH32,Endoscopic dilatation of duodenum,est/swe/lat/ice/den/fin/nor
JDSH35,Endoscopic insertion of duodenal stent,est/swe/lat/ice/den/fin/nor
JDSH40,Duodenostomy on duodenal bulb,est/swe/lat/ice/den/fin/nor
JDSH41,Laparoscopic duodenostomy on duodenal bulb,est/swe/lat/ice/den/fin/nor
JDSH50,Local excision of lesion of duodenal bulb,est/swe/lat/ice/den/fin/nor
JDSH52,Endoscopic mucosal or submucosal resection in duodenum,est/swe/lat/ice/fin/nor
JDSH60,Pyloromyotomy,est/swe/lat/ice/den/fin/nor
JDSH61,Laparoscopic pyloromyotomy,est/swe/lat/ice/den/fin/nor
JDSH62,Perforation of duodenal membrane,ice/fin
JDSH63,Pyloroplasty,est/swe/lat/ice/den/fin/nor
JDSH70,Closure of perforated ulcer of duodenum,est/swe/lat/ice/den/fin/nor
JDSH71,Laparoscopic closure of perforated ulcer of duodenum,est/swe/lat/ice/den/fin/nor
JDSW96,Other operation on stomach or duodenum,est/swe/lat/ice/fin/nor
JDSW97,Other laparoscopic operation on stomach or duodenum,est/swe/lat/ice/den/fin/nor
JDSW98,Other transluminal endoscopic operation on stomach or duodenum,est/swe/lat/ice/den/fin/nor
JDXA00,Check-up and adjustment of gastric banding,ice/den
JDXA10,Instestinal transplant biopsy,fin
JDXX00,Insertion of nasogastric or naso-gastroduodenal tube,est/swe/lat/ice/den/fin/nor
JDXX02,Insertion of tube through gastrostomy,ice
JDXX10,Insertion of other tube into stomach or duodenum,est/swe/lat/ice/fin/nor
JDXX20,Change of gastrostomy tube,est/swe/lat/ice/fin/nor
JDXX30,Gastric irrigation,swe/lat/ice/den/nor
JDXX99,Other minor operation on stomach and duodenum,
JESA00,Appendectomy,est/swe/lat/ice/den/fin/nor
JESA01,Laparoscopic appendectomy,est/swe/lat/ice/den/fin/nor
JESA10,Appendectomy with drainage,est/swe/lat/ice/den/fin/nor
JESW96,Other operation on appendix,est/swe/lat/ice/den/fin/nor
JESW97,Other laparoscopic operation on appendix,est/swe/lat/ice/den/fin/nor
JFDB00,Gastrointestinal stoma X-ray examination,swe/ice
JFDB1A,Passage examination of small bowell with X-ray,swe/ice/den/fin
JFDB1B,Small bowel X-ray examination with duple contrast,swe/ice/den
JFDB2A,Colonography with X-ray,swe/ice/den/fin
JFDB2B,Colonography with duple contrast,swe/ice/den
JFDB2J,Colon transit examination with X-ray,ice
JFDB30,Bowel reservoir X-ray examination,swe/ice/den
JFDD1A,Small bowel CT,ice/fin
JFDD2A,Colon CT,swe/ice/fin
JFDD4P,CT examination of bowel perfusion,ice
JFDE00,Ultrasonography through intestinal stoma,est/swe/lat/ice/fin/nor
JFDE02,Endoscopic ultrasonography through intestinal stoma,est/swe/lat/ice/den/fin/nor
JFDG1C,Small bowel extensive MRI with with high intensity magnet,fin/nor
JFDG2C,Colon MRI,fin/nor
JFE002,Peroral enteroscopy,est/swe/lat/ice/den/fin/nor
JFE003,Endoscopic remowal of foreign body from small intestine,ice/den
JFE005,Peroral enteroscopy with biopsy,est/swe/lat/ice/den/nor
JFE012,Enteroscopy through intestinal stoma,est/swe/lat/ice/den/fin/nor
JFE014,Enteroscopy of ileoanal anastomosis,ice/fin
JFE015,Enteroscopy with biopsy through intestinal stoma,est/swe/lat/ice/den/nor
JFE022,Intraoperative enteroscopy,est/swe/lat/ice/den/fin/nor
JFE025,Intraoperative enteroscopy with biopsy,est/swe/lat/ice/den/nor
JFE032,Coloscopy,est/swe/lat/ice/den/fin/nor
JFE034,Left colonoscopy,ice/fin
JFE035,Coloscopy with biopsy,est/swe/lat/ice/den/nor
JFE042,Flexible sigmoidoscopy,est/swe/lat/ice/den/nor
JFE045,Flexible sigmoidoscopy with biopsy,est/swe/lat/ice/den/fin/nor
JFE052,Endoscopy of pelvic reservoar,swe/ice
JFE055,Endoscopy of pelvic reservoar with biopsy,swe/ice
JFE082,Peranal enteroscopy,est/swe/lat/ice/den/fin/nor
JFE085,Peranal enteroscopy with biopsy,est/swe/lat/ice/den/nor
JFE092,Capsule endoscopy of small intestine,est/swe/lat/ice/den/fin/nor
JFFA00,Oral lactose tolerance test,swe/ice
JFFB00,Hydrogen breath test,swe/lat/ice/nor
JFFB10,Triolein breath test,lat/ice/nor
JFIB00,Intestinal blood loss isotope examination,swe/ice/fin/nor
JFIB02,Intestinal blood loss SPECT with low dose CT,fin
JFIB10,Intestinal albumine loss isotope examination,ice/fin/nor
JFIB20,Intestinal fat aborbtion test (isotope),nor
JFO001,Preoperative radiotherapy of small and large bowel,ice
JFO002,Radical radiotherapy of small and large bowel,ice
JFO003,Adjuvant radiotherapy of small and large bowel,ice
JFO004,Palliative radiotherapy of small and large bowel,ice
JFO029,Radiotherapy of local recicive of tumor of small and large bowel,ice
JFO049,Radiotherapy of methastasis in small and large bowel,ice
JFO090,Profylactic radiotherapy of small and large bowel,ice
JFO099,Other radiotherapy of small and large bowel,ice
JFSA00,Enterotomy,est/swe/lat/ice/den/fin/nor
JFSA02,Endoscopic extraction of foreign body from small bowel,est/swe/lat/ice/fin/nor
JFSA05,Endoscopic polypectomy in small intestine,est/swe/lat/ice/den/fin/nor
JFSA10,Colotomy,est/swe/lat/ice/den/fin/nor
JFSA12,Endoscopic extraction of foreign body from colon,est/swe/lat/ice/den/fin/nor
JFSA15,Endoscopic polypectomy in colon,est/swe/lat/ice/den/fin/nor
JFSA16,Biopsy of wall of colon without colotomy,est/swe/lat/ice/den/fin/nor
JFSA17,Laparoscopic biopsy of wall of colon without colotomy,est/swe/lat/ice/den/fin/nor
JFSA22,Endoscopic injection in small intestine,est/swe/lat/ice/den/fin/nor
JFSA25,Endoscopic contact coagulation in small intestine,est/swe/lat/ice/den/fin/nor
JFSA28,Endoscopic laser therapy in small intestine,est/swe/lat/ice/den/fin/nor
JFSA32,Other endoscopic haemostatic procedure in small intestine,est/swe/lat/ice/den/fin/nor
JFSA35,Other endoscopic procedure using diathermy or heat in small intestine,est/swe/lat/ice/den/fin/nor
JFSA38,Endoscopic dilatation of small intestine,est/swe/lat/ice/den/fin/nor
JFSA42,Endoscopic injection in colon,est/swe/lat/ice/den/fin/nor
JFSA44,Endoscopic submucosal dissection in the small intenstine,swe
JFSA45,Endoscopic contact coagulation in colon,est/swe/lat/ice/den/fin/nor
JFSA48,Endoscopic laser therapy in colon,est/swe/lat/ice/den/fin/nor
JFSA52,Other endoscopic haemostatic procedure in colon,est/swe/lat/ice/den/fin/nor
JFSA55,Other endoscopic procedure using diathermy or heat in colon,est/swe/lat/ice/den/fin/nor
JFSA58,Endoscopic dilatation of colon,swe/ice/den/fin/nor
JFSA60,Stricturoplasty in small intestine,est/swe/lat/ice/den/fin/nor
JFSA61,Laparoscopic stricturoplasty in small intestine,den
JFSA63,Stricturoplasty in colon,est/swe/lat/ice/den/fin/nor
JFSA65,Endoscopic insertion of stent into small intestine,est/swe/lat/ice/den/nor
JFSA68,Endoscopic insertion of prosthetic tube into colon,est/swe/lat/ice/den/fin/nor
JFSA70,Suture of small intestine,est/swe/lat/ice/den/fin/nor
JFSA71,Laparoscopic suture of small intestine,est/swe/lat/ice/den/fin/nor
JFSA73,Excision of lesion of small intestine,est/swe/lat/ice/den/fin/nor
JFSA74,Laparoscopic excision of lesion of small intestine,est/swe/lat/ice/den/fin/nor
JFSA76,Closure of fistula of small intestine,est/swe/lat/ice/den/fin/nor
JFSA80,Suture of colon,est/swe/lat/ice/den/fin/nor
JFSA81,Laparoscopic suture of colon,est/swe/lat/ice/den/fin/nor
JFSA83,Excision of lesion of colon,est/swe/lat/ice/den/fin/nor
JFSA84,Laparoscopic excision of lesion of colon,est/swe/lat/ice/den/fin/nor
JFSA85,Endoscopic mucosal or submucosal resection in colon,est/swe/lat/ice/fin/nor
JFSA86,Closure of fistula of colon,est/swe/lat/ice/den/fin/nor
JFSA96,Other local operation on intestine,est/swe/lat/ice/den/fin/nor
JFSA97,Other laparoscopic local operation on intestine,est/swe/lat/ice/den/fin/nor
JFSA98,Other transluminal endoscopic local operation on intestine,est/swe/lat/ice/den/fin/nor
JFSB00,Partial resection of small intestine,est/swe/lat/ice/den/fin/nor
JFSB01,Laparoscopic partial resection of small intestine,est/swe/lat/ice/den/fin/nor
JFSB10,Reversal of segment of small intestine,est/swe/lat/ice/den/fin/nor
JFSB13,Plastic repair of small intestine with lengthening,est/swe/lat/ice/den/fin/nor
JFSB20,Ileocaecal resection,est/swe/lat/ice/den/fin/nor
JFSB21,Laparoscopic ileocaecal resection,est/swe/lat/ice/den/fin/nor
JFSB30,Right hemicolectomy,est/swe/lat/ice/den/fin/nor
JFSB31,Laparoscopic right hemicolectomy,est/swe/lat/ice/den/fin/nor
JFSB33,Other resection comprising small intestine and colon,est/swe/lat/ice/den/fin/nor
JFSB34,Other laparoscopic resection comprising small intestine and colon,est/swe/lat/ice/den/fin/nor
JFSB40,Resection of transverse colon,est/swe/lat/ice/den/fin/nor
JFSB41,Laparoscopic resection of transverse colon,est/swe/lat/ice/den/fin/nor
JFSB43,Left hemicolectomy,est/swe/lat/ice/den/fin/nor
JFSB44,Laparoscopic left hemicolectomy,est/swe/lat/ice/den/fin/nor
JFSB46,Resection of sigmoid colon,est/swe/lat/ice/den/fin/nor
JFSB47,Laparoscopic resection of sigmoid colon,est/swe/lat/ice/den/fin/nor
JFSB50,Other resection of colon,est/swe/lat/ice/den/fin/nor
JFSB51,Other laparoscopic resection of colon,est/swe/lat/ice/den/fin/nor
JFSB53,Resection of sigmoid colon sigmoideum with partial resection of rectum,swe/lat/ice/fin/nor
JFSB54,Laparoscopiic resection of sigmoid colon sigmoideum with partial resection of rectum,swe/lat/ice/fin/nor
JFSB60,Resection of sigmoid colon with end colostomy,est/swe/lat/ice/den/fin/nor
JFSB61,Laparoscopic resection of sigmoid colon with end colostomy and closure of distal stump,est/swe/lat/ice/den/fin/nor
JFSB63,Other resection of colon with proximal colostomy and closure of distal stump,est/swe/lat/ice/den/fin/nor
JFSB64,Other laparoscopic resection of colon with proximal colostomy and closure of distal stump,est/swe/lat/ice/den/fin/nor
JFSB96,Other partial excision of intestine,est/swe/lat/ice/den/fin/nor
JFSB97,Other laparoscopic partial excision of intestine,est/swe/lat/ice/den/fin/nor
JFSC00,Entero-enterostomy,est/swe/lat/ice/den/fin/nor
JFSC01,Laparoscopic entero-enterostomy,est/swe/lat/ice/den/fin/nor
JFSC10,Ileotransversostomy,est/swe/lat/ice/den/fin/nor
JFSC11,Laparoscopic ileotransversostomy,est/swe/lat/ice/den/fin/nor
JFSC20,Other enterocolostomy,est/swe/lat/ice/den/fin/nor
JFSC21,Other laparoscopic enterocolostomy,est/swe/lat/ice/den/fin/nor
JFSC30,Colo-colostomy,est/swe/lat/ice/den/fin/nor
JFSC31,Laparoscopic colo-colostomy,est/swe/lat/ice/den/fin/nor
JFSC40,Ileorectostomy,est/swe/lat/ice/den/fin/nor
JFSC41,Laparoscopic ileorectostomy,est/swe/lat/ice/den/fin/nor
JFSC50,Colorectostomy,est/swe/lat/ice/den/fin/nor
JFSC51,Laparoscopic colorectostomy,est/swe/lat/ice/den/fin/nor
JFSC80,Revision of enteroanastomosis,swe
JFSC81,Laparoscopi revision of enteroanasthomosis,swe
JFSD00,Jejunoileal bypass,est/swe/lat/ice/den/fin/nor
JFSD03,Duodenoileal bypass with biliopancreatic diversion,swe/lat/ice/den/fin/nor
JFSD04,Laparoscopic duodenoileal bypass with biliopancreatic diversion,swe/lat/ice/den/fin/nor
JFSD10,Revision of jejunoileal bypass,est/swe/lat/ice/den/fin/nor
JFSD13,Revision of duodenoileal bypass,swe/lat/ice/den/fin/nor
JFSD20,Restoration of continuity after jejunoileal bypass,est/swe/lat/ice/den/fin/nor
JFSD23,Restoration of continuity after duodenoileal bypass,swe/lat/ice/den/fin/nor
JFSD96,Other intestinal bypass operation,est/swe/lat/ice/den/fin/nor
JFSE00,Transplantation of small intestine,est/swe/lat/ice/den/fin/nor
JFSE96,Other operation relating to transplantation of small intestine,est/swe/lat/ice/den/fin/nor
JFSF00,Catheter enterostomy,est/swe/lat/ice/den/fin/nor
JFSF01,Laparoscopic catheter enterostomy,est/swe/lat/ice/den/fin/nor
JFSF10,Loop enterostomy,est/swe/lat/ice/den/fin/nor
JFSF11,Laparoscopic loop enterostomy,est/swe/lat/ice/den/fin/nor
JFSF13,Terminal enterostomy,est/swe/lat/ice/den/fin/nor
JFSF20,Caecostomy,est/swe/lat/ice/den/fin/nor
JFSF21,Laparoscopic caecostomy,est/swe/lat/ice/den/fin/nor
JFSF23,Transversostomy,est/swe/lat/ice/den/fin/nor
JFSF24,Laparoscopic transversostomy,est/swe/lat/ice/den/fin/nor
JFSF26,Sigmoidostomy,est/swe/lat/ice/den/fin/nor
JFSF27,Laparoscopic sigmoidostomy,est/swe/lat/ice/den/fin/nor
JFSF30,Other colostomy,est/swe/lat/ice/den/fin/nor
JFSF31,Other laparoscopic colostomy,est/swe/lat/ice/den/fin/nor
JFSF40,Appendicostomy,est/swe/lat/ice/den/fin/nor
JFSF41,Laparoscopic appendicostomy,est/swe/lat/ice/den/fin/nor
JFSF50,Exteriorisation of loop of colon without opening,est/swe/lat/ice/den/fin/nor
JFSF51,Laparoscopic exteriorisation of loop of colon without opening,est/swe/lat/ice/den/fin/nor
JFSF60,Opening of exteriorised loop of colon,est/swe/lat/ice/den/fin/nor
JFSF96,Other exteriorisation of intestine or creation of intestinal stoma,est/swe/lat/ice/den/nor
JFSF97,Other laparoscopic exteriorisation of intestine or creation of intestinal stoma,est/swe/lat/ice/den/nor
JFSG00,Closure of loop enterostomy without resection,est/swe/lat/ice/den/fin/nor
JFSG10,Closure of loop colostomy without resection,est/swe/lat/ice/den/fin/nor
JFSG20,Closure of enterostomy with resection of exteriorised loop,est/swe/lat/ice/den/fin/nor
JFSG23,Closure of terminal enterostomy with anastomosis to small intestine,est/swe/lat/ice/den/fin/nor
JFSG26,Closure of terminal enterostomy with anastomosis to colon,est/swe/lat/ice/den/fin/nor
JFSG29,Closure of terminal enterostomy with anastomosis to rectum,est/swe/lat/ice/den/fin/nor
JFSG30,Closure of colostomy with resection of exteriorised loop,est/swe/lat/ice/den/fin/nor
JFSG33,Closure of terminal colostomy with anastomosis to colon,est/swe/lat/ice/den/fin/nor
JFSG36,Closure of terminal colostomy with anastomosis to rectum,est/swe/lat/ice/den/fin/nor
JFSG40,Revision of enterostomy or colostomy without laparotomy,est/swe/lat/ice/den/fin/nor
JFSG50,Laparotomy with revision of enterostomy or colostomy,est/swe/lat/ice/den/fin/nor
JFSG53,Revision of ileal pelvic pouch,est/swe/lat/ice/den/fin/nor
JFSG56,Revision of colonic pelvic pouch,est/swe/lat/ice/den/fin/nor
JFSG60,Conversion of conventional ileostomy to continent ileostomy,est/swe/lat/ice/den/fin/nor
JFSG70,Conversion of continent ileostomy to conventional ileostomy,est/swe/lat/ice/den/fin/nor
JFSG73,Excision of ileal pelvic pouch,est/swe/lat/ice/den/fin/nor
JFSG76,Excision of colonic pelvic pouch with colorectal or coloanal anastomosis,est/swe/lat/ice/den/fin/nor
JFSG80,Excision of ileal pouch with construction of new continent ileostomy,est/swe/lat/ice/den/fin/nor
JFSG83,Excision of colonic pelvic pouch and construction of new pouch,est/swe/lat/ice/den/fin/nor
JFSG86,Excision of ileal pelvic pouch and construction of new pouch,est/swe/lat/ice/den/fin/nor
JFSG96,Other operation on intestinal stoma or pouch,est/swe/lat/ice/den/fin/nor
JFSH00,Total colectomy and ileorectal anastomosis,est/swe/lat/ice/den/fin/nor
JFSH01,Laparoscopic total colectomy and ileorectal anastomosis,est/swe/lat/ice/den/fin/nor
JFSH10,Total colectomy and ileostomy,est/swe/lat/ice/den/fin/nor
JFSH11,Laparoscopic total colectomy and ileostomy,est/swe/lat/ice/den/fin/nor
JFSH20,Proctocolectomy and ileostomy,est/swe/lat/ice/den/fin/nor
JFSH30,"Total colectomy, mucosal proctectomy and ileoanal anastomosis without ileostomy",est/swe/lat/ice/den/fin/nor
JFSH31,"Laparoscopic total colectomy, mucosal proctectomy and ileoanal anastomosis without ileostomy",swe/fin
JFSH33,"Total colectomy, mucosal proctectomy, ileoanal anastomosis and ileostomy",est/swe/lat/ice/den/fin/nor
JFSH40,Proctocolectomy and continent ileostomy,est/swe/lat/ice/den/fin/nor
JFSH96,Other total colectomy,est/swe/lat/ice/den/fin/nor
JFSJ00,Coecopexy,est/swe/lat/ice/den/fin/nor
JFSJ01,Laparoscopic coecopexy,est/swe/lat/ice/den/fin/nor
JFSJ96,Other enteropexy or colopexy,est/swe/lat/ice/den/fin/nor
JFSJ97,Other laparoscopic enteropexy or colopexy,est/swe/lat/ice/den/fin/nor
JFSK00,Division of adhesive band in intestinal obstruction,est/swe/lat/ice/den/fin/nor
JFSK01,Laparoscopic division of adhesive band in intestinal obstruction,est/swe/lat/ice/den/fin/nor
JFSK10,Freeing of adhesions in intestinal obstruction,est/swe/lat/ice/den/fin/nor
JFSK11,Laparoscopic freeing of adhesions in intestinal obstruction,ice/nor
JFSK20,Freeing of adhesions and plication of small intestine,est/swe/lat/ice/den/fin/nor
JFSK96,Other operation on adhesions in intestinal obstruction,est/swe/lat/ice/den/fin/nor
JFSK97,Other laparoscopic operation on adhesions in intestinal obstruction,est/swe/lat/ice/den/fin/nor
JFSL00,Open reduction of intussusception of intestine,est/swe/lat/ice/den/fin/nor
JFSL10,Laparotomy and manipulation of obstructed intestine,est/swe/lat/ice/den/fin/nor
JFSL11,Laparoscopic manipulation of obstructed intestine,swe/den/fin/nor
JFSL20,Laparotomy and manipulation of impacted material,est/swe/lat/ice/den/fin/nor
JFSL96,Other operation for intestinal obstruction without resection or freeing of adhesions,est/swe/lat/ice/den/fin/nor
JFSM00,Intraoperative irrigation of colon,est/swe/lat/ice/den/fin/nor
JFSW96,Other operation on intestine,est/swe/lat/ice/den/fin/nor
JFSW97,Other laparoscopic operation on intestine,est/swe/lat/ice/den/fin/nor
JFSW98,Other transluminal endoscopic operation on intestine,est/swe/lat/ice/den/fin/nor
JFXF00,Insertion or exchange of tube through appendicostomy,ice
JFXH00,Insertion of tube through colostomy,swe/ice
JFXH10,Antegrade colonic enema (ACE) through appendicostomy,lat/ice/fin/nor
JFXL00,Treatment of bowel invagination with ultrasound guidance,ice/fin
JFXL02,Reduction of intestinal intussusception using barium enema,est/swe/lat/ice/den/fin/nor
JFXX00,Insertion of jejunal tube,est/swe/lat/ice/den/fin/nor
JFXX02,Insertion of tube through jejunostromy,swe/ice/den/nor
JFXX04,Irrigation of enterostomy,swe/ice/den/fin
JFXX10,Insertion of jejunal tube through gastrostomy,est/swe/lat/ice/den/fin/nor
JFXX20,Peroral biopsy of small intestine,est/swe/lat/ice/den/fin/nor
JFXX30,Stool transplantation                                                                                                                                                                                   ,swe/fin
JGDB1J,Defecography with X-ray,swe/ice/den/fin
JGDE12,Transrectal endoscopic ultrasonography,est/swe/lat/ice/den/fin/nor
JGDG00,Rectum MRI,fin/nor
JGDG1J,Defecography MRI,fin
JGE002,Proctoscopy,est/swe/lat/ice/den/fin/nor
JGE003,Endoscopic removal of foreign body from rectum,ice/den
JGE005,Proctoscopy with biopsy,est/swe/lat/ice/den/nor
JGFX90,Rectum clinical examination,swe/ice
JGO001,Preopertaive radiotherapy of rectum,ice
JGO002,Radical radiotherapy of rectum,ice
JGO003,Adjuvant radiotherapy of rectum,ice
JGO004,Palliative radiotherapy of rectum,ice
JGO029,Radiotherapy of local recidive of tumor of rectum,ice
JGO049,Radiotherapy of methastasis in rectum,ice
JGO090,Profylactic radiotherapy of rectum,ice
JGO099,Other radiotherapy of rectum,ice
JGSA00,Proctotomy,est/swe/ice/fin/nor
JGSA02,Endoscopic extraction of foreign body from rectum,est/swe/lat/ice/den/fin/nor
JGSA05,Endoscopic polypectomy in rectum,est/swe/lat/ice/den/fin/nor
JGSA14,Endoscopic submucosal dissection in the rectum,swe
JGSA22,Endoscopic injection in rectum,est/swe/lat/ice/den/fin/nor
JGSA28,Endoscopic contact coagulation in rectum,est/swe/lat/ice/den/fin/nor
JGSA32,Endoscopic laser therapy in rectum,est/swe/lat/ice/den/fin/nor
JGSA35,Other endoscopic haemostatic procedure in rectum,est/swe/lat/ice/den/fin/nor
JGSA52,Other endoscopic procedure using diathermy or heat in rectum,est/swe/lat/ice/den/fin/nor
JGSA57,Endoscopic dilatation of rectum,swe/ice/nor
JGSA58,Endoscopic insertion of rectal stent,est/swe/lat/ice/den/fin/nor
JGSA60,Suture of rectum,est/swe/lat/ice/den/fin/nor
JGSA70,Proctotomy and excision of lesion of rectum,est/swe/lat/ice/den/fin/nor
JGSA73,Transanal excision of lesion of rectum,est/swe/lat/ice/den/fin/nor
JGSA75,Endoscopic microsurgical excision of lesion of rectum,est/swe/lat/ice/den/fin/nor
JGSA76,Stapled transanal rectal resection,est/swe/lat/ice/den/nor
JGSA85,Endoscopic mucosal or submucosal resection in rectum,fin/nor
JGSA96,Other proctotomy or local operation on rectum,est/swe/lat/ice/den/fin/nor
JGSA97,Other laparoscopic proctotomy or local operation on rectum,est/swe/lat/ice/den/fin/nor
JGSA98,Other transluminal endoscopic local operation on rectum,est/swe/lat/ice/den/fin/nor
JGSB00,Partial proctectomy and colorectal or coloanal anastomosis,est/swe/lat/ice/den/nor
JGSB01,Laparoscopic partial proctectomy and colorectal or coloanal anastomosis,est/swe/lat/ice/den/nor
JGSB03,Partial proctectomy with partial excision of mesorectum,swe/lat/ice/fin/nor
JGSB04,Laparoscopic partial proctectomy with partial excision of mesorectum,swe/lat/ice/fin/nor
JGSB10,Partial proctectomy and end colostomy,est/swe/lat/ice/den/fin/nor
JGSB11,Laparoscopic partial proctectomy and end colostomy,est/swe/lat/ice/den/fin/nor
JGSB20,Partial rectosigmoidectomy and abdominoperineal pull-through anastomosis,est/swe/lat/ice/den/fin/nor
JGSB21,Laparoscopic partial rectosigmoidectomy and abdominoperineal pull-through anastomosis,nor
JGSB30,Abdominoperineal excision of rectum,est/swe/lat/ice/den/fin/nor
JGSB31,Laparoscopic and perineal excision of rectum,est/swe/lat/ice/den/fin/nor
JGSB33,Abdominoperineal excision of rectum and intersphincter resection,swe/lat/ice/den/fin/nor
JGSB34,Laparoscopic assisted abdominoperineal excision of rectum and intersphincter resection,swe/lat/ice/den/fin/nor
JGSB36,Total mesorectal excision,swe/lat/ice/fin/nor
JGSB40,Excision of rectum and end ileostomy,est/swe/lat/ice/den/fin/nor
JGSB50,Mucosal proctectomy and ileoanal anastomosis,est/swe/lat/ice/den/fin/nor
JGSB60,Excision of rectum and ileoanal anastomosis,est/swe/lat/ice/den/fin/nor
JGSB61,Laparoscopic excision of rectum and ileoanal anastomosis,swe/den/fin
JGSB96,Other proctectomy or excision of rectum,est/swe/lat/ice/den/fin/nor
JGSB97,Other laparoscopic proctectomy or excision of rectum,est/swe/lat/ice/den/fin/nor
JGSC00,Rectopexy,est/swe/lat/ice/den/fin/nor
JGSC01,Laparoscopic rectopexy,est/swe/lat/ice/den/fin/nor
JGSC10,Perineal rectopexy,est/swe/lat/ice/den/fin/nor
JGSC20,Transanal suture,est/swe/lat/ice/den/fin/nor
JGSC30,Excision and suture of rectal mucosa with imbrication of muscular layer,est/swe/lat/ice/den/fin/nor
JGSC40,Anorectal repair of anal atresia,est/swe/lat/ice/den/fin/nor
JGSC96,Other reconstructive operation on rectum,est/swe/lat/ice/den/fin/nor
JGSC97,Other laparoscopic reconstructive operation on rectum,est/swe/lat/ice/den/fin/nor
JGSD00,Excision of perineal local recurrence of tumour,est/swe/lat/ice/den/fin/nor
JGSW96,Other operation on rectum,est/swe/lat/ice/den/fin/nor
JGSW97,Other laparoscopic operation on rectum,est/swe/lat/ice/den/fin/nor
JGSW98,Other transluminal endoscopic operation on rectum,est/swe/lat/ice/den/fin/nor
JGXA00,Removal of foreign body from rectum,est/swe/lat/ice/den/fin
JGXB00,Rectal biopsy with capsel,swe/ice
JGXX00,Manual extraction of impacted faeces,est/swe/lat/ice/den/fin/nor
JGXX02,Insertion of rectal tube,ice/den/nor
JGXX04,Transanal irrigation,swe/ice/den/fin
JGXX20,Botulinus therapy of rectum,den
JGXX90,Other support of normal defecation,ice
JHDB1A,Anography with X-ray,swe/ice/fin
JHDE00,Transanal ultrasonography,est/swe/lat/ice/fin/nor
JHDG1C,Perianal MRI,fin
JHE002,Anoscopy,est/swe/lat/ice/den/fin/nor
JHE005,Anoscopy with biopsy,ice
JHFH10,Anorectal manometry,est/swe/lat/ice/fin/nor
JHFH20,Electromyography of anal sphincter,est/swe/lat/ice/fin/nor
JHO001,Preoperative radiotherapy of anus and its surrounding,ice
JHO002,Radical radiotherapy of anus and its surrounding,ice
JHO003,Adjuvant radiotherapy of anus and its surrounding,ice
JHO004,Palliative radiotherapy of anus and its surrounding,ice
JHO029,Radiotherapy of local recidive of tumor of anus and its surrounding,ice
JHO049,Radiotherapy of methastasis in anus and its surrounding,ice
JHO090,Profylactic radiotherapy of anus and its surrounding,ice
JHO099,Other radiotherapy of anus and its surrounding,ice
JHSA00,Anal or perianal incision,est/swe/lat/ice/den/fin/nor
JHSA10,Biopsy of anal canal,est/swe/lat/ice/den/fin/nor
JHSA20,Excision of lesion of anal canal or perianal tissue,est/swe/lat/ice/den/fin/nor
JHSA30,Thermic procedure on lesion of anal canal or perianal tissue,est/swe/lat/ice/den/fin/nor
JHSB00,Haemorrhoidectomy,est/swe/lat/ice/den/fin/nor
JHSB10,Thermic destruction of haemorrhoids or prolapse of mucosa,est/swe/lat/ice/den/fin/nor
JHSB20,Sclerotherapy of haemorrhoids,est/swe/lat/ice/den/fin/nor
JHSB30,Rubber band ligature of haemorrhoids or prolapse of mucosa,est/swe/lat/ice/den/fin/nor
JHSB40,Resection and stapled suture of anal mucosa,est/swe/lat/ice/den/fin/nor
JHSB96,Other procedure for haemorrhoids or prolapse of mucosa,est/swe/lat/ice/fin/nor
JHSC00,Suture of anal sphincter,est/swe/lat/ice/den/fin/nor
JHSC10,Reconstruction of anal sphincter without graft,est/swe/lat/ice/den/fin/nor
JHSC20,Reconstruction of anal sphincter with graft of muscle,est/swe/lat/ice/den/fin/nor
JHSC30,Reconstruction of anal sphincter with transposition of muscle,est/swe/lat/ice/den/fin/nor
JHSC33,Revision of reconstruction of anal sphincter with graft of muscle,ice/den
JHSC40,Encircling suture of anus,est/swe/lat/ice/den/fin/nor
JHSC50,Anal repair of anal atresia,est/swe/lat/ice/den/fin/nor
JHSC60,Transanal submucous or intersphincteric injection,est/swe/lat/ice/fin/nor
JHSD00,Anal dilatation,est/swe/lat/ice/den/fin/nor
JHSD10,Myotomy of anal sphincter,est/swe/lat/ice/den/fin/nor
JHSD20,Incision of fistula-in-ano,est/swe/lat/ice/den/fin/nor
JHSD30,Incomplete incision of fistula-in-ano,est/swe/lat/ice/den/fin/nor
JHSD33,Completing incision of fistula-in-ano,est/swe/lat/ice/den/fin/nor
JHSD40,Partial excision of internal anal sphincter,est/swe/lat/ice/den/fin/nor
JHSD50,Excision of fistula-in-ano with advancement flap of mucosa,est/swe/lat/ice/fin/nor
JHSD60,Occlusion of fistula-in-ano with use of collagen,est/swe/lat/ice/den/fin/nor
JHSD63,Occlusion of fistula-in-ano with use of fibrin,est/swe/lat/ice/fin/nor
JHSD65,Occlusion of fistula-in-ano with adipose tissue,swe/nor
JHSD67,Ligation of intersphincteric fistula tract,fin/nor
JHSD69,Other incision or excision of fistula-in-ano,swe
JHSD96,Other incision of anal sphincter,est/swe/lat/ice/den/fin/nor
JHSE10,Implantation of artificial anal sphincter,est/swe/lat/ice/den/fin/nor
JHSE20,Revision of artificial anal sphincter,est/swe/lat/ice/den/fin/nor
JHSE30,Removal of artificial anal sphincter,est/swe/lat/ice/den/fin/nor
JHSE96,Other operations related to artificial anal sphincter implantation,est/swe/lat/ice/den/fin/nor
JHSW96,Other operation on anus or perianal tissue,est/swe/lat/ice/den/fin/nor
JHX000,Exploration of rectum,ice
JHX005,Examination of anus and perianal tissues with anaesthesia,nor
JHX010,Anal sampling by swap for baccterial culture,ice
JHXA00,Anal sphincter training,ice/fin
JHXA10,Sacral stimulation for rectal incontinence,lat/ice/nor
JHXA99,Other treatment of rectal incontinence,lat/ice/nor
JJDD1P,CT examination of liver perfusion,ice
JJDE1C,"Liver, bile duct and pancreas endoscopic ultrasound examination",ice/den/fin
JJDK1A,Spectroscopy of liver,ice/fin
JJFA00,Methacetin breath test for monitoring hepatic function,lat
JJFB00,Elastometric measurement of liver,den
JJIA00,Liver isotope imaging,swe/ice/fin/nor
JJIA01,LIver SPECT,fin
JJIA02,Liver SPECT with low dose CT,fin
JJIA04,Liver very extensive metabolic SPECT,fin
JJO001,Preoperative radiotherapy of liver and bile system,ice
JJO002,Radical radiotherapy of liver and bile system,ice
JJO003,Adjuvant radiotherapy of liver and bile system,ice
JJO004,Palliative radiotherapy of liver and bile system,ice
JJO029,Radiotherapy of local recidive of tumor of liver and bile system,ice
JJO049,Radiotherapy of methastasis in liver and bile system,ice
JJO090,Profylactic radiotherapy of liver and bile system,ice
JJO099,Other radiotherapy of liver and bile system,ice/den
JJOA00,Liver brachytherapy,swe/fin
JJOB00,Radiofrequency ablation of tumor of liver,nor
JJOC00,Isotope therapy of liver,nor
JJSA00,Exploration of liver,est/swe/lat/ice/den/fin/nor
JJSA10,Hepatotomy,est/swe/lat/ice/fin/nor
JJSA20,Open biopsy of liver,est/swe/lat/ice/den/fin/nor
JJSA21,Laparoscopic biopsy of liver,est/swe/lat/ice/den/fin/nor
JJSA23,Open needle biopsy of liver,est/swe/lat/ice/den/fin/nor
JJSA24,Laparoscopic needle biopsy of liver,est/swe/lat/ice/den/fin/nor
JJSA26,Transjugular (thoracoscopic) biopsy of liver,lat/ice/den/nor
JJSA28,Other liver biopsy,fin
JJSA30,Marsupialisation of cyst of liver,est/swe/lat/ice/den/fin/nor
JJSA31,Laparoscopic marsupialisation of cyst of liver,est/swe/lat/ice/den/fin/nor
JJSA40,Excision of lesion of liver,est/swe/lat/ice/den/fin/nor
JJSA41,Laparoscopic excision of lesion of liver,est/swe/lat/ice/den/fin/nor
JJSA43,Destruction of lesion of liver,est/swe/lat/ice/den/fin/nor
JJSA44,Laparoscopic destruction of lesion of liver,est/swe/lat/ice/den/fin/nor
JJSA50,Suture of liver,est/swe/lat/ice/den/fin/nor
JJSA60,Sclerotherapy of cyst of liver,ice/den/nor
JJSA96,Other local operation on liver,est/swe/lat/ice/fin/nor
JJSA97,Other laparoscopic local operation on liver,est/swe/lat/ice/den/fin/nor
JJSB00,Wedge resection of liver,est/swe/lat/ice/den/fin/nor
JJSB01,Laparoscopic wedge resection of liver,swe/nor
JJSB10,Atypical resection of liver,est/swe/lat/ice/den/fin/nor
JJSB11,Laparoscopic atypical resection of liver,swe/nor
JJSB20,Excision of single segment of liver,est/swe/lat/ice/den/fin/nor
JJSB21,Laproscopic excision of single segment of liver,swe/nor
JJSB30,Excision of two segments of liver,est/swe/lat/ice/den/fin/nor
JJSB31,Laparoscopi excision of two segments of liver,swe/nor
JJSB40,"Excision of segments II, III and IV of liver",est/swe/lat/ice/den/fin/nor
JJSB41,"Laparpscopic excision of segments II, III and IV of liver",swe/nor
JJSB50,"Excision of segments V, VI, VII and VIII of liver",est/swe/lat/ice/den/fin/nor
JJSB51,"Laparoscopic excision of segments V, VI, VII and VIII of liver",swe/nor
JJSB53,"Excision of segments IV,V, VI, VII and VIII of liver",est/swe/lat/ice/den/fin/nor
JJSB54,"Laparoscopic excision of segments IV,V, VI, VII and VIII of live",swe/nor
JJSB60,Other excision of three or more segments of liver,est/swe/lat/ice/den/fin/nor
JJSB61,Laparoscopic other excision of three or more segments of liver,swe/nor
JJSB71,Laparoscopic resection of liver,est/swe/lat/ice/den/fin/nor
JJSB96,Other resection of liver,est/swe/lat/ice/den/fin/nor
JJSC00,Allogenic transplantation of liver,est/swe/lat/ice/den/fin/nor
JJSC10,Allogenic partial transplantation of liver,est/swe/lat/ice/den/fin/nor
JJSC20,Allogenic partial transplantation of liver from living donor,est/swe/lat/ice/den/fin/nor
JJSC30,Xenogenic transplantation of liver,est/swe/lat/ice/den/fin/nor
JJSC40,Xenogenic partial transplantation of liver,est/swe/lat/ice/den/fin/nor
JJSC50,Resection of transplanted liver,est/swe/lat/ice/den/fin/nor
JJSC60,Total excision of transplanted liver,est/swe/lat/ice/den/fin/nor
JJSC96,Other transplantation of liver or related operation,est/swe/lat/ice/den/fin/nor
JJSW96,Other operation on liver,est/swe/lat/ice/den/fin/nor
JJSW97,Other laparoscopic operation on liver,est/swe/lat/ice/den/fin/nor
JJX000,Liver percutaneous needle biopsy,est/swe/lat/ice/den/fin/nor
JJX002,Liver needle biopsy for cytology,ice/fin
JJX004,Liver endoscopic needle biopsy,den
JJX010,Liver lesion puncture and drainage,ice/den/fin/nor
JJX020,Liver lesion percutaneous destruction,est/swe/lat/ice/den/fin/nor
JJXA00,Liver dialysis,swe/lat/ice/nor
JKDB1C,Cholecysto- and choledochography with X-ray,swe/ice/den/nor
JKDB3M,Postoperative cholangiography,swe/ice/den
JKDB3N,Percutaneous transhepatic cholangiography,swe/lat/ice/den/fin
JKDB3P,Peroperative cholangiography,est/swe/lat/ice/den/fin/nor
JKDB3R,Laparoscopic cholangiography,est/swe/lat/ice/den/fin/nor
JKDB3S,Endoscopic retrograde cholangiography,ice
JKDD3A,Bile duct CT,swe/ice/fin
JKE002,ERCP,est/swe/lat/ice/den/fin/nor
JKE005,ERCP with biopsy,est/swe/lat/ice/den/nor
JKE012,Peroral cholangioscopy,est/swe/lat/ice/den/fin/nor
JKE015,Peroral cholangioscopy with biopsy,est/swe/lat/ice/den/nor
JKE022,Antegrade cholangioscopy,est/swe/lat/ice/den/fin/nor
JKE025,Antegrade cholangioscopy with biopsy,est/swe/lat/ice/den/nor
JKE032,Antegrade cholecystoscopy,est/swe/lat/ice/den/fin/nor
JKE035,Antegrade cholecystoscopy with biopsy,est/swe/lat/ice/den/nor
JKE042,Peroral pancreaticoscopy,est/swe/lat/ice/den/fin/nor
JKE045,Peroral pancreaticoscopy with biopsy,est/swe/lat/ice/den/nor
JKFK02,Endoscopic manometry of common bile duct,est/swe/lat/ice/fin/nor
JKIA00,Biliary tract isotope imaging,swe/ice/fin/nor
JKIA30,Bile absorbtion isotope examination,swe/ice/fin/nor
JKSA00,Cholecystotomy,est/swe/lat/ice/den/fin/nor
JKSA10,Cholecystostomy,est/swe/lat/ice/den/fin/nor
JKSA11,Laparoscopic cholecystostomy,est/swe/lat/ice/den/fin/nor
JKSA13,Percutaneous cholecystostomy,est/swe/lat/ice/den/fin/nor
JKSA14,Percutaneous puncture of gallbladder and drenage,ice/den
JKSA20,Cholecystectomy,est/swe/lat/ice/den/fin/nor
JKSA21,Laparoscopic cholecystectomy,est/swe/lat/ice/den/fin/nor
JKSA96,Other operation on gallbladder,est/swe/lat/ice/den/fin/nor
JKSA97,Other laparoscopic operation on gallbladder,est/swe/lat/ice/den/fin/nor
JKSB00,Incision of bile duct,est/swe/lat/ice/den/fin/nor
JKSB01,Laparoscopic incision of bile duct,est/swe/lat/ice/den/fin/nor
JKSB11,Laparoscopic extraction of calculus from bile duct through cystic duct,est/swe/lat/ice/den/fin/nor
JKSB20,Intraoperative cholangioscopy,est/swe/lat/ice/den/fin/nor
JKSB21,Laparoscopic cholangioscopy,est/swe/lat/ice/den/fin/nor
JKSB40,Suture of bile duct,est/swe/lat/ice/den/fin/nor
JKSB42,Laparoscopic suture of bile duct,ice/den
JKSB96,Other incision or related operation on bile duct,est/swe/lat/ice/den/fin/nor
JKSB97,Other laparoscopic incision or related operation on bile duct,est/swe/lat/ice/den/fin/nor
JKSC00,Incision of bile duct and local excision of lesion,est/swe/lat/ice/den/fin/nor
JKSC01,Laparoscopic incision of bile duct and local excision of lesion,est/swe/lat/ice/den/fin/nor
JKSC10,Partial excision and anastomosis of bile duct,est/swe/lat/ice/den/fin/nor
JKSC20,Partial excision of bile duct and anastomosis to duodenum,est/swe/lat/ice/den/fin/nor
JKSC30,Partial excision of bile duct and anastomosis to jejunum,est/swe/lat/ice/den/fin/nor
JKSC40,Partial excision of right or left hepatic duct and anastomosis to jejunum,est/swe/lat/ice/den/fin/nor
JKSC50,Excision of papilla of Vater and anastomosis of bile duct to duodenum or jejunum,est/swe/lat/ice/den/fin/nor
JKSC96,Other excision of bile duct,est/swe/lat/ice/den/fin/nor
JKSC97,Other laparoscopic excision of bile duct,est/swe/lat/ice/den/fin/nor
JKSD00,Anastomosis of gallbladder to jejunum,est/swe/lat/ice/den/fin/nor
JKSD01,Laparoscopic anastomosis of gallbladder to jejunum,est/swe/lat/ice/den/fin/nor
JKSD10,Anastomosis of bile duct to duodenum,est/swe/lat/ice/den/fin
JKSD12,Endoscopic anastomosis of bile duct to duodenum,ice/den
JKSD20,Anastomosis of bile duct to jejunum,est/swe/lat/ice/den/fin/nor
JKSD30,Extrahepatic anastomosis of right or left hepatic duct to jejunum,est/swe/lat/ice/den/fin/nor
JKSD40,Anastomosis of intrahepatic bile duct to jejunum,est/swe/lat/ice/den/fin/nor
JKSD50,Hepatoportoenterostomy,est/swe/lat/ice/den/fin/nor
JKSD96,Other biliodigestive anastomosis without excision,est/swe/lat/ice/den/fin/nor
JKSE00,Transduodenal papillotomy,est/swe/lat/ice/den/fin/nor
JKSE02,Transduodenal endoscopic incision of common bile duct orifice,est/swe/lat/ice/den/fin/nor
JKSE06,Transduodenal sphincteroplasty,est/swe/lat/ice/den/fin/nor
JKSE12,Endoscopic extraction of calculus from bile duct,est/swe/lat/ice/den/fin/nor
JKSE15,Endoscopic lithotripsy in bile duct,est/swe/lat/ice/den/fin/nor
JKSE18,Endoscopic insertion of stent into bile duct,est/swe/lat/ice/den/fin/nor
JKSE22,Endoscopic extraction of foreign body from bile duct,est/swe/lat/ice/den/fin/nor
JKSE25,Endoscopic external drainage of bile duct,est/swe/lat/ice/den/fin/nor
JKSE32,Endoscopic dilatation of bile duct,est/swe/lat/ice/den/fin/nor
JKSE96,Other transduodenal open operation on bile duct or ampulla of Vater,est/swe/lat/ice/den/fin/nor
JKSE98,Other transduodenal endoscopic operation on bile duct or ampulla of Vater,est/swe/lat/ice/den/fin/nor
JKSF00,Excision of cystic duct,est/swe/lat/ice/den/fin/nor
JKSF10,Percutaneous extraction of biliary calculus,est/swe/lat/ice/den/fin/nor
JKSF96,Other secondary operation on biliary tract,est/swe/lat/ice/den/fin/nor
JKSF97,Other laparoscopic secondary operation on biliary tract,est/swe/lat/ice/den/fin/nor
JKST00,Extracorporeal shock wave lithotripsy of gallbladder,est/swe/lat/ice/den/fin/nor
JKST10,Extracorporeal shock wave lithotripsy of biliary duct,est/swe/lat/ice/den/fin/nor
JKSW96,Other operation on biliary tract,est/swe/lat/ice/den/fin/nor
JKSW97,Other laparoscopic operation on biliary tract,est/swe/lat/ice/den/fin/nor
JKSW98,Other transluminal endoscopic operation on biliary tract,est/swe/lat/ice/den/fin/nor
JKXA00,Bile tract percutaneous needle biopsy,ice/den
JKXA10,Puncture of gallbladder,ice/fin
JKXA12,Catheterisation of gallbladder,ice/fin
JKXA14,Exchange of bile duct catheter,ice/fin/nor
JKXB00,Percutaneous transhepatic biliary drainage,est/swe/lat/ice/den/fin/nor
JKXB02,Percutaneous transhepatic dilatation of bile duct,swe/ice/den/fin/est
JKXB03,Percutaneous transhepatic dilatation of bile duct with stent,swe/ice/fin/nor
JKXB04,Implantation of bile duct prosthesis with combined percutaneous transhepatic and endoscopic retrograde technic,ice/den/fin
JKXB10,Percutaneous transhepatic removal of stones from bile ducts,ice/fin
JKXC00,Heat coagualtion of bile ducts,ice/fin
JLDB4S,Endoscopic retrograde pancreaticography,ice
JLDB5S,Endoscopic retrograd cholangiopancreaticography,ice/fin
JLDB6S,Prolonged kinetic examination of bile and pancreas ducts,ice
JLDG5A,Bile and pancreas ducts MRI examination,swe/ice/fin
JLFL02,Endoscopic manometry of pancreatic duct,est/swe/lat/ice/den/fin/nor
JLIA00,Pancreas isotope imaging,swe/ice
JLO001,Peroperative radiotherapy of pancreas,ice
JLO002,Radical radiotherapy of pancreas,ice
JLO003,Adjuvant radiotherapy of pancreas,ice
JLO004,Palliative radiotherapy of pancreas,ice
JLO029,Radiotherapy of local recidive of tumor of pancreas,ice
JLO049,Radiotherapy of methastasis in pancreas,ice
JLO090,Profylactive radiotherapy of pancreas,ice
JLO099,Other radiotherapy of pancreas,ice/den
JLSA00,Exploration of pancreas,est/swe/lat/ice/den/fin/nor
JLSA10,Biopsy of pancreas,est/swe/lat/ice/den/fin/nor
JLSA20,Needle biopsy of pancreas,est/swe/lat/ice/den/fin/nor
JLSA21,Laparoscopic needle biopsy of pancreas,est/swe/lat/ice/den/fin/nor
JLSB00,Incision of pancreas,est/swe/lat/ice/den/fin/nor
JLSB10,Pancreaticolithotomy,est/swe/lat/ice/den/fin/nor
JLSB12,Transduodenal endoscopic incision of pancreatic duct orifice,est/swe/lat/ice/den/fin/nor
JLSB22,Transduodenal endoscopic extraction of calculus from pancreatic duct,est/swe/lat/ice/den/fin/nor
JLSB25,Transduodenal endoscopic lithotripsy in pancreatic duct,est/swe/lat/ice/den/fin/nor
JLSB28,Endoscopic insertion of stent into pancreatic duct,est/swe/lat/ice/den/fin/nor
JLSB35,Transduodenal endoscopic extraction of foreign body from pancreatic duct,est/swe/lat/ice/den/fin/nor
JLSB38,Endoscopic external drainage of pancreatic duct,est/swe/lat/ice/den/fin/nor
JLSB42,Transduodenal endoscopic dilatation of pancreatic duct,est/swe/lat/ice/den/fin/nor
JLSB96,"Other incision, drainage or dilatation of pancreas",est/swe/lat/ice/den/fin/nor
JLSB98,"Other transduodenal endoscopic incision, drainage or dilatation of pancreas",est/swe/lat/ice/den/fin/nor
JLSC00,Excision of lesion of pancreas,est/swe/lat/ice/den/fin/nor
JLSC10,Distal pancreatectomy,est/swe/lat/ice/den/fin/nor
JLSC11,Laparoscopic distal pancreatectomy,swe/fin
JLSC20,Total pancreatectomy,est/swe/lat/ice/den/fin/nor
JLSC30,Pancreatoduodenectomy,est/swe/lat/ice/den/fin/nor
JLSC31,Laparoscopic pancreatoduodenectomy,nor/ice
JLSC40,Total pancreatoduodenectomy,est/swe/lat/ice/den/fin/nor
JLSC50,Atypical pancreatectomy,est/swe/lat/ice/den/fin/nor
JLSC96,Other pancreatectomy,est/swe/lat/ice/den/fin/nor
JLSD00,Pancreaticojejunostomy,est/swe/lat/ice/den/fin/nor
JLSD10,Anastomosis of pancreatic pseudocyst to stomach,est/swe/lat/ice/den/fin/nor
JLSD12,Endoscopic drainage of pancreatic pseudocyst,est/swe/lat/ice/den/fin/nor
JLSD20,Anastomosis of pancreatic pseudocyst to jejunum,est/swe/lat/ice/den/fin
JLSD22,Endoscopic drainage of pancreatic pseudocyst to jejunum,est/swe/lat/ice/den/fin/nor
JLSE00,Allogenic total transplantation of pancreas with pancraticocystostomy,est/swe/lat/ice/den/fin/nor
JLSE03,Allogenic total transplantation of pancreas with pancreaticoenterostomy,est/swe/lat/ice/den/fin/nor
JLSE10,Allogenic segmental transplantation of pancreas,est/swe/lat/ice/den/fin/nor
JLSE16,Allogenic segmental transplantation of pancreas from living donor,est/swe/lat/ice/den/fin/nor
JLSE20,Allogenic islet cell transplantation,est/swe/lat/ice/den/fin/nor
JLSE30,Xenogenic islet cell transplantation,est/swe/lat/ice/den/fin/nor
JLSE40,Total excision of transplanted pancreas,est/swe/lat/ice/den/fin/nor
JLSE50,Occlusion of duct of transplanted pancreas,est/swe/lat/ice/den/fin/nor
JLSE56,Conversion of pancreaticocystostomy to pancreaticoenterostomy,est/swe/lat/ice/den/fin/nor
JLSE96,Other transplantation of pancreas or related operation,est/swe/lat/ice/den/fin/nor
JLST00,Extracorporeal shock wave lithotripsy of pancreatic duct,est/swe/lat/ice/den/fin/nor
JLSW96,Other operation on pancreas,est/swe/lat/ice/den/fin/nor
JLSW97,Other laparoscopic operation on pancreas,est/swe/lat/ice/den/fin/nor
JLSW98,Other transluminal endoscopic operation on pancreas,est/swe/lat/ice/den/fin/nor
JLXA00,Heat coagulation of pancreas,ice/fin
JLXX00,Pancreas percutaneous needle biopsy,est/swe/lat/ice/den/fin/nor
JLXX02,Pancreas needle biopsy for cytology,ice/fin
JLXX12,Pancreas cyst or abscess percutaneous drainage,est/swe/lat/ice/den/fin/nor
JLXX14,Pancreas cyst catheter exchange,ice/fin
JMDD1P,CT examination of spleen perfusion,swe/ice
JMIA00,Spleen and accessory spleen isotope imaging,swe/ice/fin/nor
JMIA02,Spleen and accessory spleen SPECT,ice/fin
JMIA04,Spleen and accessory spleen SPECT with low dose CT,fin
JMO001,Preoperative radiotherapy of spleen,ice
JMO002,Radical radiotherapy of spleen,ice
JMO003,Adjuvant radiotherapy of spleen,ice
JMO004,Palliative radiotherapy of spleen,ice
JMO029,Radiotherapy of local recidive of tumor of spleen,ice
JMO049,Radiotherapy of methastasis in spleen,ice
JMO090,Profylactic radiotherapy of spleen,ice
JMO099,Other radiotherapy of spleen,ice
JMSA00,Partial splenectomy,est/swe/lat/ice/den/fin/nor
JMSA10,Transabdominal total splenectomy,est/swe/lat/ice/den/fin/nor
JMSA11,Laparoscopic total splenectomy,est/swe/lat/ice/den/fin/nor
JMSA20,Transthoracic total splenectomy,est/swe/lat/ice/den/fin/nor
JMSA99,Other splenectomy,ice/den
JMSB00,Biopsy of spleen,est/swe/lat/ice/den/fin/nor
JMSB01,Laparoscopic biopsy of spleen,est/swe/lat/ice/den/fin/nor
JMSB10,Repair of spleen,est/swe/lat/ice/den/fin/nor
JMSW96,Other operation on spleen,est/swe/lat/ice/den/fin/nor
JMSW97,Other laparoscopic operation on spleen,est/swe/lat/ice/den/fin/nor
JMXA00,Spleen heat coagulation,ice/fin
JMXB00,Percutaneous puncture of lesion of spleen,den
JMXX00,Needle biopsy of spleen,est/swe/lat/ice/den/fin/nor
JMXX02,Spleen needle biopsy for cytology,ice/fin
JMXX10,Percutaneous drainage of spleen,den
JWSA00,Repair of wound dehiscence in gastroenterological surgery,est/swe/lat/ice/den/fin/nor
JWSA01,Laparoscopic repair of wound dehiscence in gastroenterological surgery,ice/fin
JWSB00,Reoperation for superficial infection in gastroenterological surgery,est/swe/lat/ice/den/nor
JWSC00,Reoperation for deep infection in gastroenterological surgery,est/swe/lat/ice/den/fin/nor
JWSC01,Percutaneous endoscopic reoperation for deep infection in gastroenterological surgery,est/swe/lat/ice/den/nor
JWSD00,Reoperation for superficial haemorrhage in gastroenterological surgery,est/swe/lat/ice/den/fin/nor
JWSE00,Reoperation for deep haemorrhage in gastroenterological surgery,est/swe/lat/ice/den/fin/nor
JWSE01,Percutaneous endoscopic reoperation for deep haemorrhage in gastroenterological surgery,est/swe/lat/ice/den/fin/nor
JWSE02,Transluminal endoscopic reoperation for deep haemorrhage in gastroenterological surgery,est/swe/lat/ice/den/nor
JWSF00,Reoperation for insufficiency of anastomosis or suture in gastroenterological surgery,est/swe/lat/ice/den/fin/nor
JWSF01,Percutaneous endoscopic reoperation for insufficiency of anastomosis or suture in gastroenterological,est/swe/lat/ice/den/fin/nor
JWSW96,Other reoperation in gastroenterological surgery,est/swe/lat/ice/den/fin/nor
JWSW97,Other percutaneous endoscopic reoperation in gastroenterological surgery,est/swe/lat/ice/den/nor
JWSW98,Other transluminal endoscopic reoperation in gastroenterological surgery,est/swe/lat/ice/den/nor
JXDA1L,Kinetic X-ray of alimentary tract with pictures,ice/fin
JXDA3A,Abdominal X-ray examination without contrast,swe/ice/den/fin/nor
JXDA3C,Simple X-ray examination of abdomen and pelvis,ice/fin
JXDA3H,Tomography of abdominal or pelvic organs,ice
JXDB1J,Gastrointestinal passage X-ray examination,ice/fin
JXDB1X,Other X-ray examination of alimentary tract with contrast,ice/fin
JXDD0A,Mesurement of abdominell fat with CT,fin
JXDD1A,CT examination of upper part of abdomen,swe/den/fin/ice
JXDD2A,CT examination of lower part of abdomen,swe/ice/den/fin
JXDD2V,Pelvic CT examination for dose design of radiotherapy,ice/fin
JXDD3A,Abdominal CT examination,swe/ice/den/fin/nor
JXDD3V,Abdominal CT examination for dose design of radiotherapy,ice/fin
JXDE1A,Ultrasound examination of upper part of abdomen,swe/lat/ice/den/fin/nor
JXDE1X,Other ultrasound examinaton of alimentary organs,ice/den/fin/nor
JXDE2A,Ultrasound examination of lower part of abdomen without contrast,ice/den/fin/nor
JXDE30,Abdominal ultrasound elastography,lat/fin/nor
JXDE3A,Abdominal ultrasound examination,ice/den/fin/nor
JXDG1B,Upper part of abdomen MRI examination,swe/ice/den/fin
JXDG2B,Lower part of abdomen MRI examination,swe/ice/den/fin/nor
JXDG2V,Pelvic MRI examination for dose design of radiotherapy,ice/fin
JXDG3B,Abdominal MRI examination,swe/ice/den/fin/nor
JXDG3V,Abdominal MRI examination for dose design of radiotherapy,ice/fin
JXFA00,Pressure measurement in gastrointestinal tract,swe/lat/ice/nor
JXFB00,Gastrointestinal transittime measurement,swe/ice
JXFW99,Other investigative procedure on digestive system,est/swe/lat/ice/fin
JXFX90,Abdominal clinical examination,swe/ice
JXIA00,Abdominal isotope imaging,swe/ice
JXIA10,"Liver, spleen and pancreas isotope imaging",swe/ice
JXIA24,Upper part of abdomen metabolic PET with MRI,fin
JXIA34,Lower part of abdomen metabolic PET-MRI,fin
JXIA44,Bdomen and pelvis PET with CT or MRI,nor
JXIB00,Bowel function isotope test,swe/ice
JXOA00,Radiofrequency ablation of abdomen,nor
JXSA00,Intralesional excision of extensive tumour of abdominal wall without defined origin in JA subgroup,est/swe/lat/ice/fin/nor
JXSA03,Marginal excision of extensive tumour of abdominal wall without defined origin in JA subgroup,est/swe/lat/ice/fin/nor
JXSA06,Wide excision of extensive tumour of abdominal wall without defined origin in JA subgroup,est/swe/lat/ice/fin/nor
JXSA10,Intralesional excision of extensive tumour of abdominal cavity without defined origin in chapter J two-character group,est/swe/lat/ice/fin/nor
JXSA13,Marginal excision of extensive tumour of abdominal cavity without defined origin in chapter J two-character group,est/swe/lat/ice/fin/nor
JXSA16,Wide excision of extensive tumour of abdominal cavity without defined origin in chapter J two-character group,est/swe/lat/ice/fin/nor
JXXA00,Prevention and supportive therapy for nausea and vomiting,ice
JXXB00,Focused Ultrasound therapy of abdominal organs,nor
JXXX00,Puncture or biopsy in gastrointestinal endoscopy,ice/den/fin/nor
JXXX10,Coagulation of bleeding or bloodvessel with local diatermy in gastrointestinal endoscopy,ice/fin
JXXX12,Sclerotherapy of vein in gastrointestinal endoscopy,ice/fin
JXXX19,Other procedure for hemostasis through gastrointestinal endoscopy,ice/fin
JXXX20,Dilatation of alimentary tract in endoscopy or with radiological guidance,ice/fin/nor
JXXX30,Excision of local lesion from any part of gastrointestinal tract in endoscopy,ice/fin
JXXX32,Endoscopic removal of foreign body from unspecified part of gastrointestinal tract,ice/fin
JXXX40,Thermal coagulation of body tumor with radiological guidance,ice/fin
JXXX50,Care of gastrointestinal stoma,swe
JXXX90,Other minor endoscopic gastrointestinal procedure,swe/ice/fin
JXXX92,Other care for gastrointestinal problem,den/swe
JXXX99,Other minor procedure in gastroenterology,est/swe/lat/ice/den/fin/nor
KADA1A,Kidney X-ray examination without contrast,ice/den/fin
KADB3E,Antegrade pyelography,swe/ice/den/fin
KADB3G,Retrograde pyelography,swe/ice/fin
KADD1A,Kidney CT examination without contrast,den
KADE1A,Kidney ultrasound examination,swe/lat/ice/den/fin/nor
KADE1B,Kidney pelvis ultrasound examination during pregnancy,swe
KADE1C,Ultrasound examination of kidney blood flow (with Doppler),swe
KADE2A,Ultrasound examination transplanted kidney,swe/ice/fin/nor
KADG1P,Kidney perfusion MRI with high intensity magnet,
KADK1A,Kidney spectroscopy,ice/fin
KAE002,Retrograde ureteronephroscopy,est/swe/lat/ice/den/fin
KAE005,Retrograde ureteronephroscopy with biopsy,est/swe/lat/ice/den
KAFA00,Urodynamic investigation of pelvis of kidney,est/swe/lat/ice/fin/nor
KAFA10,Kidney filtration capasity measurement,swe/lat/ice/nor
KAFB00,Ammoniumchlorid provocation of renal tubular acidosis,swe/ice
KAFC00,Kidney concetration capacity test with ADH analog,lat/ice/nor
KAFD00,Peritoneal permeability test for dialysis,lat/ice/fin/nor
KAFD02,Analysis of effect of peritoneal dialysis,fin
KAFX00,Other urinary sample collection,swe
KAIA00,Kidney structure isotope imaging,swe/ice/fin/nor
KAIA02,Kidney structure SPECT,ice/fin
KAIA04,Kidney structure SPECT with low dose CT,fin
KAIA06,Kidney PET with CT,fin
KAIA10,Prostate metabolic PET,fin
KAIA12,Prostate metabolic PET with CT,fin
KAIB00,Isotope renography,swe/ice/fin/nor
KAIB02,Isotope renography with captopril enhancement,ice/fin/nor
KAIB10,Glomerular filtration rate (GFR) Isotope mesurement,swe/ice/fin/nor
KAIC00,Kidney perfusion isotope imaging,ice
KAID00,Kidney SPECT examination,ice
KAO001,"Preoperative radiotherapy of kidney, pelvis kidney and ureter",ice
KAO002,"Radical radiotherapy of kidney, pelvis kidney and ureter",ice
KAO003,"Adjuvant radiotherapy of kidney, pelvis kidney and ureter",ice
KAO004,"Palliative radiotherapy of kidney, pelvis kidney and ureter",ice
KAO029,"Radiotherapy of loca recidive of tumor of kidney, pelvis kidney and ureter",ice
KAO049,"Radiotherapy of methastasis in kidney, pelvis kidney or ureter",ice
KAO090,"Profylactive radiotherapy of kidney, pelvis kidney and ureter",ice
KAO092,Brachytherapy of kidney,fin
KAO099,"Other radiotherapy of kidney, pelvis kidney and ureter",ice
KASA00,Exploration of kidney,est/swe/lat/ice/den/fin
KASA01,Percutaneous endoscopic exploration of kidney,est/lat/ice/den/fin/nor
KASA20,Exploratory nephrotomy,est/lat/ice/den/fin/nor
KASA21,Percutaneous endoscopic exploratory nephrotomy,est/lat/ice/den/fin/nor
KASA30,Exploratory pyelotomy,est/lat/ice/den/fin/nor
KASA31,Percutaneous nephroscopy,est/swe/lat/ice/den/fin/nor
KASA96,Other exploration of kidney or pelvis of kidney,est/swe/lat/ice/den/fin/nor
KASA97,Other percutaneous endoscopy of kidney or pelvis of kidney,est/swe/lat/ice/den/fin/nor
KASB00,Biopsy of kidney or pelvis of kidney,est/swe/lat/ice/den/fin/nor
KASB01,Percutaneous endoscopic biopsy of kidney or pelvis of kidney,est/swe/lat/ice/den/fin/nor
KASC00,Nephrectomy,est/swe/lat/ice/den/fin/nor
KASC01,Percutaneous endoscopic nephrectomy,est/swe/lat/ice/den/fin/nor
KASC10,Total nephrectomy with capsule,est/ice/fin
KASC11,Total nephrectomy with capsule\ transcutaneous,est/ice/fin
KASC20,Nephroureterectomy,est/swe/lat/ice/den/fin/nor
KASC21,Percutaneous endoscopic nephroureterectomy,est/swe/lat/ice/den/fin/nor
KASC96,Other nephrectomy,ice/fin
KASC97,Other nephrectomy\ transcutaneous,ice/fin
KASD00,Partial nephrectomy,est/swe/lat/ice/den/fin
KASD01,Percutaneous endoscopic partial nephrectomy,est/swe/lat/ice/den/fin/nor
KASD10,Heminephrectomy,est/swe/lat/ice/den/fin/nor
KASD11,Percutaneous endoscopic heminephrectomy,est/lat/ice/den/fin/nor/swe
KASD40,Partial excision of pelvis of kidney,est/swe/lat/ice/den/fin/nor
KASD41,Percutaneous endoscopic partial excision of pelvis of kidney,est/lat/ice/den/fin/nor
KASD50,Destruction of tumour of pelvis of kidney,est/lat/ice/den/fin/nor
KASD51,Percutaneous endoscopic destruction of tumour of pelvis of kidney,est/swe/lat/ice/den/fin/nor
KASD52,Retrograde ureteronephroscopic destruction of tumour of pelvis of kidney,est/swe/lat/ice/den/fin/nor
KASD56,Destruction of lesion of renal parenchyma,est/swe/lat/ice/fin/nor
KASD60,Percutaneous destruction of lesion of renal parenchyma,est/swe/lat/ice/fin/nor
KASD96,Other partial excision of kidney or pelvis of kidney,est/swe/lat/ice/den/fin
KASD97,Other percutaneous endoscopic partial excision or destruction of tumour of kidney or pelvis of kidney,est/swe/lat/ice/den/fin/nor
KASD98,Other transluminal endoscopic partial excision of pelvis of kidney,est/swe/lat/ice/den/fin/nor
KASE00,Nephrolithotomy,est/lat/ice/den/fin/nor
KASE01,Nephroscopic nephrolithotomy,est/lat/ice/den/fin/nor
KASE10,Pyelolithotomy,est/swe/lat/ice/den/fin/nor
KASE11,Nephroscopic pyelolithotomy,est/swe/lat/ice/den/fin/nor
KASE12,Retrograde ureteronephroscopic lithotripsy in pelvis of kidney,est/swe/lat/ice/den/fin/nor
KASE96,Other removal of calculus from kidney or pelvis of kidney,est/swe/lat/ice/den/fin/nor
KASE97,Other percutaneous endosopic removal of calculus from kidney or pelvis of kidney,est/swe/lat/ice/den/fin/nor
KASE98,Other transluminal endosopic removal of calculus from kidney or pelvis of kidney,est/swe/lat/ice/den/fin/nor
KASF00,Removal of foreign body from kidney,est/lat/ice/den/fin/nor
KASF01,Percutaneous endoscopic removal of foreign body from kidney,est/lat/ice/den/fin/nor
KASF10,Removal of foreign body from pelvis of kidney,est/swe/lat/ice/den/fin/nor
KASF11,Percutaneous endoscopic removal of foreign body from pelvis of kidney,est/swe/lat/ice/den/fin/nor
KASF12,Transluminal removal of foreign body from pelvis of kidney,est/swe/lat/ice/den/fin/nor
KASH00,Suture of kidney,est/swe/lat/ice/den/fin/nor
KASH01,Percutaneous endoscopic suture of kidney,est/lat/ice/den/fin/nor/swe
KASH10,Suture of pelvis of kidney,est/lat/ice/den/fin/nor
KASH11,Percutaneous endoscopic suture of pelvis of kidney,est/lat/ice/den/fin/nor
KASH12,Retrograde ureteronephroscopic suture of pelvis of kidney,est/lat/ice/den/fin
KASH21,Percutaneous dilatation of renal pelvis,swe/ice/est
KASH22,Transluminal dilatation of renal pelvis,swe/ice/est
KASH30,Pyeloureteroplasty without division of ureteropelvic junction,est/swe/lat/ice/den/fin/nor
KASH31,Percutaneous endoscopic pyeloureteroplasty without division of ureteropelvic junction,est/swe/lat/ice/den/fin/nor
KASH40,Pyeloureteroplasty with division of ureteropelvic junction,est/swe/lat/ice/den/fin/nor
KASH41,Percutaneous endoscopic pyeloureteroplasty with division of ureteropelvic junction,est/swe/lat/ice/den/fin/nor
KASH50,Ureterocalyceal anastomosis,est/swe/lat/ice/den/fin/nor
KASH51,Percutaneous endoscopic ureterocalyceal anastomosis,est/lat/ice/den/fin/nor
KASH54,Percutaneous endoscopic incision or dilatation of neck of calyx,est/swe/lat/ice/den/fin/nor
KASH55,Retrograde ureteronephroscopic incision or dilatation of neck of calyx,est/swe/lat/ice/den/fin/nor
KASH61,Percutaneous endoscopic incision of ureteropelvic junction,est/swe/lat/ice/den/fin/nor
KASH62,Endopyelotomy,est/swe/lat/ice/den/fin/nor
KASH70,Freeing of adhesions of ureteropelvic junction,est/swe/lat/ice/den/fin/nor
KASH71,Percutaneous endoscopic freeing of adhesions of ureteropelvic junction,est/lat/ice/den/fin/nor
KASH80,Nephropexy,est/swe/lat/ice/den/fin/nor
KASH81,Percutaneous endoscopic nephropexy,est/swe/lat/ice/den/fin/nor
KASH96,Other reconstruction of kidney or pelvis of kidney,est/swe/lat/ice/den/fin/nor
KASH97,Other percutaneous endoscopic reconstruction of kidney or pelvis of kidney,est/swe/lat/ice/den/fin/nor
KASH98,Other transluminal endoscopic reconstruction of kidney or pelvis of kidney,est/swe/lat/ice/den/fin/nor
KASJ00,"Nephropyelostomy, open",est/swe/lat/ice/den/fin/nor
KASJ01,Percutaneous nephropyelostomy,est/swe/lat/ice/den/fin/nor
KASJ02,Retrograde ureteronephroscopic nephrostomy,est/swe/lat/ice/den/fin/nor
KASJ08,Exchange of nephropyelostomy catheter,nor/est
KASS00,Autotransplantation of kidney,est/swe/lat/ice/den/fin/nor
KASS10,Allogenic transplantation of kidney from cadaver donor,est/swe/lat/ice/den/fin/nor
KASS20,Allogenic transplantation of kidney from living donor,est/swe/lat/ice/den/fin/nor
KASS40,Excision of transplanted kidney,est/swe/lat/ice/den/fin/nor
KASS41,Percutaneous endoscopic excision of transplanted kidney,est/lat/ice/den/fin/nor
KASS50,Nephrocystostomy in transplanted kidney,est/swe/lat/ice/den/fin/nor
KASS60,Operation for lymphocele of transplanted kidney,est/swe/lat/ice/den/fin/nor
KASS61,Percutaneous endoscopic operation for lymphocele of transplanted kidney,est/lat/ice/den/fin/nor
KASS96,Other transplantation of kidney or related procedure,est/swe/lat/ice/den/fin/nor
KASS97,Other percutaneous endoscopic procedure on transplanted kidney,est/swe/lat/ice/den/fin/nor
KAST00,Extracorporeal shock wave lithotripsy of pelvis of kidney,est/swe/lat/ice/den/fin/nor
KASW96,Other operation on kidney or pelvis of kidney,est/swe/lat/ice/den/fin/nor
KASW97,Other percutaneous endoscopic operation on kidney or pelvis of kidney,est/swe/lat/ice/fin/nor
KASW98,Other transluminal endoscopic operation on kidney or pelvis of kidney,est/swe/lat/ice/fin/nor
KAXA00,Hemodialysis,est/swe/lat/ice/fin/nor
KAXA02,Chronic hemodialysis,swe/lat/nor/est
KAXA05,Patient administered hemodialysis,nor/est
KAXA10,Hemofiltration,est/swe/lat/ice/den/fin/nor
KAXA20,Peritoneal dialysis,est/swe/lat/ice/den/fin/nor
KAXA22,Chronic peritoneal dialysis,swe/lat/den/est
KAXA23,Home based peritonal dialysis,nor/est
KAXA28,Peritoneal dialysis extension tube exchange,fin/est
KAXA30,Hemoperfusion,swe
KAXA80,Homedialysis start with initial dialysis,swe/lat/ice/nor/est
KAXA89,Other homedialysis support,swe/ice
KAXA90,Forced diuresis,ice/den
KAXB00,Percutaneous tissue destruction of kidney,ice/den/fin/est
KAXX00,Kidney or pelvis of kidney needle biopsy,est/swe/lat/ice/den/fin/nor
KAXX02,Kidney needle biopsy for cytology,est/swe/lat/ice/den/fin/nor
KAXX04,Needle biopsy of transplanted kidney,est/swe/ice/fin
KAXX10,Percutaneous puncture of kidney or pelvis of kidney,est/swe/lat/ice/den/fin/nor
KAXX12,Percutaneous neprostolithotomy,swe/est
KAXX20,Puncture of lymphocele after kidney transplantation,swe/ice/est
KAXX30,Coagulation of renal methastasis with ultrasound guidance,fin/est
KAXX40,Nephrostomy catheter exchange or removal,swe/ice/den/est
KAXX42,Nephrostomy closure,ice/den/fin/est
KAXX44,Nephrostomy rinsing,ice/est
KAXX46,Lavation pelvis of kidney,swe
KAXX47,Kemolys of kidneystones,swe
KAXX50,Selective venous blood sample from kidney with radiological guidance,ice/fin
KAXX60,Sclerotherapy of kidney cyst,est/ice/fin/nor
KAXX80,Upper urinary tract inraluminal catheterisation,est/ice/fin
KAXX82,Upper urinary tract inraluminal catheter exchange,est/ice/fin/nor
KAXX83,Replacement of ureteral catheter or ureteral stent over wire without cystoscope,swe
KAXX88,Upper urinary tract inraluminal catheter removal,est/ice
KBDE1E,Ultrasound examination of vesico-ureteral reflux,ice/fin
KBDG1A,Urinary tract MRI examination,swe/ice/den/fin
KBE002,Retrograde ureteroscopy,est/swe/lat/ice/den/fin/nor
KBE003,Transluminal endoscopic catheterisation of ureter,ice/den/est
KBE005,Retrograde ureteroscopy with biopsy,est/swe/lat/ice/den/nor
KBE012,Retrograde endoscopy of cutaneous ureteroenterostomy,est/swe/lat/ice/den/fin/nor
KBE015,Retrograde endoscopy of cutaneous ureteroenterostomy with biopsy,est/swe/lat/ice/den/nor
KBFB00,Urodynamic investigation of ureter,est/lat/ice/fin/nor
KBIA00,Ureters isotope imaging,swe/ice
KBSA00,Exploration of ureter,est/swe/lat/ice/den/fin/nor
KBSA01,Percutaneous nephroureteroscopy,est/swe/lat/ice/den/fin/nor
KBSA10,Exploratory ureterotomy,est/lat/ice/den/fin/nor
KBSA11,Percutaneous endoscopic exploratory ureterotomy,est/lat/ice/den/fin/nor/swe
KBSA96,Other exploration of ureter,est/lat/ice/den/fin/nor
KBSA97,Other percutaneous endoscopy or endoscopic incision of ureter,est/lat/ice/den/fin/nor
KBSB00,Biopsy of ureter,est/swe/lat/ice/den/fin/nor
KBSB01,Percutaneous endoscopic biopsy of ureter,est/lat/ice/den/fin/nor/swe
KBSC00,Ureterectomy,est/swe/lat/ice/den/fin/nor
KBSC01,Percutaneous endoscopic ureterectomy,est/lat/ice/den/fin/nor/swe
KBSD00,Partial excision of ureter,est/swe/lat/ice/den/fin/nor
KBSD01,Percutaneous endoscopic partial excision of ureter,est/lat/ice/den/fin/nor/swe
KBSD02,Transluminal endoscopic partial excision of ureter,den/est
KBSD20,Destruction of tumour of ureter,est/lat/ice/den/fin/nor
KBSD21,Percutaneous endoscopic destruction of tumour of ureter,est/lat/ice/den/fin/nor
KBSD22,Retrograde ureteroscopic destruction of tumour of ureter,est/swe/lat/ice/den/fin/nor
KBSD30,Excision of stump of ureter,est/lat/ice/den/fin/nor
KBSD31,Percutaneous endoscopic excision of stump of ureter,est/lat/ice/den/fin/nor
KBSD96,Other partial excision of ureter or destruction of tumour of ureter,est/lat/ice/den/fin/nor
KBSD97,Other percutaneous endoscopic partial excision of ureter or destruction of tumour of ureter,est/lat/ice/den/fin/nor
KBSD98,Other transluminal endoscopic partial excision of ureter or destruction of tumour of ureter,den
KBSE00,Ureterolithotomy,est/swe/lat/ice/den/fin/nor
KBSE01,Percutaneous endoscopic ureterolithotomy,est/swe/lat/ice/den/fin/nor
KBSE12,Transluminal endoscopic extraction of calculus of ureter,est/swe/lat/ice/den/fin/nor
KBSE22,Transluminal endoscopic dislodgement of impacted calculus from ureter,est/swe/lat/ice/den/fin/nor
KBSE96,Other operation for calculus of ureter,est/swe/lat/ice/den/fin/nor
KBSE97,Other percutaneous endoscopic operation for calculus of ureter,est/swe/lat/ice/den/fin/nor
KBSE98,Other transluminal endoscopic operation for calculus of ureter,est/swe/lat/ice/den/fin/nor
KBSF00,Removal of foreign body from ureter,est/swe/lat/ice/den/fin/nor
KBSF01,Percutaneous endoscopic removal of foreign body from ureter,est/swe/lat/ice/den/fin/nor
KBSF02,Transluminal removal of foreign body from ureter,est/swe/lat/ice/den/fin/nor
KBSH00,Suture of ureter,est/swe/lat/ice/den/fin/nor
KBSH01,Percutaneous endoscopic suture of ureter,est/lat/ice/den/fin/nor
KBSH06,Ureteroureterostomy,est/lat/ice/den/fin/nor
KBSH10,Connection of ureter to contralateral ureter,est/swe/lat/ice/den/fin/nor
KBSH20,Replantation of ureter,est/swe/lat/ice/den/fin/nor
KBSH21,Percutaneous endoscopic replantation of ureter,est/lat/ice/den/fin/nor/swe
KBSH30,Ileal replacement of ureter,est/swe/lat/ice/den/fin/nor
KBSH40,Plastic repair of ureter,est/swe/lat/ice/den/fin/nor
KBSH45,Endoureterotomy,est/swe/lat/ice/den/fin/nor
KBSH50,Ureterolysis,est/swe/lat/ice/den/fin/nor
KBSH51,Percutaneous endoscopic ureterolysis,est/lat/ice/den/fin/nor/swe
KBSH61,Percutaneous transluminal dilatation of ureter,den/est/swe
KBSH62,Transluminal dilatation of ureter,est/swe/lat/ice/den/fin/nor
KBSH96,Other repair or connection of ureter,est/swe/lat/ice/den/fin/nor
KBSH97,Other percutaneous endoscopic repair or connection of ureter,est/swe/lat/ice/den/fin/nor
KBSH98,Other transluminal endoscopic repair of ureter,est/swe/lat/ice/den/fin/nor
KBSJ00,Cutaneous ureterostomy,est/swe/lat/ice/den/fin/nor
KBSJ01,Percutaneous endoscopic cutaneous ureterostomy,est/lat/ice/den/fin/nor/swe
KBSJ10,Cutaneous ureteroenterostomy,est/swe/lat/ice/den/fin/nor
KBSJ20,Cutaneous ureteroenterostomy with reservoir,est/swe/lat/ice/den/fin/nor
KBSJ40,Ureteroenterostomy,est/swe/lat/ice/den/fin/nor
KBSJ60,Anastomosis of ureter to urethra with interposition of ileum,est/swe/lat/ice/den/fin/nor
KBSJ70,Removal of calculus from ileal conduit or reservoir,est/swe/lat/ice/den/fin/nor
KBSJ72,Transluminal endoscopic removal of calculus from ileal conduit or reservoir,est/swe/lat/ice/den/fin/nor
KBSJ80,Operation for malfunction of urinary diversion,est/swe/lat/ice/den/fin/nor
KBSJ96,Other urinary diversion from ureter or related operation,est/swe/lat/ice/den/fin/nor
KBSJ97,Other percutaneous endoscopic urinary diversion from ureter or related operation,est/swe/lat/ice/den/fin/nor
KBSJ98,Other transluminal endoscopic procedure relating to urinary diversion from ureter,est/swe/lat/ice/den/fin/nor
KBST00,Extracorporeal shock wave lithotripsy of ureter,est/swe/lat/ice/den/fin/nor
KBSV00,Insertion of stent into ureter,est/swe/lat/ice/den/fin/nor
KBSV01,Nephroscopic insertion of stent into ureter,est/swe/lat/ice/den/fin/nor
KBSV02,Transluminal insertion of stent into ureter,est/swe/lat/ice/den/fin/nor
KBSV04,Laparoscopic insertion of stent into ureter,est/ice/fin
KBSV05,Cystoscopic repositioning of stent in ureter,est/swe/lat/ice/den/nor
KBSV10,Removal of stent from ureter,est/swe/lat/ice/den/fin/nor
KBSV11,Nephroscopic removal of stent from ureter,est/swe/lat/ice/den/fin/nor
KBSV12,Transluminal endoscopic removal of stent from ureter,est/swe/lat/ice/den/fin/nor
KBSV14,Percutaneous endoscopic change of stent in ureter,swe
KBSV15,Cystoscopic change of stent in ureter,est/swe/lat/ice/fin/nor
KBSV22,Cystoscopic dilatation of ureteric orifice,est/swe/lat/ice/den/fin/nor
KBSV32,Cystoscopic incision of ureteric orifice,est/swe/lat/ice/den/fin/nor
KBSV40,Incision or excision of ureterocele,est/lat/ice/den/fin/nor
KBSV42,Cystoscopic incision or excision of ureterocele,est/swe/lat/ice/den/fin/nor
KBSV52,Cystoscopic injection therapy for vesicoureteral reflux,est/swe/lat/ice/den/fin/nor
KBSW96,Other operation on ureter,est/swe/lat/ice/den/fin/nor
KBSW97,Other percutaneous endoscopic operation on ureter,est/swe/lat/ice/den/fin/nor
KBSW98,Other transluminal endoscopic operation on ureter,est/swe/lat/ice/den/fin/nor
KBXX00,Catheterisation of ureter,swe/ice/est
KBXX30,Checkup of ureteroenterostomy,swe/ice
KBXX40,Closure of ureterostomy,est/ice/den/fin
KBXX42,Care of uteterostomy,den
KCDB1G,Cystography with X-ray,swe/ice/den/fin/nor
KCDB1J,Miktiocystography with X-ray,swe/ice/den/fin/nor
KCDD00,Cystography with CT,fin
KCDE1A,Percutaneous ultrasound examination of urinary bladder,swe/lat/ice/den/fin/nor
KCDE1B,Rectal ultrasound examination of urinary bladder,ice/fin
KCDE1C,Urethral ultrasound examination of urinary bladder,lat/ice/fin/nor
KCDE1E,Ultrasound measurement of residual urine,swe/ice/fin/nor
KCE002,Cystoscopy,est/swe/lat/ice/den/fin/nor
KCE005,Cystoscopy with biopsy,est/swe/lat/ice/den/fin/nor
KCE012,Retrograde endoscopy of cutaneous cystoenterostomy,est/swe/lat/ice/den/fin/nor
KCE015,Retrograde endoscopy of cutaneous cystoenterostomy with biopsy,est/swe/lat/ice/den/nor
KCE022,Neocystoscopy,est/swe/lat/ice/fin/nor
KCE025,Neocystoscopy with biopsy,est/swe/lat/ice/nor
KCF000,Electromyography of urinary bladder,lat/ice/nor
KCFC00,Gas cystometry,est/lat/ice/fin/nor
KCFC03,Water cystometry,est/swe/lat/ice/fin/nor
KCIA10,Vesico-ureteral reflux isotope examination with urinary cathetrisation,swe/ice/fin/nor
KCIA12,Vesico-ureteral reflux isotope examination with intravenous marker,ice/fin/nor
KCIA20,Urine residual determination by isotope imaging,swe/ice
KCO001,Preoperative radiotherapy of urinary bladder and urethra,ice
KCO002,Radical radiotherapy of urinary bladder and urethra,ice
KCO003,Adjuvant radiotherapy of urinary bladder and urethra,ice
KCO004,Palliative radiotherapy of urinary bladder and urethra,ice
KCO029,Radiotherapy of local recidive of tumor of urinary bladder and urethra,ice
KCO049,Radiotherapy of methastasis in urinary bladder or urethra,ice
KCO090,Profylactive radiotherapy of urinary bladder and urethra,ice
KCO099,Other radiotherapy of urinary bladder and urethra,ice
KCSA00,Exploratory cystotomy,est/swe/lat/ice/den/fin
KCSA01,Percutaneous endoscopic exploratory cystotomy,est/lat/ice/den/fin/nor/swe
KCSB00,Biopsy of bladder,est/swe/lat/ice/den/fin/nor
KCSB01,Percutaneous endoscopic biopsy of bladder,est/lat/ice/den/fin/nor
KCSC00,Cystectomy,est/swe/lat/ice/den/fin/nor
KCSC10,Cystoprostatectomy,est/swe/lat/ice/den/fin/nor
KCSC20,Cystoprostatourethrectomy,est/swe/lat/ice/den/fin/nor
KCSC30,Cystectomy with excision of female internal genital organs,est/swe/lat/ice/den/fin/nor
KCSC96,Other cystectomy,est/swe/lat/ice/den/fin/nor
KCSC97,Other laparoscopic cystectomy,nor/swe
KCSD02,Transurethral resection of bladder,est/swe/lat/ice/den/fin/nor
KCSD10,Partial cystectomy,est/swe/lat/ice/den/fin
KCSD11,Percutaneous endoscopic partial cystectomy,est/lat/ice/den/fin/nor
KCSD20,Excision of diverticulum of bladder,est/swe/lat/ice/den/fin/nor
KCSD21,Percutaneous endoscopic excision of diverticulum of bladder,est/lat/ice/den/fin/nor/swe
KCSD30,Destruction of tumour of bladder,est/lat/ice/den/fin/nor
KCSD32,Cystoscopic destruction of tumour of bladder,est/lat/ice/den/fin/nor
KCSD40,Excision of urachus or other vesicocutaneous fistula,est/swe/lat/ice/den/fin/nor
KCSD96,Other partial excision or destruction of tumour of bladder,est/swe/lat/ice/den/fin/nor
KCSD97,Other percutaneous endoscopic partial excision of bladder or destruction of tumour of bladder,est/lat/ice/den/fin/nor
KCSD98,Other cystoscopic partial excision of bladder or destruction of tumour of bladder,est/swe/lat/ice/den/fin/nor
KCSE00,Cystolithotomy,est/swe/lat/ice/den/fin/nor
KCSE01,Percutaneous endoscopic extraction of calculus from bladder,est/lat/ice/den/fin/nor
KCSE02,Transluminal endoscopic extraction of calculus from bladder,est/swe/lat/ice/den/fin/nor
KCSF00,Cystotomy and removal of foreign body from bladder,est/swe/lat/ice/den/fin/nor
KCSF01,Percutaneous endoscopic removal of foreign body from bladder,est/lat/ice/den/fin/nor
KCSF02,Transluminal removal of foreign body from bladder,est/swe/lat/ice/den/fin/nor
KCSH00,Suture of bladder,est/swe/lat/ice/den/fin/nor
KCSH01,Percutaneous endoscopic suture of bladder,est/lat/ice/den/fin/nor/swe
KCSH02,Cystoscopic suture of bladder,est/lat/ice/den/fin/nor
KCSH10,Enterocystoplasty,est/swe/lat/ice/den/fin/nor
KCSH11,Percutaneous endoscopic enterocystoplasty,est/lat/ice/den/fin/nor
KCSH15,Reconstruction of bladder from intestine with detrusor muscle,est/ice/fin
KCSH20,Reduction cystoplasty,est/swe/lat/ice/den/fin/nor
KCSH21,Percutaneous endoscopic reduction cystoplasty,est/lat/ice/den/fin/nor
KCSH30,Closure of vesicointestinal fistula,est/swe/lat/ice/den/fin/nor
KCSH33,Closure of vesicouterine fistula,den/est
KCSH40,Incision or resection of bladder neck,est/lat/ice/den/fin/nor
KCSH42,Transurethral incision or resection of bladder neck,est/swe/lat/ice/den/fin/nor
KCSH50,Plastic operation of bladder neck,swe/ice/den/est
KCSH60,Closure of urinary bladder and plastic repair for bladder extrophy,est/swe/ice/den/fin
KCSH62,Closure of urinary bladder and plastic repair for cloaca extrophy,est/ice/fin
KCSH80,Occlusion of bladder neck,ice/den/est
KCSH96,Other reconstructive operation on bladder,est/swe/lat/ice/den/fin/nor
KCSH97,Other percutaneous endoscopic reconstructive operation on bladder,est/lat/ice/den/fin/nor/swe
KCSH98,Other transluminal endoscopic reconstructive operation on bladder,est/swe/lat/ice/den/fin/nor
KCSJ00,Cystostomy,est/swe/lat/ice/den/fin/nor
KCSJ10,Cutaneous cystoenterostomy,est/swe/lat/ice/den/fin/nor
KCSJ20,Continent cutaneous cystoenterostomy,est/swe/lat/ice/den/fin/nor
KCSJ28,Revision of cystoenterotomy,den/est/swe
KCSJ96,Other cystostomy,est/swe/lat/ice/den/fin/nor
KCSJ97,Other transcutaneous cystostomy,ice/den
KCST00,Extracorporeal shock wave lithotripsy of bladder,est/swe/lat/ice/den/fin/nor
KCSV02,Cystoscopic balloon distention of bladder,est/swe/lat/ice/den/fin/nor
KCSV04,Distension of bladder with fluid,est/ice/fin
KCSV10,Denervation of bladder,est/lat/ice/den/fin/nor
KCSV11,Percutaneous endoscopic denervation of bladder,est/lat/ice/den/fin/nor
KCSV12,Cystoscopic injection of bladder wall,est/den/fin
KCSV15,Cystoscopic implantation of electric stimulator to urinary bladder,den/est
KCSV20,Freeing of bladder,est/swe/lat/ice/den/fin/nor
KCSV21,Percutaneous endoscopic freeing of bladder,est/lat/ice/den/fin/nor
KCSV22,Transluminal endoscopic evacuation of blood clots from bladder,est/swe/lat/ice/den/fin/nor
KCSV31,Electric stimulation of bladder for urinary incontinense,
KCSV40,Operation for ectopic urinanary bladder,den/est
KCSW96,Other operations on bladder,est/swe/lat/ice/den/fin/nor
KCSW97,Other percutaneous endoscopic operation on bladder,est/swe/lat/ice/den/fin/nor
KCSW98,Other transluminal endoscopic operation on bladder,est/swe/lat/ice/den/fin/nor
KCXD40,Puncture of urachal cyst,swe
KCXW00,Lavation of bladder,est/swe/ice/den/fin/nor
KCXX00,Needle biopsy of bladder,est/lat/ice/den/fin/nor
KCXX02,Urinary bladder needle biopsy for cytology,est/ice/fin
KCXX10,Percutaneous puncture and catheterisation of bladder,est/swe/lat/ice/den/fin/nor
KCXX18,"Suprapubic bladder catheter check-up, exchange or removal",est/swe/ice/den/fin/nor
KCXX20,Catheterisation of bladder,est/swe/lat/ice/den/fin/nor
KCXX22,Rinsing of urinary catheter,swe/ice/den/est
KCXX28,Removal of bladder catheter,swe/ice/est
KCXX50,Training of urinary bladder,ice/den/fin/est
KCXX52,Electric stimulation of urinary bladder,est/swe/ice/den/fin/nor
KCXX56,Compression of urinary bladder,est/ice/den
KCXX59,Other physical therapy of urinary bladder,est/ice/den
KDDB1G,Uretrocystogpaphy with X-ray,ice/den/fin/nor
KDDE1A,Ultrasound examination of urethra,ice/fin/nor
KDE002,Urethroscopy,est/swe/lat/ice/den/fin/nor
KDE005,Urethroscopy with biopsy,est/swe/lat/ice/den/nor
KDFA00,Urinary continence test,swe/lat/ice
KDFD00,Uroflowmetry,est/swe/lat/ice/fin/nor
KDFD03,Urethral pressure profilometry,est/swe/lat/ice/fin/nor
KDFD06,Physiologic investigation of micturition,est/swe/lat/ice/fin/nor
KDFD08,Test of stress incontinens,lat/nor
KDFD10,Transurethral ultrasonography,est/swe/lat/ice/fin
KDSA00,Exploration of urethra,swe/ice/nor/est
KDSA02,Open biopsy of urethra,swe/ice/est
KDSC00,Urethrectomy,est/swe/lat/ice/den/fin/nor
KDSD00,Partial excision of urethra,est/swe/lat/ice/den/fin/nor
KDSD10,Excision of diverticulum of urethra,est/swe/lat/ice/den/fin/nor
KDSD30,Destruction of tumour of urethra,est/lat/ice/den/fin/nor
KDSD32,Urethroscopic destruction of tumour of urethra,est/swe/lat/ice/den/fin/nor
KDSD40,Resection of external sphincter of urethra,est/lat/ice/den/fin/nor
KDSD42,Urethroscopic resection of external sphincter of urethra,est/lat/ice/den/fin/nor
KDSD50,Excision of urethral valve,est/lat/ice/den/fin/nor
KDSD52,Urethroscopic excision of urethral valve,est/swe/lat/ice/den/fin/nor
KDSD80,Partial excision of urethra and repair using graft or flap,est/swe/lat/ice/den/fin/nor
KDSD96,Other partial excision of urethra,est/swe/lat/ice/den/fin/nor
KDSD98,Other transluminal endoscopic partial excision of urethra,est/swe/lat/ice/den/fin/nor
KDSE00,Urethrolithotomy,est/swe/lat/ice/den/fin/nor
KDSE12,Urethroscopic extraction of calculus of urethra,est/swe/lat/ice/den/fin/nor
KDSE20,Removal of foreign body from urethra,est/swe/lat/ice/den/fin/nor
KDSE22,Urethroscopic removal of foreign body from urethra,est/swe/lat/ice/den/fin/nor
KDSE96,Other removal of calculus or foreign body from urethra,est/swe/lat/ice/den/nor
KDSE98,Other transluminal removal of calculus or foreign body from urethra,est/swe/lat/ice/den/fin/nor
KDSG00,Retropubic suspension of urethra,est/lat/ice/den/fin/nor
KDSG01,Percutaneous endoscopic retropubic suspension of urethra,est/lat/ice/den/fin/nor
KDSG10,Abdominovaginal suspension of bladder neck,est/swe/lat/ice/den/fin/nor
KDSG20,Abdominal colposuspension,est/swe/lat/ice/den/fin/nor
KDSG21,Percutaneous endoscopic colposuspension,est/swe/lat/ice/den/fin/nor
KDSG30,Suprapubic sling urethrocystopexy,est/swe/lat/ice/den/fin/nor
KDSG31,Percutaneous endoscopic suprapubic sling urethrocystopexy,est/swe/lat/ice/den/fin/nor
KDSG40,Suprapubic urethrocystopexy,est/swe/lat/ice/den/nor
KDSG41,Percutaneous endoscopic suprapubic urethrocystopexy,est/swe/lat/ice/den/nor
KDSG43,Transobturatorial sling urethrocystopexy,est/swe/lat/ice/fin/nor
KDSG50,Transabdominal plastic repair of pelvic floor for urinary incontinence,est/swe/lat/ice/den/nor
KDSG60,Implantation of adjustable expander around bladder neck,est/swe/lat/ice/fin/nor
KDSG80,Cutting of sling cystopexy sling,est/fin
KDSG96,Other operation on urethra or bladder neck for incontinence,est/swe/lat/ice/den/fin/nor
KDSG97,Other percutaneous endoscopic operation on urethra or bladder neck for incontinence,est/swe/lat/ice/den/fin/nor
KDSH00,Suture of urethra,est/swe/lat/ice/den/fin/nor
KDSH03,Closure of urethra,ice/den/est
KDSH10,Meatoplasty of urethra,est/swe/lat/ice/den/fin/nor
KDSH14,Plastic repair of mucous prolaps of urethra,est/ice/fin
KDSH30,Closure of urethrocutaneous fistula,est/swe/lat/ice/den/fin/nor
KDSH50,Closure of urethrointestinal fistula,est/swe/lat/ice/den/fin/nor
KDSH62,Urethroscopic recanalisation of urethra,est/swe/lat/ice/den/fin/nor
KDSH70,Plastic repair of stricture of urethra,est/swe/lat/ice/den/fin/nor
KDSH96,Other reconstructive operation on urethra,est/swe/lat/ice/den/fin/nor
KDSH98,Other transluminal endoscopic reconstructive operation on urethra,est/swe/lat/ice/den/fin/nor
KDSJ00,Urethrostomy,est/swe/lat/ice/den/fin/nor
KDSJ10,Revision of urethrostomy,swe
KDSJ20,Closure of urethrostomy,swe
KDSK00,Implantation of artificial urinary sphincter around bladder neck,est/swe/lat/ice/den/fin/nor
KDSK01,Laparoscopic implantation of artificial sphincter around bladder neck,est/nor/swe
KDSK10,Implantation of artificial urinary sphincter around bulbar urethra,est/lat/ice/den/fin/nor
KDSK30,Revision of artificial urethral sphincter,est/swe/lat/ice/den/fin/nor
KDSK40,Removal of artificial urethral sphincter,est/swe/lat/ice/den/fin/nor
KDSV00,Insertion of stent into urethra,est/swe/lat/ice/den/fin/nor
KDSV10,Internal urethrotomy,est/lat/ice/den/fin/swe
KDSV12,Urethroscopic internal urethrotomy,est/swe/lat/ice/den/fin/nor
KDSV15,Urethroscopic internal sphincterotomy,est/swe/lat/ice/den/fin/nor
KDSV20,Submucous urethral injection,est/swe/lat/ice/den/fin/nor
KDSV22,Transluminal endoscopic submucous urethral injection,est/swe/lat/ice/den/fin/nor
KDSV25,Ureter endoscopic botulin therapy,est/fin
KDSV27,Transluminal insertion of periurethral balloon,den/est
KDSW96,Other operation on urethra,est/swe/lat/ice/den/fin/nor
KDSW98,Other transluminal endoscopic operation on urethra,est/swe/lat/ice/den/fin/nor
KDXX00,Dilatation of urethra,est/swe/lat/ice/den/fin/nor
KDXX10,Sampling by swab of cotton from urethra,lat/ice/nor
KDXX20,Periurethral punture,swe
KEDB4C,Seminal duct and vesiclses X-ray examination with contrast,ice
KEDE1A,Percutaneous utlrasound examination fo prostata,swe/lat/ice/den/fin/nor
KEDE1B,Rectal ultrasound examinaiton of prostata,ice/fin/nor
KEDG00,Prostate MRI,fin
KEDK1A,Spectroscopy  of prostate,
KEO001,Preoperative radiotherapy of prostata and seminal vesicles,ice
KEO002,Radical radiotherapy of prostata and seminal vesicles,ice
KEO003,Adjuvant radiotherapy of prostata and seminal vesicles,ice
KEO004,Palliative radiotherapy of prostata and seminal vesicles,ice
KEO029,Radiotherapy of local recidive of tumor of prostata and seminal vesicles,ice
KEO049,Radiotherapy of methastasis in prostata and seminal vesicles,ice
KEO090,Profylactive radiotherapy of prostata and seminal vesicles,ice
KEO099,Other radiotherapy of prostata and seminal vesicles,ice
KEOA00,Brachytherapy of prostate,est/ice/fin
KESA00,Exploration of prostate,est/swe/lat/ice/den/fin
KESA10,Prostatotomy,est/lat/ice/den/fin/nor
KESA20,Incision of seminal vesicle,est/lat/ice/den/fin/nor
KESB00,Biopsy of prostate,est/swe/lat/ice/den/fin/nor
KESC00,Retropubic radical prostatectomy,est/swe/lat/ice/den/fin/nor
KESC01,Percutaneous endoscopic radical prostatectomy,est/swe/lat/ice/den/fin/nor
KESC10,Perineal radical prostatectomy,est/swe/lat/ice/den/fin/nor
KESC20,Transsacral radical prostatectomy,est/swe/lat/ice/den/fin/nor
KESC30,Removal of seminal vesicle,est/swe/ice/fin
KESD00,Transvesical prostatectomy,est/swe/lat/ice/den/fin/nor
KESD01,Enucleation of prostate adenoma,swe
KESD10,Retropubic prostatectomy,est/ice/fin
KESD22,Transurethral resection of prostate,est/swe/lat/ice/den/fin/nor
KESD33,Transurethral incision of prostate,est/swe/lat/ice/den/fin/nor
KESD52,Laser resection of prostate with visual control,est/swe/lat/ice/den/fin/nor
KESD53,Transurethral laser resection of prostate with ultrasound guidance,ice/est
KESD62,Transurethral needle ablation of prostate,est/swe/lat/ice/den/fin/nor
KESD72,Transurethral microwave therapy of prostate,est/swe/lat/ice/den/fin/nor
KESD76,TUVP,est/swe/ice/den/fin
KESD80,Percutaneous cryotherapy of prostate,est/swe/lat/ice/den/fin/nor
KESD81,Other percutaneous destruction of prostate tumor,swe
KESD96,Other partial excision of prostate,est/swe/lat/ice/den/fin/nor
KESD97,Other percutaneous/percutaneous endoscopic resection or destruction of prostate,swe
KESD98,Other transurethral partial excision of prostate,est/swe/lat/ice/den/fin/nor
KESE00,Prostatalithotomy,est/lat/ice/den/fin/nor
KESE02,Urethroscopic prostatolithotomy,est/lat/ice/den/fin/nor
KESE04,Removal of stones in prostate or seminal vesicles,swe
KESE10,Removal of foreign body from prostate,est/lat/ice/den/fin/nor
KESE12,Urethroscopic removal of foreign body from prostate,est/lat/ice/den/fin/nor/swe
KESV00,Coagulation of prostate for spontaneous haemorrhage,est/lat/ice/den/fin/nor
KESV02,Urethroscopic coagulation of prostate for spontaneous haemorrhage,est/swe/lat/ice/den/fin/nor
KESV12,Transurethral resection of verumontanum,est/lat/ice/den/fin/nor
KESV15,Resektion of ejaculatory duct,swe
KESV22,Urethroscopic insertion of stent into prostatic urethra,est/swe/lat/ice/den/fin/nor
KESV32,Removal of stent from prostata,est/swe/ice
KESV41,Implantation of material in prostata,est/swe/ice/den
KESW96,Other operation on prostate or seminal vesicle,est/swe/lat/ice/den/fin/nor
KESW97,Other percutaneous endoscopic operation on prostate or seminal vesicles,ice/nor/swe
KESW98,Other transluminal endoscopic operation on prostate,est/swe/lat/ice/den/fin/nor
KEXA00,Heat coagulation of prostata,ice/fin/est
KEXA02,Prostate coagulation with ultrasound,fin
KEXA10,Prostate embolisation,fin/est
KEXX00,Prostate needle biopsy,est/swe/lat/ice/den/fin/nor
KEXX02,Prostate needle biopsy for cytology,est/swe/lat/ice/den/fin/nor
KEXX10,Puncture of prostate,est/lat/ice/den/fin/nor/swe
KEXX20,Implantation of marker to prostate,est/swe/fin
KEXX30,Puncture of seminal vesicle,swe
KFDE8A,Ultrasound examination of scrotum,est/swe/lat/ice/den/fin/nor
KFFA00,Transillumination of scrotum,ice
KFFB00,Analysis of sperm,swe
KFFB10,Genetical analysis of sperm,swe
KFFC00,Qualitative analysis of nocturnal erections,swe
KFIA00,Testis isotope imaging,swe/ice/fin/nor
KFO001,Preoperative radiotherapy of testicle and vas deferens,ice
KFO002,Radical radiotherapy of testicle and vas deferens,ice
KFO003,Adjuvant radiotherapy of testicle and vas deferens,ice
KFO004,Palliative radiotherapy of testicle and vas deferens,ice
KFO029,Radiotherapy of local recidive of tumor of testicle or vas deferens,ice
KFO049,Radiotherapy of methastasis in testicle or vas deferens,ice
KFO090,Profylactive radiotherapy of testicle and vas deferens,ice
KFO099,Other radiotherapy of testicle and vas deferens,ice
KFSA00,Exploration of testis,est/swe/lat/ice/den/fin
KFSA10,Exploratory incision of testis,est/lat/ice/den/fin
KFSA20,Exploratory incision of epididymis,est/lat/ice/den/fin
KFSA30,Incision of vas deferens,est/swe/lat/ice/den/fin/nor
KFSA40,Incision of scrotum,est/swe/lat/ice/den/fin/nor
KFSA50,Removal of foreign body from scrotum or scrotal organs,est/swe/lat/ice/den/fin/nor
KFSA96,Other exploration or incision of scrotum or organs,est/swe/lat/ice/den/fin/nor
KFSB00,Biopsy of testis,est/swe/lat/ice/den/fin/nor
KFSB10,Biopsy of epididymis,est/lat/ice/den/fin/nor
KFSB20,Biopsy of vas deferens,est/lat/ice/den/fin/nor
KFSB96,Other biopsy of scrotal organ,est/lat/ice/den/fin/nor/swe
KFSC00,Unilateral orchiectomy,est/swe/lat/ice/den/fin/nor
KFSC05,Subcapsular unilateral orchiectomy,ice/den/est
KFSC10,Bilateral orchiectomy,est/swe/lat/ice/den/fin/nor
KFSC15,Subcapsular bilateral orchiectomy,swe/ice/den/est
KFSC60,Epididymectomy,est/swe/lat/ice/den/fin/nor
KFSC80,Unilateral laparoscopic orchiectomy and epididymectomy,ice/den/est
KFSC82,Biilateral laparoscopic orchiectomy and epididymectomy,ice/den/est
KFSC96,Other total excision of testis or epididymis,est/swe/lat/ice/den/fin/nor
KFSD00,Partial excision of testis,est/swe/lat/ice/den/fin/nor
KFSD16,Partial excision of epididymis,est/swe/lat/ice/fin/nor
KFSD20,Excision of hydrocele of testis,est/swe/lat/ice/den/fin/nor
KFSD26,Excision of hydrocele of spermatic cord,est/lat/ice/den/fin/nor
KFSD30,Operation for spermatocele,est/ice/den/fin
KFSD43,Unilateral vasectomy or ligature of vas deferens,est/lat/ice/den/fin/nor
KFSD44,Unilateral ligature of vas deferens,ice/fin/est
KFSD46,Bilateral vasectomy or ligature of vas deferens,est/swe/lat/ice/den/fin/nor
KFSD47,Closure of both spermatic cords with ligature,est/ice/fin
KFSD50,"Resection, ligature or obstruction of internal spermatic vein",est/swe/lat/den/fin/nor
KFSD51,Percutaneous endoscopic resection or closure of spermatic vein,est/swe/lat/ice/den/fin/nor
KFSD56,Excision of varicocele,est/swe/lat/ice/den/fin/nor
KFSD60,Excision of scrotal fistula,est/swe/lat/ice/den/fin/nor
KFSD63,Partial excision of scrotum,est/swe/lat/ice/fin/nor
KFSD70,Excision of lesion of skin of scrotum,est/swe/lat/ice/fin/nor
KFSD73,Destruction of lesion of skin of scrotum,est/swe/lat/ice/fin/nor
KFSD96,Other excision or ligature of scrotal organs,est/swe/lat/ice/den/fin/nor
KFSH00,Operation for undescended or ectopic testis,est/swe/lat/ice/den/fin/nor
KFSH01,Laparoscopic operation for undescended or ectopic testis,ice/den/nor
KFSH10,Orchiopexy,est/swe/lat/ice/den/fin/nor
KFSH20,Detorsion of spermatic cord and fixation of testis,est/swe/lat/ice/den/fin/nor
KFSH30,Vasovasostomy,est/swe/lat/ice/den/fin/nor
KFSH40,Epididymovasostomy,est/swe/lat/ice/den/fin/nor
KFSH50,Insertion of prosthetic replacement for testis,est/swe/lat/ice/den/fin/nor
KFSH60,Removal of prosthetic replacement for testis,est/swe/lat/ice/den/nor
KFSH70,Suture of scrotum,est/swe/lat/ice/den/fin/nor
KFSH73,Reconstruction of scrotum,est/swe/lat/ice/den/fin/nor
KFSH96,Other reconstructive operation of scrotum and scrotal organs,est/swe/lat/ice/den/fin/nor
KFSW10,Autotransplantation of stored testis tissue,den
KFSW96,Other operation on scrotum or scrotal organs,est/swe/lat/ice/den/fin/nor
KFXA00,Manual external manipulation of testicle,swe
KFXC00,Collection and storage of sperm,swe/ice/den
KFXC10,Preparation of sperm for treatment,swe/est
KFXT8K,Sclerotherapy of scrotum,est/ice/den/fin
KFXX00,Testis needle biopsy,est/swe/lat/ice/den/fin/nor
KFXX02,Testis needle biopsy for cytology,est/swe/lat/ice/den/fin/nor
KFXX04,Appendix testis needle biopsy,est/ice/fin
KFXX06,Appendix testis needle biopsy for cytology,est/ice/fin
KFXX10,Puncture of testis,est/lat/ice/den/fin/nor
KFXX12,Appendix testis puncture,est/ice/fin
KFXX20,Epididymis needle biopsy,est/lat/ice/den/fin/nor
KFXX25,Epididymis needle biopsy for cytology,est/lat/ice/den/fin/nor
KFXX30,Epididymis puncture,est/swe/lat/ice/den/fin/nor
KFXX60,Scrotum puncture,est/swe/lat/ice/den/fin/nor
KGDE1A,Penis ultrasound examination,swe/ice/den/fin/nor
KGF000,Penile vascular flow measurements,est/swe/lat/ice/fin/nor
KGF002,Cavernosometry,lat/ice/nor/est
KGF010,Electromyography of corpus cavernosum,lat/ice/nor
KGF990,Other examination of erection physiology,lat/ice/nor
KGF999,Other impotence examination,ice
KGIA10,Erection examination with isotope imaging,swe/ice
KGO001,Preoperative radiotherapy of penis,ice
KGO002,Radical radiotherapy of penis,ice
KGO003,Adjuvant radiotherapy of penis,ice
KGO004,Palliative radiotherapy of penis,ice
KGO029,Radiotherapy of local recidive of tuor of penis,ice
KGO049,Radiotherapy of methastasis in penis,ice
KGO090,Profylactive radiotherapy of penis,ice
KGO099,Other radiotherapy of penis,ice
KGSA00,Incision of penis,est/swe/lat/ice/den/fin/nor
KGSA10,Incision of prepuce,est/lat/ice/den/fin/nor
KGSA96,Other exploration or incision of penis,est/lat/ice/den/fin/nor
KGSB00,Biopsy of penis,est/swe/lat/ice/den/fin/nor
KGSC00,Partial amputation of penis,est/swe/lat/ice/den/fin/nor
KGSC10,Total amputation of penis,est/swe/lat/ice/den/fin/nor
KGSD00,Partial excision of glans penis,est/swe/lat/ice/den/fin/nor
KGSD05,Partial excision of body of penis,est/lat/ice/den/fin/nor
KGSD10,Destruction of lesion of penis,est/swe/lat/ice/den/fin/nor
KGSD20,Destruction of lesion of skin of penis,est/swe/lat/ice/fin/nor
KGSD96,Other partial excision of penis,est/swe/lat/ice/den/fin/nor
KGSF00,Removal of foreign body from penis,est/swe/lat/ice/den/fin/nor
KGSH00,Suture of penis,est/swe/lat/ice/den/fin/nor
KGSH05,Suture of skin of penis,est/swe/lat/ice/fin/nor
KGSH10,Operation for phimosis,est/lat/ice/den/fin/nor/swe
KGSH16,Frenuloplasty on penis,swe
KGSH20,Correction of induration or curvature of penis,est/swe/lat/ice/den/fin/nor
KGSH30,Resection or ligature of penile vein,est/swe/lat/ice/den/fin/nor
KGSH33,Arterial revascularisation of penis,est/swe/lat/ice/den/fin/nor
KGSH40,Operation for priapism,est/swe/lat/ice/den/fin/nor
KGSH50,Excision of spongiocavernous fistula,est/lat/ice/den/fin/nor
KGSH60,Correction of hypospadia,est/swe/lat/ice/nor
KGSH61,Correction of distal hypospadia,est/ice/den/fin
KGSH62,Total correction of proximal hypospadia,est/ice/den/fin
KGSH64,Phase I of correction fo proximal hypospadia,est/ice/fin
KGSH65,Phase II of correction fo proximal hypospadia,est/ice/fin
KGSH69,Other correction of hypospadia,est/ice/fin
KGSH70,Correction of epispadia,est/swe/lat/ice/den/fin/nor
KGSH80,Plastic repair of skin of penis,est/swe/lat/ice/den/fin/nor
KGSH90,Reconstruction of penis in intersex operation,est/ice/den/fin/nor
KGSH96,Other reconstructive operation on penis,est/swe/lat/ice/den/fin/nor
KGSV00,Reduction of prepuce in paraphimosis,est/lat/ice/den/fin/nor
KGSV03,Dorsal slit of foreskin,swe/est
KGSV10,Freeing of adhesions of prepuce,est/swe/lat/ice/den/fin/nor
KGSV20,Ritual circumcision,est/swe/lat/ice/den/fin/nor
KGSV30,Implantation of prosthesis into penis,est/swe/lat/ice/den/fin/nor
KGSV40,Revision of penile prosthesis,est/swe/lat/ice/den/fin/nor
KGSV50,Removal of penile prosthesis,est/swe/lat/ice/den/fin/nor
KGSW96,Other operation on penis,est/swe/lat/ice/den/fin/nor
KGXA00,Puncture of penis,swe
KGXG00,Artificial induction of erection,est/swe/lat/ice/fin/nor
KGXG20,Induction of ejaculation,lat/est
KGXV00,Manipulative reposition of foreskin,swe
KHDA1A,Urinary tract X-ray examination without contrast,swe/ice/fin/nor
KHDA1L,Kinetic X-ray examination of urinary tract with pictures,ice/fin
KHDB1C,Urography with X-ray,swe/ice/den/fin/nor
KHDB1J,Acute urography with X-ray,ice
KHDB1X,Other X-ray examination of genito-urinary tract with contrast,swe/ice/fin/nor
KHDD1A,CT of urinary organs,swe/ice/den/fin
KHDE1A,Urinary tract ultrasound examination,ice/fin/nor
KHFX90,Male genitalia clinical examination,swe/ice
KHIA00,Urogenitalorgans isotope imaging,swe/ice
KHXT1Y,Percutaneous implantation of urinary tract endoprothesis with radiological guidance,est/ice/fin
KKDD00,Retroperitoneal CT examination,swe/ice/den
KKO001,Preoperative radiotherapy of retroperitoneal space,ice
KKO002,Radical radiotherapy of tumor of retroperitoneal space,ice
KKO003,Adjuvant radiotherapy of retroperitoneal space,ice
KKO004,Palliative radiotherapy of retroperitoneal space,ice
KKO029,Radiotherapy of local recidive of tumor of retroperitoneal space,ice
KKO049,Radiotherapy of methastasis in retroperitoneal space,ice
KKO090,Profylactive radiotherapy of retroperitoneal space,ice
KKO099,Other radiotherapy of retroperitoneal space,ice
KKSA00,Exploration of retroperitoneal space,est/swe/lat/ice/den/fin/nor
KKSA01,Percutaneous exploration of retroperitoneal space,est/swe/lat/ice/den/fin/nor
KKSA10,Biopsy of retroperitoneal tissue,est/swe/lat/ice/den/fin/nor
KKSA11,Percutaneous endoscopic biopsy of retroperitoneal space,est/lat/ice/den/fin/nor/swe
KKSA20,Incision of retroperitoneal space,est/lat/ice/den/fin/nor
KKSA21,Percutaneous endoscopic drainage of retroperitoneal space,est/lat/ice/den/fin/nor
KKSA31,Laparoscopic retroperitoneal liberation of vessels,swe/ice
KKSB10,Excision of retroperitoneal tumour,est/swe/lat/ice/den/fin/nor
KKSB11,Percutaneous endoscopic excision of retroperitoneal tumour,est/lat/ice/den/fin/nor/swe
KKSB20,Excision of retroperitoneal fistula,est/lat/ice/den/fin/nor
KKSB21,Percutaneous endoscopic excision of retroperitoneal fistula,est/lat/ice/den/fin/nor
KKSF00,Removal of retroperitoneal foreign body,est/swe/lat/ice/den/fin/nor
KKSF01,Percutaneous endoscopic removal of retroperitoneal foreign body,est/lat/ice/den/fin/nor/swe
KKSW96,Other operation on retroperitoneal space,est/swe/lat/ice/den/fin/nor
KKSW97,Other percutaneous endoscopic operation on retroperitoneal space,est/lat/ice/den/fin/nor/swe
KKXA00,Heat coagulation of other retroperitoneal structures,ice/fin
KKXX00,Needle biopsy of retroperitoneal lesion,swe/ice/est
KKXX02,Needle biopsy for cytology of retroperitoneal lesion,swe/ice/est
KKXX10,Puncture of retroperitoneum,swe/ice/est
KWSA00,Repair of wound dehiscence in urological surgery,est/swe/lat/ice/den/fin/nor
KWSB00,Reoperation for superficial infection in urological surgery,est/swe/lat/ice/den/nor
KWSC00,Reoperation for deep infection in urological surgery,est/swe/lat/ice/den/fin/nor
KWSC01,Percutaneous endoscopic reoperation for deep infection in urological surgery,est/swe/lat/ice/den/nor
KWSD00,Reoperation for superficial haemorrhage in urological surgery,est/swe/lat/ice/den/fin/nor
KWSE00,Reoperation for deep haemorrhage in urological surgery,est/swe/lat/ice/den/fin/nor
KWSE01,Percutaneous endoscopic reoperation for deep haemorrhage in urological surgery,est/swe/lat/ice/den/nor
KWSE02,Transluminal endoscopic reoperation for deep haemorrhage in urological surgery,est/swe/lat/ice/den/nor
KWSF00,Reoperation for insufficiency of anastomosis or suture in urological surgery,est/swe/lat/ice/den/fin/nor
KWSF01,Percutaneous endoscopic reoperation for insufficiency of anastomosis or suture in urological surgery,est/swe/lat/ice/den/nor
KWSW96,Other reoperation in urological surgery,est/swe/lat/ice/den/fin/nor
KWSW97,Other percutaneous endoscopic reoperation in urological surgery,est/swe/lat/ice/den/nor
KWSW98,Other transluminal endoscopic reoperation in urological surgery,est/swe/lat/ice/den/nor
KXDE1X,Other ultrasound examination of retroperitoneal space and genito-urinary tract,swe/ice/fin
KXFA00,Prolonged collection of urine,ice
KXFB00,Other infertility examination,ice
KXFX00,Pelvic floor electromyography,est/swe/lat/ice/fin/nor
KXFX99,Other physiological examination of urinary or male genital system,est/swe/lat/ice/fin
KXSK00,Intralesional excision of extensive tumour of retroperitoneal space without defined origin in chapter K two-character group,est/swe/lat/ice/fin/nor
KXSK03,Marginal excision of extensive tumour of retroperitoneal space without defined origin in chapter K two-character group,est/swe/lat/ice/fin/nor
KXSK06,Wide excision of extensive tumour of retroperitoneal space without defined origin in chapter K two-character group,est/swe/lat/ice/fin/nor
KXXA00,Botulin toxin treatment of pelvic floor,est/fin
KXXB00,Focused Ultrasound therapy of pelvic organs,nor
KXXX00,Training of urinary bladder,
KXXX10,Treatment of urinary incontinence with with mechanical tools,swe/ice/est
KXXX20,Treatment of urinary incontinence with vaginal or rectal stimulation,lat/est
KXXX80,Other care for urological problem,den
KXXX90,Urinary incontinence examination and therapy,swe
KXXX99,Other minor procedure in urology,est/swe/lat/ice/den/fin/nor
L01AA,Nitrogen mustard analogues,est/swe/lat/ice/den
L01AA01,Cyclophosphamide,fin/swe
L01AA02,Chlorambucil,fin/swe
L01AA03,Melphalan,fin/swe
L01AA05,Chlormethine,fin/swe
L01AA06,Ifosfamide,fin/swe
L01AA07,Trofosfamide,fin/swe
L01AA08,Prednimustine,fin/swe
L01AA09,Bendamustine,fin/swe
L01AA10,Melphalan flufenamide,fin/swe
L01AB,Alkyl sulfonates,est/swe/lat/ice/den
L01AB01,Busulfan,fin/swe
L01AB02,Treosulfan,fin/swe
L01AB03,Mannosulfan,fin/swe
L01AC,Ethylene imines,est/swe/lat/ice/den
L01AC01,Thiotepa,fin/nor/swe
L01AC02,Triaziquone,fin/swe
L01AC03,Carboquone,fin/swe
L01AD,Nitrosoureas,est/swe/lat/ice/den
L01AD01,Carmustine,fin/swe
L01AD02,Lomustine,fin/swe
L01AD03,Semustine,fin/swe
L01AD04,Streptozocin,fin/swe
L01AD05,Fotemustine,fin/swe
L01AD06,Nimustine,fin/swe
L01AD07,Ranimustine,fin/swe
L01AD08,Uramustine,fin/swe
L01AG,Epoxides,est/swe/lat/ice/den
L01AG01,Etoglucid,fin/swe
L01AX,Other alkylating agents,est/swe/lat/ice/den
L01AX01,Mitobronitol,fin/swe
L01AX02,Pipobroman,fin/swe
L01AX03,Temozolomide,fin/swe
L01AX04,Dacarbazine,fin/swe
L01BA,Folic acid analogues,est/swe/lat/ice/den
L01BA01,Methotrexate,fin/swe
L01BA03,Raltitrexed,fin/swe
L01BA04,Pemetrexed,fin/swe
L01BA05,Pralatrexate,fin/swe
L01BB,Purine analogues,est/swe/lat/ice/den
L01BB02,Mercaptopurine,fin/swe
L01BB03,Tioguanine,fin/swe
L01BB04,Cladribine,fin/swe
L01BB05,Fludarabine,fin/swe
L01BB06,Clofarabine,fin/swe
L01BB07,Nelarabine,fin/swe
L01BC,Pyrimidine analogues,est/swe/lat/ice/den
L01BC01,Cytarabine,fin/swe
L01BC02,Fluorouracil,fin/swe
L01BC03,Tegafur,fin/swe
L01BC04,Carmofur,fin/swe
L01BC05,Gemcitabine,fin/swe
L01BC06,Capecitabine,fin/swe
L01BC07,Azacitidine,fin/swe
L01BC08,Decitabine,fin/swe
L01BC09,Floxuridine,fin/swe
L01BC52,"Fluorouracil, combinations",fin/swe
L01BC53,"Tegafur, combinations",fin/swe
L01BC59,"Trifluridine, combinations",fin/swe
L01CA,Vinca alkaloids and analogues,est/swe/lat/ice/den
L01CA01,Vinblastine,fin/swe
L01CA02,Vincristine,fin/swe
L01CA03,Vindesine,fin/swe
L01CA04,Vinorelbine,fin/swe
L01CA05,Vinflunine,fin/swe
L01CA06,Vintafolide,fin/swe
L01CB,Podophyllotoxin derivatives,est/swe/lat/ice/den
L01CB01,Etoposide,fin/swe
L01CB02,Teniposide,fin/swe
L01CC,Colchicine derivatives,est/swe/lat/ice/den
L01CC01,Demecolcine,fin/swe
L01CD,Taxanes,est/swe/lat/ice/den
L01CD01,Paclitaxel,fin/swe
L01CD02,Docetaxel,fin/swe
L01CD03,Paclitaxel poliglumex,fin/swe
L01CD04,Cabazitaxel,fin/swe
L01CE01,Topotecan,fin/swe
L01CE02,Irinotecan,fin/swe
L01CE03,Etirinotecan pegol,fin/swe
L01CE04,Belotecan,fin/swe
L01CX,Other plant alkaloids and natural products,est/swe/lat/ice/den
L01CX01,Trabectedin,fin/nor/swe
L01DA,Actinomycines,est/swe/lat/ice/den
L01DA01,Dactinomycin,fin/swe
L01DB,Anthracyclines and related substances,est/swe/lat/ice/den
L01DB01,Doxorubicin,fin/swe
L01DB02,Daunorubicin,fin/swe
L01DB03,Epirubicin,fin/swe
L01DB04,Aclarubicin,fin/swe
L01DB05,Zorubicin,fin/swe
L01DB06,Idarubicin,fin/swe
L01DB07,Mitoxantrone,fin/swe
L01DB08,Pirarubicin,fin/swe
L01DB09,Valrubicin,fin/swe
L01DB10,Amrubicin,fin/swe
L01DB11,Pixantrone,fin/swe
L01DC,Other cytotoxic antibiotics,est/swe/lat/ice/den
L01DC01,Bleomycin,fin/swe
L01DC02,Plicamycin,fin/swe
L01DC03,Mitomycin,fin/swe
L01DC04,Ixabepilone,fin/swe
L01EA01,Imatinib,fin/swe
L01EA02,Dasatinib,fin/swe
L01EA03,Nilotinib,fin/swe
L01EA04,Bosutinib,fin/swe
L01EA05,Ponatinib,fin/swe
L01EA06,Asciminib,fin/swe
L01EB01,Gefitinib ,fin/swe
L01EB02,Erlotinib,fin/swe
L01EB03,Afatinib,fin/swe
L01EB04,Osimertinib,fin/swe
L01EB05,Rociletinib,fin/swe
L01EB06,Olmutinib,fin/swe
L01EB07,Dacomitinib,fin/swe
L01EB08,Icotinib,fin/swe
L01EC01,Vemurafenib,fin/swe
L01EC02,Dabrafenib,fin/swe
L01EC03,Enkorafenib,fin/swe
L01ED01,Crizotinib,fin/swe
L01ED02,Ceritinib,fin/swe
L01ED03,Alectinib,fin/swe
L01ED04,Brigatinib,fin/swe
L01ED05,Lorlatinib,fin/swe
L01EE01,Trametinib,fin/swe
L01EE02,Cobimetinib,fin/swe
L01EE03,Binimetinib,fin/swe
L01EE04,Selumetinib,fin/swe
L01EF01,Palbociclib ,fin/swe
L01EF02,Ribociclib ,fin/swe
L01EF03,Abemaciclib ,fin/swe
L01EG01,Temsirolimus,fin/swe
L01EG02,Everolimus,fin/swe
L01EG03,Ridaforolimus,fin/swe
L01EH01,Lapatinib,fin/swe
L01EH02,Neratinib,fin/swe
L01EH03,Tucatinib,fin/swe
L01EJ01,Ruxolitinib ,fin/swe
L01EJ02,Fedratinib ,fin/swe
L01EJ03,Pacritinib,fin/swe
L01EK01,Axitinib,fin/swe
L01EK02,Cediranib,fin/swe
L01EK03,Tivozanib,fin/swe
L01EL01,Ibrutinib,fin/swe
L01EL02,Acalabrutinib,fin/swe
L01EL03,Zanubrutinib ,fin/swe
L01EM01,Idelalisib,fin/swe
L01EM02,Copanlisib,fin/swe
L01EM03,Alpelisibi,fin/swe
L01EM04,Duvelisib,fin/swe
L01EN01,Erdafitinib,fin/swe
L01EN02,Pemigatinib,fin/swe
L01EN03,Infigratinib,fin/swe
L01EN04,Futibatinib,fin/swe
L01EX,Protein kinase inhibitors,fin
L01EX01,Sunitinib,fin/swe
L01EX02,Sorafenib,fin/swe
L01EX03,Pazopanib,fin/swe
L01EX04,Vandetanib,fin/swe
L01EX05,Regorafenib,fin/swe
L01EX06,Masitinib,fin/swe
L01EX07,Cabozantinib,fin/swe
L01EX08,Lenvatinib,fin/swe
L01EX09,Nintedanib,fin/swe
L01EX10,Midostaurin,fin/swe
L01EX11,Quizartinib,fin/swe
L01EX12,Larotrectinib,fin/swe
L01EX13,Gilteritinib,fin/swe
L01EX14,Entrectinib,fin/swe
L01EX15,Pexidartinib,fin/swe
L01EX16,Erdafitinib,fin/swe
L01EX17,Capmatinib,fin/swe
L01EX18,Avapritinib,fin/swe
L01EX19,Ripretinib,fin/swe
L01EX20,Pemigatinib,fin/swe
L01EX21,Tepotinib,fin/swe
L01EX22,Selpercatinib,fin/swe
L01EX23,Pralsetinib,fin/swe
L01EX90,Toceranib,swe
L01FA01,Rituximab,fin/swe
L01FA02,Ofatumumab,fin/swe
L01FA03,Obinutuzumab,fin/swe
L01FB01,Inotuzumab ozogamicin,fin/swe
L01FB02,Moxetumomab pasudotox,fin/swe
L01FC01,Daratumumab,fin/swe
L01FC02,Isatuximab,fin/swe
L01FD01,Trastuzumab,fin/swe
L01FD02,Pertuzumab,fin/swe
L01FD03,Trastuzumab emtansine,fin/swe
L01FD04,Trastuzumab deruxtecan,fin/swe
L01FD05,Trastuzumab duocarmazine,fin/swe
L01FE01,Cetuximab,fin/swe
L01FE02,Panitumumab,fin/swe
L01FE03,Necitumumab,fin/swe
L01FF01,Nivolumab,fin/swe
L01FF02,Pembrolizumab,fin/swe
L01FF03,Durvalumab,fin/swe
L01FF04,Avelumab,fin/swe
L01FF05,Atezolizumab,fin/swe
L01FF06,Cemiplimab,fin/swe
L01FF07,Dostarlimab,fin/swe
L01FF08,Prolgolimab,swe
L01FF09,Tislelizumab,fin/swe
L01FF10,Retifanlimab,fin/swe
L01FG01,Bevacizumab,fin/swe
L01FG02,Ramucirumab,fin/swe
L01FX01,Edrecolomab,fin/swe
L01FX02,Gemtuzumab ozogamicin,fin/swe
L01FX03,Catumaxomab,fin/swe
L01FX04,Ipilimumab,fin/swe
L01FX05,Brentuximab vedotin,fin/swe
L01FX06,Dinutuximab beta,fin/swe
L01FX07,Blinatumomab,fin/swe
L01FX08,Elotuzumab,fin/swe
L01FX09,Mogamulizumab,fin/swe
L01FX10,Olaratumab,fin/swe
L01FX11,Bermekimab,fin/swe
L01FX12,Tafasitamab,fin/swe
L01FX13,Enfortumab vedotin,fin/swe
L01FX14,Polatuzumab vedotin,fin/swe
L01FX15,Belantamab mafodotin,fin/swe
L01FX16,Oportuzumab monatox,fin/swe
L01FX17,Sacituzumab govitecan,fin/swe
L01FX18,Amivantamab,fin/swe
L01XA,Platinum compounds,est/swe/lat/ice/den
L01XA01,Cisplatin,fin/swe
L01XA02,Carboplatin,fin/swe
L01XA03,Oxaliplatin,fin/swe
L01XA04,Satraplatin,fin/swe
L01XA05,Polyplatillen,fin/swe
L01XB,Methylhydrazines,est/swe/lat/ice/den
L01XB01,Procarbazine,fin/swe
L01XC,Monoclonal antibodies,est/swe/lat/ice/den
L01XC01,Edrecolomab,fin/swe
L01XC02,Rituximab,fin/nor/swe
L01XC03,Trastuzumab,fin/nor/swe
L01XC05,Gemtuzumab ozogamicin,fin/swe
L01XC06,Cetuximab,fin/swe
L01XC07,Bevacizumab,fin/nor/swe
L01XC08,Panitumumab,fin/swe
L01XC09,Catumaxomab,fin/swe
L01XC10,Ofatumumab,fin/swe
L01XC11,Ipilimumab,fin/swe
L01XC12,Brentuximab vedotin,fin/nor/swe
L01XC13,Pertuzumab,fin/nor/swe
L01XC14,Trastuzumab emtansine,fin/swe
L01XC15,Obinutuzumab,fin/nor/swe
L01XC16,Dinutuximab beta,fin/swe
L01XC17,Nivolumab,fin/nor/swe
L01XC18,Pembrolizumab,fin/nor/swe
L01XC19,Blinatumomab,fin/swe
L01XC21,Ramucirumab,fin/swe
L01XC22,Necitumumab,fin/swe
L01XC23,Elotuzumab,fin/swe
L01XC24,Daratumumab,fin/swe
L01XC25,Mogamulizumab,fin/swe
L01XC26,Inotuzumab ozogamicin,fin/swe
L01XC27,Olaratumab,fin/swe
L01XC28,Durvalumab,fin/swe
L01XC29,Bermekimab,fin/swe
L01XC31,Avelumab,fin/swe
L01XC32,Atezolizumab,fin/swe
L01XC33,Cemiplimab,fin/swe
L01XC34,Moxetumomab pasudotox,fin/swe
L01XC35,Tafasitamab,fin/swe
L01XC36,Enfortumab vedotin,fin/swe
L01XC37,Polatuzumab vedotin ,fin/swe
L01XC38,Isatuximab,fin/swe
L01XC39,Belantamab mafodotin,fin/swe
L01XC40,Dostarlimab,fin/swe
L01XC41,Trastuzumab deruxtecan,swe
L01XD,Agents used in photodynamic therapy,est/swe/lat/ice/den
L01XD01,Porfimer sodium,fin/swe
L01XD03,Methyl aminolevulinate,fin/swe
L01XD04,Aminolevulinic acid,fin/swe
L01XD05,Temoporfin,fin/swe
L01XD06,Efaproxiral,fin/swe
L01XD07,Padeliporfin,fin/swe
L01XE01,Imatinib,fin
L01XE02,Gefitinib,fin
L01XE03,Erlotinib,fin
L01XE04,Sunitinib,fin
L01XE05,Sorafenib,fin
L01XE06,Dasatinib,fin
L01XE07,Lapatinib,fin
L01XE08,Nilotinib,fin
L01XE09,Temsirolimus,fin
L01XE10,Everolimus,fin
L01XE11,Pazopanib,fin
L01XE12,Vandetanib,fin
L01XE13,Afatinib,fin
L01XE14,Bosutinib,fin
L01XE15,Vemurafenib,fin/nor
L01XE16,Crizotinib,fin
L01XE17,Axitinib,fin
L01XE18,Ruxolitinib,fin
L01XE19,Ridaforolimus,fin
L01XE21,Regorafenib,fin
L01XE22,Masitinib,fin
L01XE23,Dabrafenib,fin/nor
L01XE24,Ponatinib,fin
L01XE25,Trametinib,fin/nor
L01XE26,Cabozantinib,fin
L01XE27,Ibrutinib,fin/nor
L01XE28,Ceritinib,fin
L01XE29,Lenvatinib,fin
L01XE31,Nintedanib,fin
L01XE32,Cediranib,fin
L01XE33,Palbociclib,fin
L01XE34,Tivozanib,fin
L01XE35,Osimertinib,fin
L01XE36,Alectinib,fin
L01XE37,Rociletinib,fin
L01XE38,Cobimetinib,fin
L01XE39,Midostaurin,fin
L01XE40,Olmutinib,fin
L01XE41,Binimetinib,fin
L01XE42,Ribociclib,fin
L01XE43,Brigatinib,fin
L01XE44,Lorlatinib,fin
L01XE45,Neratinib,fin
L01XE46,Encorafenib,fin
L01XE47,Dacomitinib,fin
L01XE48,Icotinib,fin
L01XE50,Abemaciclib,fin
L01XE51,Acalabrutinib,fin
L01XE52,Quizartinib,fin
L01XE53,Larotrectinib,fin
L01XE54,Gilteritinib,fin
L01XE56,Entrectinib,fin
L01XE57,Fedratinib,fin
L01XF01,Tretinoin,fin/swe
L01XF02,Alitretinoin,fin/swe
L01XF03,Bexarotene ,fin/swe
L01XG01,Bortezomib ,fin/swe
L01XG02,Carfilzomib ,fin/swe
L01XG03,Ixazomib ,fin/swe
L01XH01,Vorinostat,fin/swe
L01XH02,Romidepsin,fin/swe
L01XH03,Panobinostat,fin/swe
L01XH04,Belinostat,fin/swe
L01XH05,Entinostat,fin/swe
L01XJ01,Vismodegib,fin/swe
L01XJ02,Sonidegib,fin/swe
L01XJ03,Glasdegib,fin/swe
L01XK01,Olaparib,fin/swe
L01XK02,Niraparib,fin/swe
L01XK03,Rucaparib,fin/swe
L01XK04,Talazoparib,fin/swe
L01XK05,Veliparib,fin/swe
L01XK06,Pamiparib,fin/swe
L01XX,Other antineoplastic agents,est/swe/lat/ice/den
L01XX01,Amsacrine,fin/swe
L01XX02,Asparaginase,fin/swe
L01XX03,Altretamine,fin/swe
L01XX05,Hydroxycarbamide,fin/swe
L01XX07,Lonidamine,fin/swe
L01XX08,Pentostatin,fin/swe
L01XX10,Masoprocol,fin/swe
L01XX11,Estramustine,fin/swe
L01XX14,Tretinoin,fin/swe
L01XX16,Mitoguazone,fin/swe
L01XX17,Topotecan,fin/swe
L01XX18,Tiazofurine,fin/swe
L01XX19,Irinotecan,fin/swe
L01XX22,Alitretinoin,fin/swe
L01XX23,Mitotane,fin/swe
L01XX24,Pegaspargase,fin/swe
L01XX25,Bexarotene,fin/swe
L01XX27,Arsenic trioxide,fin/swe
L01XX29,Denileukin diftitox,fin/swe
L01XX32,Bortezomib,fin/swe
L01XX33,Celecoxib,fin/swe
L01XX35,Anagrelide,fin/swe
L01XX36,Oblimersen,fin/swe
L01XX37,Sitimagene ceradenovec,fin/swe
L01XX38,Vorinostat,fin/swe
L01XX39,Romidepsin,fin/swe
L01XX40,Omacetaxine mepesuccinate,fin/swe
L01XX41,Eribulin,fin/swe
L01XX42,Panobinostat,fin/swe
L01XX43,Vismodegib,fin/swe
L01XX44,Aflibercept,fin/swe
L01XX45,Carfilzomib,fin/swe
L01XX46,Olaparib,fin/nor/swe
L01XX47,Idelalisib,fin/nor/swe
L01XX48,Sonidegib,fin/swe
L01XX49,Belinostat,fin/swe
L01XX50,Ixazomib,fin/swe
L01XX51,Talimogene laherparepvec,fin/swe
L01XX52,Venetoclax,fin/swe
L01XX53,Vosaroxin,fin/swe
L01XX54,Niraparib,fin/swe
L01XX55,Rucaparib,fin/swe
L01XX56,Etirinotecan pegol,fin/swe
L01XX57,Plitidepsin,fin/swe
L01XX58,Epacadostat,fin/swe
L01XX59,Enasidenib,fin/swe
L01XX60,Talazoparib,fin/swe
L01XX61,Copanlisib,fin/swe
L01XX62,Ivosidenib,fin/swe
L01XX63,Glasdegib,fin/swe
L01XX64,Entinostat,fin/swe
L01XX65,Alpelisib,swe
L01XX66,Selinexor,fin/swe
L01XX67,Tagraxofusp,fin/swe
L01XX68,Belotecan,fin/swe
L01XX69,Lurbinectedin,fin/swe
L01XX70,Axikabtagen-ciloleucel,fin/swe
L01XX71,Tisagenlecleucel,fin/swe
L01XX72,Tazemetostat,fin/swe
L01XX73,Sotorasib,fin/swe
L01XX74,Belzutifan,fin/swe
L01XX75,Tebentafusp,swe
L01XY,Combinations of antineoplastic agents,est/swe/lat/ice/den
L01XY01,Cytarabine and daunorubicin,fin/swe
L01XY02,Pertuzumab and trastuzumab,fin/swe
L01XY03,Nivolumab and relatlimab,swe
L02AA,Estrogens,est/swe/lat/ice/den
L02AA01,Diethylstilbestrol,fin/swe
L02AA02,Polyestradiol phosphate,fin/swe
L02AA03,Ethinylestradiol,fin/swe
L02AA04,Fosfestrol,fin/swe
L02AB,Progestogens,est/swe/lat/ice/den
L02AB01,Megestrol,fin/swe
L02AB02,Medroxyprogesterone,fin/swe
L02AB03,Gestonorone,fin/swe
L02AE,Gonadotropin releasing hormone analogues,est/swe/lat/ice/den
L02AE01,Buserelin,fin/swe
L02AE02,Leuprorelin,fin/swe
L02AE03,Goserelin,fin/swe
L02AE04,Triptorelin,fin/swe
L02AE05,Histrelin,fin/swe
L02AE51,Leuprorelin and bicalutamide,fin/swe
L02AX,Other hormones,est/swe/lat/ice/den
L02BA,Anti-estrogens,est/swe/lat/ice/den
L02BA01,Tamoxifen,fin/swe
L02BA02,Toremifene,fin/swe
L02BA03,Fulvestrant,fin/swe
L02BB,Anti-androgens,est/swe/lat/ice/den
L02BB01,Flutamide,fin/swe
L02BB02,Nilutamide,fin/swe
L02BB03,Bicalutamide,fin/swe
L02BB04,Enzalutamide,fin/nor/swe
L02BB05,Apalutamide,fin/swe
L02BB06,Darolutamide,fin/swe
L02BG,Enzyme inhibitors,est/swe/lat/ice/den
L02BG01,Aminoglutethimide,fin/swe
L02BG02,Formestane,fin/swe
L02BG03,Anastrozole,fin/swe
L02BG04,Letrozole,fin/swe
L02BG05,Vorozole,fin/swe
L02BG06,Exemestane,fin/swe
L02BX,Other hormone antagonists and related agents,est/swe/lat/ice/den
L02BX01,Abarelix,fin/swe
L02BX02,Degarelix,fin/nor/swe
L02BX03,Abiraterone,fin/nor/swe
L02BX04,Relugolix,fin/swe
L03AA,Colony stimulating factors,est/swe/lat/ice/den
L03AA02,Filgrastim,fin/nor/swe
L03AA03,Molgramostim,fin/swe
L03AA09,Sargramostim,fin/swe
L03AA10,Lenograstim,fin/swe
L03AA12,Ancestim,fin/swe
L03AA13,Pegfilgrastim,fin/swe
L03AA14,Lipegfilgrastim,fin/nor/swe
L03AA15,Balugrastim,fin/swe
L03AA16,Empegfilgrastim,fin/swe
L03AA17,Pegteograstim,fin/swe
L03AB,Interferons,est/swe/lat/ice/den
L03AB01,Interferon alfa natural,fin/swe
L03AB02,Interferon beta natural,fin/swe
L03AB03,Interferon gamma,fin/swe
L03AB04,Interferon alfa-2a,fin/swe
L03AB05,Interferon alfa-2b,fin/swe
L03AB06,Interferon alfa-n1,fin/swe
L03AB07,Interferon beta-1a,fin/nor/swe
L03AB08,Interferon beta-1b,fin/nor/swe
L03AB09,Interferon alfacon-1,fin/swe
L03AB10,Peginterferon alfa-2b,fin/swe
L03AB11,Peginterferon alfa-2a,fin/swe
L03AB12,Albinterferon alfa-2b,fin/swe
L03AB13,Peginterferon beta-1a,fin/nor/swe
L03AB14,Cepeginterferon alfa-2b,fin/swe
L03AB15,Ropeginterferon alfa-2b,fin/swe
L03AB16,Peginterferon alfacon-2,fin/swe
L03AB60,"Peginterferon alfa-2b, combinations",fin/swe
L03AB61,"Peginterferon alfa-2a, combinations",fin/swe
L03AC,Interleukins,est/swe/lat/ice/den
L03AC01,Aldesleukin,fin/swe
L03AC02,Oprelvekin,fin/swe
L03AX,Other cytokines and immunomodulators,est/swe/lat/ice/den
L03AX01,Lentinan,fin/swe
L03AX02,Roquinimex,fin/swe
L03AX03,BCG vaccine,fin/swe
L03AX04,Pegademase,fin/swe
L03AX05,Pidotimod,fin/swe
L03AX07,Poly I:C,fin/swe
L03AX08,Poly ICLC,fin/swe
L03AX09,Thymopentin,fin/swe
L03AX10,Immunocyanin,fin/swe
L03AX11,Tasonermin,fin/swe
L03AX12,Melanoma vaccine,fin/swe
L03AX13,Glatiramer acetate,fin/nor/swe
L03AX14,Histamine dihydrochloride,fin/swe
L03AX15,Mifamurtide,fin/swe
L03AX16,Plerixafor,fin/swe
L03AX17,Sipuleucel-T,fin/swe
L03AX18,Cridanimod,fin/swe
L03AX19,Dasiprotimut-T,fin/swe
L03AX21,Elapegademase,fin/swe
L04AA,Selective immunosuppressive agents,est/swe/lat/ice/den
L04AA02,Muromonab-CD3 ,fin/swe
L04AA03,Antilymphocyte immunoglobulin (horse),fin/swe
L04AA04,Antithymocyte immunoglobulin (rabbit),fin/swe
L04AA06,Mycophenolic acid,fin/swe
L04AA10,Sirolimus,fin/swe
L04AA13,Leflunomide,fin/swe
L04AA15,Alefacept,fin/swe
L04AA18,Everolimus,fin/swe
L04AA19,Gusperimus,fin/swe
L04AA21,Efalizumab,fin/swe
L04AA22,Abetimus,fin/swe
L04AA23,Natalizumab,fin/nor/swe
L04AA24,Abatacept,fin/nor/swe
L04AA25,Eculizumab,fin/swe
L04AA26,Belimumab,fin/nor/swe
L04AA27,Fingolimod,fin/nor/swe
L04AA28,Belatacept,fin/swe
L04AA29,Tofacitinib,fin/swe
L04AA31,Teriflunomide,fin/nor/swe
L04AA32,Apremilast,fin/swe
L04AA33,Vedolizumab,fin/nor/swe
L04AA34,Alemtuzumab,fin/swe/nor
L04AA35,Begelomab,fin/swe
L04AA36,Ocrelizumab,fin/swe
L04AA37,Baricitinib,fin/swe
L04AA38,Ozanimod,fin/swe
L04AA39,Emapalumab,fin/swe
L04AA40,Cladribine,fin/swe
L04AA41,Imlifidase,fin/swe
L04AA42,Siponimod,fin/swe
L04AA43,Ravulizumab,fin/swe
L04AA44,Upadacitinib,fin/swe
L04AA45,Filgotinib,fin/swe
L04AA46,Itacitinib,fin/swe
L04AA47,Inebilizumab,fin/swe
L04AA48,Belumosudil,fin/swe
L04AA49,Peficitinib,fin/swe
L04AA50,Ponesimod,fin/swe
L04AA51,Anifrolumab,fin/swe
L04AA52,Ofatumumab,swe
L04AA53,Teprotumumab,fin/swe
L04AA54,Pegcetacoplan,fin/swe
L04AA55,Sutimlimab,fin/swe
L04AA56,Deucravacitinib,fin/swe
L04AA58,Efgartigimod alfa,swe
L04AB01,Etanercept,fin/swe/nor
L04AB02,Infliximab,fin/nor/swe
L04AB03,Afelimomab,fin/swe
L04AB04,Adalimumab,fin/swe/nor
L04AB05,Certolizumab pegol,fin/nor/swe
L04AB06,Golimumab,fin/nor/swe
L04AB07,Opinercept,fin/swe
L04AC01,Daclizumab,fin/swe
L04AC02,Basiliximab,fin/swe
L04AC03,Anakinra,fin/nor/swe
L04AC04,Rilonacept,fin/swe
L04AC05,Ustekinumab,fin/nor/swe
L04AC07,Tocilizumab,fin/nor/swe
L04AC08,Canakinumab,fin/swe
L04AC09,Briakinumab,fin/swe
L04AC10,Secukinumab,fin/nor/swe
L04AC11,Siltuximab,fin/swe
L04AC12,Brodalumab,fin/swe
L04AC13,Ixekizumab,fin/swe
L04AC14,Sarilumab,fin/swe
L04AC15,Sirukumab,fin/swe
L04AC16,Guselkumab,fin/swe
L04AC17,Tildrakizumab,fin/swe
L04AC18,Risankizumab,fin/swe
L04AC19,Satralizumab,fin/swe
L04AC20,Netakimab,fin/swe
L04AC21,Bimekizumab,fin/swe
L04AC22,Spesolimab,fin/swe
L04AD01,Ciclosporin,fin/swe
L04AD02,Tacrolimus,fin/swe
L04AD03,Voclosporin,fin/swe
L04AX,Other immunosuppressive agents,est/swe/lat/ice/den
L04AX01,Azathioprine,fin/swe
L04AX02,Thalidomide,fin/swe
L04AX03,Methotrexate,fin/swe
L04AX04,Lenalidomide,fin/swe
L04AX05,Pirfenidone,fin/swe
L04AX06,Pomalidomide,fin/swe
L04AX07,Dimethyl fumarate,fin/nor/swe
L04AX08,Darvadstrocel,fin/swe
L04AX09,Diroximel fumarate,fin/swe
LADE2A,Ultrasound examination of ovarian cyst,ice/fin
LADE2H,Repeated measurement of ovarian cyst,ice/fin
LAO001,Preoperative radiotherapy of ovary and Fallobian tube,ice
LAO002,Radical radiotherapy of ovary and Fallobian tube,ice
LAO003,Adjuvant radiotherapy of ovary and Fallobian tube,ice
LAO004,Palliative radiotherapy of ovary and Fallobian tube,ice
LAO029,Radiotherapy of local recidive of tumor of ovary or Fallobian tube,ice
LAO049,Radiotherapy of methastasis in ovary or Fallobian tube,ice
LAO090,Profylactive radiotherapy of ovary and Fallobian tube,ice
LAO099,Other radiotherapy of ovary and Fallobian tube,ice
LASA00,Puncture of ovarian cyst,est/swe/lat/ice/den/fin
LASA01,Laparoscopic puncture of ovarian cyst,est/swe/lat/ice/den/fin/nor
LASA03,Percutaneous puncture of ovarian cyst,est/swe/lat/ice/den/fin/nor
LASA06,Transvaginal puncture of ovarian cyst,est/swe/lat/ice/den/fin/nor
LASA10,Percutaneous or transvaginal puncture and recovery of oocyte,est/swe/lat/ice/den/fin/nor
LASA11,Laparoscopic recovery of oocyte,est/swe/lat/ice/den/fin/nor
LASA20,Percutaneous or transvaginal injection into ovarian pregnancy,est/swe/lat/ice/den/fin/nor
LASA31,Ovarioscopy,est/swe/lat/ice/den/fin/nor
LASA96,Other puncture of ovary,est/swe/lat/ice/den/fin/nor
LASA97,Other laparoscopic puncture of ovary,est/swe/lat/ice/den/fin/nor
LASB00,Ovariotomy,est/swe/lat/ice/den/fin/nor
LASB01,Laparoscopic ovariotomy,est/swe/lat/ice/den/fin/nor
LASB10,Biopsy of ovary,est/swe/lat/ice/den/fin/nor
LASB11,Laparoscopic biopsy of ovary,est/swe/lat/ice/den/fin/nor
LASB21,Laparoscopic needle biopsy of ovary,est/swe/lat/ice/den/fin/nor
LASB96,Other incision or biopsy of ovary,est/swe/lat/ice/den/fin/nor
LASB97,Other laparoscopic incision or biopsy of ovary,est/swe/lat/ice/den/fin/nor
LASC00,Excision of ovarian cyst,est/swe/lat/ice/den/fin/nor
LASC01,Laparoscopic excision of ovarian cyst,est/swe/lat/ice/den/fin/nor
LASC10,Fenestration of ovarian cyst,est/swe/lat/ice/den/fin/nor
LASC11,Laparoscopic fenestration of ovarian cyst,est/swe/lat/ice/den/fin/nor
LASC20,Destruction of lesion of ovary,est/swe/lat/ice/den/fin/nor
LASC21,Laparoscopic destruction of lesion of ovary,est/swe/lat/ice/den/fin/nor
LASC30,Excision of paraovarian cyst,est/swe/lat/ice/den/fin/nor
LASC31,Laparoscopic excision of paraovarian cyst,est/swe/lat/ice/den/fin/nor
LASC96,Other excision or destruction of lesion of ovary,est/swe/lat/ice/den/fin/nor
LASC97,Other laparoscopic excision or destruction of lesion of ovary,est/swe/lat/ice/den/fin/nor
LASD00,Partial excision of ovary,est/swe/lat/ice/den/fin/nor
LASD01,Laparoscopic partial excision of ovary,est/swe/lat/ice/den/fin/nor
LASE10,Unilateral oophorectomy,est/swe/lat/ice/den/fin/nor
LASE11,Unilateral laparoscopic oophorectomy,est/swe/lat/ice/den/fin/nor
LASE20,Bilateral oophorectomy,est/swe/lat/ice/den/fin/nor
LASE21,Bilateral laparoscopic oophorectomy,est/swe/lat/ice/den/fin/nor
LASF00,Unilateral salpingo-oophorectomy,est/swe/lat/ice/den/fin/nor
LASF01,Laparoscopic unilateral salpingo-oophorectomy,est/swe/lat/ice/den/fin/nor
LASF10,Bilateral salpingo-oophorectomy,est/swe/lat/ice/den/fin/nor
LASF11,Laparoscopic bilateral salpingo-oophorectomy,est/swe/lat/ice/den/fin/nor
LASF20,Unilateral transvaginal salpingo-oophorectomy,est/swe/lat/ice/fin/nor
LASF30,Bilateral transvaginal salpingo-oophorectomy,est/swe/lat/ice/fin/nor
LASG00,Freeing of adhesions of ovary,est/swe/lat/ice/den/fin/nor
LASG01,Laparoscopic freeing of adhesions of ovary,est/swe/lat/ice/den/fin/nor
LASG10,Oophoropexy,est/swe/lat/ice/den/fin/nor
LASG11,Laparoscopic oophoropexy,est/swe/lat/ice/den/fin/nor
LASG20,Detorsion of ovary,est/swe/lat/ice/den/fin/nor
LASG21,Laparoscopic detorsion of ovary,est/swe/lat/ice/den/fin/nor
LASG96,Other reconstructive operation on ovary,est/swe/lat/ice/den/fin/nor
LASG97,Other laparoscopic reconstructive operation on ovary,est/swe/lat/ice/den/fin/nor
LASW96,Other operation on ovary,est/swe/lat/ice/den/fin/nor
LASW97,Other laparoscopic operation on ovary,est/swe/lat/ice/fin/nor
LAXA00,Ovarial heat therapy to induce ovulation,fin
LAXT1A,Puncture of ovary with ultrasound guidance,swe/ice
LAXX00,Needle biopsy of ovary,est/swe/lat/ice/den/fin/nor
LBDB1G,Hysterosalpingography with X-ray,swe/ice/den/nor
LBDB1L,Genitography with X-ray,swe/ice/fin
LBE002,Falloposcopy,est/swe/lat/ice/den/fin/nor
LBE005,Falloposcopy with biopsy,est/swe/lat/ice/den/nor
LBIB00,Fallopian tube passage isotope imaging,swe/ice
LBSA00,Percutaneous puncture of Fallopian tube,est/swe/lat/ice/den/fin/nor
LBSA01,Laparoscopic puncture of Fallopian tube,est/swe/lat/ice/den/fin/nor
LBSA03,Transvaginal puncture of Fallopian tube,est/swe/lat/ice/den/fin/nor
LBSA04,Transuretral endoscopic procedure on Fallopian tube,
LBSA07,Salpingoscopy,est/swe/lat/ice/den/fin/nor
LBSB00,Biopsy of Fallopian tube,est/swe/lat/ice/den/fin/nor
LBSB01,Laparoscopic biopsy of Fallopian tube,est/swe/lat/ice/den/fin/nor
LBSB04,Salpingoscopic biopsy of Fallopian tube,est/swe/lat/ice/den/fin/nor
LBSB11,Laparoscopic needle biopsy of Fallopian tube,est/swe/lat/ice/den/fin/nor
LBSB96,Other biopsy of Fallopian tube,est/swe/lat/ice/den/fin/nor
LBSC00,Percutaneous injection into tubal pregnancy,est/swe/lat/ice/den/fin/nor
LBSC03,Transvaginal injection into tubal pregnancy,est/swe/lat/ice/den/fin/nor
LBSC07,Laparoscopic injection into tubal pregnancy,est/swe/lat/ice/den/fin/nor
LBSC08,Falloposcopic injection into tubal pregnancy,est/swe/lat/ice/den/fin/nor
LBSC10,Removal of products of conception from Fallopian tube,est/swe/lat/ice/den/fin/nor
LBSC11,Laparoscopic removal of products of conception from Fallopian tube,est/swe/lat/ice/den/fin/nor
LBSC20,Salpingotomy and removal of products of conception,est/swe/lat/ice/den/fin/nor
LBSC21,Laparoscopic salpingotomy and removal of products of conception,est/swe/lat/ice/den/fin/nor
LBSC96,Other tube conserving operation for tubal pregnancy,est/swe/lat/ice/den/fin/nor
LBSC97,Other laparoscopic tube conserving operation for tubal pregnancy,est/swe/lat/ice/den/fin/nor
LBSC98,Other transluminal endoscopic tube conserving operation for tubal pregnancy,est/swe/lat/ice/den/fin/nor
LBSD00,Partial excision of Fallopian tube,est/swe/lat/ice/den/fin/nor
LBSD01,Laparoscopic partial excision of Fallopian tube,est/swe/lat/ice/den/fin/nor
LBSE00,Salpingectomy,est/swe/lat/ice/den/fin/nor
LBSE01,Laparoscopic salpingectomy,est/swe/lat/ice/den/fin/nor
LBSF00,Perfusion of Fallopian tube,est/swe/lat/ice/den/fin/nor
LBSF01,Laparoscopic perfusion of Fallopian tube,est/swe/lat/ice/den/fin/nor
LBSF03,Perfusion of Fallopian tube after reconstruction,est/swe/lat/ice/den/nor
LBSF11,Laparoscopy for assisted fertilisation,est/swe/lat/ice/den/fin/nor
LBSF12,Hysteroscopy for assisted fertilisation,est/swe/lat/ice/den/fin/nor
LBSF20,Transcervical catheter salpingoplasty,est/swe/lat/ice/den/fin/nor
LBSF30,Salpingolysis,est/swe/lat/ice/den/fin/nor
LBSF31,Laparoscopic salpingolysis,est/swe/lat/ice/den/fin/nor
LBSF40,Fimbrioplasty,est/swe/lat/ice/den/fin/nor
LBSF41,Laparoscopic fimbrioplasty,est/swe/lat/ice/den/fin/nor
LBSF50,Salpingostomy,est/swe/lat/ice/den/fin/nor
LBSF51,Laparoscopic salpingostomy,est/swe/lat/ice/den/fin/nor
LBSF60,Partial excision and anastomosis of Fallopian tube,est/swe/lat/ice/den/fin/nor
LBSF61,Laparoscopic partial excision and anastomosis of Fallopian tube,est/swe/lat/ice/den/fin/nor
LBSF70,Partial excision and reimplantation of Fallopian tube,est/swe/lat/ice/den/fin/nor
LBSF71,Laparoscopic partial excision and reimplantation of Fallopian tube,ice/fin/est
LBSF96,Other operation on Fallopian tube for infertility,est/swe/lat/ice/den/fin/nor
LBSF97,Other laparoscopic operation on Fallopian tube for infertility,est/swe/lat/ice/den/fin/nor
LBSF98,Other transluminal operation on Fallopian tube for infertility,swe/ice
LBSW96,Other operation on Fallopian tube,est/swe/lat/ice/den/fin/nor
LBSW97,Other laparoscopic operation on Fallopian tube,est/swe/lat/ice/den/fin/nor
LBSW98,Other transluminal endoscopic operation on Fallopian tube,est/swe/lat/ice/den/fin/nor
LBXX00,Needle biopsy of Fallopian tube,est/swe/lat/ice/den/fin/nor
LBXX10,Catheterisation of Fallopian tube,ice/den/fin/est
LBXX14,Persufflation of Fallopian tube,ice/est
LCDE2A,Ultrasound examination of uterus and parametria,swe/lat/ice/den/fin/nor
LCDE2H,Hystero-salpingography with ultrasound,ice/fin
LCDE3A,Localisation of intrauterine device or other single gynecological object with ultrasound,ice/fin
LCE002,Hysteroscopy,est/swe/lat/ice/den/fin/nor
LCE005,Hysteroscopy with biopsy,est/swe/lat/ice/den/nor
LCE012,Microhysteroscopy,est/swe/lat/ice/den/nor
LCE015,Microhysteroscopy with biopsy,est/swe/lat/ice/den/nor
LCFA00,Intrauterin pressure measurement,swe/ice
LCO001,Preoperative radiotherapy of uterus and uterine ligaments,ice
LCO002,Radical radiotherapy of uterus and uterine ligaments,ice
LCO003,Adjuvant radiotherapy of uterus and uterine ligaments,ice
LCO004,Palliative radiotherapy of uterus and uterine ligaments,ice
LCO029,Radiotherapy of local recidive of tumor of uterus or uterine ligaments,ice
LCO049,Radiotherapy of methastasis in uterus or uterine ligaments,ice
LCO090,Profylactive radiotherapy of uterus and uterine ligaments,ice
LCO099,Other radiotherapy of uterus and uterine ligaments,ice
LCSA00,Biopsy of uterus or uterine ligaments,est/swe/lat/ice/den/fin/nor
LCSA01,Laparoscopic biopsy of uterus or uterine ligaments,est/swe/lat/ice/den/fin/nor
LCSA06,Biopsy of endometrium,est/swe/lat/ice/den/fin/nor
LCSA10,Curettage of body of uterus,est/swe/lat/ice/den/fin/nor
LCSA13,Curettage of cervix and body of uterus,est/swe/lat/ice/den/fin/nor
LCSA16,Destruction of endometrium,est/swe/lat/ice/den/fin/nor
LCSA20,Removal of foreign body from uterus,est/swe/lat/ice/den/fin/nor
LCSA22,Hysteroscopic removal of foreign body,est/swe/lat/ice/den/fin/nor
LCSA96,Other intrauterine operation,est/swe/lat/ice/den/fin/nor
LCSA98,Other transluminal endoscopic operation on uterus,est/swe/lat/ice/den/fin/nor
LCSB00,Hysterotomy,est/swe/lat/ice/den/fin/nor
LCSB01,Laparoscopic hysterotomy,est/swe/lat/ice/den/fin/nor
LCSB10,Myomectomy,est/swe/lat/ice/den/fin/nor
LCSB11,Laparoscopic myomectomy,est/swe/lat/ice/den/fin/nor
LCSB14,Laparoscopic myolysis,est/swe/lat/ice/den/fin/nor
LCSB20,Transvaginal myomectomy,est/swe/lat/ice/den/fin/nor
LCSB25,Hysteroscopic excision of lesion,est/swe/lat/ice/den/fin/nor
LCSB28,Hysteroscopic excision of endometrium,est/swe/lat/ice/den/fin/nor
LCSB32,Hysteroscopic destruction of endometrium,est/swe/lat/ice/den/fin/nor
LCSB96,Other excision of lesion of uterus,est/swe/lat/ice/den/fin/nor
LCSB97,Other laparoscopic excision of lesion of uterus,est/swe/lat/ice/den/fin/nor
LCSB98,Other transluminal endoscopic excision of lesion of uterus,est/swe/lat/ice/den/fin/nor
LCSB99,Focused ultrasound therapy of uterus,nor
LCSC00,Partial excision of uterus,est/swe/lat/ice/den/fin/nor
LCSC01,Laparoscopic partial excision of uterus,est/swe/lat/ice/den/fin/nor
LCSC05,Hysteroscopic excision of uterine wall,est/swe/lat/ice/den/fin/nor
LCSC10,Supravaginal hysterectomy,est/swe/lat/ice/den/fin/nor
LCSC11,Laparoscopic subtotal hysterectomy,est/swe/lat/ice/den/fin/nor
LCSC20,Vaginal supravaginal hysterectomy,est/swe/lat/ice/den/fin/nor
LCSC96,Other partial excision of uterus,est/swe/lat/ice/den/fin/nor
LCSC97,Other laparoscopic partial excision of uterus,est/swe/lat/ice/den/fin/nor
LCSD00,Hysterectomy,est/swe/lat/ice/den/fin/nor
LCSD01,Total laparoscopic hysterectomy,est/swe/lat/ice/den/fin/nor
LCSD04,Laparoscopic hysterectomy,est/swe/lat/ice/den/fin/nor
LCSD10,Vaginal hysterectomy,est/swe/lat/ice/den/fin/nor
LCSD11,Laparoscopically assisted vaginal hysterectomy,est/swe/lat/ice/den/fin/nor
LCSD30,Radical hysterectomy,est/swe/lat/ice/den/fin/nor
LCSD31,Radical laparoscopic hysterectomy,est/swe/lat/ice/den/fin/nor
LCSD40,Radical vaginal hysterectomy,est/swe/lat/ice/den/fin/nor
LCSD96,Other hysterectomy,est/swe/lat/ice/den/fin/nor
LCSD97,Other laparoscopic hysterectomy,est/swe/lat/ice/den/fin/nor
LCSE00,Anterior exenteration of female pelvis,est/swe/lat/ice/den/fin/nor
LCSE10,Posterior exenteration of female pelvis,est/swe/lat/ice/den/fin/nor
LCSE20,Total exenteration of female pelvis,est/swe/lat/ice/den/fin/nor
LCSE96,Other exenteration of female pelvis,est/swe/lat/ice/den/fin/nor
LCSF00,Excision of lesion of parametrium,est/swe/lat/ice/den/fin/nor
LCSF01,Laparoscopic excision of lesion of parametrium,est/swe/lat/ice/den/fin/nor
LCSF10,Excision of female varicocele,est/swe/lat/ice/den/fin/nor
LCSF11,Laparoscopic excision of female varicocele,est/swe/lat/ice/den/fin/nor
LCSF20,Excision of lesion of fossa Douglas,est/ice/den
LCSF21,Laparoscopic excision of lesion of fossa Douglasi,est/ice/den
LCSF96,Other excision of lesion of parametrium,est/swe/lat/ice/den/fin/nor
LCSF97,Other laparoscopic excision of lesion of parametrium,est/swe/lat/ice/den/fin/nor
LCSG02,Hysteroscopic freeing of adhesions,est/swe/lat/ice/den/fin/nor
LCSG10,Suture of uterus,est/swe/lat/ice/den/fin/nor
LCSG11,Laparoscopic suture of uterus,est/swe/lat/ice/den/fin/nor
LCSG20,Hysteropexy,est/swe/lat/ice/den/fin/nor
LCSG21,Laparoscopic hysteropexy,est/swe/lat/ice/den/fin/nor
LCSG30,Resection or transcision of sacrouterine ligaments,est/swe/lat/ice/den/fin/nor
LCSG31,Laparoscopic resection or transcision of sacrouterine ligaments,est/swe/lat/ice/den/fin/nor
LCSG40,Reconstruction of uterus,est/swe/lat/ice/den/fin/nor
LCSG41,Laparoscopic reconstruction of uterus,est/swe/lat/ice/den/fin/nor
LCSG90,Hysteropexy net correction,fin/est
LCSG96,Other reconstructive operation on uterus,est/swe/lat/ice/den/fin/nor
LCSG97,Other laparoscopic reconstructive operation on uterus,est/swe/lat/ice/den/fin/nor
LCSG98,Other transluminal endoscopic reconstructive operation on uterus,est/swe/lat/ice/den/fin/nor
LCSW96,Other operation on uterus and uterine ligaments,est/swe/lat/ice/den/fin/nor
LCSW97,Other laparoscopic operation on uterus and uterine ligaments,est/swe/lat/ice/den/fin/nor
LCSW98,Other hysteroscopic operation on uterus,est/swe/lat/ice/den/fin/nor
LCXA00,Insemination,swe/lat/ice/den/fin/nor/est
LCXA10,Transfer of oocyte or embryo to uterus in assisted fertilisation,est/swe/lat/ice/den/fin/nor
LCXA11,Transmyometral transfer of embryo,fin/est
LCXA12,Insertion of stored embryo,swe/ice/den/fin/est
LCXA20,Storage of embryo,swe/lat/ice/nor/est
LCXA30,Intracytoplasmic Sperm Injection (ICSI),swe/lat/ice/den/fin/nor/est
LCXA40,Preimplantatory genetic testing of embryo,swe/ice
LCXA80,Medical ovulation induction,fin/est
LCXA99,Other procedures to assist fertilisation,ice/den
LCXB90,Needle biopsy of uterus,ice/den/nor/est
LCXC10,Coagulation of uterine lesion wiht ultrasound,fin
LCXH00,Vacuum aspiration of products of conception from uterus,est/swe/lat/ice/den/fin/nor
LCXH03,Evacuation of products of conception and curettage of uterus,est/swe/lat/ice/den/nor
LCXH10,Intra-amniotic introduction of abortifacient,est/swe/lat/ice/den/fin/nor
LCXH11,Extra-amniotic introduction of abortifacient,ice/est
LCXH12,Peroral introduction of abortifacient,swe/lat/ice/den/fin/nor/est
LCXH13,Vacuum aspiration from uterus after medically induced abortion,est/swe/lat/ice/den/fin/nor
LCXH15,Evacuation of products of conception after incomplete induced abortion,swe/fin/ice/est
LCXH20,Hysterotomy and evacuation of products of conception,est/swe/lat/ice/den/fin/nor
LCXH96,Other termination of pregnancy,est/swe/lat/ice/den/fin/nor
LCXX00,Insertion of intrauterine contraceptive device,est/swe/lat/ice/den/fin/nor
LCXX02,Simple extraction of IUD,swe/ice/den/fin/est
LDDE00,Ultrasound of cervix uteri,den
LDFD00,Cervical cytology collection,swe/fin/ice/den
LDSA00,Dilatation of cervix uteri,est/swe/lat/ice/den/fin/nor
LDSA10,Curettage of cervix uteri,est/swe/lat/ice/den/fin/nor
LDSA20,Biopsy of vaginal cervix,est/swe/lat/ice/den/fin/nor
LDSA96,Other biopsy of cervix uteri,est/swe/lat/ice/den/nor
LDSB00,Excision of lesion of cervix uteri,est/swe/lat/ice/den/fin/nor
LDSB10,Cryotherapy of cervix uteri,est/swe/lat/ice/den/fin/nor
LDSB20,Electrocoagulation or laser therapy of cervix uteri,est/swe/lat/ice/den/fin/nor
LDSC00,Conisation of cervix uteri using knife,est/swe/lat/ice/den/fin/nor
LDSC03,Conisation of cervix uteri using diathermy or laser,est/swe/lat/ice/den/fin/nor
LDSC10,Partial excision of cervix uteri,est/swe/lat/ice/den/fin/nor
LDSC20,Radical excision of cervix uteri,den/fin/est
LDSC96,Other excision of cervix uteri,est/swe/lat/ice/den/fin/nor
LDSD00,Suture of cervix uteri,est/swe/lat/ice/den/fin/nor
LDSD02,Endoscopic suture of cervix uteri,fin/est
LDSD10,Plastic repair of cervix uteri,est/swe/lat/ice/den/fin/nor
LDSD20,Removal of cerclage of cervix uteri,est/swe/lat/ice/den/fin/nor
LDSW96,Other operation on cervix uteri,est/swe/lat/ice/den/fin/nor
LDXA00,Vaginal removal of foreign body from cervix uteri,den/est
LDXX10,Insertion of vaginal pessar or ring,swe/ice/den/est
LDXX12,Exchange of vaginal pessar,ice/den/est
LDXX14,Measurement for vaginal pessar,ice/den
LEE002,Colposcopy,est/swe/lat/ice/den/fin/nor
LEE003,Colposcopy with biopsy,den/est
LEE010,Removal of foreign body from vagina in adult,ice/est
LEE012,Removal of foreign body from vagina in childhood,est/swe/lat/ice/den/fin/nor
LEFD00,Vaginal cytology collection,lat/nor
LEO001,Preoperative radiotherapy of vulva and vagina,ice
LEO002,Radical radiotherapy of vulva and vagina,ice
LEO003,Adjuvant radiotherapy of vulva and vagina,ice
LEO004,Palliative radiotherapy of vulva and vagina,ice
LEO029,Radiotherapy of local recidive of tumor of vulva and vagina,ice
LEO049,Radiotherapy of methastasis in vulva or vagina,ice
LEO090,Profylactive radiotherapy of vulva and vagina,ice
LEO099,Other radiotherapy of vulva and vagina,ice
LESA01,Culdoscopy,est/swe/lat/ice/den/fin/nor
LESA10,Colpotomy,est/swe/lat/ice/den/fin/nor
LESB00,Biopsy of vagina,est/swe/lat/ice/den/fin/nor
LESB10,Excision of lesion of vagina,est/swe/lat/ice/den/fin/nor
LESB11,Laparoscopic excision of lesion of vagina,est/den/fin
LESB20,Marsupialisation of vaginal cyst,est/swe/lat/ice/den/fin/nor
LESB30,Destruction of lesion of vaginal mucosa,est/swe/lat/ice/den/fin/nor
LESC00,Partial excision of vagina,est/swe/lat/ice/den/fin/nor
LESC10,Excision of vaginal septum,est/swe/lat/ice/den/fin/nor
LESD00,Colpectomy,est/swe/lat/ice/den/fin/nor
LESD02,Laparoscpic colpectomy,fin/est
LESE00,Suture of vagina,est/swe/lat/ice/den/fin/nor
LESE10,Repair of vagina using graft or flap,est/swe/lat/ice/den/fin/nor
LESE20,Closure of urovaginal fistula using graft or flap,est/swe/lat/ice/den/fin/nor
LESE21,Percutaneous closure of urovaginal fistula,den/est
LESE30,Closure of intestinovaginal fistula using graft or flap,est/swe/lat/ice/den/fin/nor
LESE40,Construction of vagina,est/swe/lat/ice/den/fin/nor
LESE92,Defibulation of (vaginal) labia,swe/est
LESE96,Other repair of vagina,est/swe/lat/ice/den/fin/nor
LESF00,Anterior colporrhaphy,est/swe/lat/ice/den/fin/nor
LESF03,Posterior colporrhaphy,est/swe/lat/ice/den/fin/nor
LESF10,Colpoperineoplasty,est/swe/lat/ice/den/fin/nor
LESF13,Colpoperineoplasty and vaginal hysterectomy,est/swe/lat/ice/den/fin/nor
LESF20,Partial colpocleisis,est/swe/lat/ice/den/fin/nor
LESF23,Complete colpocleisis,est/swe/lat/ice/den/fin/nor
LESF30,Interposition of uterus between bladder and vagina,ice/est
LESF40,Vaginal repair of enterocele,est/swe/lat/ice/den/fin/nor
LESF41,Laparoscopic repair of enterocele,est/swe/lat/ice/den/fin/nor
LESF43,Abdominal repair of enterocele,den/est
LESF50,Colpopexy after previous hysterectomy,est/swe/lat/ice/den/fin/nor
LESF51,Laparoscopic colpopexy after previous hysterectomy,est/swe/lat/ice/den/fin/nor
LESF53,Vaginal colpopexy after previous hysterectomy,est/swe/lat/ice/den/fin/nor
LESF60,Lateral colpopexy,den/est
LESF96,Other operation for prolapse of uterus or vaginal vault,est/swe/lat/ice/den/fin/nor
LESF97,Other laparoscopic operation for prolapse of uterus or vaginal vault,est/swe/lat/ice/den/fin/nor
LESG00,Vaginal urethrocystorrhaphy,est/swe/lat/ice/den/nor
LESG10,Vaginal urethrocystopexy,est/swe/lat/ice/fin/nor
LESG12,Trasobturatoric tape (TOT),est/fin
LESG13,Vaginal transobturatorial urethropexy,est/swe/lat/ice/den/fin/nor
LESG20,Plastic repair of female pelvic floor with levator division,est/swe/lat/ice/den/nor
LESG96,Other vaginal operation for incontinence,est/swe/lat/ice/den/fin/nor
LESW96,Other operation on vagina,est/swe/lat/ice/den/fin/nor
LESW97,Other laparoscopic operation on vagina,est/swe/lat/ice/den/fin/nor
LEXX00,Dilatation of vagina,est/swe/lat/ice/den/fin/nor
LEXX20,Transvaginal puncture of cul-de-sac,est/swe/lat/ice/den/fin/nor
LEXX30,Tamponation of vagina,ice/fin/est
LEXX40,Measurement for vaginal pessary,ice/den
LFSA00,Incision of vulva or perineum,est/swe/lat/ice/den/fin/nor
LFSA10,Incision of imperforate hymen or remnant of hymen,est/swe/lat/ice/den/fin/nor
LFSB00,Biopsy of vulva or perineum,est/swe/lat/ice/den/fin/nor
LFSB10,Excision of lesion of vulva or perineum,est/swe/lat/ice/den/fin/nor
LFSB20,Destruction of lesion of vulva or perineum,est/swe/lat/ice/den/fin/nor
LFSC00,Partial excision of vulva,est/swe/lat/ice/den/fin/nor
LFSC96,Other partial excision of vulva or perineum,est/swe/lat/ice/den/fin/nor
LFSD00,Vulvectomy,est/swe/lat/ice/den/fin/nor
LFSD10,Vulvectomy and excision of regional lymph nodes,est/swe/lat/ice/den/fin/nor
LFSE00,Suture of vulva,est/swe/lat/ice/den/fin/nor
LFSE10,Plastic repair of vulva,est/swe/lat/ice/den/fin/nor
LFSE12,Repair of vulva after ritual circumcision,est/ice/den/fin
LFSE20,Suture of perineum,est/swe/lat/ice/den/fin/nor
LFSE96,Other repair of vulva or perineum,est/swe/lat/ice/den/fin/nor
LFSF00,Marsupialisation of Bartholin gland,est/swe/lat/ice/den/fin/nor
LFSF10,Excision of Bartholin gland,est/swe/lat/ice/den/fin/nor
LFSF96,Other operation on Bartholin gland,est/swe/lat/ice/den/fin/nor
LFSW96,Other operation on vulva or perineum,est/swe/lat/ice/den/fin/nor
LGSA00,Sterilisation by ligature of Fallopian tubes,est/swe/lat/ice/den/fin/nor
LGSA10,Sterilisation by destruction or division of Fallopian tubes,est/swe/lat/ice/den/fin/nor
LGSA11,Laparoscopic sterilisation by destruction or division of Fallopian tubes,est/swe/lat/ice/den/fin/nor
LGSA20,Sterilisation by constriction of Fallopian tubes,est/swe/lat/ice/den/fin/nor
LGSA21,Laparoscopic sterilisation by constriction of Fallopian tubes,est/swe/lat/ice/den/fin/nor
LGSA22,Hysteroscopic sterilisation,est/swe/lat/ice/den/fin/nor
LGSA96,Other female sterilisation,est/swe/lat/ice/den/fin/nor
LGSA97,Other laparoscopic female sterilisation,est/swe/lat/ice/den/fin/nor
LGSA98,Other transluminal endoscopic sterilisation,est/swe/lat/ice/den/fin/nor
LWSA00,Repair of wound dehiscence in gynaecological surgery,est/swe/lat/ice/den/fin/nor
LWSB00,Reoperation for superficial infection in gynaecological surgery,est/swe/lat/ice/den/nor
LWSC00,Reoperation for deep infection in gynaecological surgery,est/swe/lat/ice/den/fin/nor
LWSC01,Percutaneous endoscopic reoperation for deep infection in gynaecological surgery,est/swe/lat/ice/den/nor
LWSD00,Reoperation for superficial haemorrhage in gynaecological surgery,est/swe/lat/ice/den/nor
LWSE00,Reoperation for deep haemorrhage in gynaecological surgery,est/swe/lat/ice/den/fin/nor
LWSE01,Percutaneous endoscopic reoperation for deep haemorrhage in gynaecological surgery,est/swe/lat/ice/den/fin/nor
LWSE02,Transluminal endoscopic reoperation for deep haemorrhage in gynaecological surgery,est/swe/lat/ice/den/nor
LWSF00,Reoperation for insufficiency of anastomosis or suture in gynaecological surgery,est/swe/lat/ice/den/fin/nor
LWSF01,Percutaneous endoscopic reoperation for insufficiency of anastomosis or suture in gynaecological surgery,est/swe/lat/ice/den/fin/nor
LWSW00,Reevacuation of uterus after provoked abortion,ice/den/est
LWSW96,Other reoperation in gynaecological surgery,est/swe/lat/ice/den/fin/nor
LWSW97,Other percutaneous endoscopic reoperation in gynaecological surgery,est/swe/lat/ice/den/fin/nor
LWSW98,Other transluminal endoscopic reoperation in gynaecological surgery,est/swe/lat/ice/den/nor
LXDE1A,Gynecological ultrasound examination as part of clinical examination,swe/ice/fin
LXDE1X,Other gynecological ultrasound examination,swe/ice/fin
LXFB00,Woman infertility examination,
LXFW99,Other diagnostic procedure on gynegologic organs,swe/ice
LXFX90,Gynecological examination,swe/ice
LXXA00,Heat coagulation of lesion in obstetric organs,ice/fin/est
LXXA02,Coagulation of obstetric organ lesion with ultrasound (excl. uterus),fin
LXXX90,Other care for gynegological problem,den
LXXX99,Other minor procedure in gynaecology,est/swe/lat/ice/den/fin/nor
M01AA,Butylpyrazolidines,est/swe/lat/ice/den
M01AA01,Phenylbutazone,fin/swe
M01AA02,Mofebutazone,fin/swe
M01AA03,Oxyphenbutazone,fin/swe
M01AA05,Clofezone,fin/swe
M01AA06,Kebuzone,fin/swe
M01AB,Acetic acid derivatives and related substances,est/swe/lat/ice/den
M01AB01,Indometacin,fin/swe
M01AB02,Sulindac,fin/swe
M01AB03,Tolmetin,fin/swe
M01AB04,Zomepirac,fin/swe
M01AB05,Diclofenac,fin/swe
M01AB06,Alclofenac,fin/swe
M01AB07,Bumadizone,fin/swe
M01AB08,Etodolac,fin/swe
M01AB09,Lonazolac,fin/swe
M01AB10,Fentiazac,fin/swe
M01AB11,Acemetacin,fin/swe
M01AB12,Difenpiramide,fin/swe
M01AB13,Oxametacin,fin/swe
M01AB14,Proglumetacin,fin/swe
M01AB15,Ketorolac,fin/swe
M01AB16,Aceclofenac,fin/swe
M01AB17,Bufexamac,fin/swe
M01AB51,"Indometacin, combinations",fin/swe
M01AB55,"Diclofenac, combinations",fin/swe
M01AC,Oxicams,est/swe/lat/ice/den
M01AC01,Piroxicam,fin/swe
M01AC02,Tenoxicam,fin/swe
M01AC04,Droxicam,fin/swe
M01AC05,Lornoxicam,fin/swe
M01AC06,Meloxicam,fin/swe
M01AC56,"Meloxicam, combinations",fin/swe
M01AE,Propionic acid derivatives,est/swe/lat/ice/den
M01AE01,Ibuprofen,fin/swe
M01AE02,Naproxen,fin/swe
M01AE03,Ketoprofen,fin/swe
M01AE04,Fenoprofen,fin/swe
M01AE05,Fenbufen,fin/swe
M01AE06,Benoxaprofen,fin/swe
M01AE07,Suprofen,fin/swe
M01AE08,Pirprofen,fin/swe
M01AE09,Flurbiprofen,fin/swe
M01AE10,Indoprofen,fin/swe
M01AE11,Tiaprofenic acid,fin/swe
M01AE12,Oxaprozin,fin/swe
M01AE13,Ibuproxam,fin/swe
M01AE14,Dexibuprofen,fin/swe
M01AE15,Flunoxaprofen,fin/swe
M01AE16,Alminoprofen,fin/swe
M01AE17,Dexketoprofen,fin/swe
M01AE18,Naproxcinod,fin/swe
M01AE51,"Ibuprofen, combinations",fin/swe
M01AE52,Naproxen and esomeprazole,fin/swe
M01AE53,"Ketoprofen, combinations",fin/swe
M01AE56,Naproxen and misoprostol,fin/swe
M01AG,Fenamates,est/swe/lat/ice/den
M01AG01,Mefenamic acid,fin/swe
M01AG02,Tolfenamic acid,fin/swe
M01AG03,Flufenamic acid,fin/swe
M01AG04,Meclofenamic acid,fin/swe
M01AH,Coxibs,est/swe/lat/ice/den
M01AH01,Celecoxib,fin/swe
M01AH02,Rofecoxib,fin/swe
M01AH03,Valdecoxib,fin/swe
M01AH04,Parecoxib,fin/swe
M01AH05,Etoricoxib,fin/swe
M01AH06,Lumiracoxib,fin/swe
M01AH07,Polmacoxib,fin/swe
M01AX,"Other antiinflammatory and antirheumatic agents, non-steroids",est/swe/lat/ice/den
M01AX01,Nabumetone,fin/swe
M01AX02,Niflumic acid,fin/swe
M01AX04,Azapropazone,fin/swe
M01AX05,Glucosamine,fin/swe
M01AX07,Benzydamine,fin/swe
M01AX12,Glucosaminoglycan polysulfate,fin/swe
M01AX13,Proquazone,fin/swe
M01AX14,Orgotein,fin/swe
M01AX17,Nimesulide,fin/swe
M01AX18,Feprazone,fin/swe
M01AX21,Diacerein,fin/swe
M01AX22,Morniflumate,fin/swe
M01AX23,Tenidap,fin/swe
M01AX24,Oxaceprol,fin/swe
M01AX25,Chondroitin sulfate,fin/swe
M01AX26,"Avocado and soyabean oil, unsaponifiables",fin/swe
M01AX68,"Feprazone, combinations",fin/swe
M01BA,Antiinflammatory/antirheumatic agents in combination with corticosteroids,est/swe/lat/ice/den
M01BA01,Phenylbutazone and corticosteroids,fin/swe
M01BA02,Dipyrocetyl and corticosteroids,fin/swe
M01BA03,Acetylsalicylic acid and corticosteroids,fin/swe
M01BX,Other antiinflammatory/antirheumatic agents in combination with other drugs,est/swe/lat/ice/den
M01CA,Quinolines,est/swe/lat/ice/den
M01CA03,Oxycinchophen,fin/swe
M01CB,Gold preparations,est/swe/lat/ice/den
M01CB01,Sodium aurothiomalate,fin/swe
M01CB02,Sodium aurotiosulfate,fin/swe
M01CB03,Auranofin,fin/swe
M01CB04,Aurothioglucose,fin/swe
M01CB05,Aurotioprol,fin/swe
M01CC,Penicillamine and similar agents,est/swe/lat/ice/den
M01CC01,Penicillamine,fin/swe
M01CC02,Bucillamine,fin/swe
M01CX,Other specific antirheumatic agents,est/swe/lat/ice/den
M02AA,"Antiinflammatory preparations, non-steroids for topical use",est/swe/lat/ice/den
M02AA01,Phenylbutazone,fin/swe
M02AA02,Mofebutazone,fin/swe
M02AA03,Clofezone,fin/swe
M02AA04,Oxyphenbutazone,fin/swe
M02AA05,Benzydamine,fin/swe
M02AA06,Etofenamate,fin/swe
M02AA07,Piroxicam,fin/swe
M02AA08,Felbinac,fin/swe
M02AA09,Bufexamac,fin/swe
M02AA10,Ketoprofen,fin/swe
M02AA11,Bendazac,fin/swe
M02AA12,Naproxen,fin/swe
M02AA13,Ibuprofen,fin/swe
M02AA14,Fentiazac,fin/swe
M02AA15,Diclofenac,fin/swe
M02AA16,Feprazone,fin/swe
M02AA17,Niflumic acid,fin/swe
M02AA18,Meclofenamic acid,fin/swe
M02AA19,Flurbiprofen,fin/swe
M02AA21,Tolmetin,fin/swe
M02AA22,Suxibuzone,fin/swe
M02AA23,Indometacin,fin/swe
M02AA24,Nifenazone,fin/swe
M02AA25,Aceclofenac,fin/swe
M02AA26,Nimesulide,fin/swe
M02AA27,Dexketoprofen,fin/swe
M02AA28,Piketoprofen,fin/swe
M02AA29,Esflurbiprofen,fin/swe
M02AA31,Loxoprofen,fin/swe
M02AB,Capsicum preparations and similar agents,est/swe/lat/ice/den
M02AB01,Capsaicin,fin/swe
M02AB02,Zucapsaicin,fin/swe
M02AC,Preparations with salicylic acid derivatives,est/swe/lat/ice/den
M02AX,Other topical products for joint and muscular pain,est/swe/lat/ice/den
M02AX02,Tolazoline,fin/swe
M02AX03,Dimethyl sulfoxide,fin/swe
M02AX05,Idrocilamide,fin/swe
M02AX06,Tolperisone,fin/swe
M02AX10,Various,fin/swe
M03AA,Curare alkaloids,est/swe/lat/ice/den
M03AA01,Alcuronium,fin/swe
M03AA02,Tubocurarine,fin/swe
M03AA04,Dimethyltubocurarine,fin/swe
M03AB,Choline derivatives,est/swe/lat/ice/den
M03AB01,Suxamethonium,fin/swe
M03AC,Other quaternary ammonium compounds,est/swe/lat/ice/den
M03AC01,Pancuronium,fin/swe
M03AC02,Gallamine,fin/swe
M03AC03,Vecuronium,fin/swe
M03AC04,Atracurium,fin/swe
M03AC05,Hexafluronium,fin/swe
M03AC06,Pipecuronium bromide,fin/swe
M03AC07,Doxacurium chloride,fin/swe
M03AC08,Fazadinium bromide,fin/swe
M03AC09,Rocuronium bromide,fin/swe
M03AC10,Mivacurium chloride,fin/swe
M03AC11,Cisatracurium,fin/swe
M03AX,"Other muscle relaxants, peripherally acting agents",est/swe/lat/ice/den
M03AX01,Botulinum toxin,fin/swe
M03BA,Carbamic acid esters,est/swe/lat/ice/den
M03BA01,Phenprobamate,fin/swe
M03BA02,Carisoprodol,fin/swe
M03BA03,Methocarbamol,fin/swe
M03BA04,Styramate,fin/swe
M03BA05,Febarbamate,fin/swe
M03BA51,"Phenprobamate, combinations excl. psycholeptics",fin/swe
M03BA52,"Carisoprodol, combinations excl. psycholeptics",fin/swe
M03BA53,"Methocarbamol, combinations excl. psycholeptics",fin/swe
M03BA71,"Phenprobamate, combinations with psycholeptics",fin/swe
M03BA72,"Carisoprodol, combinations with psycholeptics",fin/swe
M03BA73,"Methocarbamol, combinations with psycholeptics",fin/swe
M03BB,"Oxazol, thiazine, and triazine derivatives",est/swe/lat/ice/den
M03BB02,Chlormezanone,fin/swe
M03BB03,Chlorzoxazone,fin/swe
M03BB52,"Chlormezanone, combinations excl. psycholeptics",fin/swe
M03BB53,"Chlorzoxazone, combinations excl. psycholeptics",fin/swe
M03BB72,"Chlormezanone, combinations with psycholeptics",fin/swe
M03BB73,"Chlorzoxazone, combinations with psycholeptics",fin/swe
M03BC,"Ethers, chemically close to antihistamines",est/swe/lat/ice/den
M03BC01,Orphenadrine (citrate),fin/swe
M03BC51,"Orphenadrine, combinations",fin/swe
M03BX,Other centrally acting agents,est/swe/lat/ice/den
M03BX01,Baclofen,fin/swe
M03BX02,Tizanidine,fin/swe
M03BX03,Pridinol,fin/swe
M03BX04,Tolperisone,fin/swe
M03BX05,Thiocolchicoside,fin/swe
M03BX06,Mephenesin,fin/swe
M03BX07,Tetrazepam,fin/swe
M03BX08,Cyclobenzaprine,fin/swe
M03BX09,Eperisone,fin/swe
M03BX30,Fenyramidol,fin/swe
M03BX55,"Thiocolchicoside, combinations",fin/swe
M03CA,Dantrolene and derivatives,est/swe/lat/ice/den
M03CA01,Dantrolene,fin/swe
M04AA,Preparations inhibiting uric acid production,est/swe/lat/ice/den
M04AA01,Allopurinol,fin/swe
M04AA02,Tisopurine,fin/swe
M04AA03,Febuxostat,fin/swe
M04AA51,"Allopurinol, combinations",fin/swe
M04AB,Preparations increasing uric acid excretion,est/swe/lat/ice/den
M04AB01,Probenecid,fin/swe
M04AB02,Sulfinpyrazone,fin/swe
M04AB03,Benzbromarone,fin/swe
M04AB04,Isobromindione,fin/swe
M04AB05,Lesinurad,fin/swe
M04AC,Preparations with no effect on uric acid metabolism,est/swe/lat/ice/den
M04AC01,Colchicine,fin/swe
M04AC02,Cinchophen,fin/swe
M04AX,Other antigout preparations,est/swe/lat/ice/den
M04AX01,Urate oxidase,fin/swe
M04AX02,Pegloticase,fin/swe
M05BA,Bisphosphonates,est/swe/lat/ice/den
M05BA01,Etidronic acid,fin/swe
M05BA02,Clodronic acid,fin/swe
M05BA03,Pamidronic acid,fin/swe
M05BA04,Alendronic acid,fin/swe
M05BA05,Tiludronic acid,fin/swe
M05BA06,Ibandronic acid,fin/swe
M05BA07,Risedronic acid,fin/swe
M05BA08,Zoledronic acid,fin/swe
M05BB,"Bisphosphonates and calcium, sequential preparations",est/swe/lat/ice/den
M05BB01,"Etidronic acid and calcium, sequential",fin/swe
M05BB02,"Risedronic acid and calcium, sequential",fin/swe
M05BB03,Alendronic acid and colecalciferol,fin/swe
M05BB04,"Risedronic acid, calcium and colecalciferol, sequen",fin/swe
M05BB05,"Alendronic acid, calcium and colecalciferol, sequen",fin/swe
M05BB06,"Alendronic acid and alfacalcidol, sequential",fin/swe
M05BB07,Risedronic acid and colecalciferol,fin/swe
M05BB08,"Zoledronic acid, calcium and colecalciferol, sequen",fin/swe
M05BB09,Ibandronic acid and colecalciferol,fin/swe
M05BC,Bone morphogenetic proteins,est/swe/lat/ice/den
M05BC01,Dibotermin alfa,fin/swe
M05BC02,Eptotermin alfa,fin/swe
M05BX,Other drugs affecting bone structure and mineralization,est/swe/lat/ice/den
M05BX01,Ipriflavone,fin/swe
M05BX02,Aluminium chlorohydrate,fin/swe
M05BX03,Strontium ranelate,fin/swe
M05BX04,Denosumab,fin/nor/swe
M05BX05,Burosumab,fin/swe
M05BX06,Romosozumab,fin/swe
M05BX07,Vosoritide,fin/swe
M05BX53,Strontium ranelate and colecalciferol,fin/swe
M09AA,Quinine and derivatives,est/swe/lat/ice/den
M09AA01,Hydroquinine,fin/swe
M09AA72,"Quinine, combinations with psycholeptics",fin/swe
M09AB,Enzymes,est/swe/lat/ice/den
M09AB01,Chymopapain,fin/swe
M09AB02,Collagenase clostridium histolyticum,fin/nor/swe
M09AB03,Bromelains,fin/swe
M09AB52,"Trypsin, combinations",fin/swe
M09AX,Other drugs for disorders of the musculo-skeletal system,est/swe/lat/ice/den
M09AX01,Hyaluronic acid,fin/swe
M09AX02,"Chondrocytes, autologous",fin/swe
M09AX03,Ataluren,fin/swe
M09AX04,Drisapersen,fin/swe
M09AX05,Aceneuramic acid,fin/swe
M09AX06,Eteplirsen,fin/swe
M09AX07,Nusinersen,fin/swe
M09AX08,Golodirsen,fin/swe
M09AX09,Onasemnogene abeparvovec ,fin/swe
M09AX10,Risdiplam,fin/swe
M09AX11,Palovarotene,fin/swe
M09AX12,Viltolarsen,fin/swe
M09AX13,Casimersen,fin/swe
MADA2A,Fetal X-ray examination,swe/ice/den
MADE00,Ultrasonographic cervical length measurement,
MADE1A,Ultrasound examination of early pregnancy (before 12. postmenstrual week),swe/ice/den/fin/nor
MADE20,Early pregnancy combined screening,fin/est
MADE2A,Ultrasound examination of pregnancy (at 12. week of gestaion or later) including basic examination of fetus,swe/lat/ice/den/fin
MADE2D,Detailed ultrasound examination of fetus including color doppler method,swe/ice/fin
MADE2H,Detailed morfological ultrasound examination of fetus,ice/fin
MADE2X,Other obstetric ultrasound examination,swe/ice/den/fin/nor
MADE32,Fetal heart ultrasound examination,swe/ice/fin
MADE3A,Ultrasound screening of fetal nuchal translucency,swe/ice/den/fin
MADG2B,Fetal  MRI,ice/den/fin/nor
MADX00,Assistance of normal delivery,swe
MAF0AT,Chorion biopsy with ultrasound guidance,ice/est
MAFA04,Fetal ECG examination,ice
MAFA20,Early examination of pregnancy,ice/fin
MAFA22,General examination of pregnant woman,swe/ice/fin
MAFA30,Cardiotocography,swe/lat/ice/nor
MAFA32,Fetal ECG,swe/fin
MAFA40,Intrauterine pressure measurement,ice
MAFX00,Monitoring gravidity,swe
MAFX10,Monitoring delivery,swe
MAIA00,Placenta isotope imaging,swe/ice
MASA00,Amniocentesis,est/swe/lat/ice/den/fin/nor
MASA01,Amnioreduction,est/swe/lat/ice/den/fin/nor
MASA03,Intra-amniotic infusion,est/swe/lat/ice/den/fin/nor
MASA10,Biopsy of chorionic villus,est/swe/lat/ice/den/fin/nor
MASA12,Microhysteroscopic biopsy of chorionic villus,ice/fin/est
MASA20,Removal of intrauterine device with ultrasound guidance,ice/fin/est
MASA22,Hysteroscopic removal of intrauterine device from pregnant uterus,est/swe/lat/ice/den/fin/nor
MASA30,Chordocentesis,est/swe/lat/ice/den/fin/nor
MASA32,Catheterisation of umbilical vessels of fetus,ice/fin/est
MASA34,Infusion to umbilical vessel or abdominal cavity of fetus,swe/lat/ice/den/fin/nor/est
MASA40,Puncture of fetus,est/swe/lat/ice/den/fin/nor
MASA43,Biopsy of fetus,est/swe/lat/ice/den/fin/nor
MASA51,Embryoscopy,est/swe/lat/ice/den/fin/nor
MASA54,Fetoscopy,est/swe/lat/ice/den/fin/nor
MASA82,Lasercoagulation of placental anastomoses,ice/den
MASA96,Other intrauterine operation on pregnant uterus or fetus,est/swe/lat/ice/fin/nor
MASA98,Other hysteroscopic procedure on pregnant uterus or fetus,est/swe/lat/ice/den/fin/nor
MASB00,Cerclage of cervix of pregnant uterus,est/swe/lat/ice/den/fin/nor
MASB03,Removal of cerclage of cervix uteri before childbirth,est/swe/lat/ice/den/fin/nor
MASB10,External version,est/swe/lat/ice/den/fin/nor
MASB20,Failed external version,est/swe/lat/ice/den/fin/nor
MASC00,Rupture of amniotic membrane,est/swe/lat/ice/den/fin/nor
MASC05,Amniotomia during labor,ice/den/fin/est
MASC10,Antepartum dilatation of cervical canal,est/swe/lat/ice/den/fin/nor
MASC20,Extra-amniotic infusion to induce labor,ice/den/est
MASC30,Vacuum traction,est/swe/lat/nor
MASC35,Forceps traction,est/swe/lat/den/nor
MASC96,Other surgical induction or advancement of labour,est/swe/lat/ice/fin/nor
MASD00,Incision of cervix to assist delivery,est/swe/lat/ice/den/fin/nor
MASD20,Pubiotomy to assist delivery,est/swe/lat/ice/den/fin/nor
MASD96,Other expansion of passages to assist delivery,est/swe/lat/ice/den/fin/nor
MASE00,Outlet vacuum delivery,est/swe/lat/ice/den/fin/nor
MASE03,Mid-cavity or high vacuum delivery,est/swe/lat/ice/den/fin/nor
MASE20,Failed vacuum delivery,est/swe/lat/ice/den/fin/nor
MASE96,Other vacuum delivery,est/swe/lat/ice/den/fin/nor
MASF00,Outlet forceps cephalic delivery,est/swe/lat/ice/den/fin/nor
MASF10,Mid forceps cephalic delivery,est/swe/lat/ice/den/fin/nor
MASF20,Failed forceps cephalic delivery,est/swe/lat/ice/den/fin/nor
MASF96,Other forceps cephalic delivery,est/swe/lat/ice/den/fin/nor
MASG00,Assisted breech delivery,est/swe/lat/ice/den/fin/nor
MASG03,Breech delivery with forceps to aftercoming head,est/swe/lat/ice/den/fin/nor
MASG10,Breech extraction delivery,est/swe/lat/ice/den/fin/nor
MASG13,Breech extraction delivery with forceps to aftercoming head,est/swe/lat/ice/den/fin/nor
MASG20,Internal version and extraction delivery,est/swe/lat/ice/den/fin/nor
MASG96,Other breech delivery,est/swe/lat/ice/den/fin/nor
MASH10,Replacement of prolapsed umbilical cord,est/swe/lat/ice/den/fin/nor
MASH20,Correction of cephalic malpresentation,est/swe/lat/ice/den/fin/nor
MASH22,Rotation of body of fetus in cephalic presentation,ice/den/est
MASH30,Destructive operation on fetus to assist delivery,est/swe/lat/ice/den/fin/nor
MASJ00,Reduction of multiple pregnancy by one fetus,est/swe/lat/ice/den/fin/nor
MASJ10,Reduction of multiple pregnancy by more than one fetus,est/swe/lat/ice/den/fin/nor
MASW96,Other operation in pregnancy or at delivery,est/swe/lat/ice/den/fin/nor
MASW97,Other laparoscopic operation in pregnancy,est/lat/ice/den/fin/nor
MASW98,Other transluminal endoscopic operation in pregnancy,est/swe/lat/ice/den/fin/nor
MAXA00,Transvaginal blood drawing from fetus,swe/lat/ice/nor/est
MAXA90,Fetal monitoring,swe/est
MAXB00,Suppression of uterine contractions in premature labor,ice/est
MAXB10,Insertion of cerglage pessary to prevent preterm birth,
MAXC00,Induction or stimulation of labor with oxytocin,swe/lat/ice/den/nor
MAXC02,Prostaglandin induction of labor,swe/lat/ice/nor/est
MAXC04,Induction of labor with vibrator,swe/ice/est
MAXC09,Other induction of labor,swe/lat/ice/den/fin/nor
MAXD00,Assistance of normal delivery,est/swe/lat/ice/fin/nor
MAXD10,Application of external abdominal  pressure to aid delivery,swe/ice/fin/est
MAXD12,Assistance of water birth,swe/est
MAXX00,Episiotomy,est/swe/lat/ice/den/fin/nor
MBDA2A,Fetus mortus X-ray,ice/fin
MBDD2A,Fetus mortus CT,ice/fin
MBDD3A,Fetus mortus MRI,fin
MBSA00,Vacuum aspiration from uterus after delivery or abortion,est/swe/lat/ice/den/nor
MBSA03,Curettage of uterus after delivery or abortion,est/swe/lat/ice/den/fin/nor
MBSA10,Manual exploration of delivered uterus,est/swe/lat/ice/den/fin/nor
MBSA20,Expression of placenta,est/swe/lat/ice/den/fin/nor
MBSA30,Manual removal of placenta from delivered uterus,est/swe/lat/ice/fin/nor
MBSA32,Manual removal of cotyledon,ice/den/est
MBSA96,Other removal of retained products of conception after delivery or abortion,est/swe/lat/ice/den/fin/nor
MBSC00,Repair of obstetric laceration of cervix uteri,est/swe/lat/ice/den/fin/nor
MBSC10,Repair of obstetric laceration of vagina,est/swe/lat/ice/den/fin/nor
MBSC20,Repair of obstetric laceration of vulva,est/swe/lat/ice/den/fin/nor
MBSC30,Repair of partial rupture of perineum,est/swe/lat/ice/den/fin/nor
MBSC33,Repair of complete rupture of perineum,est/swe/lat/ice/den/fin/nor
MBSC40,Revision of paravaginal or vulvar haematoma after delivery or abortion,est/swe/lat/ice/den/fin/nor
MBSC90,Procedure to control bleeding after delivery,ice/den/fin/est
MBSC96,Other repair of obstetric laceration,est/swe/lat/ice/den/fin/nor
MBSW96,Other operation after delivery or abortion,est/swe/lat/ice/fin/nor
MBXA00,Pharmacological evacuation of uterus after abortion,fin/est
MBXB00,Manual repositioning of inverted delivered uterus,swe/ice/den/fin/nor/lat
MBXB10,Packing of delivered uterus,est/swe/lat/ice/den/fin/nor
MBXB20,Intravascular embolisation for intrauterine bleeding after delivery,lat/ice/fin/est
MBXB30,Intrauterine irrigation of uterus with medicament,est/ice/fin
MBXB96,Other manual procedure on delivered uterus,est/swe/lat/ice/den/fin/nor
MBXC00,Breast feeding support,swe/ice/den/est
MCSA00,Upper uterine segment caesarean section,est/swe/lat/ice/den/fin/nor
MCSA10,Lower uterine segment caesarean section,est/swe/lat/ice/den/fin/nor
MCSA20,Vaginal caesarean section,est/swe/lat/ice/den/fin/nor
MCSA30,Supravaginal caesarean hysterectomy,est/swe/lat/ice/den/fin/nor
MCSA33,Total caesarean hysterectomy,est/swe/lat/ice/den/fin/nor
MCSA96,Other caesarean section,est/swe/lat/ice/den/fin/nor
MCSB00,Laparotomy and delivery of extrauterine fetus,est/swe/lat/ice/den/fin/nor
MCSC00,Postpartum repair of rupture of uterus,est/swe/lat/ice/den/fin/nor
MCSW00,Obstetric hysterectomy,ice/fin/est
MCSW96,Other obstetric laparotomy,est/swe/lat/ice/den/fin/nor
MWSA00,Repair of wound dehiscence in obstetric surgery,est/swe/lat/ice/den/fin/nor
MWSB00,Reoperation for superficial infection in obstetric surgery,est/swe/lat/ice/den/nor
MWSC00,Reoperation for deep infection in obstetric surgery,est/swe/lat/ice/den/fin/nor
MWSC01,Percutaneous endoscopic reoperation for deep infection in obstetric surgery,est/swe/lat/ice/den/nor
MWSD00,Reoperation for superficial haemorrhage in obstetric surgery,est/swe/lat/ice/den/nor
MWSE00,Reoperation for deep haemorrhage in obstetric surgery,est/swe/lat/ice/den/fin/nor
MWSE01,Percutaneous endoscopic reoperation for deep haemorrhage in obstetric surgery,est/swe/lat/ice/den/nor
MWSE02,Transluminal endoscopic reoperation for deep haemorrhage in obstetric surgery,est/swe/lat/ice/den/nor
MWSF00,Reoperation for insufficiency of anastomosis or suture in obstetric surgery,est/swe/lat/ice/den/nor
MWSF01,Percutaneous endoscopic reoperation for insufficiency of anastomosis or suture in obstetric surgery,est/swe/lat/ice/den/nor
MWSW00,Reevacuation of uterus after delivery of spontaneous abortion,ice/den/est
MWSW96,Other reoperation in obstetric surgery,est/swe/lat/ice/den/fin/nor
MWSW97,Other percutaneous endoscopic reoperation in obstetric surgery,est/swe/lat/ice/den/nor
MWSW98,Other transluminal endoscopic reoperation in obstetric surgery,est/swe/lat/ice/den/nor
MXFA00,Blood sampling from umbilical vein after delivery,lat/ice/nor/est
MXFB00,Maternal blood testing for fetal diagnostics,swe
MXXB00,Training for labour and delivery,den/est
MXXX80,Other care for pregnancy and delivery,den
MXXX99,Other minor procedure in obstetrics,est/swe/lat/ice/den/fin/nor
N01AA,Ethers,est/swe/lat/ice/den
N01AA01,Diethyl ether,fin/swe
N01AA02,Vinyl ether,fin/swe
N01AB,Halogenated hydrocarbons,est/swe/lat/ice/den
N01AB01,Halothane,fin/swe
N01AB02,Chloroform,fin/swe
N01AB04,Enflurane,fin/swe
N01AB05,Trichloroethylene,fin/swe
N01AB06,Isoflurane,fin/swe
N01AB07,Desflurane,fin/swe
N01AB08,Sevoflurane,fin/swe
N01AF,"Barbiturates, plain",est/swe/lat/ice/den
N01AF01,Methohexital,fin/swe
N01AF02,Hexobarbital,fin/swe
N01AF03,Thiopental,fin/swe
N01AG,Barbiturates in combination with other drugs,est/swe/lat/ice/den
N01AG01,Narcobarbital,fin/swe
N01AH,Opioid anesthetics,est/swe/lat/ice/den
N01AH01,Fentanyl,fin/swe
N01AH02,Alfentanil,fin/swe
N01AH03,Sufentanil,fin/swe
N01AH04,Phenoperidine,fin/swe
N01AH05,Anileridine,fin/swe
N01AH06,Remifentanil,fin/swe
N01AH51,"Fentanyl, combinations",fin/swe
N01AX,Other general anesthetics,est/swe/lat/ice/den
N01AX03,Ketamine,fin/swe
N01AX04,Propanidid,fin/swe
N01AX05,Alfaxalone,fin/swe
N01AX07,Etomidate,fin/swe
N01AX10,Propofol,fin/swe
N01AX11,Sodium oxybate,fin/swe
N01AX13,Nitrous oxide,fin/swe
N01AX14,Esketamine,fin/swe
N01AX15,Xenon,fin/swe
N01AX63,"Nitrous oxide, combinations",fin/swe
N01BA,Esters of aminobenzoic acid,est/swe/lat/ice/den
N01BA01,Metabutethamine,fin/swe
N01BA02,Procaine,fin/swe
N01BA03,Tetracaine,fin/swe
N01BA04,Chloroprocaine,fin/swe
N01BA05,Benzocaine,fin/swe
N01BA52,"Procaine, combinations",fin/swe
N01BA53,"Tetracaine, combinations",fin/swe
N01BB,Amides,est/swe/lat/ice/den
N01BB01,Bupivacaine,fin/swe
N01BB02,Lidocaine,fin/swe
N01BB03,Mepivacaine,fin/swe
N01BB04,Prilocaine,fin/swe
N01BB05,Butanilicaine,fin/swe
N01BB06,Cinchocaine,fin/swe
N01BB07,Etidocaine,fin/swe
N01BB08,Articaine,fin/swe
N01BB09,Ropivacaine,fin/swe
N01BB10,Levobupivacaine,fin/swe
N01BB20,Combinations,fin/swe
N01BB51,"Bupivacaine, combinations",fin/swe
N01BB52,"Lidocaine, combinations",fin/swe
N01BB53,"Mepivacaine, combinations",fin/swe
N01BB54,"Prilocaine, combinations",fin/swe
N01BB57,"Etidocaine, combinations",fin/swe
N01BB58,"Articaine, combinations",fin/swe
N01BB59,Bupivacaine and meloxicam,fin/swe
N01BC,Esters of benzoic acid,est/swe/lat/ice/den
N01BC01,Cocaine,fin/swe
N01BX,Other local anesthetics,est/swe/lat/ice/den
N01BX01,Ethyl chloride,fin/swe
N01BX02,Dyclonine,fin/swe
N01BX03,Phenol,fin/swe
N01BX04,Capsaicin,fin/swe
N02AA,Natural opium alkaloids,est/swe/lat/ice/den
N02AA01,Morphine,fin/swe
N02AA02,Opium,fin/swe
N02AA03,Hydromorphone,fin/swe
N02AA04,Nicomorphine,fin/swe
N02AA05,Oxycodone,fin/swe
N02AA08,Dihydrocodeine,fin/swe
N02AA10,Papaveretum,fin/swe
N02AA11,Oxymorphone,fin/swe
N02AA51,"Morphine, combinations",fin/swe
N02AA53,Hydromorphone and naloxone,fin/swe
N02AA55,Oxycodone and naloxone,fin/swe
N02AA56,Oxycodone and naltrexone,fin/swe
N02AA58,"Dihydrocodeine, combinations",fin/swe
N02AA59,"Codeine, combinations excl. psycholeptics",fin/swe
N02AA79,"Codeine, combinations with psycholeptics",fin/swe
N02AB,Phenylpiperidine derivatives,est/swe/lat/ice/den
N02AB01,Ketobemidone,fin/swe
N02AB02,Pethidine,fin/swe
N02AB03,Fentanyl,fin/swe
N02AB52,"Pethidine, combinations excl. psycholeptics",fin/swe
N02AB72,"Pethidine, combinations with psycholeptics",fin/swe
N02AC,Diphenylpropylamine derivatives,est/swe/lat/ice/den
N02AC01,Dextromoramide,fin/swe
N02AC03,Piritramide,fin/swe
N02AC04,Dextropropoxyphene,fin/swe
N02AC05,Bezitramide,fin/swe
N02AC52,"Methadone, combinations excl. psycholeptics",fin/swe
N02AC54,"Dextropropoxyphene, combinations excl. psycholeptic",fin/swe
N02AC74,"Dextropropoxyphene, combinations with psycholeptics",fin/swe
N02AD,Benzomorphan derivatives,est/swe/lat/ice/den
N02AD01,Pentazocine,fin/swe
N02AD02,Phenazocine,fin/swe
N02AE,Oripavine derivatives,est/swe/lat/ice/den
N02AE01,Buprenorphine,fin/swe
N02AF,Morphinan derivatives,est/swe/lat/ice/den
N02AF01,Butorphanol,fin/swe
N02AF02,Nalbuphine,fin/swe
N02AG,Opioids in combination with antispasmodics,est/swe/lat/ice/den
N02AG01,Morphine and antispasmodics,fin/swe
N02AG02,Ketobemidone and antispasmodics,fin/swe
N02AG03,Pethidine and antispasmodics,fin/swe
N02AG04,Hydromorphone and antispasmodics,fin/swe
N02AJ01,Dihydrocodeine and paracetamol,fin/swe
N02AJ02,Dihydrocodeine and acetylsalicylic acid,fin/swe
N02AJ03,Dihydrocodeine and other non-opioid analgesics,fin/swe
N02AJ06,Codeine and paracetamol,fin/swe
N02AJ07,Codeine and acetylsalicylic acid,fin/swe
N02AJ08,Codeine and ibuprofen,fin/swe
N02AJ09,Codeine and other non-opioid analgesics,fin/swe
N02AJ13,Tramadol and paracetamol,fin/swe
N02AJ14,Tramadol and dexketoprofen,fin/swe
N02AJ15,Tramadol and other non-opioid analgesics,fin/swe
N02AJ16,Tramadol and celecoxib,fin/swe
N02AJ17,Oxycodone and paracetamol,fin/swe
N02AJ18,Oxycodone and acetylsalicylic acid,fin/swe
N02AJ19,Oxycodone and ibuprofen,fin/swe
N02AX,Other opioids,est/swe/lat/ice/den
N02AX01,Tilidine,fin/swe
N02AX02,Tramadol,fin/swe
N02AX03,Dezocine,fin/swe
N02AX05,Meptazinol,fin/swe
N02AX06,Tapentadol,fin/swe
N02AX07,Oliceridine,fin/swe
N02AX51,Tilidine and naloxone,fin/swe
N02BA,Salicylic acid and derivatives,est/swe/lat/ice/den
N02BA01,Acetylsalicylic acid,fin/swe
N02BA02,Aloxiprin,fin/swe
N02BA03,Choline salicylate,fin/swe
N02BA04,Sodium salicylate,fin/swe
N02BA05,Salicylamide,fin/swe
N02BA06,Salsalate,fin/swe
N02BA07,Ethenzamide,fin/swe
N02BA08,Morpholine salicylate,fin/swe
N02BA09,Dipyrocetyl,fin/swe
N02BA10,Benorilate,fin/swe
N02BA11,Diflunisal,fin/swe
N02BA12,Potassium salicylate,fin/swe
N02BA14,Guacetisal,fin/swe
N02BA15,Carbasalate calcium,fin/swe
N02BA16,Imidazole salicylate,fin/swe
N02BA51,"Acetylsalicylic acid, combinations excl. psycholept",fin/swe
N02BA55,"Salicylamide, combinations excl. psycholeptics",fin/swe
N02BA57,"Ethenzamide, combinations excl. psycholeptics",fin/swe
N02BA59,"Dipyrocetyl, combinations excl. psycholeptics",fin/swe
N02BA65,Carbasalate calcium combinations excl. psycholeptic,fin/swe
N02BA71,"Acetylsalicylic acid, combinations with psycholepti",fin/swe
N02BA75,"Salicylamide, combinations with psycholeptics",fin/swe
N02BA77,"Ethenzamide, combinations with psycholeptics",fin/swe
N02BA79,"Dipyrocetyl, combinations with psycholeptics",fin/swe
N02BB,Pyrazolones,est/swe/lat/ice/den
N02BB01,Phenazone,fin/swe
N02BB02,Metamizole sodium,fin/swe
N02BB03,Aminophenazone,fin/swe
N02BB04,Propyphenazone,fin/swe
N02BB05,Nifenazone,fin/swe
N02BB51,"Phenazone, combinations excl. psycholeptics",fin/swe
N02BB52,"Metamizole sodium, combinations excl. psycholeptics",fin/swe
N02BB53,"Aminophenazone, combinations excl. psycholeptics",fin/swe
N02BB54,"Propyphenazone, combinations excl. psycholeptics",fin/swe
N02BB71,"Phenazone, combinations with psycholeptics",fin/swe
N02BB72,"Metamizole sodium, combinations with psycholeptics",fin/swe
N02BB73,"Aminophenazone, combinations with psycholeptics",fin/swe
N02BB74,"Propyphenazone, combinations with psycholeptics",fin/swe
N02BE,Anilides,est/swe/lat/ice/den
N02BE01,Paracetamol,fin/swe
N02BE03,Phenacetin,fin/swe
N02BE04,Bucetin,fin/swe
N02BE05,Propacetamol,fin/swe
N02BE51,"Paracetamol, combinations excl. psycholeptics",fin/swe
N02BE53,"Phenacetin, combinations excl. psycholeptics",fin/swe
N02BE54,"Bucetin, combinations excl. psycholeptics",fin/swe
N02BE71,"Paracetamol, combinations with psycholeptics",fin/swe
N02BE73,"Phenacetin, combinations with psycholeptics",fin/swe
N02BE74,"Bucetin, combinations with psycholeptics",fin/swe
N02BG,Other analgesics and antipyretics,est/swe/lat/ice/den
N02BG02,Rimazolium,fin/swe
N02BG03,Glafenine,fin/swe
N02BG04,Floctafenine,fin/swe
N02BG05,Viminol,fin/swe
N02BG06,Nefopam,fin/swe
N02BG07,Flupirtine,fin/swe
N02BG08,Ziconotide,fin/swe
N02BG09,Methoxyflurane,fin/swe
N02BG10,Cannabinoids,fin/swe
N02BG11,Mirogabalin,fin/swe
N02BG12,Tanezumab,fin/swe
N02CA,Ergot alkaloids,est/swe/lat/ice/den
N02CA01,Dihydroergotamine,fin/swe
N02CA02,Ergotamine,fin/swe
N02CA04,Methysergide,fin/swe
N02CA07,Lisuride,fin/swe
N02CA51,"Dihydroergotamine, combinations",fin/swe
N02CA52,"Ergotamine, combinations excl. psycholeptics",fin/swe
N02CA72,"Ergotamine, combinations with psycholeptics",fin/swe
N02CB,Corticosteroid derivatives,est/swe/lat/ice/den
N02CB01,Flumedroxone,fin/swe
N02CC,Selective serotonin (5HT1) agonists,est/swe/lat/ice/den
N02CC01,Sumatriptan,fin/swe
N02CC02,Naratriptan,fin/swe
N02CC03,Zolmitriptan,fin/swe
N02CC04,Rizatriptan,fin/swe
N02CC05,Almotriptan,fin/swe
N02CC06,Eletriptan,fin/swe
N02CC07,Frovatriptan,fin/swe
N02CC08,Lasmiditan,fin/swe
N02CD01,Erenumab,swe/fin
N02CD02,Galcanezumab,swe/fin
N02CD03,Fremanezumab,fin/swe
N02CD04,Ubrogepant,fin/swe
N02CD05,Eptinezumab,fin/swe
N02CD06,Rimegepant,fin/swe
N02CD07,Atogepant,fin/swe
N02CX,Other antimigraine preparations,est/swe/lat/ice/den
N02CX01,Pizotifen,fin/swe
N02CX02,Clonidine,fin/swe
N02CX03,Iprazochrome,fin/swe
N02CX05,Dimetotiazine,fin/swe
N02CX06,Oxetorone,fin/swe
N03AA,Barbiturates and derivatives,est/swe/lat/ice/den
N03AA01,Methylphenobarbital,fin/swe
N03AA02,Phenobarbital,fin/swe
N03AA03,Primidone,fin/swe
N03AA04,Barbexaclone,fin/swe
N03AA30,Metharbital,fin/swe
N03AB,Hydantoin derivatives,est/swe/lat/ice/den
N03AB01,Ethotoin,fin/swe
N03AB02,Phenytoin,fin/swe
N03AB03,Amino(diphenylhydantoin) valeric acid,fin/swe
N03AB04,Mephenytoin,fin/swe
N03AB05,Fosphenytoin,fin/swe
N03AB52,"Phenytoin, combinations",fin/swe
N03AB54,"Mephenytoin, combinations",fin/swe
N03AC,Oxazolidine derivatives,est/swe/lat/ice/den
N03AC01,Paramethadione,fin/swe
N03AC02,Trimethadione,fin/swe
N03AC03,Ethadione,fin/swe
N03AD,Succinimide derivatives,est/swe/lat/ice/den
N03AD01,Ethosuximide,fin/swe
N03AD02,Phensuximide,fin/swe
N03AD03,Mesuximide,fin/swe
N03AD51,"Ethosuximide, combinations",fin/swe
N03AE,Benzodiazepine derivatives,est/swe/lat/ice/den
N03AE01,Clonazepam,fin/swe
N03AF,Carboxamide derivatives,est/swe/lat/ice/den
N03AF01,Carbamazepine,fin/swe
N03AF02,Oxcarbazepine,fin/swe
N03AF03,Rufinamide,fin/swe
N03AF04,Eslicarbazepine,fin/swe
N03AG,Fatty acid derivatives,est/swe/lat/ice/den
N03AG01,Valproic acid,fin/swe
N03AG02,Valpromide,fin/swe
N03AG03,Aminobutyric acid,fin/swe
N03AG04,Vigabatrin,fin/swe
N03AG05,Progabide,fin/swe
N03AG06,Tiagabine,fin/swe
N03AX,Other antiepileptics,est/swe/lat/ice/den
N03AX03,Sultiame,fin/swe
N03AX07,Phenacemide,fin/swe
N03AX09,Lamotrigine,fin/swe
N03AX10,Felbamate,fin/swe
N03AX11,Topiramate,fin/swe
N03AX12,Gabapentin,fin/swe
N03AX13,Pheneturide,fin/swe
N03AX14,Levetiracetam,fin/swe
N03AX15,Zonisamide,fin/swe
N03AX16,Pregabalin,fin/swe
N03AX17,Stiripentol,fin/swe
N03AX18,Lacosamide,fin/swe
N03AX19,Carisbamate,fin/swe
N03AX21,Retigabine,fin/swe
N03AX22,Perampanel,fin/swe
N03AX23,Brivaracetam,fin/swe
N03AX24,Cannabidiol,fin/swe
N03AX25,Cenobamate,fin/swe
N03AX26,Fenfluramine,fin/swe
N03AX27,Ganaxolone,fin/swe
N03AX30,Beclamide,fin/swe
N04AA,Tertiary amines,est/swe/lat/ice/den
N04AA01,Trihexyphenidyl,fin/swe
N04AA02,Biperiden,fin/swe
N04AA03,Metixene,fin/swe
N04AA04,Procyclidine,fin/swe
N04AA05,Profenamine,fin/swe
N04AA08,Dexetimide,fin/swe
N04AA09,Phenglutarimide,fin/swe
N04AA10,Mazaticol,fin/swe
N04AA11,Bornaprine,fin/swe
N04AA12,Tropatepine,fin/swe
N04AB,Ethers chemically close to antihistamines,est/swe/lat/ice/den
N04AB01,Etanautine,fin/swe
N04AB02,Orphenadrine (chloride),fin/swe
N04AC,Ethers of tropine or tropine derivatives,est/swe/lat/ice/den
N04AC01,Benzatropine,fin/swe
N04AC30,Etybenzatropine,fin/swe
N04BA,Dopa and dopa derivatives,est/swe/lat/ice/den
N04BA01,Levodopa,fin/swe
N04BA02,Levodopa and decarboxylase inhibitor,fin/swe
N04BA03,"Levodopa, decarboxylase inhibitor and COMT inhibito",fin/swe
N04BA04,Melevodopa,fin/swe
N04BA05,Melevodopa and decarboxylase inhibitor,fin/swe
N04BA06,Etilevodopa and decarboxylase inhibitor,fin/swe
N04BB,Adamantane derivatives,est/swe/lat/ice/den
N04BB01,Amantadine,fin/swe
N04BC,Dopamine agonists,est/swe/lat/ice/den
N04BC01,Bromocriptine,fin/swe
N04BC02,Pergolide,fin/swe
N04BC03,Dihydroergocryptine mesylate,fin/swe
N04BC04,Ropinirole,fin/swe
N04BC05,Pramipexole,fin/swe
N04BC06,Cabergoline,fin/swe
N04BC07,Apomorphine,fin/swe
N04BC08,Piribedil,fin/swe
N04BC09,Rotigotine,fin/swe
N04BD,Monoamine oxidase B inhibitors,est/swe/lat/ice/den
N04BD01,Selegiline,fin/swe
N04BD02,Rasagiline,fin/swe
N04BD03,Safinamide,fin/swe
N04BX,Other dopaminergic agents,est/swe/lat/ice/den
N04BX01,Tolcapone,fin/swe
N04BX02,Entacapone,fin/swe
N04BX03,Budipine,fin/swe
N04BX04,Opicapone,fin/swe
N04CX01,Istradefylline,fin/swe
N05AA,Phenothiazines with aliphatic side-chain,est/swe/lat/ice/den
N05AA01,Chlorpromazine,fin/swe
N05AA02,Levomepromazine,fin/swe
N05AA03,Promazine,fin/swe
N05AA04,Acepromazine,fin/swe
N05AA05,Triflupromazine,fin/swe
N05AA06,Cyamemazine,fin/swe
N05AA07,Chlorproethazine,fin/swe
N05AB,Phenothiazines with piperazine structure,est/swe/lat/ice/den
N05AB01,Dixyrazine,fin/swe
N05AB02,Fluphenazine,fin/swe
N05AB03,Perphenazine,fin/swe
N05AB04,Prochlorperazine,fin/swe
N05AB05,Thiopropazate,fin/swe
N05AB06,Trifluoperazine,fin/swe
N05AB07,Acetophenazine,fin/swe
N05AB08,Thioproperazine,fin/swe
N05AB09,Butaperazine,fin/swe
N05AB10,Perazine,fin/swe
N05AC,Phenothiazines with piperidine structure,est/swe/lat/ice/den
N05AC01,Periciazine,fin/swe
N05AC02,Thioridazine,fin/swe
N05AC03,Mesoridazine,fin/swe
N05AC04,Pipotiazine,fin/swe
N05AD,Butyrophenone derivatives,est/swe/lat/ice/den
N05AD01,Haloperidol,fin/swe
N05AD02,Trifluperidol,fin/swe
N05AD03,Melperone,fin/swe
N05AD04,Moperone,fin/swe
N05AD05,Pipamperone,fin/swe
N05AD06,Bromperidol,fin/swe
N05AD07,Benperidol,fin/swe
N05AD08,Droperidol,fin/swe
N05AD09,Fluanisone,fin/swe
N05AD10,Lumateperone,fin/swe
N05AE,Indole derivatives,est/swe/lat/ice/den
N05AE01,Oxypertine,fin/swe
N05AE02,Molindone,fin/swe
N05AE03,Sertindole,fin/swe
N05AE04,Ziprasidone,fin/swe
N05AE05,Lurasidone,fin/swe
N05AF,Thioxanthene derivatives,est/swe/lat/ice/den
N05AF01,Flupentixol,fin/swe
N05AF02,Clopenthixol,fin/swe
N05AF03,Chlorprothixene,fin/swe
N05AF04,Tiotixene,fin/swe
N05AF05,Zuclopenthixol,fin/swe
N05AG,Diphenylbutylpiperidine derivatives,est/swe/lat/ice/den
N05AG01,Fluspirilene,fin/swe
N05AG02,Pimozide,fin/swe
N05AG03,Penfluridol,fin/swe
N05AH,"Diazepines, oxazepines and thiazepines",est/swe/lat/ice/den
N05AH01,Loxapine,fin/swe
N05AH02,Clozapine,fin/swe
N05AH03,Olanzapine,fin/swe
N05AH04,Quetiapine,fin/swe
N05AH05,Asenapine,fin/swe
N05AH06,Clotiapine,fin/swe
N05AK,"Inactivated at 31.12.2021 - Neuroleptics, in tardive dyskinesia",
N05AL,Benzamides,est/swe/lat/ice/den
N05AL01,Sulpiride,fin/swe
N05AL02,Sultopride,fin/swe
N05AL03,Tiapride,fin/swe
N05AL04,Remoxipride,fin/swe
N05AL05,Amisulpride,fin/swe
N05AL06,Veralipride,fin/swe
N05AL07,Levosulpiride,fin/swe
N05AN,Lithium,est/swe/lat/ice/den
N05AN01,Lithium,fin/swe
N05AX,Other antipsychotics,est/swe/lat/ice/den
N05AX07,Prothipendyl,fin/swe
N05AX08,Risperidone,fin/swe
N05AX10,Mosapramine,fin/swe
N05AX11,Zotepine,fin/swe
N05AX12,Aripiprazole,fin/swe
N05AX13,Paliperidone,fin/swe
N05AX14,Iloperidone,fin/swe
N05AX15,Cariprazine,fin/swe
N05AX16,Brexpiprazole,fin/swe
N05AX17,Pimavanserin,fin/swe
N05BA,Benzodiazepine derivatives,est/swe/lat/ice/den
N05BA01,Diazepam,fin/swe
N05BA02,Chlordiazepoxide,fin/swe
N05BA03,Medazepam,fin/swe
N05BA04,Oxazepam,fin/swe
N05BA05,Potassium clorazepate,fin/swe
N05BA06,Lorazepam,fin/swe
N05BA07,Adinazolam,fin/swe
N05BA08,Bromazepam,fin/swe
N05BA09,Clobazam,fin/swe
N05BA10,Ketazolam,fin/swe
N05BA11,Prazepam,fin/swe
N05BA12,Alprazolam,fin/swe
N05BA13,Halazepam,fin/swe
N05BA14,Pinazepam,fin/swe
N05BA15,Camazepam,fin/swe
N05BA16,Nordazepam,fin/swe
N05BA17,Fludiazepam,fin/swe
N05BA18,Ethyl loflazepate,fin/swe
N05BA19,Etizolam,fin/swe
N05BA21,Clotiazepam,fin/swe
N05BA22,Cloxazolam,fin/swe
N05BA23,Tofisopam,fin/swe
N05BA24,Bentazepam,fin/swe
N05BA25,Mexazolam,fin/swe
N05BA56,"Lorazepam, combinations",fin/swe
N05BB,Diphenylmethane derivatives,est/swe/lat/ice/den
N05BB01,Hydroxyzine,fin/swe
N05BB02,Captodiame,fin/swe
N05BB51,"Hydroxyzine, combinations",fin/swe
N05BC,Carbamates,est/swe/lat/ice/den
N05BC01,Meprobamate,fin/swe
N05BC03,Emylcamate,fin/swe
N05BC04,Mebutamate,fin/swe
N05BC51,"Meprobamate, combinations",fin/swe
N05BD,Dibenzo-bicyclo-octadiene derivatives,est/swe/lat/ice/den
N05BD01,Benzoctamine,fin/swe
N05BE,Azaspirodecanedione derivatives,est/swe/lat/ice/den
N05BE01,Buspirone,fin/swe
N05BX,Other anxiolytics,est/swe/lat/ice/den
N05BX01,Mephenoxalone,fin/swe
N05BX02,Gedocarnil,fin/swe
N05BX03,Etifoxine,fin/swe
N05BX04,Fabomotizole,fin/swe
N05BX05,Lavandulae aetheroleum,fin/swe
N05CA,"Barbiturates, plain",est/swe/lat/ice/den
N05CA01,Pentobarbital,fin/swe
N05CA02,Amobarbital,fin/swe
N05CA03,Butobarbital,fin/swe
N05CA04,Barbital,fin/swe
N05CA05,Aprobarbital,fin/swe
N05CA06,Secobarbital,fin/swe
N05CA07,Talbutal,fin/swe
N05CA08,Vinylbital,fin/swe
N05CA09,Vinbarbital,fin/swe
N05CA10,Cyclobarbital,fin/swe
N05CA11,Heptabarbital,fin/swe
N05CA12,Reposal,fin/swe
N05CA15,Methohexital,fin/swe
N05CA16,Hexobarbital,fin/swe
N05CA19,Thiopental,fin/swe
N05CA20,Etallobarbital,fin/swe
N05CA21,Allobarbital,fin/swe
N05CA22,Proxibarbal,fin/swe
N05CB,"Barbiturates, combinations",est/swe/lat/ice/den
N05CB01,Combinations of barbiturates,fin/swe
N05CB02,Barbiturates in combination with other drugs,fin/swe
N05CC,Aldehydes and derivatives,est/swe/lat/ice/den
N05CC01,Chloral hydrate,fin/swe
N05CC02,Chloralodol,fin/swe
N05CC03,Acetylglycinamide chloral hydrate,fin/swe
N05CC04,Dichloralphenazone,fin/swe
N05CC05,Paraldehyde,fin/swe
N05CD,Benzodiazepine derivatives,est/swe/lat/ice/den
N05CD01,Flurazepam,fin/swe
N05CD02,Nitrazepam,fin/swe
N05CD03,Flunitrazepam,fin/swe
N05CD04,Estazolam,fin/swe
N05CD05,Triazolam,fin/swe
N05CD06,Lormetazepam,fin/swe
N05CD07,Temazepam,fin/swe
N05CD08,Midazolam,fin/swe
N05CD09,Brotizolam,fin/swe
N05CD10,Quazepam,fin/swe
N05CD11,Loprazolam,fin/swe
N05CD12,Doxefazepam,fin/swe
N05CD13,Cinolazepam,fin/swe
N05CD14,Remimazolam,fin/swe
N05CD15,Nimetazepam,fin/swe
N05CE,Piperidinedione derivatives,est/swe/lat/ice/den
N05CE01,Glutethimide,fin/swe
N05CE02,Methyprylon,fin/swe
N05CE03,Pyrithyldione,fin/swe
N05CF,Benzodiazepine related drugs,est/swe/lat/ice/den
N05CF01,Zopiclone,fin/swe
N05CF02,Zolpidem,fin/swe
N05CF03,Zaleplon,fin/swe
N05CF04,Eszopiclone,fin/swe
N05CH01,Melatonin,fin/swe
N05CH02,Ramelteon,fin/swe
N05CH03,Tasimelteon,fin/swe
N05CM,Other hypnotics and sedatives,est/swe/lat/ice/den
N05CM01,Methaqualone,fin/swe
N05CM02,Clomethiazole,fin/swe
N05CM03,Bromisoval,fin/swe
N05CM04,Carbromal,fin/swe
N05CM05,Scopolamine,fin/swe
N05CM06,Propiomazine,fin/swe
N05CM07,Triclofos,fin/swe
N05CM08,Ethchlorvynol,fin/swe
N05CM09,Valerianae radix,fin/swe
N05CM10,Hexapropymate,fin/swe
N05CM11,Bromides,fin/swe
N05CM12,Apronal,fin/swe
N05CM13,Valnoctamide,fin/swe
N05CM15,Methylpentynol,fin/swe
N05CM16,Niaprazine,fin/swe
N05CM18,Dexmedetomidine ,fin/swe
N05CM19,Suvorexant,fin/swe
N05CM21,Lemborexant,fin/swe
N05CM96,Tasipimidin,swe
N05CX,"Hypnotics and sedatives in combination, excl. barbiturates",est/swe/lat/ice/den
N05CX01,"Meprobamate, combinations",fin/swe
N05CX02,"Methaqualone, combinations",fin/swe
N05CX03,"Methylpentynol, combinations",fin/swe
N05CX04,"Clomethiazole, combinations",fin/swe
N05CX05,"Emepronium, combinations",fin/swe
N05CX06,"Dipiperonylaminoethanol, combinations",fin/swe
N06AA,Non-selective monoamine reuptake inhibitors,est/swe/lat/ice/den
N06AA01,Desipramine,fin/swe
N06AA02,Imipramine,fin/swe
N06AA03,Imipramine oxide,fin/swe
N06AA04,Clomipramine,fin/swe
N06AA05,Opipramol,fin/swe
N06AA06,Trimipramine,fin/swe
N06AA07,Lofepramine,fin/swe
N06AA08,Dibenzepin,fin/swe
N06AA09,Amitriptyline,fin/swe
N06AA10,Nortriptyline,fin/swe
N06AA11,Protriptyline,fin/swe
N06AA12,Doxepin,fin/swe
N06AA13,Iprindole,fin/swe
N06AA14,Melitracen,fin/swe
N06AA15,Butriptyline,fin/swe
N06AA16,Dosulepin,fin/swe
N06AA17,Amoxapine,fin/swe
N06AA18,Dimetacrine,fin/swe
N06AA19,Amineptine,fin/swe
N06AA21,Maprotiline,fin/swe
N06AA23,Quinupramine,fin/swe
N06AB,Selective serotonin reuptake inhibitors,est/swe/lat/ice/den
N06AB02,Zimeldine,fin/swe
N06AB03,Fluoxetine,fin/swe
N06AB04,Citalopram,fin/swe
N06AB05,Paroxetine,fin/swe
N06AB06,Sertraline,fin/swe
N06AB07,Alaproclate,fin/swe
N06AB08,Fluvoxamine,fin/swe
N06AB09,Etoperidone,fin/swe
N06AB10,Escitalopram,fin/swe
N06AF,"Monoamine oxidase inhibitors, non-selective",est/swe/lat/ice/den
N06AF01,Isocarboxazid,fin/swe
N06AF02,Nialamide,fin/swe
N06AF03,Phenelzine,fin/swe
N06AF04,Tranylcypromine,fin/swe
N06AF05,Iproniazide,fin/swe
N06AF06,Iproclozide,fin/swe
N06AG,Monoamine oxidase A inhibitors,est/swe/lat/ice/den
N06AG02,Moclobemide,fin/swe
N06AG03,Toloxatone,fin/swe
N06AX,Other antidepressants,est/swe/lat/ice/den
N06AX01,Oxitriptan,fin/swe
N06AX02,Tryptophan,fin/swe
N06AX03,Mianserin,fin/swe
N06AX04,Nomifensine,fin/swe
N06AX05,Trazodone,fin/swe
N06AX06,Nefazodone,fin/swe
N06AX07,Minaprine,fin/swe
N06AX08,Bifemelane,fin/swe
N06AX09,Viloxazine,fin/swe
N06AX10,Oxaflozane,fin/swe
N06AX11,Mirtazapine,fin/swe
N06AX12,Bupropion,fin/swe
N06AX13,Medifoxamine,fin/swe
N06AX14,Tianeptine,fin/swe
N06AX15,Pivagabine,fin/swe
N06AX16,Venlafaxine,fin/swe
N06AX17,Milnacipran,fin/swe
N06AX18,Reboxetine,fin/swe
N06AX19,Gepirone,fin/swe
N06AX21,Duloxetine,fin/swe
N06AX22,Agomelatine,fin/swe
N06AX23,Desvenlafaxine,fin/swe
N06AX24,Vilazodone,fin/swe
N06AX25,Hyperici herba,fin/swe
N06AX26,Vortioxetine,fin/swe
N06AX27,Esketamine,fin/swe
N06AX28,Levomilnacipran,fin/swe
N06BA,Centrally acting sympathomimetics,est/swe/lat/ice/den
N06BA01,Amfetamine,fin/swe
N06BA02,Dexamfetamine,fin/swe
N06BA03,Metamfetamine,fin/swe
N06BA04,Methylphenidate,fin/swe
N06BA05,Pemoline,fin/swe
N06BA06,Fencamfamin,fin/swe
N06BA07,Modafinil,fin/swe
N06BA08,Fenozolone,fin/swe
N06BA09,Atomoxetine,fin/swe
N06BA10,Fenetylline,fin/swe
N06BA11,Dexmethylphenidate,fin/swe
N06BA12,Lisdexamfetamine,fin/swe
N06BA13,Armodafinil,fin/swe
N06BA14,Solriamfetol,fin/swe
N06BC,Xanthine derivatives,est/swe/lat/ice/den
N06BC01,Caffeine,fin/swe
N06BC02,Propentofylline,fin/swe
N06BX,Other psychostimulants and nootropics,est/swe/lat/ice/den
N06BX01,Meclofenoxate,fin/swe
N06BX02,Pyritinol,fin/swe
N06BX03,Piracetam,fin/swe
N06BX04,Deanol,fin/swe
N06BX05,Fipexide,fin/swe
N06BX06,Citicoline,fin/swe
N06BX07,Oxiracetam,fin/swe
N06BX08,Pirisudanol,fin/swe
N06BX09,Linopirdine,fin/swe
N06BX10,Nizofenone,fin/swe
N06BX11,Aniracetam,fin/swe
N06BX12,Acetylcarnitine,fin/swe
N06BX13,Idebenone,fin/swe
N06BX14,Prolintane,fin/swe
N06BX15,Pipradrol,fin/swe
N06BX16,Pramiracetam,fin/swe
N06BX17,Adrafinil,fin/swe
N06BX18,Vinpocetine,fin/swe
N06BX21,Temgicoluril,fin/swe
N06BX22,Phenibut,fin/swe
N06CA,Antidepressants in combination with psycholeptics,est/swe/lat/ice/den
N06CA01,Amitriptyline and psycholeptics,fin/swe
N06CA02,Melitracen and psycholeptics,fin/swe
N06CA03,Fluoxetine and psycholeptics,fin/swe
N06CB,Psychostimulants in combination with psycholeptics,est/swe/lat/ice/den
N06DA,Anticholinesterases,est/swe/lat/ice/den
N06DA01,Tacrine,fin/swe
N06DA02,Donepezil,fin/swe
N06DA03,Rivastigmine,fin/swe
N06DA04,Galantamine,fin/swe
N06DA05,Ipidacrine,fin/swe
N06DA52,Donepezil and memantine,fin/swe
N06DA53,"Donepezil, memantine and Ginkgo folium",fin/swe
N06DX,Other anti-dementia drugs,est/swe/lat/ice/den
N06DX01,Memantine,fin/swe
N06DX02,Ginkgo folium,fin/swe
N06DX03,Aducanumab,fin/swe
N06DX30,Combinations,fin/swe
N07AA,Anticholinesterases,est/swe/lat/ice/den
N07AA01,Neostigmine,fin/swe
N07AA02,Pyridostigmine,fin/swe
N07AA03,Distigmine,fin/swe
N07AA30,Ambenonium,fin/swe
N07AA51,"Neostigmine, combinations",fin/swe
N07AB,Choline esters,est/swe/lat/ice/den
N07AB01,Carbachol,fin/swe
N07AB02,Bethanechol,fin/swe
N07AX,Other parasympathomimetics,est/swe/lat/ice/den
N07AX01,Pilocarpine,fin/swe
N07AX02,Choline alfoscerate,fin/swe
N07AX03,Cevimeline,fin/swe
N07BA,Drugs used in nicotine dependence,est/swe/lat/ice/den
N07BA01,Nicotine,fin/swe
N07BA03,Varenicline,fin/swe
N07BA04,Cytisinicline,fin/swe
N07BB,Drugs used in alcohol dependence,est/swe/lat/ice/den
N07BB01,Disulfiram,fin/swe
N07BB02,Calcium carbimide,fin/swe
N07BB03,Acamprosate,fin/swe
N07BB04,Naltrexone,fin/swe
N07BB05,Nalmefene,fin/swe
N07BC,Drugs used in opioid dependence,est/swe/lat/ice/den
N07BC01,Buprenorphine,fin/swe
N07BC02,Methadone,fin/swe
N07BC03,Levacetylmethadol,fin/swe
N07BC04,Lofexidine,fin/swe
N07BC05,Levomethadone,fin/swe
N07BC06,Diamorphine,fin/swe
N07BC51,"Buprenorphine, combinations",fin/swe
N07CA,Antivertigo preparations,est/swe/lat/ice/den
N07CA01,Betahistine,fin/swe
N07CA02,Cinnarizine,fin/swe
N07CA03,Flunarizine,fin/swe
N07CA04,Acetylleucine,fin/swe
N07CA52,"Cinnarizine, combinations",fin/swe
N07XA,Gangliosides and ganglioside derivatives,est/swe/lat/ice/den
N07XX,Other nervous system drugs,est/swe/lat/ice/den
N07XX01,Tirilazad,fin/swe
N07XX02,Riluzole,fin/swe
N07XX03,Xaliproden,fin/swe
N07XX04,Sodium oxybate,fin/swe
N07XX05,Amifampridine,fin/swe
N07XX06,Tetrabenazine,est/fin/ice/lat/swe
N07XX07,Fampridine,fin/swe
N07XX08,Tafamidis,fin/swe
N07XX10,Laquinimod,fin/swe
N07XX11,Pitolisant,fin/swe
N07XX12,Patisiran,fin/swe
N07XX13,Valbenazine,fin/swe
N07XX14,Edaravone,fin/swe
N07XX15,Inotersen,fin/swe
N07XX16,Deutetrabenazine,fin/swe
N07XX17,Arimoclomol,fin/swe
N07XX18,Vutrisiran,swe
N07XX59,"Dextromethorphan, combinations",fin/swe
NADA1A,Cervical spine X-ray examination without contrast,swe/ice/den/fin/nor
NADA1E,Cervical spine X-ray examination with flexion,ice/fin
NADA2A,Thoracal spine X-ray examination without contrast,swe/ice/den/fin/nor
NADA3A,Lumbar spine X-ray examination without contrast,swe/ice/den/fin/nor
NADA3C,Lumbar spine X-ray examination with oblique projection,ice
NADA3E,Lumbar spine X-ray examination with flexion,ice/fin
NADA3F,Lumbar spine X-ray examination with load,ice
NADA3S,Lumbar spine X-ray examination in standing position,ice
NADA4A,Sacrum X-ray examination,swe/ice/den/fin/nor
NADA5A,Coccyx X-ray examination,ice/fin
NADA6A,Sacro-iliac joint X-ray examination,swe/ice/den/fin/nor
NADA6F,Sacro-iliac joint X-ray examination with load (Chamberlain),ice/fin
NADA7E,Scoliosis X-ray examination,swe/ice/den/fin
NADA7F,Other X-ray examination of spine with load,ice/fin
NADB8C,Discography with X-ray,ice/den
NADD1A,Cervical spine CT examination,swe/ice/fin
NADD2A,Thoracic spine CT examination,swe/ice/den/fin
NADD3A,Lumbar spine and sacrum CT examination,swe/ice/den/fin
NADD6A,CT of sacroiliac joints,swe/ice/fin
NADD8A,CT discography,ice/den/fin
NADD9A,Other or unspecified spine CT,ice/fin
NADE00,Ultrasound examination of (neonatal) spine,nor
NADG1B,Cervical spine MRI examination,swe/ice/den/fin
NADG2B,Thoracal spine MRI examination,swe/ice/den/fin
NADG3B,Lumbar spine MRI examination,swe/ice/den/fin
NADG6B,Sacro-iliac joint MRI examination,swe/ice/den/fin
NADG7B,Spine and spinal cord MRI examination,ice/den/fin/nor
NADG8B,Scoliosis MRI,fin
NAFA00,Photography of spine,fin
NAFA20,Rucktest,swe/ice
NAFX90,Back clinical examination,swe/ice
NAIA00,Cervical and thoracal spine and thorax isotope imaging,swe/ice
NAIA10,Lumbal spine isotope imaging,swe/ice
NAO001,Preoperative radiotherapy of spine,ice
NAO002,Radical radiotherapy of spine,ice
NAO003,Adjuvant radiotherapy of spine,ice
NAO004,Palliative radiotherapy of spine,ice
NAO029,Radiotherapy of local recidive of tumor of spine,ice
NAO049,Radiotherapy of methastasis in spine,ice
NAO090,Profylactive radiotherapy of spine,ice
NAO099,Other radiotherapy of spine,ice
NASA00,Exploration of soft tissue of spine or neck\ open,est/swe/lat/ice/den/fin/nor
NASA01,Exploration of spine or neck\ arthroscopic,est/swe/lat/ice/den/nor
NASA12,Exploration of joint of spine or neck\ open,est/swe/lat/ice/den/nor
NASA30,Biopsy of vertebra\ percutaneous,est/swe/lat/ice/den/fin/nor
NASA32,Biopsy of vertebra\ open,est/swe/lat/ice/fin/nor
NASB90,Replacement of nucleus bulbosus with prosthetic material,ice/fin
NASB92,Replacement of intervertebral disc with prosthesis,ice/fin
NASB99,Primary prosthetic replacement of joint of spine,est/swe/lat/ice/den/nor
NASC92,Reoperation of intervertebral disc prosthesis,ice/fin
NASC99,Secondary prosthetic replacement of joint of spine,est/swe/lat/ice/den/nor
NASE99,Operation on capsule or ligament of spine or neck\ unspecified,est/lat/ice/den/nor
NASF99,Operation on synovia or joint surface of spine or neck\ unspecified,est/lat/ice/den/nor
NASG09,Excision arthroplasty in spine,est/swe/lat/ice/den/nor
NASG19,Interposition arthroplasty in spine,est/swe/lat/ice/den/nor
NASG29,Other arthroplasty in spine without prosthetic replacement\ unspecified,est/swe/lat/ice/den/nor
NASG30,Interbody fusion of spine without fixation\ cervical spine,est/lat/ice/den/fin/nor
NASG32,Interbody fusion of spine without fixation\ thoracic spine,ice/fin/nor
NASG39,Interbody fusion of spine without fixation\ other and unspecified,est/swe/lat/ice/den/nor
NASG40,Anterior fusion of cervical spine with fixation,ice/fin
NASG42,Anterior fusion of thoracic spine with fixation,ice/fin
NASG43,"Anterior thoracic fusion of spine with fixation, more than 3 vertebraea",ice/fin
NASG44,Anterior fusion of lumbar spine with fixation,ice/fin
NASG46,"Posterior interbody fusion of lumbar spine, 2 vertebrae",ice/fin
NASG47,"Posterior interbody fusion of lumbar spine, more than 2 vertebrae",est/ice/fin
NASG49,Interbody fusion of spine with internal fixation\ other and unspecified,est/swe/lat/ice/den/nor
NASG59,Interbody fusion of spine with external fixation,est/swe/lat/ice/den/nor
NASG69,Interlaminary fusion of spine without fixation,est/swe/lat/ice/den/fin/nor
NASG70,Interlaminary fusion of cervical spine with or without fixation,ice/fin
NASG72,Posterior or lateral interlaminary fusion of thoracic spine with fixation\ 2-3 vertebraea,ice/fin
NASG73,Posterior or lateral interlaminary fusion of thoracic spine with fixation\ more than 3 vertebraea,ice/fin
NASG79,"Interlaminary fusion of spine with fixation, other or unspecified",est/swe/lat/ice/den/nor
NASG89,Unilateral intertransverse fusion of spine,est/swe/lat/ice/den
NASG90,Anterior and posterior fusion of thoracic spine,ice/fin
NASG91,Anterior and posterior fusion of lumbar spine,ice/fin
NASG96,Reconstruction of vertebra,ice/fin
NASG97,Total replacement of vertebra by reconstruction,ice/fin
NASG99,"Other excision, reconstruction or fusion of joints of spine\ unspecified",est/swe/lat/ice/den/fin/nor
NASH00,Reduction of dislocation of joint of spine\ closed,est/swe/lat/ice/den/fin/nor
NASH01,Reduction of dislocation of joint of spine\ arthroscopic,est/swe/lat/ice/den
NASH02,Reduction of dislocation of joint of spine\ open,est/swe/lat/ice/den/fin/nor
NASH10,Reduction of dislocation of prosthetic intervertebral disc,ice/fin
NASH20,Reduction of dislocation of joint prosthesis in spine\ closed,est/lat/ice/den
NASH21,Reduction of dislocation of joint prosthesis in spine\ arthroscopic,est/lat/ice/den
NASH22,Reduction of dislocation of joint prosthesis in spine\ open,est/lat/ice/den
NASH30,Freeing of adhesions of joint of spine\ closed,est/lat/ice/den
NASH31,Freeing of adhesions of joint of spine\ arthroscopic,est/lat/ice/den/nor
NASH32,Freeing of adhesions of joint of spine\ open,est/lat/ice/den/nor
NASH40,Removal of foreign or loose body from joint of spine\ closed,est/lat/ice
NASH41,Removal of foreign or loose body from joint of spine\ arthroscopic,est/lat/ice/den/nor
NASH42,Removal of foreign or loose body from joint of spine\ open,est/lat/ice/den/nor
NASH51,Excision of intraarticular exostosis or osteophyte of spine\ arthroscopic,est/lat/ice/den/nor
NASH52,Excision of intraarticular exostosis or osteophyte of spine\ open,est/lat/ice/den/nor
NASH60,Thoracoscopic removal of intervertebral disc,est/ice/fin
NASH67,Removal of extraforaminal disc prolapse,est/fin
NASH90,Other operation on joint of spine\ closed,est/swe/lat/ice/den/nor
NASH91,Other operation on joint of spine\ arthroscopic,est/swe/lat/ice/den/nor
NASH92,Other operation on joint of spine\ open,est/swe/lat/ice/den/nor
NASJ09,Closed reduction of fracture of spine,est/swe/lat/ice/den/fin/nor
NASJ10,Anterior reduction of fracture of cervical spine,ice/fin
NASJ11,Posterior reduction of fracture of cervical spine,ice/fin
NASJ12,Anterior reduction of fractrue of thoracic spine,ice/fin
NASJ13,Posterior reduction of fractrue of thoracic spine,ice/fin
NASJ14,Anterior reduction of fractrue of lumbar spine,ice/fin
NASJ15,Posterior reduction of fractrue of lumbar spine,ice/fin
NASJ19,Open reduction of fracture of spine,est/swe/lat/ice/den/nor
NASJ29,External fixation of fracture of spine,est/swe/lat/ice/den/nor
NASJ39,Internal fixation of fracture of spine using bioimplant,est/swe/lat/ice/den/nor
NASJ49,"Internal fixation of fracture of spine using wire, rod, cerclage or pin",est/swe/lat/ice/den/nor
NASJ69,Internal fixation of fracture of spine using plate and screws,est/swe/lat/ice/den/nor
NASJ79,Internal fixation of fracture of spine using screws alone,est/swe/lat/ice/den/nor
NASJ89,Internal fixation of fracture of spine using other or combined methods,est/swe/lat/ice/den/nor
NASJ99,Other fracture surgery of spine,est/swe/lat/ice/den/fin/nor
NASK09,Excision of fragment of vertebra,est/swe/lat/ice/den/nor
NASK19,Partial or total excision of vertebra,est/swe/lat/ice/den/fin/nor
NASK29,Fenestration or forage of vertebra,est/swe/lat/ice/den/fin/nor
NASK39,Curettage of cyst of vertebra,est/swe/lat/ice/den/nor
NASK48,Percutaneous vertebroplasty,den/fin/nor
NASK49,Vertebroplasty,est/swe/lat/ice/fin
NASK99,Other operation on vertebra,est/swe/lat/ice/den/fin/nor
NASL09,Freeing of muscle of spine or neck,est/swe/lat/ice/den/nor
NASL19,Suture or plastic repair of muscle of spine or neck,est/swe/lat/ice/den/nor
NASL20,Suture or plastic repair of muscle or sene of spine or neck,ice/den/fin
NASL29,Transposition of muscle of spine or neck,est/swe/lat/ice/den/nor
NASL39,Myotomy or tenotomy of spine or neck with or without excision,est/swe/lat/ice/den/fin/nor
NASL99,Other operation on muscle or tendon of spine or neck,est/swe/lat/ice/den/fin/nor
NASM09,Fasciotomy of spine or neck,est/swe/lat/ice/den/nor
NASM19,Partial or total excision of fascia of spine or neck,est/swe/lat/ice/den/nor
NASM29,Suture of fascia of spine or neck,est/swe/lat/ice/den/nor
NASM39,Excision of synovial ganglion of spine or neck,est/swe/lat/ice/den/nor
NASM79,Excision of bursa of spine or neck,est/swe/lat/ice/den/nor
NASM99,"Other operation on fascia, ganglion or bursa of spine or neck",est/swe/lat/ice/den/fin/nor
NASN09,Autograft of bone in spine,est/swe/lat/ice/den/nor
NASN19,Allograft of bone in spine,est/swe/lat/ice/den/nor
NASN29,Xenograft of bone in spine,est/swe/lat/ice/den/nor
NASN49,"Transplantation of cartilage, periosteum or fascia in spine",est/swe/lat/ice/den/nor
NASN99,Other transplantation in spine,est/swe/lat/ice/den/nor
NASR09,Incomplete excision of soft tissue tumour of spine,est/swe/lat/ice/den/fin/nor
NASR19,Complete excision of soft tissue tumour of spine,est/swe/lat/ice/den/nor
NASR29,Extended excision of soft tissue tumour of spine,est/swe/lat/ice/den/fin/nor
NASR39,Block excision of soft tissue tumour of spine,est/swe/lat/ice/den/nor
NASR49,Incomplete excision of tumour of bone or cartilage of spine,est/swe/lat/ice/den/fin/nor
NASR59,Complete excision of tumour of bone or cartilage of spine,est/swe/lat/ice/den/nor
NASR69,Extended excision of tumour of bone or cartilage of spine,est/swe/lat/ice/den/fin/nor
NASR79,Block excision of tumour of bone or cartilage of spine,est/swe/lat/ice/den/nor
NASR99,Other operation for tumour of spine,est/swe/lat/ice/den/fin/nor
NASS19,Incision and debridement of infection of joint of spine,est/swe/lat/ice/den/fin/nor
NASS29,Incision and debridement of infection of vertebra,est/swe/lat/ice/den/fin/nor
NASS49,Incision and debridement of infection of joint of spine with introduction of therapeutic agent,est/swe/lat/ice/den/nor
NASS59,Incision and debridement of infection of vertebra with introduction of therapeutic agent,est/swe/lat/ice/den/nor
NASS69,Incision and debridement of infection of tendon or disc of spine,est/swe/lat/ice/den/nor
NASS99,"Other operation for infection of tendon, joint, disc or bone of spine",est/swe/lat/ice/den/fin/nor
NAST00,Traction of spine using device fixated at skull,ice/fin
NAST01,Traction of spine using external correctional instrument,ice/fin
NAST10,Anterior traction of spine using internal correctional instrument,est/swe/lat/ice/den/fin/nor
NAST20,Posterior traction of spine using internal correctional instrument,est/swe/lat/ice/den/fin/nor
NAST30,Reinsertion and tuning of internal fixation device,ice/fin
NAST50,Removal of foreign body from tissue of spine or neck,est/swe/lat/ice/den/fin/nor
NAST99,Other operation on spine,est/swe/lat/ice/den/fin/nor
NASU29,Removal of prosthesis from joint of spine or neck\ unspecified,est/lat/ice/den
NASU39,Removal of external fixation device from spine or neck,est/swe/lat/ice/den/fin/nor
NASU49,Removal of internal fixation device from spine or neck,est/swe/lat/ice/den/fin/nor
NASU89,Removal of therapeutic implant in treatment of infection of spine or neck,est/swe/lat/ice/den/nor
NASU99,Removal of other implant from spine or neck,est/swe/lat/ice/den/fin/nor
NASW10,Reoperation for superficial infection in in surgery of spine or neck,ice/fin
NASW49,Repair of wound dehiscence in surgery of spine or neck,est/swe/lat/ice/den/fin/nor
NASW59,Reoperation for superficial infection in surgery of spine or neck,est/swe/lat/ice/den/nor
NASW69,Reoperation for deep infection in surgery of spine or neck,est/swe/lat/ice/den/nor
NASW79,Reoperation for superficial haemorrhage in surgery of spine or neck,est/swe/lat/ice/den/nor
NASW89,Reoperation for deep haemorrhage in surgery of spine or neck,est/swe/lat/ice/den/nor
NASW99,Other reoperation in surgery of spine or neck,est/swe/lat/ice/den/fin/nor
NAXA00,Heat coagulation of vertebral lesion,ice/fin/nor
NAXT60,Manipulation of the spine,ice/fin
NAXT6C,Sacro-iliac joint injection,ice/fin
NAXT7B,Injection to spinal facet joint with radiological guidance,ice/fin
NAXT7F,Labeling lesion in spinal area with X-ray guidance,ice/fin
NAXT7K,Percutaneous cyfoplasty,ice/fin
NAXX00,Puncture or needle biopsy of soft tissue\ spine and neck,est/swe/lat/ice/den/fin/nor
NAXX01,Needle biopsy for cytology\ spine and neck,ice/fin/nor
NAXX05,Simple incision of soft tissue\ spine and neck,est/swe/lat/ice/den/fin/nor
NAXX10,Arthrocentesis\ spine and neck,est/swe/lat/ice/den/fin/nor
NAXX11,Injection of diagnostic or therapeutic substance into joint\ spine and neck,est/swe/lat/ice/den/fin/nor
NAXX30,Soft bandage\ spine and neck,est/swe/lat/ice/fin
NAXX31,Prefabricated orthosis\ spine and neck,est/swe/lat/ice/den/fin/nor
NAXX32,Custom moulded splint\ spine and neck,est/swe/lat/ice/den/fin
NAXX33,Custom moulded cast\ spine and neck,est/swe/lat/ice/den/fin
NAXX34,Major custom moulded cast\ spine and neck,est/swe/lat/ice/fin/nor
NAXX39,Other orthopedic bandage\ spine and neck,est/swe/lat/ice/fin/nor
NAXX40,External traction\ spine and neck,est/swe/lat/ice/den/fin/nor
NAXX50,Implantation of skeletal marker\ spine and neck,est/swe/lat/ice/den/fin/nor
NAXX60,Adjustment of corset or other aid supporting spine,ice
NAXX80,Vertebral morphometry,fin
NBDA1A,Shoulder X-ray examination without contrast,ice/den/fin/nor
NBDA1D,Bilateral shoulder examination without contrast,ice
NBDA3A,Clavicle X-ray examination,swe/ice/den/fin/nor
NBDA3D,Bilateral clavicle X-ray examination,ice
NBDA4A,Scapula X-ray examination,swe/ice/den/fin
NBDA4D,Bilateral scapula X-ray examination,ice/nor
NBDA50,Sternoclavicular joint X-ray examination without contrast,swe/ice
NBDA5A,Acromio-clavicular joint X-ray examination without contrast,swe/ice/den/fin
NBDA5E,Acromio-clavicular joint X-ray examination with load,ice/fin
NBDA6A,Humerus X-ray examination,swe/ice/den/fin/nor
NBDA6D,Bilateral humerus X-ray examination,ice
NBDB1C,Shoulder artrography with X-ray,ice
NBDD1A,Shoulder CT examination,swe/ice/den/fin
NBDD6A,Upper arm CT,swe/ice/den/fin
NBDE1A,Shoulder ultrasound examination,swe/ice/den/fin/nor
NBDG1B,Shoulder and humerus MRI examination,swe/ice/den/fin
NBO001,Preoperative radiotherapy of upper extremity and shoulder,ice
NBO002,Radical radiotherapy of upper extremity and shoulder,ice
NBO003,Adjuvant radiotherapy of upper extremity and shoulder,ice
NBO004,Palliative radiotherapy of upper extremity and shoulder,ice
NBO029,Radiotherapy of local recidive of tumor of upper extremity and shoulder,ice
NBO049,Radiotherapy of methastasis in upper extremity or shoulder,ice
NBO090,Profylactic radiotherapy of upper extremity and shoulder,ice
NBO099,Other radiotherapy of upper extremity and shoulder,ice/nor
NBSA00,Exploration of shoulder or upper arm\ open,est/swe/lat/ice/den/fin/nor
NBSA01,Exploration of shoulder or upper arm\ arthroscopic,est/swe/lat/ice/den/fin/nor
NBSA12,Exploration of joint of shoulder or upper arm\ open,est/swe/lat/ice/den/nor
NBSA32,Biopsy of bone of shoulder or upper arm\ open,est/swe/lat/ice/den/nor
NBSB00,Primary partial prosthetic replacement of humero-scapular joint not using cement\ both parts,est/ice
NBSB01,Primary partial prosthetic replacement of humero-scapular joint not using cement\ single part - proximal,est/lat/ice/den
NBSB02,Primary partial prosthetic replacement of humero-scapular joint not using cement\ single part - distal,est/lat/ice/den/nor
NBSB09,Primary partial prosthetic replacement of humero-scapular joint not using cement\ other or unspecified,est/swe/lat/ice/den
NBSB10,Primary partial prosthetic replacement of humero-scapular joint using cement\ both parts,est/lat/ice
NBSB11,Primary partial prosthetic replacement of humero-scapular joint using cement\ single part - proximal,est/lat/ice/den
NBSB12,Primary partial prosthetic replacement of humero-scapular joint using cement\ single part - distal,est/lat/ice/den/nor
NBSB15,Primary bipolar prosthetic replacement of humero-scapular joint,ice/fin
NBSB19,Primary partial prosthetic replacement of humero-scapular joint using cement\ other or unspecified,est/swe/lat/ice/den/fin
NBSB20,Primary total prosthetic replacement of humero-scapular joint not using cement,est/swe/lat/ice/den/nor
NBSB30,Primary total prosthetic replacement of humero-scapular joint using hybrid technique,est/swe/lat/ice/den/nor
NBSB40,Primary total prosthetic replacement of humero-scapular joint using cement,est/swe/lat/ice/den/nor
NBSB59,Primary implantation of interposition prosthesis in humero-scapular joint,est/lat/ice/den/nor
NBSB80,Primary prosthetic replacement of acromio- or sternoclavicular joint\ both parts,est/lat/ice/den
NBSB81,Primary prosthetic replacement of acromio- or sternoclavicular joint\ single part - proximal,est/lat/ice/den
NBSB82,Primary prosthetic replacement of acromio- or sternoclavicular joint\ single part - distal,est/lat/ice/den
NBSB89,Primary prosthetic replacement of acromio- or sternoclavicular joint\ other or unspecified,est/lat/ice/den
NBSB99,Primary total prosthetic replacement of humero-scapular joint,est/swe/lat/ice/den/fin/nor
NBSC00,Secondary implantation of partial prosthesis in humero-scapular joint not using cement\ both parts,est/lat/ice
NBSC01,Secondary implantation of partial prosthesis in humero-scapular joint not using cement\ single part - proximal,est/lat/ice/den/nor
NBSC02,Secondary implantation of partial prosthesis in humero-scapular joint not using cement\ single part - distal,est/lat/ice/den/nor
NBSC09,Secondary implantation of partial prosthesis in humero-scapular joint not using cement\ other or unspecified,est/swe/lat/ice/den
NBSC10,Secondary implantation of partial prosthesis in humero-scapular joint using cement\ both parts,est/lat/ice
NBSC11,Secondary implantation of partial prosthesis in humero-scapular joint using cement\ single part - proximal,est/lat/ice/den/nor
NBSC12,Secondary implantation of partial prosthesis in humero-scapular joint using cement\ single part - distal,est/lat/ice/den/nor
NBSC19,Secondary implantation of partial prosthesis in humero-scapular joint using cement\ other or unspecified,est/swe/lat/ice/den
NBSC20,Secondary implantation of total prosthesis in humero-scapular joint not using cement\ both parts,est/lat/ice/den/nor
NBSC21,Secondary implantation of partial prosthesis in humeroscapular joint\ single part – proximal,est/lat/ice/den/fin
NBSC22,Secondary implantation of total prosthesis in humero-scapular joint not using cement\ single part - distal,est/lat/ice/den
NBSC29,Secondary implantation of total prosthesis in humero-scapular joint not using cement\ other or unspecified,est/swe/lat/ice/den
NBSC30,Secondary implantation of total prosthesis in humero-scapular joint using hybrid technique\ both parts,est/lat/ice/den/nor
NBSC31,Secondary implantation of total prosthesis in humero-scapular joint using hybrid technique\ single part - proxim,est/lat/ice/den
NBSC32,Secondary implantation of partial prosthesis in humeroscapular joint\ single part – distal,est/lat/ice/den/fin
NBSC39,Secondary implantation of total prosthesis in humero-scapular joint using hybrid technique\ other or unspecified,est/swe/lat/ice/den
NBSC40,Secondary implantation of total prosthesis in humero-scapular joint using cement\ both parts,est/lat/ice/den/fin/nor
NBSC41,Secondary implantation of total prosthesis in humero-scapular joint using cement\ single part - proximal,est/lat/ice/den
NBSC42,Secondary implantation of total prosthesis in humero-scapular joint using cement\ single part - distal,est/lat/ice/den
NBSC49,Secondary implantation of total prosthesis in humero-scapular joint using cement\ other or unspecified,est/swe/lat/ice/den
NBSC59,Secondary implantation of interposition prosthesis in humero-scapular joint,est/lat/ice/den/nor
NBSC80,Secondary prosthetic replacement in acromio- or sternoclavicular joint\ both parts,est/lat/ice/den
NBSC81,Secondary prosthetic replacement in acromio- or sternoclavicular joint\ single part - proximal,est/lat/ice/den
NBSC82,Secondary prosthetic replacement in acromio- or sternoclavicular joint\ single part - distal,est/lat/ice/den
NBSC89,Secondary prosthetic replacement in acromio- or sternoclavicular joint\ other or unspecified,est/lat/ice/den
NBSC99,Other secondary prosthetic replacement in joint of shoulder,est/swe/lat/ice/den/nor
NBSE01,Incision or suture of capsule of joint of shoulder\ arthroscopic,est/swe/lat/ice/den/fin/nor
NBSE02,Incision or suture of capsule of joint of shoulder\ open,est/swe/lat/ice/den/fin/nor
NBSE11,Transcision or excision of ligament of shoulder\ arthroscopic,est/swe/lat/ice/den/nor
NBSE12,Transcision or excision of ligament of shoulder\ open,est/swe/lat/ice/den/nor
NBSE21,Suture or reinsertion of ligament of shoulder\ arthroscopic,est/swe/lat/ice/den/fin/nor
NBSE22,Suture or reinsertion of ligament of shoulder\ open,est/swe/lat/ice/den/fin/nor
NBSE31,Transposition of ligament of shoulder\ arthroscopic,est/swe/lat/ice/den/fin/nor
NBSE32,Transposition of ligament of shoulder\ open,est/swe/lat/ice/den/fin/nor
NBSE41,Plastic repair of ligament of shoulder not using prosthetic material\ arthroscopic,est/swe/lat/ice/den/fin/nor
NBSE42,Plastic repair of ligament of shoulder not using prosthetic material\ open,est/swe/lat/ice/den/fin/nor
NBSE51,Plastic repair of ligament of shoulder using prosthetic material\ arthroscopic,est/swe/lat/ice/den/nor
NBSE52,Plastic repair of ligament of shoulder using prosthetic material\ open,est/swe/lat/ice/den/nor
NBSE70,Repair of ligament of acromioclavicular joint,ice/fin
NBSE72,Repair of ligament of sternoclavicular joint,ice/fin
NBSE91,Other operation on capsule or ligament of joint of shoulder\ arthroscopic,est/swe/lat/ice/den/nor
NBSE92,Other operation on capsule or ligament of joint of shoulder\ open,est/swe/lat/ice/den/fin/nor
NBSF01,Total humero-scapular synovectomy\ arthroscopic,est/swe/lat/ice/den/nor
NBSF02,Total humero-scapular synovectomy\ open,est/swe/lat/ice/den/nor
NBSF09,Total humero-scapular synovectomy\ unspecified,est/ice
NBSF11,Partial humero-scapular synovectomy\ arthroscopic,est/swe/lat/ice/den/fin/nor
NBSF12,Partial humero-scapular synovectomy\ open,est/swe/lat/ice/den/fin/nor
NBSF19,Partial humero-scapular synovectomy\ unspecified,est/ice
NBSF20,Fixation of fragment of surface of humero-scapular joint\ percutaneous,swe
NBSF21,Fixation of fragment of surface of humero-scapular joint\ arthroscopic,est/swe/lat/ice/den/fin/nor
NBSF22,Fixation of fragment of surface of humero-scapular joint\ open,est/swe/lat/ice/den/fin/nor
NBSF29,Fixation of fragment of surface of humero-scapular joint\ unspecified,est/ice
NBSF31,Partial excision of humero-scapular joint cartilage\ arthroscopic,est/swe/lat/ice/den/nor
NBSF32,Partial excision of humero-scapular joint cartilage\ open,est/swe/lat/ice/den/fin/nor
NBSF39,Partial excision of humero-scapular joint cartilage\ unspecified,est/ice
NBSF40,Repair of humeroscapular joint cartilage,ice/fin
NBSF91,Other operation on synovia or joint surface of shoulder\ arthroscopic,est/swe/lat/ice/den/nor
NBSF92,Other operation on synovia or joint surface of shoulder\ open,est/swe/lat/ice/den/fin/nor
NBSF99,Other operation on synovia or joint surface of shoulder\ unspecified,est/ice
NBSG00,Humeroscapular excision arthroplasty,est/swe/lat/ice/den/fin/nor
NBSG02,Humeroscapular interposition arthroplasty,est/swe/lat/ice/den/nor
NBSG06,Other humero-scapular arthroplasty without prosthetic replacement,est/swe/lat/ice/nor
NBSG10,Acromioclavicular arthroplasty,ice/fin
NBSG14,Acromioplasty,ice/fin
NBSG16,"Acromioplasty, arthroscopic",ice/fin
NBSG18,Sternoclavicular arthroplasty,ice/fin
NBSG30,Humeroscapular fusion,ice/den/fin
NBSG39,Fusion of joint of shoulder without fixation,est/swe/lat/ice/den/nor
NBSG49,Fusion of joint of shoulder with internal fixation,est/swe/lat/ice/den/nor
NBSG59,Fusion of joint of shoulder with external fixation,est/swe/lat/ice/den/nor
NBSG99,"Other excision, reconstruction or fusion of joint of shoulder",est/swe/lat/ice/den/fin/nor
NBSH00,Reduction of dislocation of humeroscapular joint\ closed,est/swe/lat/ice/den/fin/nor
NBSH01,Reduction of dislocation of humero-scapular joint\ arthroscopic,est/swe/lat/ice/den
NBSH02,Reduction of dislocation of humeroscapular joint\ open,est/swe/lat/ice/den/fin/nor
NBSH10,Reduction of dislocation of acromioclavicular joint\ closed,est/swe/lat/ice/den/nor
NBSH11,Reduction of dislocation of acromioclavicular joint\ arthroscopic,est/swe/lat/ice/den
NBSH12,Reduction of dislocation of acromioclavicular joint\ open,est/swe/lat/ice/den/nor
NBSH20,Reduction of dislocation of prosthesis of humero-scapular joint\ closed,est/swe/lat/ice/den/nor
NBSH21,Reduction of dislocation of prosthesis of humero-scapular joint\ arthroscopic,est/swe/lat/ice/den
NBSH22,Reduction of dislocation of prosthesis of humero-scapular joint\ open,est/swe/lat/ice/den/nor
NBSH30,Freeing of adhesions of humero-scapular region\ closed,est/swe/lat/ice/den/fin
NBSH31,Freeing of adhesions of humero-scapular region\ arthroscopic,est/swe/lat/ice/den/nor
NBSH32,Freeing of adhesions of humero-scapular region\ open,est/swe/lat/ice/den/fin/nor
NBSH39,Freeing of adhesions of humero-scapular region\ unspecified,est/ice
NBSH40,Removal of foreign or loose body from humero-scapular joint\ closed,est/swe/lat/ice
NBSH41,Removal of foreign or loose body from humero-scapular joint\ arthroscopic,est/swe/lat/ice/den/nor
NBSH42,Removal of foreign or loose body from humero-scapular joint\ open,est/swe/lat/ice/den/nor
NBSH49,Removal of foreign or loose body from humero-scapular joint\ unspecified,est/ice
NBSH51,Excision of intraarticular exostosis or osteophyte of humero-scapular jont\ arthroscopic,est/swe/lat/ice/den/nor
NBSH52,Excision of intraarticular exostosis or osteophyte of humero-scapular jont\ open,est/swe/lat/ice/den/nor
NBSH59,Excision of intraarticular exostosis or osteophyte of humero-scapular jont\ unspecified,est/ice
NBSH71,Operation for habitual dislocation of humero-scapular joint\ arthroscopic,est/swe/lat/ice/den/nor
NBSH72,Operation for habitual dislocation of humero-scapular joint\ open,est/swe/lat/ice/den/nor
NBSH79,Operation for habitual dislocation of humero-scapular joint\ unspecified,est/ice
NBSH90,Other operation on joint of shoulder\ closed,est/swe/lat/ice/den/nor
NBSH91,Other operation on joint of shoulder\ arthroscopic,est/swe/lat/ice/den/fin/nor
NBSH92,Other operation on joint of shoulder\ open,est/swe/lat/ice/den/fin/nor
NBSH99,Other operation on joint of shoulder\ unspecified,est/ice
NBSJ01,Closed reduction of fracture of shoulder or upper arm\ humerus,est/lat/ice/den/fin/nor
NBSJ02,Closed reduction of fracture of shoulder or upper arm\ clavicle,est/lat/ice/den/fin/nor
NBSJ03,Closed reduction of fracture of shoulder or upper arm\ scapula,est/lat/ice/den/fin/nor
NBSJ09,Closed reduction of fracture of shoulder or upper arm - upspecified,swe/ice
NBSJ11,Open reduction of fracture of shoulder or upper arm\ humerus,est/lat/ice/den
NBSJ12,Open reduction of fracture of shoulder or upper arm\ clavicle,est/lat/ice/den/fin/nor
NBSJ13,Open reduction of fracture of shoulder or upper arm\ scapula,est/lat/ice/den/fin/nor
NBSJ19,"Open reduction of fracture of shoulder or upper arm, undefined",swe/ice
NBSJ21,External fixation of fracture of shoulder or upper arm\ humerus,est/lat/ice/den/fin/nor
NBSJ22,External fixation of fracture of shoulder or upper arm\ clavicle,est/lat/ice/den/nor
NBSJ23,External fixation of fracture of shoulder or upper arm\ scapula,est/lat/ice/den/nor
NBSJ29,External fixation of fracture of shoulder or upper arm,swe/ice
NBSJ31,Internal fixation of fracture of shoulder or upper arm using bioimplant\ humerus,est/lat/ice/den/nor
NBSJ32,Internal fixation of fracture of shoulder or upper arm using bioimplant\ clavicle,est/lat/ice/den/nor
NBSJ33,Internal fixation of fracture of shoulder or upper arm using bioimplant\ scapula,est/lat/ice/den/nor
NBSJ39,Osteosyntes av fraktur i axel eller ”verarm med bioimplantat,swe/ice
NBSJ41,"Internal fixation of fracture of shoulder or upper arm using wire, rod, cerclage or pin\ humerus",est/lat/ice/den/fin/nor
NBSJ42,"Internal fixation of fracture of shoulder or upper arm using wire, rod, cerclage or pin\ clavicle",est/lat/ice/den/nor
NBSJ43,"Internal fixation of fracture of shoulder or upper arm using wire, rod, cerclage or pin\ scapula",est/lat/ice/den/nor
NBSJ49,"Internal fixation of fracture of shoulder or upper arm using wire, rod, cerclage or pin",swe/ice
NBSJ51,Internal fixation of fracture of shoulder or upper arm using intramedullary nail\ humerus,est/lat/ice/den/fin/nor
NBSJ52,Internal fixation of fracture of shoulder or upper arm using intramedullary nail\ clavicle,est/lat/ice/den/nor
NBSJ53,Internal fixation of fracture of shoulder or upper arm using intramedullary nail\ scapula,est/lat/ice
NBSJ59,Internal fixation of fracture of shoulder or upper arm using intramedullary nail,swe/ice
NBSJ61,Internal fixation of fracture of shoulder or upper arm using plate and screws\ humerus,est/lat/ice/den/nor
NBSJ62,Internal fixation of fracture of shoulder or upper arm using plate and screws\ clavicle,est/lat/ice/den/nor
NBSJ63,Internal fixation of fracture of shoulder or upper arm using plate and screws\ scapula,est/lat/ice/den/nor
NBSJ64,"Internal fixation of fracture of shoulder or upper arm using wire, rod, cerclage or pin\ humerus",ice/fin
NBSJ69,Internal fixation of fracture of shoulder or upper arm using plate and screws,swe/ice
NBSJ71,Internal fixation of fracture of shoulder or upper arm using screws alone\ humerus,est/lat/ice/den/nor
NBSJ72,Internal fixation of fracture of shoulder or upper arm using screws alone\ clavicle,est/lat/ice/den/nor
NBSJ73,Internal fixation of fracture of shoulder or upper arm using screws alone\ scapula,est/lat/ice/den/nor
NBSJ79,Internal fixation of fracture of shoulder or upper arm using screws alone\ unspecified,swe/ice
NBSJ81,Internal fixation of fracture of shoulder or upper arm using other or combined methods\ humerus,est/lat/ice/den/nor
NBSJ82,Internal fixation of fracture of shoulder or upper arm using other or combined methods\ clavicle,est/lat/ice/den/nor
NBSJ83,Internal fixation of fracture of shoulder or upper arm using other or combined methods\ scapula,est/lat/ice/den/nor
NBSJ84,Refixation of fracture of shoulder or upper arm,ice/fin
NBSJ86,Late operation of shoulder or upper arm to promote bone formation,ice/fin
NBSJ89,Internal fixation of fracture of shoulder or upper arm using other or combined methods,swe/ice
NBSJ91,Other fracture surgery of shoulder or upper arm\ humerus,est/lat/ice/den/fin/nor
NBSJ92,Other fracture surgery of shoulder or upper arm\ clavicle,est/lat/ice/den/fin/nor
NBSJ93,Other fracture surgery of shoulder or upper arm\ scapula,est/lat/ice/den/fin/nor
NBSJ99,Other fracture surgery of shoulder or upper arm\ unspecified part,swe/ice
NBSK01,Excision of fragment of bone of shoulder or upper arm\ humerus,est/lat/ice/den/fin/nor
NBSK02,Excision of fragment of bone of shoulder or upper arm\ clavicle,est/lat/ice/den/fin/nor
NBSK03,Excision of fragment of bone of shoulder or upper arm\ scapula,est/lat/ice/den/fin/nor
NBSK11,Partial or total excision of bone of shoulder or upper arm\ humerus,est/lat/nor
NBSK12,Partial or total excision of bone of shoulder or upper arm\ clavicle,est/lat/nor
NBSK13,Partial or total excision of bone of shoulder or upper arm\ scapula,est/lat/nor
NBSK19,Other partial or total excision of bone of shoulder or upper arm,swe/ice
NBSK21,Fenestration or forage of bone of shoulder or upper arm\ humerus,est/lat/den/nor
NBSK22,Fenestration or forage of bone of shoulder or upper arm\ clavicle,est/lat/den/nor
NBSK23,Fenestration or forage of bone of shoulder or upper arm\ scapula,est/lat/den/nor
NBSK29,Fenestration or forage of bone of shoulder or upper arm,swe/ice
NBSK31,Curettage of cyst of bone of shoulder or upper arm\ humerus,est/lat/den/nor
NBSK32,Curettage of cyst of bone of shoulder or upper arm\ clavicle,est/lat/den/nor
NBSK33,Curettage of cyst of bone of shoulder or upper arm\ scapula,est/lat/den/nor
NBSK39,Curettage of cyst of bone of shoulder or upper arm,swe/ice
NBSK41,Epiphysiodesis of  humerus,est/lat/ice/den/fin/nor
NBSK49,Other epiphysiodesis of shoulder or upper arm,est/swe/lat/ice/den/nor
NBSK51,"Angulation, rotation or displacement osteotomy of shoulder or upper arm\ humerus",est/lat/ice/den/fin/nor
NBSK59,"Other angulation, rotation or displacement osteotomy of shoulder or upper arm",est/swe/lat/ice/den/nor
NBSK61,Shortening or lengthening osteotomy of shoulder or upper arm\ humerus,est/lat/ice/den/fin/nor
NBSK69,Other shortening or lengthening osteotomy of shoulder or upper arm,est/swe/lat/ice/den/nor
NBSK71,Bone transport operation of shoulder or upper arm\ humerus,est/lat/ice/den/fin/nor
NBSK79,Other bone transport operation of shoulder or upper arm,est/swe/lat/ice/den/nor
NBSK81,Traction lengthening of epiphyseal plate of shoulder or upper arm\ humerus,est/lat/ice/den/fin/nor
NBSK89,Other traction lengthening of epiphyseal plate of shoulder or upper arm,est/swe/lat/ice/den
NBSK91,Other operation on bone of shoulder or upper arm\ humerus,est/lat/ice/den/fin/nor
NBSK92,Other operation on bone of shoulder or upper arm\ clavicle,est/lat/ice/den/fin/nor
NBSK93,Other operation on bone of shoulder or upper arm\ scapula,est/lat/ice/den/fin/nor
NBSK99,Other operation on unspecified bone of shoulder or upper arm,swe/ice
NBSL00,Suture or reinsertation of rotator cuff of shoulder,ice/fin
NBSL02,Transposition of autograft muscle to rotator cuff of shoulder,ice
NBSL04,Transposition of allograft muscle to rotator cuff of shoulder,ice
NBSL05,Arthroscopic suture or reinsertation of rotator cuff of shoulder,est/fin
NBSL09,Freeing of muscle of shoulder or upper arm,est/swe/lat/ice/den/nor
NBSL19,Suture or plastic repair of muscle of shoulder or upper arm,est/swe/lat/ice/den/nor
NBSL29,Transposition of muscle of shoulder or upper arm,est/swe/lat/ice/den/nor
NBSL39,Myotomy or tenotomy of shoulder or upper arm with or without excision,est/swe/lat/ice/den/fin/nor
NBSL49,Repair of tendon of shoulder or upper arm by suture or transplant,est/swe/lat/ice/den/fin/nor
NBSL59,Tenolysis or tenosynovectomy of shoulder or upper arm,est/swe/lat/ice/den/fin/nor
NBSL68,"Transposition, tenodesis, shortening or lengthening of tendon of shoulder or upper arm",est/swe/lat/ice/den/fin/nor
NBSL99,Other operation on muscle or tendon of shoulder or upper arm,est/swe/lat/ice/den/fin/nor
NBSM09,Fasciotomy of shoulder or upper arm,est/swe/lat/ice/den/fin/nor
NBSM19,Partial or total excision of fascia of shoulder or upper arm,est/swe/lat/ice/den/nor
NBSM29,Suture of fascia of shoulder or upper arm,est/swe/lat/ice/den/nor
NBSM39,Excision av ganglion i axel eller ”verarm,swe/ice
NBSM49,Division of fascia of shoulder or upper arm,swe/ice
NBSM59,Partial excision of fascia of shoulder or upper arm,swe/ice
NBSM79,Excision of bursa of shoulder or upper arm,est/swe/lat/ice/den/fin/nor
NBSM99,"Other operation on fascia, ganglion or bursa of shoulder or upper arm",est/swe/lat/ice/den/fin/nor
NBSN90,Use of transplant in shoulder or upper arm,est/swe/lat/ice/den/fin/nor
NBSP29,Replantation of upper extremity above elbow,est/swe/lat/ice/den/fin/nor
NBSQ01,Amputation or exarticulation in shoulder or upper arm\ interthoracoscapular,est/swe/lat/ice/den/fin/nor
NBSQ02,Amputation or exarticulation in shoulder or upper arm\ humeroscapular,est/swe/lat/ice/den/nor
NBSQ03,Amputation or exarticulation in shoulder or upper arm\ in upper arm,est/swe/lat/ice/den/nor
NBSQ08,Amputation or exarticulation in shoulder or upper arm\ other or unspecified,est/lat/ice/nor
NBSQ20,Amputation in upper arm,ice/fin
NBSQ29,Revision of amputation or exarticulation stump in shoulder or upper arm,est/swe/lat/ice/den/fin/nor
NBSQ34,Insertion of humeral implant to give form to the amputation stump,swe/fin/nor
NBSQ40,Insertion of bone-anchored transdermal humeral implant,swe/fin/nor
NBSQ99,Other amputation or related operation in shoulder or upper arm,est/swe/lat/ice/den/nor
NBSR09,Incomplete excision of soft tissue tumour of shoulder or upper arm,est/swe/lat/ice/den/nor
NBSR19,Complete excision of soft tissue tumour of shoulder or upper arm,est/swe/lat/ice/den/nor
NBSR29,Extended excision of soft tissue tumour of shoulder or upper arm,est/swe/lat/ice/den/nor
NBSR39,Block excision of soft tissue tumour of shoulder or upper arm,est/swe/lat/ice/den/nor
NBSR49,Incomplete excision of tumour of bone or cartilage of shoulder or upper arm,est/swe/lat/ice/den/fin/nor
NBSR59,Complete excision of tumour of bone or cartilage of shoulder or upper arm,est/swe/lat/ice/den/nor
NBSR69,Extended excision of tumour of bone or cartilage of shoulder or upper arm,est/swe/lat/ice/den/fin/nor
NBSR79,Block excision of tumour of bone or cartilage of shoulder or upper arm,est/swe/lat/ice/den/nor
NBSR89,Total excision of humerus with prosthetic replacement,est/swe/lat/ice
NBSR90,Fixation of upper arm to prevent pathological fracture,ice/fin
NBSR99,Other operation for tumour of shoulder or upper arm,est/swe/lat/ice/den/fin/nor
NBSS09,Incision and debridement of infection of tendon of shoulder or upper arm,est/swe/lat/ice/den/nor
NBSS19,Incision and debridement of infection of joint of shoulder,est/swe/lat/ice/den/fin/nor
NBSS29,Incision and debridement of infection of bone of shoulder or upper arm,est/swe/lat/ice/den/fin/nor
NBSS39,Incision and debridement of infection of tendon of shoulder or upper arm with introduction of therapeutic,est/swe/lat/ice/den/nor
NBSS49,Incision and debridement of infection of joint of shoulder with introduction of therapeutic agent,est/swe/lat/ice/den/nor
NBSS59,Incision and debridement of infection of bone of shoulder or upper arm with introduction of therapeutic substance,est/swe/lat/ice/den/nor
NBSS99,"Other operation for infection of tendon, joint or bone of shoulder or upper arm",est/swe/lat/ice/den/fin/nor
NBST39,"Correction of deformity of shoulder or upper arm using muscle, tendon or ligament",est/swe/lat/ice/den/nor
NBST49,Correction of deformity of shoulder or upper arm using external or internal fixation,est/swe/lat/ice/den/nor
NBST59,Removal of foreign body from tissue of shoulder or upper arm,est/swe/lat/ice/den/fin/nor
NBST99,Other operation on of shoulder or upper arm,est/swe/lat/ice/den/fin/nor
NBSU00,Removal of partial prosthesis from humero-scapular joint\ both parts,est/lat/ice
NBSU01,Removal of partial prosthesis from humero-scapular joint\ single part - proximal,est/lat/ice/den/nor
NBSU02,Removal of partial prosthesis from humero-scapular joint\ single part - distal,est/lat/ice/den/nor
NBSU03,Removal of partial prosthesis from humero-scapular joint\ single part - other,est/lat/ice
NBSU09,Removal of partial prosthesis from humero-scapular joint\ other or unspecified,est/swe/lat/ice/den
NBSU10,Removal of total prosthesis from humero-scapular joint\ both parts,est/lat/ice/den/nor
NBSU11,Removal of total prosthesis from humero-scapular joint\ single part - proximal,est/lat/ice/den/nor
NBSU12,Removal of total prosthesis from humero-scapular joint\ single part - distal,est/lat/ice/den/nor
NBSU13,Removal of total prosthesis from humero-scapular joint\ single part - other,est/lat/ice
NBSU19,Removal of prosthesis from shoulder,est/swe/lat/ice/den/fin
NBSU20,Removal of prosthesis from acromioclavicular joint\ both parts,est/lat/ice/den
NBSU21,Removal of prosthesis from acromioclavicular joint\ single part - proximal,est/lat/ice/den
NBSU22,Removal of prosthesis from acromioclavicular joint\ single part - distal,est/lat/ice/den
NBSU23,Removal of prosthesis from acromioclavicular joint\ single part - other,est/lat/ice
NBSU29,Removal of prosthesis from acromioclavicular joint\ other or unspecified,est/swe/lat/ice/den
NBSU39,Removal of external fixation device from shoulder or upper arm,est/swe/lat/ice/den/fin/nor
NBSU49,Removal of internal fixation device from shoulder or upper arm,est/swe/lat/ice/den/fin/nor
NBSU69,Removal of prosthetic ligament from shoulder or upper arm,est/swe/lat/ice/den/fin/nor
NBSU89,Removal of therapeutic implant in treatment of infection of shoulder or upper arm,est/swe/lat/ice/nor
NBSU99,Removal of other implant from shoulder or upper arm,est/swe/lat/ice/den/fin/nor
NBSW49,Repair of wound dehiscence in surgery of shoulder or upper arm,est/swe/lat/ice/den/fin/nor
NBSW59,Reoperation for superficial infection in surgery of shoulder or upper arm,est/swe/lat/ice/den/nor
NBSW69,Reoperation for deep infection in surgery of shoulder or upper arm,est/swe/lat/ice/den/fin/nor
NBSW79,Reoperation for superficial haemorrhage in surgery of shoulder or upper arm,est/swe/lat/ice/den/nor
NBSW89,Reoperation for deep haemorrhage in surgery of shoulder or upper arm,est/swe/lat/ice/den/nor
NBSW99,Other reoperation in surgery of shoulder or upper arm,est/swe/lat/ice/den/fin/nor
NBXA00,Heat coagulaation in upper arm,nor
NBXQ00,Adjustment of external prosthesis on shoulder or upper arm,lat/ice/den/nor
NBXT00,Forcible manipulation of humero-scapular joint,est/swe/lat/ice/den/fin/nor
NBXT05,Crushing of soft tissue calcifications in shoulder with ultrasound quidance,fin
NBXT10,Application of traction on humerus,ice/fin
NBXT1A,Puncture of shoulder with ultrasound guidance,ice/fin
NBXT1B,Shoulder puncture with X-ray guidance,ice/fin
NBXT2A,Intra artrial injection of shoulder with ultrasound guidance,ice/fin
NBXT2B,Intra artrial injection of shoulder with X-ray guidance,ice/fin
NBXX00,Puncture or needle biopsy of soft tissue\ shoulder and upper arm (incl. clavicle and scapula),est/swe/lat/ice/den/fin/nor
NBXX01,Needle biopsy for cytology\ shoulder and upper arm,ice/fin/nor
NBXX02,Biopsy of bone of shoulder or upper arm\ percutaneous,swe
NBXX05,Simple incision of soft tissue\ shoulder and upper arm (incl. clavicle and scapula),est/swe/lat/ice/den/fin/nor
NBXX10,Arthrocentesis\ shoulder and upper arm (incl. clavicle and scapula),est/swe/lat/ice/den/fin/nor
NBXX11,Injection of diagnostic or therapeutic substance into joint\ shoulder and upper arm,est/swe/lat/ice/den/fin/nor
NBXX30,Soft bandage\ shoulder and upper arm (incl. clavicle and scapula),est/swe/lat/ice/fin/nor
NBXX31,Prefabricated orthosis\ shoulder and upper arm (incl. clavicle and scapula),est/swe/lat/ice/den/fin/nor
NBXX32,Custom moulded splint\ shoulder and upper arm (incl. clavicle and scapula),est/swe/lat/ice/den/fin/nor
NBXX33,Custom moulded cast\ shoulder and upper arm (incl. clavicle and scapula),est/swe/lat/ice/den/fin/nor
NBXX34,Major custom moulded cast\ shoulder and upper arm (incl. clavicle and scapula),est/swe/lat/ice/fin/nor
NBXX39,Other orthopedic bandage\ shoulder and upper arm (incl. clavicle and scapula),est/swe/lat/ice/fin/nor
NBXX40,External traction\ shoulder and upper arm (incl. clavicle and scapula),est/swe/lat/ice/den/fin/nor
NBXX50,Implantation of skeletal marker\ shoulder and upper arm (incl. clavicle and scapula),est/swe/lat/ice/den/fin/nor
NBXX90,Examination of shoulder joint with photography,fin
NCDA1A,Elbow X-ray examination without contrast,swe/ice/den/fin/nor
NCDA1D,Bilateral elbow X-ray examination without contrast,ice
NCDA2A,Forearm X-ray examination,swe/ice/den/fin/nor
NCDA2D,Bilateral forearm X-ray examination,ice
NCDB1C,Elbow artrography with X-ray,ice
NCDD1A,Elbow CT,swe/ice/den/fin
NCDD1B,Elbow cone beam CT,fin
NCDD2A,Forearm CT,swe/ice/den/fin
NCDE1A,Elbow ultrasound examination,den/fin/nor
NCDG1B,Elbow and forearm MRI examination,swe/ice/den/fin
NCSA00,Exploration of elbow or forearm\ open,est/swe/lat/ice/den/fin/nor
NCSA01,Exploration of elbow or forearm\ arthroscopic,est/swe/lat/ice/den/fin/nor
NCSA12,Exploration of joint of elbow or forearm\ open,est/swe/lat/ice/den/nor
NCSA22,Biopsy of bone of elbow or forearm\  open,est/swe/lat/nor
NCSB00,Primary partial prosthetic replacement of elbow joint not using cement\ all parts,est/lat/ice
NCSB01,Primary partial prosthetic replacement of elbow joint not using cement\ single part - proximal,est/lat/ice/den/nor
NCSB02,Primary partial prosthetic replacement of elbow joint not using cement\ single part - distal,est/lat/ice/den/nor
NCSB03,Primary partial prosthetic replacement of elbow joint not using cement\ single part - other,est/lat/ice/den
NCSB04,Primary partial prosthetic replacement of elbow joint not using cement\ two distal or proximal and one distal pa,est/lat/ice/den/nor
NCSB09,Primary partial prosthetic replacement of elbow joint not using cement\ other or unspecified,est/swe/lat/ice/den
NCSB10,Primary partial prosthetic replacement of elbow joint using cement\ all parts,est/lat/ice
NCSB11,Primary partial prosthetic replacement of elbow joint using cement\ single part - proximal,est/lat/ice/den/nor
NCSB12,Primary partial prosthetic replacement of elbow joint using cement\ single part - distal,est/lat/ice/den/nor
NCSB13,Primary partial prosthetic replacement of elbow joint using cement\ single part - other,est/lat/ice/den
NCSB14,Primary partial prosthetic replacement of elbow joint using cement\ two distal or proximal and one distal part,est/lat/ice/den/nor
NCSB19,Primary partial prosthetic replacement of elbow joint,est/swe/lat/ice/den/fin
NCSB20,Primary total prosthetic replacement of elbow joint not using cement,est/swe/lat/ice/den/fin/nor
NCSB30,Primary total prosthetic replacement of elbow joint using hybrid technique,est/swe/lat/ice/den/nor
NCSB40,Primary total prosthetic replacement of elbow joint using cement,est/swe/lat/ice/den/nor
NCSB59,Primary prosthetic interposition arthroplasty of elbow joint,est/swe/lat/ice/den/nor
NCSB99,Other primary prosthetic replacement of elbow joint,est/swe/lat/ice/den/nor
NCSC00,Secondary implantation of partial prosthesis in elbow joint not using cement\ all parts,est/lat/ice
NCSC01,Secondary implantation of partial prosthesis in elbow joint not using cement\ single part - proximal,est/lat/ice/den/nor
NCSC02,Secondary implantation of partial prosthesis in elbow joint not using cement\ single part - distal,est/lat/ice/den/nor
NCSC03,Secondary implantation of partial prosthesis in elbow joint not using cement\ single part - other,est/lat/ice/den
NCSC04,Secondary implantation of partial prosthesis in elbow joint not using cement\ two distal or proximal and one dis,est/lat/ice/den/nor
NCSC09,Secondary implantation of partial prosthesis in elbow joint not using cement\ other or unspecified,est/swe/lat/ice/den
NCSC10,Secondary implantation of partial prosthesis in elbow joint using cement\ all parts,est/lat/ice
NCSC11,Secondary implantation of partial prosthesis in elbow joint using cement\ single part - proximal,est/lat/ice/den/nor
NCSC12,Secondary implantation of partial prosthesis in elbow joint using cement\ single part - distal,est/lat/ice/den/nor
NCSC13,Secondary implantation of partial prosthesis in elbow joint using cement\ single part - other,est/lat/ice/den
NCSC14,Secondary implantation of partial prosthesis in elbow joint using cement\ two distal or proximal and one distal,est/lat/ice/den/nor
NCSC19,"Secondary implantation of prosthesis in elbow joint, one part",est/swe/lat/ice/den/fin
NCSC20,Secondary implantation of total prosthesis in elbow joint not using cement\ all parts,est/lat/ice/den/nor
NCSC21,Secondary implantation of total prosthesis in elbow joint not using cement\ single part - proximal,est/lat/ice/den/nor
NCSC22,Secondary implantation of total prosthesis in elbow joint not using cement\ single part - distal,est/lat/ice/den/nor
NCSC23,Secondary implantation of total prosthesis in elbow joint not using cement\ single part - other,est/lat/ice/den
NCSC24,Secondary implantation of total prosthesis in elbow joint not using cement\ two distal or proximal and one dista,est/lat/ice/den/nor
NCSC29,Secondary implantation of total prosthesis in elbow joint not using cement\ other or unspecified,est/swe/lat/ice/den
NCSC30,Secondary implantation of total prosthesis in elbow joint using hybrid technique\ all parts,est/lat/ice/den/nor
NCSC31,Secondary implantation of total prosthesis in elbow joint using hybrid technique\ single part - proximal,est/lat/ice/den/nor
NCSC32,Secondary implantation of total prosthesis in elbow joint using hybrid technique\ single part - distal,est/lat/ice/den/nor
NCSC33,Secondary implantation of total prosthesis in elbow joint using hybrid technique\ single part - other,est/lat/ice/den
NCSC34,Secondary implantation of total prosthesis in elbow joint using hybrid technique\ two distal or proximal and one,est/lat/ice/den/nor
NCSC39,"Secondary implantation of prosthesis in elbow joint, two parts",est/swe/lat/ice/den/fin
NCSC40,Secondary implantation of total prosthesis in primary elbow joint using cement\ all parts,est/lat/ice/den/nor
NCSC41,Secondary implantation of total prosthesis in primary elbow joint using cement\ single part - proximal,est/lat/ice/den/nor
NCSC42,Secondary implantation of total prosthesis in primary elbow joint using cement\ single part - distal,est/lat/ice/den/nor
NCSC43,Secondary implantation of total prosthesis in primary elbow joint using cement\ single part - other,est/lat/ice/den
NCSC44,Secondary implantation of total prosthesis in primary elbow joint using cement\ two distal or proximal and one d,est/lat/ice/den/nor
NCSC49,Secondary implantation of total prosthesis in primary elbow joint using cement\ other or unspecified,est/swe/lat/ice/den
NCSC59,Secondary implantation of interposition prosthesis in elbow joint,est/swe/lat/ice/den/nor
NCSC99,Other secondary prosthetic replacement in elbow joint,est/swe/lat/ice/den/fin/nor
NCSE01,Incision or suture of capsule of elbow joint\ arthroscopic,est/swe/lat/ice/den/fin/nor
NCSE02,Incision or suture of capsule of elbow joint\ open,est/swe/lat/ice/den/fin/nor
NCSE11,Transcision or excision of ligament of elbow joint\ arthroscopic,est/swe/lat/ice/den/nor
NCSE12,Transcision or excision of ligament of elbow joint\ open,est/swe/lat/ice/den/nor
NCSE21,Suture or reinsertion of ligament of elbow joint\ arthroscopic,est/swe/lat/ice/den/fin/nor
NCSE22,Suture or reinsertion of ligament of elbow joint\ open,est/swe/lat/ice/den/fin/nor
NCSE31,Transposition of ligament of elbow joint\ arthroscopic,est/swe/lat/ice/den
NCSE32,Transposition of ligament of elbow joint\ open,est/swe/lat/ice/den/nor
NCSE41,Plastic repair of ligament of elbow joint not using prosthetic material\ arthroscopic,est/swe/lat/ice/den/nor
NCSE42,Plastic repair of ligament of elbow joint not using prosthetic material\ open,est/swe/lat/ice/den/fin/nor
NCSE49,Plastic repair of ligament of elbow joint not using prosthetic material\ unspecified,
NCSE51,Plastic repair of ligament of elbow joint using prosthetic material\ arthroscopic,swe/ice/den
NCSE52,Plastic repair of ligament of elbow joint using prosthetic material\ open,est/swe/lat/ice/den/fin/nor
NCSE91,Other operation on capsule or ligament of elbow joint\ arthroscopic,swe/ice
NCSE92,Other operation on capsule or ligament of elbow joint\ open,est/swe/lat/ice
NCSF01,Total synovectomy of elbow joint\ arthroscopic,est/swe/lat/ice/den/nor
NCSF02,Total synovectomy of elbow joint\ open,est/swe/lat/ice/den/fin/nor
NCSF09,Total synovectomy of elbow joint\ unspecified,est/ice
NCSF11,Partial synovectomy of elbow joint\ arthroscopic,est/swe/lat/ice/den/fin/nor
NCSF12,Partial synovectomy of elbow joint\ open,est/swe/lat/ice/den/nor
NCSF19,Partial synovectomy of elbow joint\ unspecified,est/ice
NCSF20,Operation for osteochondritis of elbow joint\ open,ice/fin
NCSF21,Fixation of fragment of surface of elbow joint\ arthroscopic,est/swe/lat/ice/den/fin/nor
NCSF22,Fixation of fragment of surface of elbow joint\ open,est/swe/lat/ice/den/fin/nor
NCSF23,Fixation of fragment of surface of elbow joint\ percutaneous,swe
NCSF29,Fixation of fragment of surface of elbow joint\ unspecified,est/ice
NCSF31,Partial excision of cartilage of elbow joint\ arthroscopic,est/swe/lat/ice/den/nor
NCSF32,Partial excision of cartilage of elbow joint\ open,est/swe/lat/ice/den/nor
NCSF39,Partial excision of cartilage of elbow joint\ unspecified,est/ice
NCSF91,Other operation on synovia or surface of elbow joint\ arthroscopic,est/swe/lat/ice/den/nor
NCSF92,Other operation on synovia or surface of elbow joint\ open,est/swe/lat/ice/den/fin/nor
NCSF99,Other operation on synovia or surface of elbow joint\ unspecified,est/ice
NCSG09,Excision arthroplasty of elbow joint,est/swe/lat/ice/den/fin/nor
NCSG19,Interposition arthroplasty of elbow joint,est/swe/lat/ice/den/nor
NCSG29,Other arthroplasty of elbow joint without prosthetic replacement,est/swe/lat/ice/den/nor
NCSG39,Fusion of elbow joint without fixation,est/swe/lat/ice/den/nor
NCSG49,Fusion of elbow joint with internal fixation,est/swe/lat/ice/den/fin/nor
NCSG59,Fusion of elbow joint with external fixation,est/swe/lat/ice/den/fin/nor
NCSG99,"Other excision, reconstruction or fusion of elbow joint",est/swe/lat/ice/den/nor
NCSH00,Reduction of dislocation of elbow joint\ closed,est/swe/lat/ice/den/fin/nor
NCSH01,Reduction of dislocation of elbow joint\ arthroscopic,est/swe/lat/ice/den
NCSH02,Reduction of dislocation of elbow joint\ open,est/swe/lat/ice/den/fin/nor
NCSH20,Reduction of dislocation of prosthesis of elbow joint\ closed,est/swe/lat/ice/den/fin/nor
NCSH21,Reduction of dislocation of prosthesis of elbow joint\ arthroscopic,est/swe/lat/ice/den
NCSH22,Reduction of dislocation of prosthesis of elbow joint\ open,est/swe/lat/ice/den/fin/nor
NCSH30,Freeing of adhesions of elbow joint\ closed,est/swe/lat/ice/den
NCSH31,Freeing of adhesions of elbow joint\ arthroscopic,est/swe/lat/ice/den/nor
NCSH32,Freeing of adhesions of elbow joint\ open,est/swe/lat/ice/den/nor
NCSH39,Freeing of adhesions of elbow joint\ unspecified,est/ice
NCSH40,Removal of foreign or loose body from elbow joint\ closed,est/swe/lat/ice
NCSH41,Removal of foreign or loose body from elbow joint\ arthroscopic,est/swe/lat/ice/den/nor
NCSH42,Removal of foreign or loose body from elbow joint\ open,est/swe/lat/ice/den/nor
NCSH49,Removal of foreign or loose body from elbow joint\ unspecified,est/ice
NCSH51,Excision of intraarticular exostosis or osteophyte of elbow joint\ arthroscopic,est/swe/lat/ice/den/nor
NCSH52,Excision of intraarticular exostosis or osteophyte of elbow joint\ open,est/swe/lat/ice/den/nor
NCSH59,Excision of intraarticular exostosis or osteophyte of elbow joint\ unspecified,est/ice
NCSH71,Operation for habitual dislocation of elbow joint\ arthroscopic,est/swe/lat/ice/den
NCSH72,Operation for habitual dislocation of elbow joint\ open,est/swe/lat/ice/den/nor
NCSH79,Operation for habitual dislocation of elbow joint\ unspecified,est/ice
NCSH90,Other operation on elbow joint\ closed,est/swe/lat/ice/den/nor
NCSH91,Other operation on elbow joint\ arthroscopic,est/swe/lat/ice/den/fin/nor
NCSH92,Other operation on elbow joint\ open,est/swe/lat/ice/den/nor
NCSH99,Other operation on elbow joint\ unspecified,est/ice/fin
NCSJ00,Closed reduction of fracture of elbow or forearm\ proximal ulna,est/lat/ice/den/nor
NCSJ01,Closed reduction of fracture of elbow or forearm\ body of ulna,est/lat/ice/den/nor
NCSJ02,Closed reduction of fracture of elbow or forearm\ distal ulna,est/lat/ice/den/nor
NCSJ03,Closed reduction of fracture of elbow or forearm\ proximal radius,est/lat/ice/den/nor
NCSJ04,Closed reduction of fracture of elbow or forearm\ body of radius,est/lat/ice/den/nor
NCSJ05,Closed reduction of fracture of elbow or forearm\ distal radius,est/lat/ice/den/fin/nor
NCSJ06,Closed reduction of fracture of elbow or forearm\ body of ulna and radius,est/lat/ice/den/nor
NCSJ07,Closed reduction of fracture of elbow or forearm\ distal radius and ulna,est/lat/ice/den/nor
NCSJ08,Closed reduction of fracture of elbow or forearm\ other location,est/swe/lat/ice/den/fin/nor
NCSJ10,Open reduction of fracture of elbow or forearm\ proximal ulna,est/lat/ice/den/nor
NCSJ11,Open reduction of fracture of elbow or forearm\ body of ulna,est/lat/ice/den/nor
NCSJ12,Open reduction of fracture of elbow or forearm\ distal ulna,est/lat/ice/den/nor
NCSJ13,Open reduction of fracture of elbow or forearm\ proximal radius,est/lat/ice/den/nor
NCSJ14,Open reduction of fracture of elbow or forearm\ body of radius,est/lat/ice/den/nor
NCSJ15,Open reduction of fracture of elbow or forearm\ distal radius,est/lat/ice/den/nor
NCSJ16,Open reduction of fracture of elbow or forearm\ body of ulna and radius,est/lat/ice/den/nor
NCSJ17,Open reduction of fracture of elbow or forearm\ distal radius and ulna,est/lat/ice/den/nor
NCSJ18,Open reduction of fracture of elbow or forearm\ other location,est/swe/lat/ice/den/nor
NCSJ20,External fixation of fracture of elbow or forearm\ proximal ulna,est/lat/ice/den/nor
NCSJ21,External fixation of fracture of elbow or forearm\ body of ulna,est/lat/ice/den/nor
NCSJ22,External fixation of fracture of elbow or forearm\ distal ulna,est/lat/ice/den/nor
NCSJ23,External fixation of fracture of elbow or forearm\ proximal radius,est/lat/ice/den/nor
NCSJ24,External fixation of fracture of elbow or forearm\ body of radius,est/lat/ice/den/nor
NCSJ25,External fixation of fracture of elbow or forearm\ distal radius,est/lat/ice/den/nor
NCSJ26,External fixation of fracture of elbow or forearm\ body of ulna and radius,est/lat/ice/den/nor
NCSJ27,External fixation of fracture of elbow or forearm\ distal radius and ulna,est/lat/ice/den/nor
NCSJ28,External fixation of fracture of elbow or forearm\ other location,est/swe/lat/ice/den/fin/nor
NCSJ30,Internal fixation of fracture of elbow or forearm using bioimplant\ proximal ulna,est/lat/ice/den/nor
NCSJ31,Internal fixation of fracture of elbow or forearm using bioimplant\ body of ulna,est/lat/ice/den/nor
NCSJ32,Internal fixation of fracture of elbow or forearm using bioimplant\ distal ulna,est/lat/ice/den/nor
NCSJ33,Internal fixation of fracture of elbow or forearm using bioimplant\ proximal radius,est/lat/ice/den/nor
NCSJ34,Internal fixation of fracture of elbow or forearm using bioimplant\ body of radius,est/lat/ice/den/nor
NCSJ35,Internal fixation of fracture of elbow or forearm using bioimplant\ distal radius,est/lat/ice/den/nor
NCSJ36,Internal fixation of fracture of elbow or forearm using bioimplant\ body of ulna and radius,est/lat/ice/den/nor
NCSJ37,Internal fixation of fracture of elbow or forearm using bioimplant\ distal radius and ulna,est/lat/ice/den/nor
NCSJ38,Internal fixation of fracture of elbow or forearm using bioimplant\ other location,est/swe/lat/ice/den/nor
NCSJ40,"Internal fixation of fracture of elbow or forearm using wire, rod, cerclage or pin\ proximal ulna",est/lat/ice/den/nor
NCSJ41,"Internal fixation of fracture of elbow or forearm using wire, rod, cerclage or pin\ body of ulna",est/lat/ice/den/nor
NCSJ42,"Internal fixation of fracture of elbow or forearm using wire, rod, cerclage or pin\ distal ulna",est/lat/ice/den/nor
NCSJ43,"Internal fixation of fracture of elbow or forearm using wire, rod, cerclage or pin\ proximal radius",est/lat/ice/den/nor
NCSJ44,"Internal fixation of fracture of elbow or forearm using wire, rod, cerclage or pin\ body of radius",est/lat/ice/den/nor
NCSJ45,"Internal fixation of fracture of elbow or forearm using wire, rod, cerclage or pin\ distal radius",est/lat/ice/den/nor
NCSJ46,"Internal fixation of fracture of elbow or forearm using wire, rod, cerclage or pin\ body of ulna and radius",est/lat/ice/den/nor
NCSJ47,"Internal fixation of fracture of elbow or forearm using wire, rod, cerclage or pin\ distal radius and ulna",est/lat/ice/den/nor
NCSJ48,"Internal fixation of fracture of elbow or forearm using wire, rod, cerclage or pin\ other location",est/swe/lat/ice/den/nor
NCSJ50,Internal fixation of fracture of elbow or forearm using intramedullary nail\ proximal ulna,est/lat/ice/den/nor
NCSJ51,Internal fixation of fracture of elbow or forearm using intramedullary nail\ body of ulna,est/lat/ice/den/nor
NCSJ52,Internal fixation of fracture of elbow or forearm using intramedullary nail\ distal ulna,est/lat/ice/den/nor
NCSJ53,Internal fixation of fracture of elbow or forearm using intramedullary nail\ proximal radius,est/lat/ice/den/nor
NCSJ54,Internal fixation of fracture of elbow or forearm using intramedullary nail\ body of radius,est/lat/ice/den/nor
NCSJ55,Internal fixation of fracture of elbow or forearm using intramedullary nail\ distal radius,est/lat/ice/den/nor
NCSJ56,Internal fixation of fracture of elbow or forearm using intramedullary nail\ body of ulna and radius,est/lat/ice/den/nor
NCSJ57,Internal fixation of fracture of elbow or forearm using intramedullary nail\ distal radius and ulna,est/lat/ice/den/nor
NCSJ58,Internal fixation of fracture of elbow or forearm using intramedullary nail\ other location,est/swe/lat/ice/den/fin/nor
NCSJ60,Internal fixation of fracture of elbow or forearm using plate and screws\ proximal ulna,est/lat/ice/den/nor
NCSJ61,Internal fixation of fracture of elbow or forearm using plate and screws\ body of ulna,est/lat/ice/den/nor
NCSJ62,Internal fixation of fracture of elbow or forearm using plate and screws\ distal ulna,est/lat/ice/den/nor
NCSJ63,Internal fixation of fracture of elbow or forearm using plate and screws\ proximal radius,est/lat/ice/den/nor
NCSJ64,Internal fixation of fracture of elbow or forearm using plate and screws\ body of radius,est/lat/ice/den/nor
NCSJ65,Internal fixation of fracture of elbow or forearm using plate and screws\ distal radius,est/lat/ice/den/nor
NCSJ66,Internal fixation of fracture of elbow or forearm using plate and screws\ body of ulna and radius,est/lat/ice/den/nor
NCSJ67,Internal fixation of fracture of elbow or forearm using plate and screws\ distal radius and ulna,est/lat/ice/den/nor
NCSJ68,Internal fixation of fracture of forearm using plate,est/swe/lat/ice/den/fin/nor
NCSJ70,Internal fixation of fracture of elbow or forearm using screws alone\ proximal ulna,est/lat/ice/den/nor
NCSJ71,Internal fixation of fracture of elbow or forearm using screws alone\ body of ulna,est/lat/ice/den/nor
NCSJ72,Internal fixation of fracture of elbow or forearm using screws alone\ distal ulna,est/lat/ice/den/nor
NCSJ73,Internal fixation of fracture of elbow or forearm using screws alone\ proximal radius,est/lat/ice/den/nor
NCSJ74,Internal fixation of fracture of elbow or forearm using screws alone\ body of radius,est/lat/ice/den/nor
NCSJ75,Internal fixation of fracture of elbow or forearm using screws alone\ distal radius,est/lat/ice/den/nor
NCSJ76,Internal fixation of fracture of elbow or forearm using screws alone\ body of ulna and radius,est/lat/ice/den/nor
NCSJ77,Internal fixation of fracture of elbow or forearm using screws alone\ distal radius and ulna,est/lat/ice/den/nor
NCSJ78,Internal fixation of fracture of elbow or forearm using screws alone\ other location,est/swe/lat/ice/den/nor
NCSJ80,Internal fixation of fracture of elbow or forearm using other or combined methods\ proximal ulna,est/lat/ice/den/nor
NCSJ81,Internal fixation of fracture of elbow or forearm using other or combined methods\ body of ulna,est/lat/ice/den/nor
NCSJ82,Internal fixation of fracture of elbow or forearm using other or combined methods\ distal ulna,est/lat/ice/den/nor
NCSJ83,Internal fixation of fracture of elbow or forearm using other or combined methods\ proximal radius,est/lat/ice/den/nor
NCSJ84,Internal fixation of fracture of elbow or forearm using other or combined methods\ body of radius,est/lat/ice/den/nor
NCSJ85,Internal fixation of fracture of elbow or forearm using other or combined methods\ distal radius,est/lat/ice/den/nor
NCSJ86,Internal fixation of fracture of elbow or forearm using other or combined methods\ body of ulna and radius,est/lat/ice/den/nor
NCSJ87,Internal fixation of fracture of elbow or forearm using other or combined methods\ distal radius and ulna,est/lat/ice/den/nor
NCSJ88,Other internal fixation of fracture of forearm,est/swe/lat/ice/den/fin/nor
NCSJ90,Other fracture surgery of elbow or forearm\ proximal ulna,est/lat/ice/den/nor
NCSJ91,Other fracture surgery of elbow or forearm\ body of ulna,est/lat/ice/den/nor
NCSJ92,Other fracture surgery of elbow or forearm\ distal ulna,est/lat/ice/den/nor
NCSJ93,Other fracture surgery of elbow or forearm\ proximal radius,est/lat/ice/den/nor
NCSJ94,Other fracture surgery of elbow or forearm\ body of radius,est/lat/ice/den/nor
NCSJ95,Other fracture surgery of elbow or forearm\ distal radius,est/lat/ice/den/nor
NCSJ96,Other fracture surgery of elbow or forearm\ body of ulna and radius,est/lat/ice/den/nor
NCSJ97,Other fracture surgery of elbow or forearm\ distal radius and ulna,est/lat/ice/den/nor
NCSJ98,Other fracture surgery of elbow or forearm\ other location,est/swe/lat/ice/den/nor
NCSJ99,Other fracture surgery of elbow or forearm\ unspecified location,ice/fin
NCSK19,Partial or total excision of bone of elbow or forearm,est/swe/lat/ice/den/fin/nor
NCSK29,Fenestration or forage of bone of elbow or forearm,est/swe/lat/ice/den/nor
NCSK39,Curettage of cyst of bone of elbow or forearm,est/swe/lat/ice/den/nor
NCSK49,Epiphysiodesis of forearm,est/swe/lat/ice/den/fin/nor
NCSK59,Rotation osteotomy of forearm,est/swe/lat/ice/den/fin/nor
NCSK69,Shortening or lengthening osteotomy of forearm,est/swe/lat/ice/den/fin/nor
NCSK79,Bone transport operation of forearm,est/swe/lat/ice/den/fin/nor
NCSK89,Traction lengthening of epiphyseal plate of forearm,est/swe/lat/ice/den/fin/nor
NCSK99,Other operation on bone of elbow or forearm,est/swe/lat/ice/den/fin/nor
NCSL09,Freeing of muscle of elbow or forearm,est/swe/lat/ice/den/fin/nor
NCSL19,Suture or plastic repair of muscle of elbow or forearm,est/swe/lat/ice/den/nor
NCSL29,Transposition of muscle of elbow or forearm,est/swe/lat/ice/den/nor
NCSL39,Myotomy or tenotomy of elbow or forearm with or without excision,est/swe/lat/ice/den/fin/nor
NCSL49,Repair of tendon of elbow or forearm by suture or transplant,est/swe/lat/ice/den/fin/nor
NCSL59,Tenolysis or tenosynovectomy of elbow or forearm,est/swe/lat/ice/den/fin/nor
NCSL69,"Tenodesis, shortening or lengthening of tendon of elbow or forearm",est/swe/lat/ice/den/fin/nor
NCSL89,Transposition of tendon of elbow or forearm,est/swe/lat/ice/den/fin/nor
NCSL99,Other operation on muscle or tendon of elbow or forearm,est/swe/lat/ice/den/fin/nor
NCSM09,Fasciotomy of forearm,est/swe/lat/ice/den/fin/nor
NCSM19,Partial or total excision of fascia of forearm,est/swe/lat/ice/den/nor
NCSM29,Suture of fascia of forearm,est/swe/lat/ice/den/nor
NCSM39,Excision of synovial ganglion of elbow or forearm,est/swe/lat/ice/den/fin/nor
NCSM49,Discission of sheath of tendon of forearm,est/swe/lat/ice/den/nor
NCSM59,Partial excision of sheath of tendon of forearm,est/lat/ice/den/nor
NCSM79,Excision of bursa of elbow or forearm,est/swe/lat/ice/den/nor
NCSM99,"Other operation on fascia, ganglion, synovial sheath or bursa of elbow or forearm",est/swe/lat/ice/den/fin/nor
NCSN90,Use of transplant in elbow or forearm,est/swe/lat/den/nor
NCSP10,Replantation of forearm,est/swe/lat/ice/den/fin/nor
NCSP30,Multi tissue reconstruction of underarm with revascularisation,ice/fin
NCSQ09,Exarticulation of elbow,est/swe/lat/ice/den/fin/nor
NCSQ19,Amputation of forearm,est/swe/lat/ice/den/fin/nor
NCSQ29,Revision of exarticulation or amputation stump of elbow or forearm,est/swe/lat/ice/den/fin/nor
NCSQ99,Other amputation or related operation on elbow or forearm,est/swe/lat/ice/den/nor
NCSR09,Incomplete excision of soft tissue tumour of elbow or forearm,est/swe/lat/ice/den/nor
NCSR19,Complete excision of soft tissue tumour of elbow or forearm,est/swe/lat/ice/den/nor
NCSR29,Extended excision of soft tissue tumour of elbow or forearm,est/swe/lat/ice/den/nor
NCSR39,Block excision of soft tissue tumour of elbow or forearm,est/swe/lat/ice/den/nor
NCSR49,Incomplete excision of tumour of bone or cartilage of elbow or forearm,est/swe/lat/ice/den/fin/nor
NCSR59,Complete excision of tumour of bone or cartilage of elbow or forearm,est/swe/lat/ice/den/nor
NCSR69,Extended excision of tumour of bone or cartilage of elbow or forearm,est/swe/lat/ice/den/fin/nor
NCSR79,Block excision of tumour of bone or cartilage of elbow or forearm,est/swe/lat/ice/den/nor
NCSR99,Other operation for tumour of elbow or forearm,est/swe/lat/ice/den/fin/nor
NCSS09,Incision and debridement of infection of tendon of forearm,est/swe/lat/ice/den/nor
NCSS19,Incision and debridement of infection of elbow joint,est/swe/lat/ice/den/fin/nor
NCSS29,Incision and debridement of infection of bone of elbow or forearm,est/swe/lat/ice/den/fin/nor
NCSS39,Incision and debridement of infection of tendon of forearm with introduction of therapeutic agent,est/swe/lat/ice/den/nor
NCSS49,Incision and debridement of infection of elbow joint with introduction of therapeutic agent,est/swe/lat/ice/den/nor
NCSS59,Incision and debridement of infection of bone of elbow or forearm with introduction of therapeutic agent,est/swe/lat/ice/den/nor
NCSS99,"Other operation for infection of tendon, joint or bone of elbow or forearm",est/swe/lat/ice/den/fin/nor
NCST39,"Correction of deformity of elbow joint or forearm using muscle, tendon or ligament",est/swe/lat/ice/den/nor
NCST49,Correction of deformity of elbow joint or forearm using external or internal fixation,est/swe/lat/ice/den/nor
NCST59,Removal of foreign body from tissue of elbow or forearm,est/swe/lat/ice/den/fin/nor
NCST99,Other operation on elbow joint or forearm,est/swe/lat/ice/den/fin/nor
NCSU00,Removal of partial prosthesis from elbow joint\ all parts,est/ice
NCSU01,Removal of partial prosthesis from elbow joint\ single part - proximal,est/lat/ice/den/nor
NCSU02,Removal of partial prosthesis from elbow joint\ single part - distal,est/lat/ice/den/nor
NCSU03,Removal of partial prosthesis from elbow joint\ single part - other,est/lat/ice/den
NCSU04,Removal of partial prosthesis from elbow joint\ two distal or proximal and one distal part,est/lat/ice/den/nor
NCSU09,Removal of partial prosthesis from elbow joint\ other or unspecified,est/swe/lat/ice/den
NCSU10,Removal of total prosthesis from elbow joint\ all parts,est/lat/ice/den/nor
NCSU11,Removal of total prosthesis from elbow joint\ single part - proximal,est/lat/ice/den/nor
NCSU12,Removal of total prosthesis from elbow joint\ single part - distal,est/lat/ice/den/nor
NCSU13,Removal of total prosthesis from elbow joint\ single part - other,est/lat/ice/den
NCSU14,Removal of total prosthesis from elbow joint\ two distal or proximal and one distal part,est/lat/ice/den/nor
NCSU19,Removal prosthesis from elbow joint,est/swe/lat/ice/den/fin
NCSU39,Removal of external fixation device from elbow or forearm,est/swe/lat/ice/den/fin/nor
NCSU49,Removal of internal fixation device from elbow or forearm,est/swe/lat/ice/den/fin/nor
NCSU69,Removal of prosthetic ligament from elbow or forearm,est/swe/lat/ice/den/nor
NCSU89,Removal of therapeutic implant in treatment of infection of elbow or forearm,est/swe/lat/ice/den/fin/nor
NCSU99,Removal of other implant from elbow or forearm,est/swe/lat/ice/den/fin/nor
NCSW49,Repair of wound dehiscence in surgery of elbow or forearm,est/swe/lat/ice/den/nor
NCSW59,Reoperation for superficial infection in surgery of elbow or forearm,est/swe/lat/ice/den/nor
NCSW69,Reoperation for deep infection in surgery of elbow or forearm,est/swe/lat/ice/den/fin/nor
NCSW79,Reoperation for superficial haemorrhage in surgery of elbow or forearm,est/swe/lat/ice/den/nor
NCSW89,Reoperation for deep haemorrhage in surgery of elbow or forearm,est/swe/lat/ice/den/fin/nor
NCSW99,Other reoperation in surgery of elbow or forearm,est/swe/lat/ice/den/fin/nor
NCXA00,Heat coagulation in lower arm,nor
NCXQ00,Adjustment of external prosthesis on elbow or lower arm,lat/ice/den/nor
NCXT00,Forcible manipulation of elbow joint,est/swe/lat/ice/den/fin/nor
NCXT10,Application of traction on forearm,ice/fin
NCXX00,Puncture or needle biopsy of elbow and forearm,est/swe/lat/ice/den/fin/nor
NCXX02,Biopsy of bone of elbow or forearm\ percutaneous,swe
NCXX05,Simple incision of soft tissue\ elbow and forearm,est/swe/lat/ice/den/fin/nor
NCXX10,Arthrocentesis\ elbow and forearm,est/swe/lat/ice/den/fin/nor
NCXX11,Injection of diagnostic or therapeutic substance into joint\ elbow and forearm,est/swe/lat/ice/den/fin/nor
NCXX30,Soft bandage\ elbow and forearm,est/swe/lat/ice/fin/nor
NCXX31,Prefabricated orthosis\ elbow and forearm,est/swe/lat/ice/den/fin/nor
NCXX32,Custom moulded splint\ elbow and forearm,est/swe/lat/ice/den/fin/nor
NCXX33,Custom moulded cast\ elbow and forearm,est/swe/lat/ice/den/fin/nor
NCXX34,Major custom moulded cast\ elbow and forearm,est/swe/lat/ice/fin
NCXX39,Other orthopedic bandage\ elbow and forearm,est/swe/lat/ice/fin/nor
NCXX40,External traction\ elbow and forearm,est/swe/lat/ice/den/fin/nor
NCXX50,Implantation of skeletal marker\ elbow and forearm,est/swe/lat/ice/den/fin/nor
NCXX90,Examination of elbow with  photograpy,fin
NDDA1A,Wrist X-ray examination,swe/ice/den/fin/nor
NDDA1D,Bilateral wrist X-ray examination,ice
NDDA2A,Hand and fingers X-ray examination,swe/ice/den/fin/nor
NDDA2D,Bilateral hand X-ray examination,ice/den
NDDB1C,Wrist artrography with X-ray,ice
NDDD1A,Hand and wrist CT examination,swe/ice/den/fin/nor
NDDD1B,Wrist cone beam CT,fin
NDDD2B,Hand cone beam CT,fin
NDDE1A,Wrist ultrasound examination,den/fin/nor
NDDE2A,Hand and fingers ultrasound examination,den/fin/nor
NDDG1B,Wrist and hand MRI examination,swe/ice/den/fin
NDFA00,Hand function evaluation,ice
NDIA00,Hand and wrist isotope imaging,swe/ice
NDSA00,"Exploration of wrist or hand, open",est/swe/lat/ice/den/fin/nor
NDSA01,"Exploration of wrist or hand, arthroscopic",est/swe/lat/ice/den/fin/nor
NDSA12,Exploration of joint of wrist or hand\ open,est/swe/lat/ice/den/nor
NDSA32,Biopsy of bone of wrist or hand\ open,est/swe/lat/ice/den/nor
NDSB00,Primary total prosthetic replacement of joint of wrist,est/swe/lat/ice/den/fin/nor
NDSB01,Primary partial prosthetic replacement of joint of wrist,est/swe/lat/ice/den/fin/nor
NDSB10,Primary prosthetic replacement of MCP joint of thumb,est/ice/fin
NDSB12,Primary prosthetic replacement of other MCP joint,swe/ice/fin
NDSB20,Primary prosthetic replacement of IP joint of thumb,ice/fin
NDSB22,Primary prosthetic replacement of other single IP joint,est/swe/lat/ice/den/fin/nor
NDSB30,Primary prosthetic replacement of several of finger or metacarpal joints,ice/fin
NDSB99,Other primary prosthetic replacement of joint of wrist or hand,est/swe/lat/ice/den/fin/nor
NDSC00,Secondary implantation of total prosthesis in joint of wrist,est/swe/lat/ice/den/fin/nor
NDSC01,Secondary implantation of partial prosthesis in joint of wrist,est/swe/lat/ice/den/fin/nor
NDSC10,Secondary prosthetic replacement of MCP joint of thumb,ice/nor
NDSC12,Secondary prosthetic replacement of other MCP joint,est/swe/lat/ice/nor
NDSC20,Secondary prosthetic replacement of IP joint of thumb,ice/nor
NDSC22,Secondary prosthetic replacement of other single IP joint,swe/ice/fin/nor
NDSC30,Secondary prosthetic replacement in joint of finger or metacarpal\ single part - distal,ice/nor
NDSC99,Other secondary prosthetic replacement of joint of wrist or hand,est/swe/lat/ice/den/fin/nor
NDSE00,"Incision and release of adherences of capsule of joint of wrist, open",est/swe/lat/ice/den/fin/nor
NDSE01,"Incision and release of adherences of capsule of joint of wrist, arthroscopic",est/swe/lat/ice/den/fin/nor
NDSE10,Transcision or excision of ligament of wrist or hand,est/swe/lat/ice/den/nor
NDSE20,"Suture, reinsertion or transposition of ligament of wrist",est/swe/lat/ice/den/fin/nor
NDSE21,Suture or reinsertion of ligament of wrist or hand\ arthroscopic,est/swe/lat/ice/den/fin/nor
NDSE30,Plastic repair of ligament or capsule of wrist using prosthetic material or transplant,est/swe/lat/ice/den/fin
NDSE40,Incision and release of adherences in MCP or IP joints,ice/fin
NDSE42,Plastic repair of ligament or capsule of MCP or IP joint,ice/fin
NDSE44,Plastic repair of ligament or capsule of MCP or IP joint using prosthetic material or transplant,ice/fin
NDSE46,Plastic repair of ligament or capsule of several MCP and IP joints,ice/fin
NDSE98,Perctuaneoaus reconstruction of ligaments of hand with foreign material,
NDSE99,Other operation on capsule or ligament of joint of wrist or hand\ unspecified,est/swe/lat/ice/den/fin/nor
NDSF00,"Synovectomy of joint of wrist, open",est/swe/lat/ice/den/fin/nor
NDSF01,"Synovectomy of joint of wrist, arthroscopic",est/swe/lat/ice/den/fin/nor
NDSF10,Fixation of fragment of surface of joint of wrist or hand\ open,est/swe/lat/ice/den/fin/nor
NDSF11,Fixation of fragment of surface of joint of wrist or hand\ arthroscopic,est/swe/lat/ice/den/nor
NDSF12,Fixation of fragment of surface of joint of wrist or hand\ percutaneous,est/swe
NDSF20,Operation for osteochondritis of joint of wrist\ open,ice/fin
NDSF21,Operation for osteochondritis of joint of wrist\ arthroscopic,ice/fin
NDSF40,Operation for osteochondritis of MCP or IP joint\ open,ice/fin
NDSF44,Operation for osteochondritis of several MCP or IP joints\ open,ice/fin
NDSF96,Other operation on synovia or joint surface of fingers,ice/fin
NDSF99,Other operation on synovia or joint surface of wrist or hand\ unspecified,est/swe/lat/ice/den/fin/nor
NDSG00,Arthroplasty of wrist,est/swe/lat/ice/den/fin/nor
NDSG10,"Fusion of wrist, total",est/swe/lat/ice/den/fin/nor
NDSG12,"Fusion of wrist, partial",est/swe/lat/ice/den/fin/nor
NDSG20,Other reconstructive joint operation of wrist,est/swe/lat/ice/den/fin/nor
NDSG30,Arthroplasty of first CMC joint,est/swe/lat/ice/den/fin/nor
NDSG32,Arthroplasty of other CMC joint,est/swe/lat/ice/den/fin/nor
NDSG40,Arthroplasty of first MCP or IP joint,est/swe/lat/ice/den/fin/nor
NDSG42,Arthroplasty of other MCP or IP joint,est/swe/lat/ice/den/fin/nor
NDSG50,Fusion of first MCP or IP joint,est/swe/lat/ice/fin/nor
NDSG52,Fusion of other MCP or IP joint,est/swe/lat/ice/den/fin/nor
NDSG60,Other reconstructive joint operation of first finger,est/swe/lat/ice/den/fin/nor
NDSG62,Other reconstructive joint operation of other finger,est/swe/lat/ice/den/fin/nor
NDSG99,"Other excision, reconstruction or fusion of joint of wrist or hand\ other joint of hand",est/swe/lat/ice/den/nor
NDSH00,Reduction of dislocation of joint of wrist\ open,est/swe/lat/ice/den/fin/nor
NDSH01,Reduction of dislocation of joint of wrist\ arthroscopic,est/swe/lat/ice/den
NDSH10,"Reduction of dislocation of finger, open or arthroscopic",est/swe/lat/ice/den/fin/nor
NDSH12,Reduction of dislocation of joint prosthesis of finger\ open,ice/fin
NDSH20,Reduction of dislocation of joint prosthesis of wrist,est/swe/lat/ice/den/fin/nor
NDSH30,Freeing of adhesions of joint of wrist or hand\ open or arthroscopic,est/swe/lat/ice/den/nor
NDSH99,Other operation on joint of wrist or hand,est/swe/lat/ice/den/fin/nor
NDSJ00,Open reduction of fracture of wrist or hand,est/swe/lat/ice/den/fin/nor
NDSJ01,Closed reduction of fracture of wrist or hand excluding fracture of phalanx,ice/den/nor
NDSJ02,External fixation of fracture of wrist or hand,est/swe/lat/ice/den/fin/nor
NDSJ10,Internal fixation of fracture of wrist using plate and/or screws,est/lat/ice/den/fin/nor
NDSJ12,Internal fixation of fracture of first metacarpal or phalax using plate and/or screws,ice/nor
NDSJ14,Internal fixation of fracture of other metacarpal of phalanx using plate and/or screws,est/lat/ice/den/nor
NDSJ20,Internal primary fixation of fracture of wrist with other methods,est/lat/ice/den/nor
NDSJ22,Internal primary fixation of fracture of first metacarpal or phalanx with other methods,ice/fin
NDSJ24,Internal primary fixation of fracture of other metacarpal or phalanx with other methods,est/swe/lat/ice/den/nor
NDSJ79,Refixation of fracture of hand or wrist,ice/den/fin
NDSJ89,Late fixation of fracture of hand or wrist to promote bone formation,ice/fin
NDSJ99,Other fracture surgery of wrist or hand,swe/ice/fin
NDSK00,Excision or incsion of a bone of wrist,est/lat/ice/den/fin/nor
NDSK10,Incision or excision of a bone of hand,est/swe/lat/ice/den/fin/nor
NDSK20,Osteotomy and rotation of a bone of hand or wrist,est/swe/lat/ice/den/fin/nor
NDSK24,Shortening or lenghtening of a bone of hand,est/swe/lat/ice/den/fin/nor
NDSK99,Other operation on bone of hand or wrist,est/swe/lat/ice/den/fin/nor
NDSL00,Freeing of muscle of wrist or hand,est/swe/lat/ice/den/fin/nor
NDSL10,Myotomy or tenotomy of wrist or hand with or without excision,est/swe/lat/ice/den/fin/nor
NDSL20,Freeing of tendon of wrist or hand,ice/den/fin
NDSL30,Tenosynovectomy of wrist or hand,est/swe/lat/ice/den/fin/nor
NDSL40,Tenodesis of tendon of wrist of hand,est/lat/ice/den/fin/nor
NDSL42,Shortening of tendon of wrist or hand,swe/lat/ice/fin/nor
NDSL44,Lengthening of tendon of wrist or hand,ice/fin
NDSL46,Transposition of tendon of wrist or hand,est/swe/lat/ice/den/fin/nor
NDSL50,Tendon prosthesis operation of hand,ice/fin
NDSL52,Transplantation of tendon to wrist or hand,ice/fin
NDSL70,Suture or plastic repair of muscle of wrist or hand,est/swe/lat/ice/den/nor
NDSL72,Suture or reinsertion of tendon of wrist or metacarpal area,est/swe/lat/ice/den/fin/nor
NDSL74,Suture or reinsertion of extensor tendon of finger,est/lat/ice/den/fin/nor
NDSL76,Suture or reinsertion of tendon of wrist or hand\ flexor tendon,est/lat/ice/den/fin/nor
NDSL99,Other operation on muscle or tendon of wrist or hand,est/swe/lat/ice/den/fin/nor
NDSM00,Fasciotomy or partial of total excision of fascia of wrist or hand,est/swe/lat/ice/den/fin/nor
NDSM10,Suture of fascia of wrist or hand,est/swe/lat/ice/den/nor
NDSM20,Excision of synovial ganglion or bursa of wrist or hand,est/swe/lat/ice/den/fin/nor
NDSM30,Discission or partial excision of sheath of tendon of wrist or hand,est/swe/lat/ice/den/fin/nor
NDSM40,Reconstruction of pulley of tendon of wrist or hand,est/swe/lat/ice/fin/nor
NDSM99,"Other operation on fascia, ganglion, synovial sheath or bursa of wrist or hand",est/swe/lat/ice/den/fin/nor
NDSN90,Use of transplant in surgery of wrist or hand,est/swe/lat/den/nor
NDSP00,Replantation and autotransplantation of digit to hand,est/swe/lat/ice/den/fin/nor
NDSP02,Replantation of more than one digit to hand,ice/fin
NDSP10,Replantation of hand,est/swe/lat/ice/den/fin/nor
NDSP20,Multi-tissue repair of wrist or hand including revascularisation,ice/fin
NDSP22,Multi-tissue repair of finger or fingers including revascularisation,ice/fin
NDSQ00,Amputation in wrist or hand,est/swe/lat/ice/den/fin/nor
NDSQ02,Amputation of thumb,est/swe/lat/ice/den/nor
NDSQ04,Amputation of other finger(s),est/swe/lat/ice/den/fin/nor
NDSQ10,Revision of amputation or exarticulation stump in wrist,est/swe/lat/ice/den/fin/nor
NDSQ12,Revision of amputation or exarticulation stump of thumb,est/lat/ice/den/nor
NDSQ14,Revision or amputation or exarticulation of other finger(s),est/lat/ice/den/fin/nor
NDSQ99,Other amputation or related operation in wrist or hand,est/swe/lat/ice/den/nor
NDSR00,Incomplete excision of soft tissue tumour of wrist or hand,est/swe/lat/ice/den/nor
NDSR02,Complete excision of soft tissue tumour of wrist or hand,est/swe/lat/ice/den/nor
NDSR10,Incomplete excision of tumour of bone or cartilage of wrist or hand,est/swe/lat/ice/den/nor
NDSR12,Complete excision of tumour of bone or cartilage of wrist or hand,est/swe/lat/ice/den/nor
NDSR99,Other operation for tumour of wrist or hand,est/swe/lat/ice/den/fin/nor
NDSS00,Incision and debridement of infection of tendon of wrist or hand,est/swe/lat/ice/den/fin/nor
NDSS10,Incision and debridement of infection of joint of wrist or hand,est/swe/lat/ice/den/fin/nor
NDSS20,Incision and debridement of infection of bone of wrist or hand,est/swe/lat/ice/den/fin/nor
NDSS99,"Other operation for infection of tendon, joint or bone of wrist or hand",est/swe/lat/ice/den/fin/nor
NDST08,First phase operation for multiple trauma of hand and wrist,ice/fin
NDST10,Pollicisation,est/swe/lat/ice/den/fin/nor
NDST12,Phalangisation of toe,ice/den/fin
NDST14,Phalangisation of metacarpal,est/swe/lat/ice/nor
NDST19,Other phalangisation,ice/fin
NDST20,Transposition of radius of hand,ice/fin
NDST30,Correction of conjoined fingers,ice/fin
NDST39,Other correction of anomaly of fingers,ice/fin
NDST40,Complex correction of complicated deformity of hand,est/swe/lat/ice/den/fin/nor
NDST59,Removal of foreign body from tissue of wrist or hand,est/swe/lat/ice/den/fin/nor
NDST99,Other operation on wrist or hand,est/swe/lat/ice/den/fin/nor
NDSU00,Removal of prosthesis from wrist,est/swe/lat/ice/den/fin/nor
NDSU02,Removal of prosthesis from finger,est/swe/lat/ice/den/fin/nor
NDSU10,Removal of prosthetic ligament from wrist or hand,est/swe/lat/ice/den/fin/nor
NDSU20,Removal of external fixation device from wrist or hand,est/swe/lat/ice/den/fin/nor
NDSU30,Removal of internal fixation device from wrist or hand,est/swe/lat/ice/den/fin/nor
NDSU40,Removal of therapeutic implant in treatment of infection or wrist or hand,est/swe/lat/ice/den/fin/nor
NDSU99,Removal of other implant from wrist or hand,est/swe/lat/ice/den/fin/nor
NDSW00,Reoperation for infection in surgery of wrist or hand,est/swe/lat/ice/den/fin/nor
NDSW10,Reoperation for haemorrhage in surgery of wrist or hand,est/swe/lat/ice/den/fin/nor
NDSW99,Other reoperation in surgery of wrist or hand,est/swe/lat/ice/den/fin/nor
NDXA05,"Removal of foreign or loose body from joint of wrist or hand, closed",est/swe/lat/ice
NDXA20,Needle biopsy of soft tissue or joint of wrist or hand,est/swe/lat/ice/den/nor
NDXA22,Needle biopsy of bone of wrist or hand,est/swe/lat/ice/den/nor
NDXA29,"Needle biopsy of wrist or hand, unspecified",ice/fin
NDXH00,Reduction of dislocation of joint of wrist\ closed,est/swe/lat/ice/den/fin/nor
NDXH10,Reduction of dislocation of other joint of hand\ closed,est/swe/lat/ice/den/fin/nor
NDXH20,Reduction of dislocation of joint prosthesis of wrist\ closed,est/swe/lat/ice/den/fin/nor
NDXH24,Reduction of dislocation of joint prosthesis of finger\ closed,ice
NDXH30,Freeing of adhesions of joint of wrist or hand\ closed,swe/ice/den
NDXJ00,Closed reduction of fracture of wrist or hand\ phalanx,est/swe/lat/ice/den/fin/nor
NDXM00,Closed fasciotomy of hand,swe/nor
NDXQ00,Adjustment of external prosthesis on wrist or hand,lat/ice/den/nor
NDXT00,Forcible manipulation of joint of wrist or hand,est/swe/lat/ice/den/nor
NDXT05,Streching of Dupuytren contracture,swe
NDXT10,Applying traction on hand or finger,ice/fin
NDXX00,Puncture or needle biopsy of soft tissue\ wrist and hand,est/swe/lat/ice/den/nor
NDXX01,Needle biopsy for cytology\ wrist and hand,ice/fin/nor
NDXX05,Simple incision of soft tissue\ wrist and hand,est/swe/lat/ice/den/fin/nor
NDXX10,Arthrocentesis\ wrist and hand,est/swe/lat/ice/den/fin/nor
NDXX11,Injection of diagnostic or therapeutic substance into joint\ wrist and hand,est/swe/lat/ice/den/fin/nor
NDXX30,Soft bandage\ wrist and hand,est/swe/lat/ice/fin/nor
NDXX31,Prefabricated orthosis\ wrist and hand,est/swe/lat/ice/den/fin/nor
NDXX32,Custom moulded splint\ wrist and hand,est/swe/lat/ice/den/fin/nor
NDXX33,Custom moulded cast\ wrist and hand,est/swe/lat/ice/den/fin/nor
NDXX34,Major custom moulded cast\ wrist and hand,est/swe/lat/ice/fin
NDXX39,Other orthopedic bandage\ wrist and hand,est/swe/lat/ice/fin/nor
NDXX40,External traction\ wrist and hand,est/swe/lat/ice/den/nor
NDXX50,Implantation of skeletal marker\ wrist and hand,est/swe/lat/ice/den/nor
NEDA1A,Pelvis X-ray examination,swe/ice/den/fin/nor
NEDA1M,Birth channel measurement (pelvimetry) with X-ray,swe/ice/fin/nor
NEDD1A,Pelvis and hip bones CT examination,swe/ice/den/fin
NEDG1A,MRI pelvimetry,ice/fin
NEDG1B,"Pelvic, hip and femur MRI examination",swe/ice/den/fin/nor
NEIA00,Pelvis and hips isotope imaging,swe/ice
NEO001,"Preoperative radiotherapy of pelvis, sacrum and coggyx",ice
NEO002,"Radical radiotherapy of pelvis, sacrum and coggyx",ice
NEO003,"Adjuvant radiotherapy of pelvis, sacrum and coggyx",ice
NEO004,"Palliative radiotherapy of pelvis, sacrum and coggyx",ice
NEO029,"Radiotherapy of local recidive of tumor of pelvis, sacrum and coggyx",ice
NEO049,"Radiotherapy of methastasis in pelvis, sacrum or coggyx",ice
NEO090,"Profylactisc radiotherapy of pelvis, sacrum and coggyx",ice
NEO099,"Other radiotherapy of pelvis, sacrum and coggyx",ice
NESA00,Exploration of pelvis\ open,est/swe/lat/ice/den/nor
NESA01,Exploration of pelvis\ arthroscopic,est/swe/lat/ice/den/nor
NESA12,Exploration of joint of pelvis\ open,est/swe/lat/ice/den/fin/nor
NESA30,Biopsy of bone of pelvis\ percutaneous,est/swe/lat/ice/den/nor
NESA31,Biopsy of bone of pelvis\ arthroscopic,est/swe/lat/ice/den/nor
NESA32,Biopsy of bone of pelvis\ open,est/swe/lat/ice/den/nor
NESB99,Primary partial prosthetic replacement of joint of pelvis,est/lat/ice/den
NESC99,Secondary implantation of prosthesis in joint of pelvis,est/lat/ice/den
NESE99,Operation on capsule or ligament of joint of pelvis,est/lat/ice/den/nor
NESF99,Operation on synovia or surface of joint of pelvis,est/lat/ice/den/nor
NESG09,Excision arthroplasty of joint of pelvis,est/lat/ice/den/nor
NESG19,Interposition arthroplasty of joint of pelvis,est/lat/ice/den/nor
NESG29,Other arthroplasty of joint of pelvis without prosthetic replacement,est/lat/ice/den/nor
NESG30,Fusion of joint of joint of pelvis with internal fixation,ice/fin
NESG34,Fusion of joint of joint of pelvis with external fixation,ice/fin
NESG39,Fusion of joint of pelvis without fixation,est/swe/lat/ice/den/nor
NESG49,Fusion of joint of pelvis with internal fixation,est/swe/lat/ice/den/nor
NESG59,Fusion of joint of pelvis with external fixation,est/swe/lat/ice/den/nor
NESG99,"Other excision, reconstruction or fusion of joint of pelvis",est/swe/lat/ice/den/nor
NESH09,Reduction of dislocation of joint of pelvis,est/swe/lat/ice/den/fin/nor
NESH29,Reduction of dislocation prosthesis of joint of pelvis,est/lat/ice/den
NESH99,Other operation on joint of pelvis,est/swe/lat/ice/den/fin/nor
NESJ09,Closed reduction of fracture of pelvis,est/swe/lat/ice/den/fin/nor
NESJ19,Open reduction of fracture of pelvis,est/swe/lat/ice/den/fin/nor
NESJ29,External fixation of fracture of pelvis,est/swe/lat/ice/den/fin/nor
NESJ39,Internal fixation of fracture of pelvis using bioimplant,est/swe/lat/ice/den/nor
NESJ49,"Internal fixation of fracture of pelvis using wire, rod, cerclage or pin",est/swe/lat/ice/den/nor
NESJ50,Operation of fracture of pelvic ring,ice/fin
NESJ69,Internal fixation of fracture of pelvis using plate and screws,est/swe/lat/ice/den/nor
NESJ79,Internal fixation of fracture of pelvis using screws alone,est/swe/lat/ice/den/nor
NESJ86,Reoperation or late fracture surgery of pelvis,ice/fin
NESJ89,Internal fixation of fracture of pelvis using other or combined methods,est/swe/lat/ice/den/nor
NESJ90,Plastic reconstruction of lumbal base,fin
NESJ99,Other fracture surgery of pelvis,est/swe/lat/ice/den/nor
NESK09,Excision of fragment of bone of pelvis,est/swe/lat/ice/den/nor
NESK19,Partial or total excision of bone of pelvis,est/swe/lat/ice/den/nor
NESK29,Fenestration or forage of bone of pelvis,est/swe/lat/ice/den/fin/nor
NESK39,Curettage of cyst of bone of pelvis,est/swe/lat/ice/den/fin/nor
NESK49,Epiphysiodesis of pelvis,est/lat/ice/den/nor
NESK59,"Angulation, rotation or displacement osteotomy of pelvis",est/swe/lat/ice/den/fin/nor
NESK79,Bone transport operation of pelvis,est/lat/ice/den/nor
NESK89,Traction lengthening of epiphyseal plate of pelvis,est/lat/ice/den/nor
NESK99,Other operation on bone of pelvis,est/swe/lat/ice/den/fin/nor
NESL09,Freeing of muscle of pelvis,est/swe/lat/ice/den/nor
NESL19,Suture or plastic repair of muscle of pelvis,est/swe/lat/ice/den/nor
NESL29,Transposition of muscle of pelvis,est/swe/lat/ice/den/nor
NESL39,Myotomy or tenotomy of pelvis with or without excision,est/swe/lat/ice/den/nor
NESL49,Repair of ligament of pelvis with suture or transplant,swe/ice/den
NESL99,Other operation on muscle or tendon of pelvis,est/swe/lat/ice/den/fin/nor
NESM99,"Operation on fascia, ganglion or bursa of pelvis",est/swe/lat/ice/den/nor
NESN90,Use of transplant in surgery of pelvis,est/swe/lat/ice/den/nor
NESP29,Replantation of extremity at level of pelvis,est/swe/lat/ice/den
NESQ19,Hemipelvectomy,est/swe/lat/ice/den/fin/nor
NESQ29,Revision of amputation or exarticulation stump of pelvis,est/swe/lat/ice/den/fin/nor
NESQ99,Other amputation in pelvis or related operation,est/swe/lat/ice/den/nor
NESR09,Incomplete excision of soft tissue tumour of pelvis,est/swe/lat/ice/den/nor
NESR19,Complete excision of soft tissue tumour of pelvis,est/swe/lat/ice/den/nor
NESR29,Extended excision of soft tissue tumour of pelvis,est/swe/lat/ice/den/nor
NESR39,Block excision of soft tissue tumour of pelvis,est/swe/lat/ice/den/nor
NESR49,Incomplete excision of tumour of bone or cartilage of pelvis,est/swe/lat/ice/den/fin/nor
NESR50,Operation on teratoma of pelvis,ice/fin
NESR59,Complete excision of tumour of bone or cartilage of pelvis,est/swe/lat/ice/den/nor
NESR69,Extended excision of tumour of bone or cartilage of pelvis,est/swe/lat/ice/den/fin/nor
NESR79,Block excision of tumour of bone or cartilage of pelvis,est/swe/lat/ice/den/nor
NESR99,Other operation for tumour of pelvis,est/swe/lat/ice/den/nor
NESS19,Incision and debridement of infection of joint of pelvis,est/swe/lat/ice/den/fin/nor
NESS29,Incision and debridement of infection of bone of pelvis,est/swe/lat/ice/den/fin/nor
NESS49,Incision and debridement of infection of joint of pelvis with introduction of therapeutic agent,est/swe/lat/ice/den/nor
NESS59,Incision and debridement of infection of bone of pelvis with introduction of therapeutic agent,est/swe/lat/ice/den/nor
NESS99,"Other operation for infection of tendon, joint or bone of pelvis",est/swe/lat/ice/den/nor
NEST49,Correction of deformity of joint of pelvis using external or internal fixation,est/swe/lat/ice/den/nor
NEST59,Removal of foreign body from tissue of pelvis,est/swe/lat/ice/den/fin/nor
NEST99,Other operation on pelvis,est/swe/lat/ice/den/fin/nor
NESU19,Removal of total prosthesis from joint of pelvis,est/lat/ice/den
NESU39,Removal of external fixation device from pelvis,est/swe/lat/ice/den/fin/nor
NESU49,Removal of internal fixation device from pelvis,est/swe/lat/ice/den/fin/nor
NESU89,Removal of therapeutic implant in treatment of infection of pelvis,est/swe/lat/ice/den/nor
NESU99,Removal of other implant from pelvis,est/swe/lat/ice/den/fin/nor
NESW10,Reoperation for deep infection in in surgery of pelvis,ice/fin
NESW49,Repair of wound dehiscence in surgery of pelvis,est/swe/lat/ice/den/fin/nor
NESW59,Reoperation for superficial infection in surgery of pelvis,est/swe/lat/ice/den/nor
NESW69,Reoperation for deep infection in surgery of pelvis,est/swe/lat/ice/den/nor
NESW79,Reoperation for superficial haemorrhage in surgery of pelvis,est/swe/lat/ice/den/nor
NESW89,Reoperation for deep haemorrhage in surgery of pelvis,est/swe/lat/ice/den/nor
NESW99,Other reoperation in surgery of pelvis,est/swe/lat/ice/den/fin/nor
NEXA00,Heat coagulation of lesiion of pelvic bones or hip,ice/fin/nor
NEXQ00,Adjustment of external prosthesis to pelvis,lat/ice/nor
NEXT10,Traction of pelvis,ice/fin
NEXX00,Exploration of soft tissue of pelvis\ percutaneous,est/swe/lat/ice/den/fin/nor
NEXX01,Biopsy of pelvis for cytology\ percutaneous,ice/fin
NEXX05,Simple incision of soft tissue\ pelvis (incl. sacrum and coccyx),est/swe/lat/ice/den/fin/nor
NEXX10,Arthrocentesis\ pelvis (incl. sacrum and coccyx),est/swe/lat/ice/den/fin/nor
NEXX11,Injection of diagnostic or therapeutic substance into joint\ pelvis,est/swe/lat/ice/den/fin/nor
NEXX30,Soft bandage\ pelvis (incl. sacrum and coccyx),est/swe/lat/ice/fin
NEXX31,Prefabricated orthosis\ pelvis (incl. sacrum and coccyx),est/swe/lat/ice/den/fin/nor
NEXX32,Custom moulded splint\ pelvis (incl. sacrum and coccyx),est/swe/lat/ice/den/fin
NEXX33,Custom moulded cast\ pelvis (incl. sacrum and coccyx),est/swe/lat/ice/den/fin
NEXX34,Major custom moulded cast\ pelvis (incl. sacrum and coccyx),est/swe/lat/ice/nor
NEXX39,Other orthopedic bandage\ pelvis (incl. sacrum and coccyx),est/swe/lat/ice/fin/nor
NEXX40,External traction\ pelvis (incl. sacrum and coccyx),est/swe/lat/ice/den/fin/nor
NEXX50,Implantation of skeletal marker\ pelvis (incl. sacrum and coccyx),est/swe/lat/ice/den/fin/nor
NFDA1A,Hip X-ray examination,swe/ice/den/fin/nor
NFDA1D,Bilateral hip X-ray examination,swe/ice/fin
NFDA3A,Femur X-ray examination,swe/ice/den/fin/nor
NFDA3D,Bilateral femur X-ray examination,ice
NFDB1C,Hip artrography with X-ray,ice
NFDD3A,Femur CT,swe/ice/den/fin
NFDE1A,Hip joint ultrasound examination,swe/ice/fin/nor
NFDG1B,Hip MRI,fin/nor
NFFA00,Photography of lower leg,fin
NFIA00,Hip isotope imaging,swe/ice/nor
NFO001,Preoperative radiotherapy of lower extremity,ice
NFO002,Radical radiotherapy of lower extremity,ice
NFO003,Adjuvant radiotherapy of lower extremity,ice
NFO004,Palliative radiotherapy of lower extremity,ice
NFO029,Radiotherapy of local recidive of tumor of lower extremity,ice
NFO049,Radiotherapy of methastasis in lower extremity,ice
NFO090,profylactic radiotherapy of lower extremity,ice
NFO099,Other radiotherapy of lower extremity,ice/nor
NFSA00,Exploration of soft tissue of hip and thigh\ open,est/swe/lat/ice/den/nor
NFSA01,Exploration of soft tissue of hip and thigh\ arthroscopic,est/swe/lat/ice/den
NFSA11,Exploration of hip joint\ arthroscopic,est/swe/lat/ice/den/fin/nor
NFSA12,Exploration of hip joint\ open,est/swe/lat/ice/den/fin/nor
NFSA19,Exploration of hip joint\ unspecified,est/ice
NFSA31,Biopsy of bone of femur\ arthroscopic,est/swe/lat/ice/den
NFSA32,Biopsy of bone of femur\ open,est/swe/lat/ice/den/nor
NFSB00,Primary partial prosthetic replacement of hip joint not using cement\ all parts,est/lat/ice
NFSB01,Primary partial prosthetic replacement of hip joint not using cement\ single part - proximal,est/lat/ice/den
NFSB02,Primary partial prosthetic replacement of hip joint not using cement\ single part - distal,est/lat/ice/den/nor
NFSB03,Primary partial prosthetic replacement of hip joint not using cement\ single part - other,est/lat/ice/den
NFSB09,Primary partial prosthetic replacement of hip joint not using cement\ other or unspecified,est/swe/lat/ice/den/fin
NFSB10,Primary partial prosthetic replacement of hip joint using cement\ all parts,est/lat/ice
NFSB11,Primary partial prosthetic replacement of hip joint using cement\ single part proximal,est/lat/ice/den/fin
NFSB12,Primary partial prosthetic replacement of hip joint using cement\ single part - distal,est/lat/ice/den/nor
NFSB13,Primary partial prosthetic replacement of hip joint using cement\ single part - other,est/lat/ice/den
NFSB19,Primary partial prosthetic replacement of hip joint using cement\ other or unspecified,est/swe/lat/ice/den
NFSB20,Primary total prosthetic replacement of hip joint not using cement,est/swe/lat/ice/den/fin/nor
NFSB30,Primary total prosthetic replacement of hip joint using hybrid technique,est/swe/lat/ice/den/fin/nor
NFSB40,Primary total prosthetic replacement of hip joint using cement,est/swe/lat/ice/den/fin/nor
NFSB59,Primary prosthetic interposition arthroplasty of hip joint,est/lat/ice/den/nor
NFSB60,Demanding prosthetic replacement of hip,ice/fin
NFSB62,Primary prosthetic replacement of joint surface of femoral head,est/swe/lat/ice/fin/nor
NFSB99,Other primary prosthetic replacement of hip joint,est/swe/lat/ice/den/fin/nor
NFSC00,Secondary implantation of partial prosthesis in hip joint not using cement\ all parts,est/lat/ice
NFSC01,Secondary implantation of partial prosthesis in hip joint not using cement\ single part - proximal,est/lat/ice/den/nor
NFSC02,Secondary implantation of partial prosthesis in hip joint not using cement\ single part - distal,est/lat/ice/den/nor
NFSC03,Exchange of a loose part of prosthesis in hip joint,est/lat/ice/den/fin/nor
NFSC09,Secondary implantation of partial prosthesis in hip joint not using cement\ other or unspecified,est/swe/lat/ice/den
NFSC10,Secondary implantation of partial prosthesis in hip joint using cement\ all parts,est/lat/ice
NFSC11,Secondary implantation of partial prosthesis in hip joint using cement\ single part - proximal,est/lat/ice/den/nor
NFSC12,Secondary implantation of partial prosthesis in hip joint using cement\ single part - distal,est/lat/ice/den/nor
NFSC13,Secondary implantation of partial prosthesis in hip joint using cement\ single part - other,est/lat/ice/den/nor
NFSC19,Secondary implantation of partial prosthesis in hip joint using cement\ other or unspecified,est/swe/lat/ice/den
NFSC20,Secondary implantation of total prosthesis in hip joint not using cement\ all parts,est/swe/lat/ice/den/nor
NFSC21,Secondary implantation of total prosthesis in hip joint not using cement\ single part - proximal,est/swe/lat/ice/den/nor
NFSC22,Secondary implantation of total prosthesis in hip joint not using cement\ single part - distal,est/swe/lat/ice/den/nor
NFSC23,Secondary implantation of total prosthesis in hip joint not using cement\ single part - other,est/swe/lat/ice/den/nor
NFSC29,Secondary implantation of total prosthesis in hip joint not using cement\ other or unspecified,est/swe/lat/ice/den
NFSC30,Secondary implantation of total prosthesis in hip joint using hybrid technique\ all parts,est/swe/lat/ice/den/nor
NFSC31,Secondary implantation of total prosthesis in hip joint using hybrid technique\ single part - proximal,est/swe/lat/ice/den/nor
NFSC32,Secondary implantation of total prosthesis in hip joint using hybrid technique\ single part - distal,est/swe/lat/ice/den/nor
NFSC33,Secondary implantation of total prosthesis in hip joint using hybrid technique\ single part - other,est/swe/lat/ice/den/nor
NFSC39,Secondary implantation of total prosthesis in hip joint using hybrid technique\ other or unspecified,est/swe/lat/ice/den
NFSC40,Secondary implantation of total prosthesis in hip joint using cement\ all parts,est/swe/lat/ice/den/nor
NFSC41,Secondary implantation of total prosthesis in hip joint using cement\ single part - proximal,est/swe/lat/ice/den/nor
NFSC42,Secondary implantation of total prosthesis in hip joint using cement\ single part - distal,est/swe/lat/ice/den/nor
NFSC43,Secondary implantation of total prosthesis in hip joint using cement\ single part - other,est/swe/lat/ice/den/nor
NFSC49,Secondary implantation of total prosthesis in hip joint using cement\ other or unspecified,est/swe/lat/ice/den/fin
NFSC50,Repair of hip prosthesis by bone transplant to femur and acetabulum,ice/fin
NFSC59,Secondary implantation of interposition prosthesis in hip joint,est/swe/lat/ice/den/nor
NFSC99,Other secondary prosthetic replacement in hip joint,est/swe/lat/ice/den/fin/nor
NFSE10,Incision of capsule or ligament of hip joint,ice/fin
NFSE15,Plastic repair of capsule or ligament of hip joint,ice/fin
NFSE81,"Resektion of acetabular labrum, arthroscopic",nor
NFSE82,"Resektion of acetabular labrum, open",nor
NFSE85,"Suturation of acetabular labrum, athroscopic",est/nor
NFSE86,"Suturation of acetabular labrum, open",nor
NFSE87,Other athroscopic operation of acetabular labrum,nor
NFSE89,Other open operation of acetabular labrum,nor
NFSE91,Operation on capsule or ligament of hip joint\ arthroscopic,est/swe/lat/ice/den/nor
NFSE92,Operation on capsule or ligament of hip joint\ open,est/swe/lat/ice/den/nor
NFSE99,Operation on capsule or ligament of hip joint\ unspecified,est/ice
NFSF01,Total synovectomy of hip joint\ arthroscopic,est/swe/lat/ice/den/nor
NFSF02,Total synovectomy of hip joint\ open,est/swe/lat/ice/den/nor
NFSF09,Total synovectomy of hip joint\ unspecified,est/ice
NFSF11,Partial synovectomy of hip joint\ arthroscopic,est/swe/lat/ice/den/nor
NFSF12,Partial synovectomy of hip joint\ open,est/swe/lat/ice/den/nor
NFSF19,Partial synovectomy of hip joint\ unspecified,est/ice
NFSF20,Cleaning of hip joint\ open,ice/fin
NFSF21,Fixation of fragment of surface of hip joint\ arthroscopic,est/swe/lat/ice/den/nor
NFSF22,Fixation of fragment of surface of hip joint\ open,est/swe/lat/ice/den/nor
NFSF23,Fixation of fragment of surface of hip joint\ tramscitamepis,swe
NFSF25,Cleaning of hip joint\ arthroscopic,ice/fin
NFSF29,Fixation of fragment of surface of hip joint\ unspecified,est/ice
NFSF31,Partial excision of joint cartilage of hip joint\ arthroscopic,est/swe/lat/ice/den/nor
NFSF32,Partial excision of joint cartilage of hip joint\ open,est/swe/lat/ice/den/nor
NFSF39,Partial excision of joint cartilage of hip joint\ unspecified,est/ice
NFSF91,Other operation on synovia or surface of hip joint\ arthroscopic,est/swe/lat/ice/den/nor
NFSF92,Other operation on synovia or surface of hip joint\ open,est/swe/lat/ice/den/nor
NFSF99,Other operation on synovia or surface of hip joint\ unspecified,est/ice
NFSG00,Arthroplasty of hip joint,ice/fin
NFSG09,Excision arthroplasty of hip joint,est/swe/lat/ice/den/nor
NFSG19,Interposition arthroplasty of hip joint,est/swe/lat/ice/den/nor
NFSG29,Other arthroplasty of hip joint without prosthetic replacement,est/swe/lat/ice/den/nor
NFSG30,Fusion of hip joint,ice/fin
NFSG39,Fusion of hip joint without fixation,est/swe/lat/ice/den/nor
NFSG49,Fusion of hip joint with internal fixation,est/swe/lat/ice/den/nor
NFSG59,Fusion of hip joint with external fixation,est/swe/lat/ice/den/nor
NFSG99,"Other excision, reconstruction or fusion fo hip joint",swe/ice
NFSH00,Reduction of dislocation of hip joint\ closed,est/swe/lat/ice/den/fin/nor
NFSH01,Reduction of dislocation of hip joint\ arthroscopic,est/swe/lat/ice/den
NFSH02,Reduction of dislocation of hip joint\ open,est/swe/lat/ice/den/fin/nor
NFSH20,Reduction of dislocation prosthesis of hip joint\ closed,est/swe/lat/ice/den/fin/nor
NFSH21,Reduction of dislocation prosthesis of hip joint\ arthroscopic,est/swe/lat/ice/den
NFSH22,Reduction of dislocation prosthesis of hip joint\ open,est/swe/lat/ice/den/fin/nor
NFSH30,Freeing of adhesions of hip joint\ closed,est/swe/lat/ice/den
NFSH31,Freeing of adhesions of hip joint\ arthroscopic,est/swe/lat/ice/den/nor
NFSH32,Freeing of adhesions of hip joint\ open,est/swe/lat/ice/den/nor
NFSH39,Freeing of adhesions of hip joint\ unspecified,est/ice
NFSH40,Removal of foreign or loose body from hip joint\ closed,est/swe/lat/ice
NFSH41,Removal of foreign or loose body from hip joint\ arthroscopic,est/swe/lat/ice/den/nor
NFSH42,Removal of foreign or loose body from hip joint\ open,est/swe/lat/ice/den/nor
NFSH49,Removal of foreign or loose body from hip joint\ unspecified,est/ice
NFSH51,Excision of intraarticular exostosis or osteophyte of hip joint\ arthroscopic,est/swe/lat/ice/den/nor
NFSH52,Excision of intraarticular exostosis or osteophyte of hip joint\ open,est/swe/lat/ice/den/nor
NFSH59,Excision of intraarticular exostosis or osteophyte of hip joint\ unspecified,est/ice
NFSH71,Operation for habitual dislocation of hip joint\ arthroscopic,est/swe/lat/ice/den
NFSH72,Operation for habitual dislocation of hip joint\ open,est/swe/lat/ice/den
NFSH79,Operation for habitual dislocation of hip joint\ unspecified,est/ice
NFSH90,Other operation on hip joint\ closed,est/swe/lat/ice/den/nor
NFSH91,Other operation on hip joint\ arthroscopic,est/swe/lat/ice/den/nor
NFSH92,Other operation on hip joint\ open,est/swe/lat/ice/den/nor
NFSH99,Other operation on hip joint\ unspecified,est/ice/fin
NFSJ00,Closed reduction of fracture of femur\ neck of femur,est/lat/ice/den/nor
NFSJ01,Closed reduction of fracture of femur\ pertrochanteric,est/lat/ice/den/nor
NFSJ02,Closed reduction of fracture of femur\ subtrochanteric,est/lat/ice/den/nor
NFSJ03,"Closed reduction of fracture of femur\ proximal femur, other",est/lat/ice/den/nor
NFSJ04,Closed reduction of fracture of femur\ body of femur,est/lat/ice/den/nor
NFSJ05,Closed reduction of fracture of femur and bandage,est/lat/ice/den/fin/nor
NFSJ09,Closed reduction of fracture of femur,swe/ice
NFSJ10,Open reduction of fracture of femur\ neck of femur,est/lat/ice/den/nor
NFSJ11,Open reduction of fracture of femur\ pertrochanteric,est/lat/ice/den/nor
NFSJ12,Open reduction of fracture of femur\ subtrochanteric,est/lat/ice/den/nor
NFSJ13,"Open reduction of fracture of femur\ proximal femur, other",est/lat/ice/den/nor
NFSJ14,Open reduction of fracture of femur\ body of femur,est/lat/ice/den/nor
NFSJ15,Open reduction of fracture of femur and bandage,est/lat/ice/den/fin/nor
NFSJ19,Open reduction of fracture of femur,swe/ice
NFSJ20,External fixation of fracture of femur\ neck of femur,est/lat/ice/den/nor
NFSJ21,External fixation of fracture of femur\ pertrochanteric,est/lat/ice/den/nor
NFSJ22,External fixation of fracture of femur\ subtrochanteric,est/lat/ice/den/nor
NFSJ23,"External fixation of fracture of femur\ proximal femur, other",est/lat/ice/den/nor
NFSJ24,External fixation of fracture of femur\ body of femur,est/lat/ice/den/nor
NFSJ25,External fixation of fracture of femur\ distal femur,est/lat/ice/den/fin/nor
NFSJ29,"External fixation of fracture of femur, unspecified part",swe/ice
NFSJ30,Internal fixation of fracture of femur using bioimplant\ neck of femur,est/lat/ice/den/nor
NFSJ31,Internal fixation of fracture of femur using bioimplant\ pertrochanteric,est/lat/ice/den/nor
NFSJ32,Internal fixation of fracture of femur using bioimplant\ subtrochanteric,est/lat/ice/den/nor
NFSJ33,"Internal fixation of fracture of femur using bioimplant\ proximal femur, other",est/lat/ice/den/nor
NFSJ34,Internal fixation of fracture of femur using bioimplant\ body of femur,est/lat/ice/den/nor
NFSJ35,Internal fixation of fracture of femur using bioimplant\ distal femur,est/lat/ice/den/nor
NFSJ39,Internal fixation of fracture of femur using bioimplant,swe/ice
NFSJ40,"Internal fixation of fracture of femur using wire, rod, cerclage or pin\ neck of femur",est/lat/ice/den/nor
NFSJ41,"Internal fixation of fracture of femur using wire, rod, cerclage or pin\ pertrochanteric",est/lat/ice/den/nor
NFSJ42,"Internal fixation of fracture of femur using wire, rod, cerclage or pin\ subtrochanteric",est/lat/ice/den/nor
NFSJ43,"Internal fixation of fracture of femur using wire, rod, cerclage or pin\ proximal femur, other",est/lat/ice/den/nor
NFSJ44,"Internal fixation of fracture of femur using wire, rod, cerclage or pin\ body of femur",est/lat/ice/den/nor
NFSJ45,"Internal fixation of fracture of femur using wire, rod, cerclage or pin\ distal femur",est/lat/ice/den/nor
NFSJ49,"Internal fixation of fracture of femur using wire, rod, cerclage or pin",swe/ice
NFSJ50,Internal fixation of fracture of femur using intramedullary nail\ neck of femur,est/lat/ice/den/fin/nor
NFSJ51,Internal fixation of fracture of femur with intramedullary nail,est/lat/ice/den/nor
NFSJ52,Internal fixation of fracture of femur using intramedullary nail\ subtrochanteric,est/lat/ice/den/nor
NFSJ53,Internal fixation of fracture of upper femur with screws and sideplate,est/lat/ice/den/fin/nor
NFSJ54,Internal fixation of fracture of femur using intramedullary nail\ body of femur,est/lat/ice/den/fin/nor
NFSJ55,Internal fixation of fracture of femur using intramedullary nail\ distal femur,est/lat/ice/den/nor
NFSJ59,Internal fixation of fracture of femur using intramedullary nail,swe/ice
NFSJ60,Internal fixation of fracture of femur using plate and screws\ neck of femur,est/lat/ice/den/nor
NFSJ61,Internal fixation of fracture of femur using plate and screws\ pertrochanteric,est/lat/ice/den/nor
NFSJ62,Internal fixation of fracture of femur using plate and screws\ subtrochanteric,est/lat/ice/den/nor
NFSJ63,"Internal fixation of fracture of femur using plate and screws\ proximal femur, other",est/lat/ice/den/nor
NFSJ64,Internal fixation of fracture of femur using plate and screws\ body of femur,est/lat/ice/den/nor
NFSJ65,Internal fixation of fracture of other parts of femur with screws and plate,est/lat/ice/den/fin/nor
NFSJ69,Internal fixation of fracture of femur using plate and screws,swe/ice
NFSJ70,Internal fixation of fracture of femur using screws alone\ neck of femur,est/lat/ice/den/nor
NFSJ71,Internal fixation of fracture of femur using screws alone\ pertrochanteric,est/lat/ice/den/nor
NFSJ72,Internal fixation of fracture of femur using screws alone\ subtrochanteric,est/lat/ice/den/nor
NFSJ73,"Internal fixation of fracture of femur using screws alone\ proximal femur, other",est/lat/ice/den/nor
NFSJ74,Internal fixation of fracture of femur using screws alone\ body of femur,est/lat/ice/den/nor
NFSJ75,Internal fixation of fracture of femur using screws alone\ distal femur,est/lat/ice/den/nor
NFSJ79,Internal fixation of fracture of femur using screws alone,swe/ice
NFSJ80,Internal fixation of fracture of femur using other or combined methods\ neck of femur,est/lat/ice/den/nor
NFSJ81,Internal fixation of fracture of femur using other or combined methods\ pertrochanteric,est/lat/ice/den/nor
NFSJ82,Internal fixation of fracture of femur using other or combined methods\ subtrochanteric,est/lat/ice/den/nor
NFSJ83,"Internal fixation of fracture of femur using other or combined methods\ proximal femur, other",est/lat/ice/den/nor
NFSJ84,Internal fixation of fracture of femur using other or combined methods\ body of femur,est/lat/ice/den/fin/nor
NFSJ85,Refixation of fracture of femur,est/lat/ice/den/fin/nor
NFSJ86,Late operation for fracture of femur to promote bone formation,ice/fin
NFSJ89,Internal fixation of fracture of femur using other or combined methods,swe/ice
NFSJ90,Other fracture surgery of femur\ neck of femur,est/lat/ice/den/nor
NFSJ91,Other fracture surgery of femur\ pertrochanteric,est/lat/ice/den/nor
NFSJ92,Other fracture surgery of femur\ subtrochanteric,est/lat/ice/den/nor
NFSJ93,"Other fracture surgery of femur\ proximal femur, other",est/lat/ice/den/nor
NFSJ94,Other fracture surgery of femur\ body of femur,est/lat/ice/den/nor
NFSJ95,Other fracture surgery of femur\ distal femur,est/lat/ice/den/nor
NFSJ99,Other fracture surgery of femur,swe/ice/fin
NFSK09,Excision of fragment of bone of femur,est/swe/lat/ice/den/nor
NFSK19,Partial or total excision of bone of femur,est/swe/lat/ice/den/fin/nor
NFSK29,Fenestration or forage of femur,est/swe/lat/ice/den/nor
NFSK39,Curettage of cyst of femur,est/swe/lat/ice/den/nor
NFSK47,Total separation of growth plate of femur,est/swe/lat/ice/fin/nor
NFSK48,Partial separation of growth plate of femur,est/swe/lat/ice/fin/nor
NFSK49,Epiphysiodesis of femur,est/swe/lat/ice/den/fin/nor
NFSK50,Shortening osteotomy of femur,ice/fin
NFSK59,"Angulation, rotation or displacement osteotomy of femur",est/swe/lat/ice/den/fin/nor
NFSK60,Lengthening osteotomy of femur,ice/fin
NFSK69,Shortening or lengthening osteotomy of femur,est/swe/lat/ice/den/nor
NFSK79,Bone transport operation of femur,est/swe/lat/ice/den/fin/nor
NFSK89,Traction lengthening of epiphyseal plate of femur,est/swe/lat/ice/den/fin/nor
NFSK99,Other operation on bone of femur,est/swe/lat/ice/den/fin/nor
NFSL09,Freeing of muscle of hip or thigh,est/swe/lat/ice/den/fin/nor
NFSL19,Suture or plastic repair of muscle of hip or thigh,est/swe/lat/ice/den/nor
NFSL29,Transposition of muscle of hip or thigh,est/swe/lat/ice/den/nor
NFSL39,Myotomy or tenotomy of hip or thigh with or without excision,est/swe/lat/ice/den/fin/nor
NFSL49,Suture or reinsertion of tendon of hip or thigh,est/swe/lat/ice/den/fin/nor
NFSL59,Tenolysis or tenosynovectomy of hip or thigh,swe/ice/den
NFSL69,"Tenodes, shortening or lenghtening of a tendon of hip or thigh",swe/ice/den/fin
NFSL89,Transpostion of tendon of hip or thigh,swe/ice/den
NFSL99,Other operation on muscle or tendon of hip or thigh,est/swe/lat/ice/den/fin/nor
NFSM09,Fasciotomy of thigh,est/swe/lat/ice/den/fin/nor
NFSM19,Partial or total excision of fascia of thigh,est/swe/lat/ice/den/nor
NFSM29,Suture of fascia of thigh,est/swe/lat/ice/den/nor
NFSM39,Excision of ganglion of hip or thigh,swe/ice
NFSM49,Division of tendonsheet of hip or thigh,swe/ice
NFSM59,Partial excision of tendonsheet of hip or thigh,swe/ice
NFSM79,Excision of bursa of hip or thigh,est/swe/lat/ice/den/fin/nor
NFSM99,"Other operation on fascia, ganglion or bursa of hip or thigh",est/swe/lat/ice/den/fin/nor
NFSN90,Use transplant in surgery of hip or thigh,est/swe/lat/ice/den/nor
NFSP29,Replantation of extremity at level of hip or thigh,est/swe/lat/ice/den/fin/nor
NFSQ09,Exarticulation of hip,est/swe/lat/ice/den/fin/nor
NFSQ19,Amputation of femur,est/swe/lat/ice/den/fin/nor
NFSQ29,Revision of exarticulation or amputation stump of hip or femur,est/swe/lat/ice/den/fin/nor
NFSQ30,Insertion of bone-anchored transdermal femoral implant,swe/fin/nor
NFSQ34,Insertion of femoral implant to give form to the amputation stump,swe/fin/nor
NFSQ99,Other amputation or related operation on hip or femur,est/swe/lat/ice/den/nor
NFSR09,Incomplete excision of soft tissue tumour of hip or thigh,est/swe/lat/ice/den/nor
NFSR19,Complete excision of soft tissue tumour of hip or thigh,est/swe/lat/ice/den/nor
NFSR29,Extended excision of soft tissue tumour of hip or thigh,est/swe/lat/ice/den/nor
NFSR39,Block excision of soft tissue tumour of hip or thigh,est/swe/lat/ice/den/nor
NFSR49,Incomplete excision of tumour of bone or cartilage of hip joint or femur,est/swe/lat/ice/den/fin/nor
NFSR59,Complete excision of tumour of bone or cartilage of hip joint or femur,est/swe/lat/ice/den/nor
NFSR69,Extended excision of tumour of bone or cartilage of hip joint or femur,est/swe/lat/ice/den/fin/nor
NFSR79,Block excision of tumour of bone or cartilage of hip joint or femur,est/swe/lat/ice/den/nor
NFSR89,Total excision of femur with prosthetic replacement,swe/ice
NFSR90,Insertion of fixation device to prevent pathological fracture of femur,ice/fin
NFSR99,Other operation for tumour of hip or thigh,est/swe/lat/ice/den/fin/nor
NFSS09,Incision and debridement of infection of soft tissue of hip or thigh,swe/ice
NFSS19,Incision and debridement of infection of hip joint,est/swe/lat/ice/den/fin/nor
NFSS29,Incision and debridement of infection of femur,est/swe/lat/ice/den/fin/nor
NFSS39,Incision and debridement of infection of soft tissue of hip or thigh with implantation of drugs,swe/ice
NFSS49,Incision and debridement of infection of hip joint with introduction of therapeutic agent,est/swe/lat/ice/den/nor
NFSS59,Incision and debridement of infection of femur with introduction of therapeutic agent,est/swe/lat/ice/den/nor
NFSS99,"Other operation for infection of tendon, joint or bone of hip or thigh",est/swe/lat/ice/den/fin/nor
NFST39,"Correction of deformity of hip joint or femur using muscle, tendon or ligament",est/swe/lat/ice/den/nor
NFST49,Correction of deformity of hip joint or femur using external or internal fixation,est/swe/lat/ice/den/nor
NFST59,Removal of foreign body from tissue of hip or thigh,est/swe/lat/ice/den/fin/nor
NFST60,Redression and bandage of hip joint,ice/fin
NFST99,Other operation on hip or thigh,est/swe/lat/ice/den/fin/nor
NFSU00,Removal of partial prosthesis from hip joint\ all parts,est/lat/ice
NFSU01,Removal of partial prosthesis from hip joint\ single part - proximal,est/lat/ice/den/nor
NFSU02,Removal of partial prosthesis from hip joint\ single part - distal,est/lat/ice/den/nor
NFSU03,Removal of partial prosthesis from hip joint\ single part - other,est/lat/ice/nor
NFSU04,"Removal of partial prosthesis from hip joint\ more than one, but not all parts",est/lat/ice
NFSU09,Removal of partial prosthesis from hip joint\ other or unspecified,est/swe/lat/ice/den
NFSU10,Removal of total prosthesis from hip joint\ all parts,est/lat/ice/den/nor
NFSU11,Removal of total prosthesis from hip joint\ single part - proximal,est/lat/ice/den/nor
NFSU12,Removal of total prosthesis from hip joint\ single part - distal,est/lat/ice/den/nor
NFSU13,Removal of total prosthesis from hip joint\ single part - other,est/lat/ice/nor
NFSU14,"Removal of total prosthesis from hip joint\ more than one, but not all parts",est/lat/ice/nor
NFSU19,Removal of total prosthesis from hip joint\ other or unspecified,est/swe/lat/ice/den/fin
NFSU39,Removal of external fixation device from femur,est/swe/lat/ice/den/fin/nor
NFSU49,Removal of internal fixation device from femur,est/swe/lat/ice/den/fin/nor
NFSU89,Removal of therapeutic implant in treatment of infection of hip or femur,est/swe/lat/ice/den/nor
NFSU99,Removal of other implant from hip joint or femur,est/swe/lat/ice/den/fin/nor
NFSW49,Repair of wound dehiscence in surgery of hip or thigh,est/swe/lat/ice/den/nor
NFSW59,Reoperation for superficial infection in surgery of hip or thigh,est/swe/lat/ice/den/nor
NFSW69,Reoperation for deep infection in surgery of hip or thigh,est/swe/lat/ice/den/fin/nor
NFSW79,Reoperation for superficial haemorrhage in surgery of hip or thigh,est/swe/lat/ice/den/nor
NFSW89,Reoperation for deep haemorrhage in surgery of hip or thigh,est/swe/lat/ice/den/fin/nor
NFSW99,Other reoperation in surgery of hip or thigh,est/swe/lat/ice/den/fin/nor
NFXA00,Heat coagualtion of femur,nor
NFXQ00,Adjustment of external prosthesis on hip or tiigh,lat/ice/nor
NFXT00,Forcible manipulation of hip joint,est/swe/lat/ice/den/nor
NFXT10,Traction of femur,ice/fin
NFXX00,Biopsy of soft tissue or joint of hip and thigh\ percutaneous,est/swe/lat/ice/den/fin/nor
NFXX01,Biopsy of hip and thigh for cytology\ percutaneous,ice/fin
NFXX02,Biopsy of bone of femur\ percutaneous,swe
NFXX05,Simple incision of soft tissue\ hip joint and thigh,est/swe/lat/ice/den/fin/nor
NFXX10,Arthrocentesis\ hip joint and thigh,est/swe/lat/ice/den/fin/nor
NFXX11,Injection of diagnostic or therapeutic substance into joint\ hip joint and thigh,est/swe/lat/ice/den/fin/nor
NFXX15,Hip drill fenestration,
NFXX30,Soft bandage\ hip joint and thigh,est/swe/lat/ice/fin/nor
NFXX31,Prefabricated orthosis\ hip joint and thigh,est/swe/lat/ice/den/fin/nor
NFXX32,Custom moulded splint\ hip joint and thigh,est/swe/lat/ice/den/fin/nor
NFXX33,Custom moulded cast\ hip joint and thigh,est/swe/lat/ice/den/fin/nor
NFXX34,Major custom moulded cast\ hip joint and thigh,est/swe/lat/ice/fin/nor
NFXX39,Other orthopedic bandage\ hip joint and thigh,est/swe/lat/ice/fin/nor
NFXX40,External traction\ hip joint and thigh,est/swe/lat/ice/den/fin/nor
NFXX50,Implantation of skeletal marker\ hip joint and thigh,est/swe/lat/ice/den/fin/nor
NFXX90,Cliniical examination of hip joint with photography,fin
NGDA1A,Knee X-ray examination without contrast,swe/ice/den/fin/nor
NGDA1E,Knee X-ray examination with wrench,ice/fin
NGDA2A,Patella X-ray examination,ice/den/fin
NGDA2E,Patella examination using Laurin's projections,ice
NGDA4A,Lower leg X-ray examination,swe/ice/den/fin/nor
NGDA4D,Bilateral lower leg X-ray examination,ice
NGDB1C,Knee artrography with X-ray,ice
NGDD1A,Knee CT,swe/ice/den/fin
NGDD1B,Knee cone beam CT,fin
NGDD4A,Lower leg CT,swe/ice/den/fin
NGDE1A,Knee joint ultrasound exmination,swe/ice/den/fin/nor
NGDE3A,Patella tendon ultrasound examination,ice/fin
NGDG1B,Knee and lower leg MRI examination,swe/ice/den/fin
NGFA00,Stability test of crux ligament,ice
NGIA00,Knee isotope imaging,swe/ice/nor
NGSA00,Exploration of soft tissue knee or lower leg\ open,est/swe/lat/ice/den/nor
NGSA01,Exploration of soft tissue knee or lower leg\ arthroscopic,est/swe/lat/ice/den/nor
NGSA10,Exploration of knee joint\ percutaneous,est/swe/lat/ice/nor
NGSA11,Exploration of knee joint\ arthroscopic,est/swe/lat/ice/den/fin/nor
NGSA12,Exploration of knee joint\ open,est/swe/lat/ice/den/fin/nor
NGSA31,Biopsy of bone of knee or lower leg\ arthroscopic,est/swe/lat/ice/den
NGSA32,Biopsy of bone of knee or lower leg\ open,est/swe/lat/ice/den/nor
NGSB00,Primary total replacement of knee joint using connected prosthesis with patellar part,ice/fin
NGSB02,Primary total replacement of knee joint using gliding prosthesis with patellar part,ice/den/fin/nor
NGSB10,Primary total replacement of knee joint using connected prosthesis without patellar part,ice/den/fin/nor
NGSB12,Primary total replacement of knee joint using gliding prosthesis without patellar part,ice/den/fin/nor
NGSB20,Primary partial prosthetic replacement of knee joint - medial and lateral compartments,est/swe/lat/ice/den/fin/nor
NGSB30,Primary partial prosthetic replacement of knee joint - patello-femoral compartment,est/swe/lat/ice/den/fin/nor
NGSB40,Primary prosthetic interposition arthroplasty of knee joint,est/lat/ice/den/nor
NGSB99,Other primary prosthetic replacement of knee joint,est/swe/lat/ice/den/fin/nor
NGSC00,Secondary implantation of total prosthesis in knee joint\ all parts,est/swe/lat/ice/den/fin/nor
NGSC02,Secondary total or partial replacement of knee joint with special fabricated prosthesis,ice/fin
NGSC04,Secondary total or partial replacement of knee joint with special fabricated prosthesis using bone allograft,ice/fin
NGSC10,Patellar part exchange or addition in knee joint prosthesis,swe/ice/den/fin
NGSC20,Exchange of other loose part of prosthesis in knee joint,ice/fin
NGSC99,Other secondary prosthetic replacement in knee joint,est/swe/lat/ice/den/fin/nor
NGSD01,Total excision of meniscus of knee\ arthroscopic,est/swe/lat/ice/den/fin/nor
NGSD02,Total excision of meniscus of knee\ open,est/swe/lat/ice/den/fin/nor
NGSD09,Total excision of meniscus of knee\ unspecified,est/ice
NGSD11,Partial excision of meniscus of knee\ arthroscopic,est/swe/lat/ice/den/fin/nor
NGSD12,Partial excision of meniscus of knee\ open,est/swe/lat/ice/den/fin/nor
NGSD19,Partial excision of meniscus of knee\ unspecified,est/ice
NGSD21,Reinsertion of meniscus of knee\ arthroscopic,est/swe/lat/ice/den/fin/nor
NGSD22,Reinsertion of meniscus of knee\ open,est/swe/lat/ice/den/fin/nor
NGSD29,Reinsertion of meniscus of knee\ unspecified,est/ice
NGSD50,Transposition of meniscus of knee,ice/fin
NGSD91,Other operation on meniscus of knee\ arthroscopic,est/swe/lat/ice/den/nor
NGSD92,Other operation on meniscus of knee\ open,est/swe/lat/ice/den/nor
NGSD99,Other operation on meniscus of knee\ unspecified,est/ice
NGSE01,Incision or suture of capsule of knee joint\ arthroscopic or endoscopic,swe
NGSE09,Incision or suture of capsule of knee joint,est/swe/lat/ice/den/fin/nor
NGSE11,"Transcision or excision of ligament of knee\ anterior cruciate, open",est/swe/lat/ice/den/nor
NGSE12,"Transcision or excision of ligament of knee\ posterior cruciate, open",est/swe/lat/ice/den/nor
NGSE13,Transcision or excision of ligament of knee\ medial collateral,est/lat/ice/den/nor
NGSE14,Transcision or excision of ligament of knee\ lateral collateral,est/lat/ice/den/nor
NGSE15,"Transcision or excision of ligament of knee\ anterior cruciate, arthroscopic",est/lat/ice/den/nor
NGSE16,"Transcision or excision of ligament of knee\ posterior cruciate, arthroscopic",est/lat/ice/den/nor
NGSE20,Suture or reinsertion of ligament of knee\ lateral collateral,ice/fin
NGSE21,"Fixation of fragment of surface of knee\ anterior cruciate, open",est/swe/lat/ice/den/nor
NGSE22,"Fixation of fragment of surface of knee\ posterior cruciate, open",est/swe/lat/ice/den/nor
NGSE23,Fixation of fragment of surface of knee\ medial collateral,est/lat/ice/den/nor
NGSE24,Fixation of fragment of surface of knee\ lateral collateral,est/lat/ice/den/nor
NGSE25,"Fixation of fragment of surface of knee\ anterior cruciate, arthroscopic",est/lat/ice/den/nor
NGSE26,"Fixation of fragment of surface of knee\ posterior cruciate, arthroscopic",est/lat/ice/den/nor
NGSE31,"Transposition of ligament of knee\ anterior cruciate, open",est/swe/lat/ice/den/nor
NGSE32,"Transposition of ligament of knee\ posterior cruciate, open",est/swe/lat/ice/den/nor
NGSE33,Transposition of ligament of knee\ medial collateral,est/lat/ice/den/nor
NGSE34,Transposition of ligament of knee\ lateral collateral,est/lat/ice/den/nor
NGSE35,"Transposition of ligament of knee\ anterior cruciate, arthroscopic",est/lat/ice/den/nor
NGSE36,"Transposition of ligament of knee\ posterior cruciate, arthroscopic",est/lat/ice/den/nor
NGSE41,"Plastic repair of ligament of knee not using prosthetic material\ anterior cruciate, open",est/swe/lat/ice/den/fin/nor
NGSE42,"Plastic repair of ligament of knee not using prosthetic material\ posterior cruciate, open",est/swe/lat/ice/den/fin/nor
NGSE43,Plastic repair of ligament of knee not using prosthetic material\ medial collateral,est/lat/ice/den/nor
NGSE44,Plastic repair of ligament of knee not using prosthetic material\ lateral collateral,est/lat/ice/den/fin/nor
NGSE45,"Plastic repair of ligament of knee not using prosthetic material\ anterior cruciate, arthroscopic",est/lat/ice/den/fin/nor
NGSE46,"Plastic repair of ligament of knee not using prosthetic material\ posterior cruciate, arthroscopic",est/lat/ice/den/nor
NGSE51,"Plastic repair of ligament of knee using prosthetic material\ anterior cruciate, open",est/swe/lat/ice/den/nor
NGSE52,"Plastic repair of ligament of knee using prosthetic material\ posterior cruciate, open",est/swe/lat/ice/den/nor
NGSE53,"Suture or reinsertion of ligament of knee\ lateral collateral, arthroscopic",est/lat/ice/den/fin/nor
NGSE54,Plastic repair of ligament of knee using prosthetic material\ lateral collateral,est/lat/ice/den/nor
NGSE55,"Plastic repair of ligament of knee using prosthetic material\ anterior cruciate, arthroscopic",est/lat/ice/den/nor
NGSE56,"Plastic repair of ligament of knee not using prosthetic material\ posterior or posterior and anterior cruciate,",est/lat/ice/den/fin/nor
NGSE60,Plastic repair of patellar ligaments\ open,ice/fin
NGSE65,Plastic repair of patellar ligaments\ arthroscopic,ice/fin
NGSE91,"Other operation on capsule or ligament of knee\ anterior cruciate, open",est/swe/lat/ice/den/nor
NGSE92,"Other operation on capsule or ligament of knee\ posterior cruciate, open",est/swe/lat/ice/den/nor
NGSE93,Other operation on capsule or ligament of knee\ medial collateral,est/lat/ice/den/nor
NGSE94,Other operation on capsule or ligament of knee\ lateral collateral,est/lat/ice/den/nor
NGSE95,"Other operation on capsule or ligament of knee\ anterior cruciate, arthroscopic",est/lat/ice/den/nor
NGSE96,Plastic repair or reinsertion of cruciate and collateral ligaments of the knee\ arthroscopic,est/lat/ice/den/fin/nor
NGSE99,Other or unspecified operation on other or unspecified ligament of knee,lat/den
NGSF00,Excision of plica of synovy of knee,ice/fin
NGSF01,Total synovectomy of knee\ arthroscopic,est/swe/lat/ice/den/fin/nor
NGSF02,Total synovectomy of knee\ open,est/swe/lat/ice/den/fin/nor
NGSF03,Total synovectomy of knee\ unspecified,est/ice
NGSF11,Partial synovectomy of knee\ arthroscopic,est/swe/lat/ice/den/nor
NGSF12,Partial synovectomy of knee\ open,est/swe/lat/ice/den/nor
NGSF13,Partial synovectomy of knee\ unspecified,est/ice
NGSF20,Operation for osteochondritis of knee\ open,ice/fin
NGSF21,Fixation of fragment of surface of knee\ arthroscopic,est/swe/lat/ice/den/nor
NGSF22,Fixation of fragment of surface of knee\ open,est/swe/lat/ice/den/nor
NGSF23,Fixation of fragment of surface of knee\ unspecified,est/swe/ice
NGSF25,Operation for osteochondritis of knee\ arthroscopic,ice/fin
NGSF30,Fixation of loose body of joint of knee,ice/fin
NGSF31,Partial excision of joint cartilage of knee\ arthroscopic,est/swe/lat/ice/den/nor
NGSF32,Partial excision of joint cartilage of knee\ open,est/swe/lat/ice/den/nor
NGSF33,Partial excision of joint cartilage of knee\ unspecified,est/ice
NGSF35,Plastic operation of joint cartilage of knee,ice/fin
NGSF40,Repair of defect of cartilage in the knee joint with transplant,ice/fin
NGSF91,Other operation on synovia or joint surface of knee\ arthroscopic,est/swe/lat/ice/den/nor
NGSF92,Other operation on synovia or joint surface of knee\ open,est/swe/lat/ice/den/nor
NGSF93,Other operation on synovia or joint surface of knee\ unspecified,est/lat/ice
NGSG09,Excision arthroplasty of knee,est/swe/lat/ice/den/fin/nor
NGSG19,Interposition arthroplasty of knee,est/swe/lat/ice/den/nor
NGSG29,Other arthroplasty of knee without prosthetic replacement,est/swe/lat/ice/den/nor
NGSG39,Fusion of knee joint without fixation,est/swe/lat/ice/den/nor
NGSG49,Fusion of knee joint with internal fixation,est/swe/lat/ice/den/fin/nor
NGSG59,Fusion of knee joint with external fixation,est/swe/lat/ice/den/fin/nor
NGSG99,"Other excision, reconstruction or fusion of knee joint",est/swe/lat/ice/den/nor
NGSH00,Reduction of dislocation of knee joint\ closed,est/swe/lat/ice/den/nor
NGSH01,Reduction of dislocation of knee joint\ arthroscopic,est/swe/lat/ice/den
NGSH02,Reduction of dislocation of knee joint\ open,est/swe/lat/ice/den/fin/nor
NGSH10,Reduction of dislocation of patella\ closed,est/swe/lat/ice/den/fin/nor
NGSH11,Reduction of dislocation of patella\ arthroscopic,est/swe/lat/ice/den
NGSH12,Reduction of dislocation of patella\ open,est/swe/lat/ice/den/nor
NGSH20,Reduction of dislocation prosthesis of knee joint\ closed,est/swe/lat/ice/den/fin/nor
NGSH21,Reduction of dislocation of prosthesis of knee joint\ arthroscopic,est/swe/lat/ice/den
NGSH22,Reduction of dislocation prosthesis of knee joint\ open,est/swe/lat/ice/den/fin/nor
NGSH30,Freeing of adhesions of knee joint\ closed,est/swe/lat/ice/den
NGSH31,Freeing of adhesions of knee joint\ arthroscopic,est/swe/lat/ice/den/nor
NGSH32,Freeing of adhesions of knee joint\ open,est/swe/lat/ice/den/nor
NGSH39,Freeing of adhesions of knee joint\ unspecified,est/ice
NGSH40,Removal of foreign or loose body from knee joint\ closed,est/swe/lat/ice
NGSH41,Removal of foreign or loose body from knee joint\ arthroscopic,est/swe/lat/ice/den/nor
NGSH42,Removal of foreign or loose body from knee joint\ open,est/swe/lat/ice/den/nor
NGSH49,Removal of foreign or loose body from knee joint\ unspecified,est/ice
NGSH51,Excision of intraarticular exostosis or osteophyte of knee\ arthroscopic,est/swe/lat/ice/den/nor
NGSH52,Excision of intraarticular exostosis or osteophyte of knee\ open,est/swe/lat/ice/den/nor
NGSH59,Excision of intraarticular exostosis or osteophyte of knee\ unspecified,est/ice
NGSH71,Operation for habitual dislocation of knee joint\ arthroscopic,est/swe/lat/ice/den
NGSH72,Operation for habitual dislocation of knee joint\ open,est/swe/lat/ice/den/nor
NGSH79,Operation for habitual dislocation of knee joint\ unspecified,est/ice
NGSH90,Other operation on knee joint\ closed,est/swe/lat/ice/den/nor
NGSH91,Other operation on knee joint\ arthroscopic,est/swe/lat/ice/den/nor
NGSH92,Other operation on knee joint\ open,est/swe/lat/ice/den/nor
NGSH99,Other operation on knee joint\ unspecified,est/ice/fin
NGSJ00,Closed reduction of fracture of knee or lower leg\ patella,est/lat/ice/den/nor
NGSJ01,Closed reduction of fracture of knee or lower leg\ proximal tibia,est/lat/ice/den/nor
NGSJ02,Closed reduction of fracture of knee or lower leg\ body of tibia,est/lat/ice/den/nor
NGSJ03,Closed reduction of fracture of knee or lower leg\ fibula,est/lat/ice/den/nor
NGSJ04,Closed reduction of fracture of knee or lower leg\ other or unspecified,est/swe/lat/ice/den/fin/nor
NGSJ10,Open reduction of fracture of knee or lower leg\ patella,est/lat/ice/den/fin/nor
NGSJ11,Open reduction of fracture of knee or lower leg\ proximal tibia,est/lat/ice/den/nor
NGSJ12,Open reduction of fracture of knee or lower leg\ body of tibia,est/lat/ice/den/nor
NGSJ13,Open reduction of fracture of knee or lower leg\ fibula,est/lat/ice/den/nor
NGSJ14,Open reduction of fracture of knee or lower leg\ other or unspecified,est/swe/lat/ice/den/nor
NGSJ20,External fixation of fracture of knee or lower leg\ patella,est/lat/ice/den/nor
NGSJ21,External fixation of fracture of knee or lower leg\ proximal tibia,est/lat/ice/den/fin/nor
NGSJ22,External fixation of fracture of knee or lower leg\ body of tibia,est/lat/ice/den/nor
NGSJ23,External fixation of fracture of knee or lower leg\ fibula,est/lat/ice/den/nor
NGSJ24,External fixation of fracture of knee or lower leg\ other or unspecified,est/swe/lat/ice/den/nor
NGSJ30,Internal fixation of fracture of knee or lower leg using bioimplant\ patella,est/lat/ice/den/nor
NGSJ31,Internal fixation of fracture of knee or lower leg using bioimplant\ proximal tibia,est/lat/ice/den/nor
NGSJ32,Internal fixation of fracture of knee or lower leg using bioimplant\ body of tibia,est/lat/ice/den/nor
NGSJ33,Internal fixation of fracture of knee or lower leg using bioimplant\ fibula,est/lat/ice/den/nor
NGSJ34,Internal fixation of fracture of knee or lower leg using bioimplant\ other or unspecified,est/swe/lat/ice/den/nor
NGSJ40,"Internal fixation of fracture of knee or lower leg using wire, rod, cerclage or pin\ patella",est/lat/ice/den/nor
NGSJ41,"Internal fixation of fracture of knee or lower leg using wire, rod, cerclage or pin\ proximal tibia",est/lat/ice/den/nor
NGSJ42,"Internal fixation of fracture of knee or lower leg using wire, rod, cerclage or pin\ body of tibia",est/lat/ice/den/nor
NGSJ43,"Internal fixation of fracture of knee or lower leg using wire, rod, cerclage or pin\ fibula",est/lat/ice/den/nor
NGSJ44,"Internal fixation of fracture of knee or lower leg using wire, rod, cerclage or pin\ other or unspecified",est/swe/lat/ice/den/nor
NGSJ45,Open reduction of fracture of proximal tibia with arthroscopy,ice/fin
NGSJ50,Internal fixation of fracture of knee or lower leg using intramedullary nail\ patella,est/lat/ice
NGSJ51,Internal fixation of fracture of knee or lower leg using intramedullary nail\ proximal tibia,est/lat/ice/den/nor
NGSJ52,Internal fixation of fracture of knee or lower leg using intramedullary nail\ body of tibia,est/lat/ice/den/fin/nor
NGSJ53,Internal fixation of fracture of knee or lower leg using intramedullary nail\ fibula,est/lat/ice/den/nor
NGSJ54,Internal fixation of fracture of knee or lower leg using intramedullary nail\ other or unspecified,est/swe/lat/ice/den/nor
NGSJ60,Internal fixation of fracture of knee or lower leg using plate and screws\ patella,est/lat/ice/den/nor
NGSJ61,Internal fixation of fracture of knee or lower leg using plate and screws\ proximal tibia,est/lat/ice/den/nor
NGSJ62,Internal fixation of fracture of knee or lower leg using plate and screws\ body of tibia,est/lat/ice/den/nor
NGSJ63,Internal fixation of fracture of knee or lower leg using plate and screws\ fibula,est/lat/ice/den/fin/nor
NGSJ64,Internal fixation of fracture of knee or lower leg using plate and screws\ other or unspecified,est/swe/lat/ice/den/fin/nor
NGSJ70,Internal fixation of fracture of knee or lower leg using screws alone\ patella,est/lat/ice/den/nor
NGSJ71,Internal fixation of fracture of knee or lower leg using screws alone\ proximal tibia,est/lat/ice/den/nor
NGSJ72,Internal fixation of fracture of knee or lower leg using screws alone\ body of tibia,est/lat/ice/den/nor
NGSJ73,Internal fixation of fracture of knee or lower leg using screws alone\ fibula,est/lat/ice/den/nor
NGSJ74,Internal fixation of fracture of knee or lower leg using screws alone\ other or unspecified,est/swe/lat/ice/den/nor
NGSJ80,Internal fixation of fracture of knee or lower leg using other or combined methods\ patella,est/lat/ice/den/nor
NGSJ81,Internal fixation of fracture of knee or lower leg using other or combined methods\ proximal tibia,est/lat/ice/den/nor
NGSJ82,Internal fixation of fracture of knee or lower leg using other or combined methods\ body of tibia,est/lat/ice/den/nor
NGSJ83,Internal fixation of fracture of knee or lower leg using other or combined methods\ fibula,est/lat/ice/den/nor
NGSJ84,Internal fixation of fracture of knee or lower leg using other or combined methods\ other or unspecified,est/swe/lat/ice/den/nor
NGSJ86,Late operation of fracture of lower leg to promote bone formation,ice/fin
NGSJ90,Other fracture surgery of knee or lower leg\ patella,est/lat/ice/den/nor
NGSJ91,Refixation of fracture of lower leg,est/lat/ice/den/fin/nor
NGSJ92,Other fracture surgery of knee or lower leg\ body of tibia,est/lat/ice/den/nor
NGSJ93,Other fracture surgery of knee or lower leg\ fibula,est/lat/ice/den/nor
NGSJ94,Other fracture surgery of knee or lower leg\ other or unspecified,est/swe/lat/ice/den/fin/nor
NGSK00,Partial or total excision of bone of patella,ice/fin
NGSK05,Partial or total excision of bone of lower leg,ice/fin
NGSK09,Excision of fragment of bone of knee or lower leg,est/swe/lat/ice/den/nor
NGSK19,Partial or total excision of bone of knee or lower leg,est/swe/lat/ice/den/nor
NGSK29,Fenestration or forage of bone of knee or lower leg,est/swe/lat/ice/den/nor
NGSK39,Curettage of cyst of bone of knee or lower leg,est/swe/lat/ice/den/nor
NGSK47,Total separation of growth plate  of lower leg,est/swe/lat/ice/fin/nor
NGSK48,Partial separation of growth plate of lower leg,est/swe/lat/ice/fin/nor
NGSK49,Epiphysiodesis of knee or lower leg,est/swe/lat/ice/den/fin/nor
NGSK50,Shortening osteotomy of lower leg,ice/fin
NGSK59,"Angulation, rotation or displacement osteotomy of knee or lower leg",est/swe/lat/ice/den/fin/nor
NGSK60,Lengthening osteotomy of lower leg,ice/fin
NGSK69,Shortening or lengthening osteotomy of knee or lower leg,est/swe/lat/ice/den/nor
NGSK79,Bone transport operation of knee or lower leg,est/swe/lat/ice/den/fin/nor
NGSK89,Traction lengthening of epiphyseal plate of knee or lower leg,est/swe/lat/ice/den/fin/nor
NGSK99,Other operation on bone of knee or lower leg,est/swe/lat/ice/den/fin/nor
NGSL09,Freeing of muscle of knee or lower leg,est/swe/lat/ice/den/fin/nor
NGSL19,Suture or plastic repair of muscle of knee or lower leg,est/swe/lat/ice/den/nor
NGSL29,Transposition of muscle of knee or lower leg,est/swe/lat/ice/den/nor
NGSL30,Plastic repair or reinsertation of tendon of patella,ice/fin
NGSL39,Myotomy or tenotomy of knee or lower leg with or without excision,est/swe/lat/ice/den/fin/nor
NGSL49,Suture or reinsertion of tendon of knee or lower leg,est/swe/lat/ice/den/fin/nor
NGSL59,Tenolysis or tenosynovectomy of knee or lower leg,est/swe/lat/ice/den/fin/nor
NGSL69,"Tenodesis, shortening or lengthening of tendon of knee or lower leg",est/swe/lat/ice/den/fin/nor
NGSL89,Transposition of tendon of knee or lower leg,est/swe/lat/ice/den/fin/nor
NGSL99,Other operation on muscle or tendon of knee or lower leg,est/swe/lat/ice/den/fin/nor
NGSM09,Fasciotomy of knee or lower leg,est/swe/lat/ice/den/fin/nor
NGSM19,Partial or total excision of fascia of knee or lower leg,est/swe/lat/ice/den/nor
NGSM29,Suture of fascia of knee or lower leg,est/swe/lat/ice/den/nor
NGSM39,Excision of synovial ganglion of knee or lower leg,est/swe/lat/ice/den/fin/nor
NGSM79,Excision of bursa of knee or lower leg,est/swe/lat/ice/den/nor
NGSM99,"Other operation on fascia, ganglion, or bursa of knee or lower leg",est/swe/lat/ice/den/fin/nor
NGSN90,Use of transplant in surgery of knee or lower leg,est/swe/lat/ice/den/nor
NGSP29,Replantation of extremity at level of knee or lower leg,est/swe/lat/ice/den/fin/nor
NGSQ09,Exarticulation of knee,est/swe/lat/ice/den/fin/nor
NGSQ19,Amputation of lower leg,est/swe/lat/ice/den/fin/nor
NGSQ29,Revision of exarticulation or amputation stump of knee or lower leg,est/swe/lat/ice/den/fin/nor
NGSQ99,Other amputation or related operation on knee or lower leg,est/swe/lat/ice/nor
NGSR09,Incomplete excision of soft tissue tumour of knee or lower leg,est/swe/lat/ice/den/nor
NGSR19,Complete excision of soft tissue tumour of knee or lower leg,est/swe/lat/ice/den/nor
NGSR29,Extended excision of soft tissue tumour of knee or lower leg,est/swe/lat/ice/den/nor
NGSR39,Block excision of soft tissue tumour of knee or lower leg,est/swe/lat/ice/den/nor
NGSR49,Incomplete excision of tumour of bone or cartilage of knee or lower leg,est/swe/lat/ice/den/fin/nor
NGSR59,Complete excision of tumour of bone or cartilage of knee or lower leg,est/swe/lat/ice/den/nor
NGSR69,Extended excision of tumour of bone or cartilage of knee or lower leg,est/swe/lat/ice/den/fin/nor
NGSR79,Block excision of tumour of bone or cartilage of knee or lower leg,est/swe/lat/ice/den/nor
NGSR99,Other operation for tumour of knee or lower leg,est/swe/lat/ice/den/fin/nor
NGSS09,Incision and debridement of infection of tendon of knee or lower leg,est/swe/lat/ice/den/nor
NGSS19,Incision and debridement of infection of knee joint,est/swe/lat/ice/den/fin/nor
NGSS29,Incision and debridement of infection of bone of knee or lower leg,est/swe/lat/ice/den/fin/nor
NGSS39,Incision and debridement of infection of tendon of knee or lower leg with introduction of therapeutic agent,est/swe/lat/ice/den/nor
NGSS49,Incision and debridement of infection of knee joint with introduction of therapeutic agent,est/swe/lat/ice/den/nor
NGSS59,Incision and debridement of infection of bone of knee or lower leg with introduction of therapeutic agent,est/swe/lat/ice/den/nor
NGSS99,"Other operation for infection of tendon, joint or bone of knee or lower leg",est/swe/lat/ice/den/fin/nor
NGST29,Filling of drill holes for cruciate band operation,den
NGST39,"Correction of deformity of knee or lower leg using muscle, tendon or ligament",est/swe/lat/ice/den/nor
NGST49,Correction of deformity of knee or lower leg using external or internal fixation,est/swe/lat/ice/den/nor
NGST59,Removal of foreign body from tissue of knee or lower leg,est/swe/lat/ice/den/fin/nor
NGST99,Other operation on knee or lower leg,est/swe/lat/ice/den/fin/nor
NGSU00,Removal of partial prosthesis from knee joint\ all parts,est/lat/ice/den
NGSU01,Removal of partial prosthesis from knee joint\ medial compartment,est/lat/ice/den/nor
NGSU02,Removal of partial prosthesis from knee joint\ lateral compartment,est/lat/ice/den/nor
NGSU03,Removal of partial prosthesis from knee joint\ patello-femoral compartment,est/swe/lat/ice/den/nor
NGSU04,"Removal of partial prosthesis from knee joint\ more than one, but not all parts",est/lat/ice/den/nor
NGSU09,Removal of partial prosthesis from knee joint\ other or unspecified,est/swe/lat/ice/den
NGSU10,Removal of total prosthesis from knee joint\ all parts,est/lat/ice/den/nor
NGSU11,Removal of total prosthesis from knee joint\ single part - proximal,est/lat/ice/den/nor
NGSU12,Removal of total prosthesis from knee joint\ single part - distal,est/lat/ice/den
NGSU13,Removal of total prosthesis from knee joint\ single part - other,est/lat/ice/den/nor
NGSU14,"Removal of total prosthesis from knee joint\ more than one, but not all parts",est/lat/ice/den/nor
NGSU19,Removal of total prosthesis from knee joint\ other or unspecified,est/swe/lat/ice/den/fin
NGSU39,Removal of external fixation device from knee or lower leg,est/swe/lat/ice/den/fin/nor
NGSU49,Removal of internal fixation device from knee or lower leg,est/swe/lat/ice/den/fin/nor
NGSU69,Removal of prosthetic ligament from knee or lower leg,est/swe/lat/ice/den/fin/nor
NGSU89,Removal of therapeutic implant in treatment of infection of knee or lower leg,est/swe/lat/ice/den/fin/nor
NGSU99,Removal of other implant from knee or lower leg,est/swe/lat/ice/den/fin/nor
NGSW10,Reoperation for deep infection in in surgery of knee or lower leg,ice/fin
NGSW49,Repair of wound dehiscence in surgery of knee or lower leg,est/swe/lat/ice/den/nor
NGSW59,Reoperation for superficial infection in surgery of knee or lower leg,est/swe/lat/ice/den/nor
NGSW69,Reoperation for deep infection in surgery of knee or lower leg,est/swe/lat/ice/den/nor
NGSW79,Reoperation for superficial haemorrhage in surgery of knee or lower leg,est/swe/lat/ice/den/nor
NGSW89,Reoperation for deep haemorrhage in surgery of knee or lower leg,est/swe/lat/ice/den/fin/nor
NGSW99,Other reoperation in surgery of knee or lower leg,est/swe/lat/ice/den/fin/nor
NGXA00,Stability test of crux ligament,nor
NGXQ00,Adjustment of external prosthesis to knee or lower leg,lat/ice/den/nor
NGXT00,Forcible manipulation of knee joint,est/swe/lat/ice/den/fin/nor
NGXT10,Traction of lower leg,ice/fin
NGXTL3,Sclerotherapy of patellar tendon with Doppler method,ice/fin
NGXX00,Biopsy of soft tissue or joint of knee or lower leg\ percutaneous,est/swe/lat/ice/den/fin/nor
NGXX01,Biopsy of knee or lower leg for cytology\ percutaneous,ice/fin
NGXX02,Biopsy of bone of knee or lower leg\ percutaneous,swe
NGXX05,Simple incision of soft tissue\ knee joint and lower leg,est/swe/lat/ice/den/fin/nor
NGXX10,Arthrocentesis\ knee joint and lower leg,est/swe/lat/ice/den/fin/nor
NGXX11,Injection of diagnostic or therapeutic substance into joint\ knee joint and lower leg,est/swe/lat/ice/den/fin/nor
NGXX30,Soft bandage\ knee joint and lower leg,est/swe/lat/ice/fin/nor
NGXX31,Prefabricated orthosis\ knee joint and lower leg,est/swe/lat/ice/den/fin/nor
NGXX32,Custom moulded splint\ knee joint and lower leg,est/swe/lat/ice/den/fin/nor
NGXX33,Custom moulded cast\ knee joint and lower leg,est/swe/lat/ice/den/fin/nor
NGXX34,Major custom moulded cast\ knee joint and lower leg,est/swe/lat/ice/fin
NGXX39,Other orthopedic bandage\ knee joint and lower leg,est/swe/lat/ice/fin/nor
NGXX40,External traction\ knee joint and lower leg,est/swe/lat/ice/den/fin/nor
NGXX50,Implantation of skeletal marker\ knee joint and lower leg,est/swe/lat/ice/den/fin/nor
NGXX90,Knee joint examination with photography,fin
NHDA1A,Ankle X-ray examination without contrast,swe/ice/den/fin/nor
NHDA1D,Bilateral ankle X-ray examination,ice/den
NHDA1E,Ankle X-ray examination with load or wrench,ice/fin
NHDA2A,Heel X-ray examination,ice/den/fin
NHDA2D,Bilateral heel X-ray examination,ice
NHDA3A,Foot and toes X-ray examination,swe/ice/den/fin/nor
NHDA3D,Bilateral foot X-ray examination,ice
NHDAE3,Feet X-ray examination with load,fin
NHDB1C,Ankle artrography with X-ray,ice
NHDD1A,Ankle and foot CT examination,swe/ice/den/fin
NHDD1B,Ankle cone beam CT,fin
NHDE1A,Ankle joint ultrasound examination,ice/den/fin/nor
NHDE3A,Feet ultrasound examination,den/fin/nor
NHDE4A,Achilles tendon ultrasound examination,ice/fin
NHDG1B,Ankle and foot MRI examination,swe/ice/den/fin
NHFA00,Ankle and foot photography,fin
NHIA00,Feet isotope imaging,swe/ice
NHSA00,Exploration of soft tissue of ankle or foot\ open,est/swe/lat/ice/den/nor
NHSA01,Exploration of soft tissue of ankle or foot\ arthroscopic,est/swe/lat/ice/den/nor
NHSA11,Exploration of joint of ankle or foot\ arthroscopic,est/swe/lat/ice/den/fin/nor
NHSA12,Exploration of joint of ankle or foot\ open,est/swe/lat/ice/den/fin/nor
NHSA30,Biopsy of bone of ankle or foot\ percutaneous,est/swe/lat/den/nor
NHSA31,Biopsy of bone of ankle or foot\ arthroscopic,est/swe/lat/ice/den
NHSA32,Biopsy of bone of ankle or foot\ open,est/swe/lat/ice/den/nor
NHSB00,Primary partial prosthetic replacement of ankle joint not using cement\ all parts,est/lat/ice
NHSB01,Primary partial prosthetic replacement of ankle joint not using cement\ single part - proximal,est/lat/ice/den/nor
NHSB02,Primary partial prosthetic replacement of ankle joint not using cement\ single part - distal,est/lat/ice/den/nor
NHSB03,Primary partial prosthetic replacement of ankle joint not using cement\ single part - other,est/lat/ice/den/nor
NHSB09,Primary partial prosthetic replacement of ankle joint not using cement\ other or unspecified,est/swe/lat/ice/den
NHSB10,Primary partial prosthetic replacement of ankle joint using cement\ all parts,est/lat/ice
NHSB11,Primary partial prosthetic replacement of ankle joint using cement\ single part - proximal,est/lat/ice/den/nor
NHSB12,Primary partial prosthetic replacement of ankle joint using cement\ single part - distal,est/lat/ice/den/nor
NHSB13,Primary partial prosthetic replacement of ankle joint using cement\ single part - other,est/lat/ice/den/nor
NHSB19,Primary partial prosthetic replacement of ankle joint using cement\ other or unspecified,est/swe/lat/ice/den
NHSB20,Primary total prosthetic replacement of ankle joint not using cement,est/swe/lat/ice/den/nor
NHSB30,Primary total prosthetic replacement of ankle joint using hybrid technique,est/swe/lat/ice/den/nor
NHSB40,Primary partial prosthetic replacement of ankle joint,est/swe/lat/ice/den/fin/nor
NHSB59,Primary prosthetic interposition arthroplasty of ankle joint,est/lat/ice/den/nor
NHSB60,Primary prosthetic replacement of first metatarsophalangeal joint\ all parts,est/lat/ice/den/nor
NHSB61,Primary prosthetic replacement of first metatarsophalangeal joint\ single part - proximal,est/lat/ice/den/nor
NHSB62,Primary prosthetic replacement of first metatarsophalangeal joint\ single part - distal,est/lat/ice/den/nor
NHSB63,Primary prosthetic replacement of first metatarsophalangeal joint\ single part - other,est/lat/ice/den
NHSB69,Primary prosthetic replacement of first metatarsophalangeal joint\ other or unspecified,est/swe/lat/ice/den
NHSB70,Primary prosthetic replacement of other metatarsophalangeal joint\ all parts,est/lat/ice/den/nor
NHSB71,Primary prosthetic replacement of other metatarsophalangeal joint\ single part - proximal,est/lat/ice/den/nor
NHSB72,Primary prosthetic replacement of other metatarsophalangeal joint\ single part - distal,est/lat/ice/den/nor
NHSB73,Primary prosthetic replacement of other metatarsophalangeal joint\ single part - other,est/lat/ice/den
NHSB79,Primary prosthetic replacement of other metatarsophalangeal joint\ other or unspecified,est/swe/lat/ice/den
NHSB80,Primary prosthetic replacement of other joint of foot\ all parts,est/lat/ice/den/fin/nor
NHSB81,Primary prosthetic replacement of other joint of foot\ single part - proximal,est/lat/ice/den/nor
NHSB82,Primary prosthetic replacement of other joint of foot\ single part - distal,est/lat/ice/den/nor
NHSB83,Primary prosthetic replacement of other joint of foot\ single part - other,est/lat/ice/den/nor
NHSB89,Primary prosthetic replacement of other joint of foot\ other or unspecified,est/swe/lat/ice/den
NHSB99,Other primary prosthetic replacement of joint of ankle or foot,est/swe/lat/ice/den/nor
NHSC00,Secondary implantation of partial prosthesis in ankle joint not using cement\ all parts,est/lat/ice
NHSC01,Secondary implantation of partial prosthesis in ankle joint not using cement\ single part - proximal,est/lat/ice/den/nor
NHSC02,Secondary implantation of partial prosthesis in ankle joint not using cement\ single part - distal,est/lat/ice/den/nor
NHSC03,Secondary implantation of partial prosthesis in ankle joint not using cement\ single part - other,est/lat/ice/nor
NHSC09,Secondary implantation of partial prosthesis in ankle joint not using cement\ other or unspecified,est/swe/lat/ice/den
NHSC10,Secondary implantation of partial prosthesis in ankle joint using cement\ all parts,est/lat/ice
NHSC11,Secondary implantation of partial prosthesis in ankle joint using cement\ single part - proximal,est/lat/ice/den/nor
NHSC12,Secondary implantation of partial prosthesis in ankle joint using cement\ single part - distal,est/lat/ice/den/nor
NHSC13,Secondary implantation of partial prosthesis in ankle joint using cement\ single part - other,est/lat/ice/nor
NHSC19,Secondary implantation of partial prosthesis in ankle joint using cement\ other or unspecified,est/swe/lat/ice/den
NHSC20,Secondary implantation of total prosthesis in ankle joint not using cement\ all parts,est/lat/ice/den/nor
NHSC21,Secondary implantation of total prosthesis in ankle joint not using cement\ single part - proximal,est/lat/ice/den/nor
NHSC22,Secondary implantation of total prosthesis in ankle joint not using cement\ single part - distal,est/lat/ice/den/nor
NHSC23,Secondary implantation of prosthesis in ankle joit,est/lat/ice/den/fin/nor
NHSC29,Secondary implantation of total prosthesis in ankle joint not using cement\ other or unspecified,est/swe/lat/ice/den
NHSC30,Secondary implantation of total prosthesis in ankle joint using hybrid technique\ all parts,est/lat/ice/den/nor
NHSC31,Secondary implantation of total prosthesis in ankle joint using hybrid technique\ single part - proximal,est/lat/ice/den/nor
NHSC32,Secondary implantation of total prosthesis in ankle joint using hybrid technique\ single part - distal,est/lat/ice/den/nor
NHSC33,Secondary implantation of total prosthesis in ankle joint using hybrid technique\ single part - other,est/lat/ice/den/nor
NHSC39,Secondary implantation of total prosthesis in ankle joint using hybrid technique\ other or unspecified,est/swe/lat/ice/den
NHSC40,Secondary implantation of total prosthesis in ankle joint using cement\ all parts,est/lat/ice/den/nor
NHSC41,Secondary implantation of total prosthesis in ankle joint using cement\ single part - proximal,est/lat/ice/den/nor
NHSC42,Secondary implantation of total prosthesis in ankle joint using cement\ single part - distal,est/lat/ice/den/nor
NHSC43,Secondary implantation of total prosthesis in ankle joint using cement\ single part - other,est/lat/ice/den/nor
NHSC49,Secondary implantation of total prosthesis in ankle joint using cement\ other or unspecified,est/swe/lat/ice/den
NHSC59,Secondary implantation of interposition prosthesis in ankle joint,est/lat/ice/den/nor
NHSC60,Secondary prosthetic replacement of first metatarsophalangeal joint\ all parts,est/lat/ice/den/nor
NHSC61,Secondary prosthetic replacement of first metatarsophalangeal joint\ single part - proximal,est/lat/ice/den/nor
NHSC62,Secondary prosthetic replacement of first metatarsophalangeal joint\ single part - distal,est/lat/ice/den/nor
NHSC63,Secondary prosthetic replacement of first metatarsophalangeal joint\ single part - other,est/lat/ice/nor
NHSC69,Secondary prosthetic replacement of first metatarsophalangeal joint\ other or unspecified,est/swe/lat/ice/den
NHSC70,Secondary prosthetic replacement of other metatarsophalangeal joint\ all parts,est/lat/ice/den/nor
NHSC71,Secondary prosthetic replacement of other metatarsophalangeal joint\ single part - proximal,est/lat/ice/den/nor
NHSC72,Secondary prosthetic replacement of other metatarsophalangeal joint\ single part - distal,est/lat/ice/den/nor
NHSC73,Secondary prosthetic replacement of other metatarsophalangeal joint\ single part - other,est/lat/ice/nor
NHSC79,Secondary prosthetic replacement of other metatarsophalangeal joint\ other or unspecified,est/swe/lat/ice/den
NHSC80,Secondary prosthetic replacement in other joint of foot\ all parts,est/lat/ice/den/nor
NHSC81,Secondary prosthetic replacement in other joint of foot\ single part - proximal,est/lat/ice/den/nor
NHSC82,Secondary prosthetic replacement in other joint of foot\ single part - distal,est/lat/ice/den/nor
NHSC83,Secondary prosthetic replacement in other joint of foot\ single part - other,est/lat/ice/den/nor
NHSC89,Secondary prosthetic replacement in other joint of foot\ other or unspecified,est/swe/lat/ice/den/fin
NHSC99,Other secondary prosthetic replacement in joint of ankle or foot,est/swe/lat/ice/den/nor
NHSE09,Incision or suture of capsule of joint of ankle or foot,est/swe/lat/ice/nor
NHSE10,Incsion and freeing of capsule of ankle joint,ice/fin
NHSE15,Suture or reinsertion of ligament of ankle,ice/fin
NHSE19,Transcision or excision of ligament of ankle or foot,est/swe/lat/ice/nor
NHSE20,Plastic repair of capsule or ligament of ankle joint with transplant,ice/fin
NHSE25,Incsion and freeing of capsule of joint of foot,ice/fin
NHSE29,Suture or reinsertion of ligament of ankle or foot,est/swe/lat/ice/nor
NHSE39,Transposition of ligament of ankle or foot,est/swe/lat/ice/den/nor
NHSE49,Plastic repair of ligament of ankle or foot not using prosthetic material,est/swe/lat/ice/den/nor
NHSE59,Plastic repair of ligament of ankle or foot using prosthetic material,est/swe/lat/ice/den/nor
NHSE80,Incsion and freeing of capsule of toe joint,ice/fin
NHSE99,Other operation on capsule or ligament of joint of ankle or foot,est/swe/lat/ice/den/nor
NHSF00,Synovectomy of joint of ankle or foot\ open,est/swe/lat/ice/den/fin/nor
NHSF01,Synovectomy of joint of ankle or foot\ arthroscopic,est/swe/lat/ice/den/fin/nor
NHSF20,Operation for debridement of ankle joint\ percutaneous or closed,ice
NHSF21,Fixation of fragment of surface of joint of ankle or foot\ arthroscopic,est/swe/lat/ice/den/nor
NHSF22,Fixation of fragment of surface of joint of ankle or foot\ open,est/swe/lat/ice/den/fin/nor
NHSF23,Fixation of fragment of surface of joint of ankle or foot\ percutaneous,swe
NHSF25,Operation for debridement of ankle joint\ arthroscopic,ice/fin
NHSF29,Fixation of fragment of surface of joint of ankle or foot\ unspecified,est/ice
NHSF30,Fixation of loose fragment from ankle joint,swe/ice/fin
NHSF31,Partial excision of joint cartilage of ankle or foot\ arthroscopic,est/swe/lat/ice/den/nor
NHSF32,Partial excision of joint cartilage of ankle or foot\ open,est/swe/lat/ice/den/nor
NHSF39,Partial excision of joint cartilage of ankle or foot\ unspecified,est/ice
NHSF70,Operation for debridement of joint of foot\ open,ice/fin
NHSF80,Operation for debridement of toe joint\ open,ice/fin
NHSF91,Other operation on synovia or joint surface of ankle or foot\ arthroscopic,est/swe/lat/ice/den/nor
NHSF92,Other operation on synovia or joint surface of ankle or foot\ open,est/swe/lat/ice/den/nor
NHSF99,Other operation on synovia or joint surface of ankle or foot\ unspecified,est/ice
NHSG00,Excision arthroplasty of ankle or foot\ talocrural joint,est/swe/lat/ice/den/nor
NHSG01,Excision arthroplasty of ankle or foot\ subtalar joints,est/swe/lat/ice/den/nor
NHSG02,Excision arthroplasty of ankle or foot\ triple fusion,est/swe/lat/ice
NHSG03,Excision arthroplasty of ankle or foot\ tarsal joints,est/swe/lat/ice/den/nor
NHSG04,Excision arthroplasty of ankle or foot\ first tarsometatarsal joint,est/swe/lat/ice/den/nor
NHSG05,Excision arthroplasty of ankle or foot\ other tarsometatarsal joint,est/swe/lat/ice/nor
NHSG06,Excision arthroplasty of ankle or foot\ first metatarsophalangeal joint,est/swe/lat/ice/den/nor
NHSG07,Excision arthroplasty of ankle or foot\ other metatarsophalangeal joint,est/swe/lat/ice/den/nor
NHSG09,Excision arthroplasty of ankle or foot\ other joint of foot,est/swe/lat/ice/den/nor
NHSG10,Interposition arthroplasty of ankle or foot\ talocrural joint,est/swe/lat/ice/den/nor
NHSG11,Interposition arthroplasty of ankle or foot\ subtalar joints,est/swe/lat/ice/den/nor
NHSG12,Interposition arthroplasty of ankle or foot\ triple fusion,est/swe/lat/ice
NHSG13,Interposition arthroplasty of ankle or foot\ tarsal joints,est/swe/lat/ice/den/nor
NHSG14,Interposition arthroplasty of ankle or foot\ first tarsometatarsal joint,est/swe/lat/ice/den/nor
NHSG15,Interposition arthroplasty of ankle or foot\ other tarsometatarsal joint,est/swe/lat/ice/nor
NHSG16,Interposition arthroplasty of ankle or foot\ first metatarsophalangeal joint,est/swe/lat/ice/den/nor
NHSG17,Interposition arthroplasty of ankle or foot\ other metatarsophalangeal joint,est/swe/lat/ice/den/nor
NHSG19,Interposition arthroplasty of ankle or foot\ other joint of foot,est/swe/lat/ice/den/nor
NHSG20,Other arthroplasty of ankle or foot without prosthetic replacement\ talocrural joint,est/swe/lat/ice/den/nor
NHSG21,Fusion of subtalar joint,est/swe/lat/ice/den/fin/nor
NHSG22,Other arthroplasty of ankle or foot without prosthetic replacement\ triple fusion,est/swe/lat/ice
NHSG23,Other arthroplasty of ankle or foot without prosthetic replacement\ tarsal joints,est/swe/lat/ice/den/nor
NHSG24,Other arthroplasty of ankle or foot without prosthetic replacement\ first tarsometatarsal joint,est/swe/lat/ice/den/nor
NHSG25,Other arthroplasty of ankle or foot without prosthetic replacement\ other tarsometatarsal joint,est/swe/lat/ice/den/nor
NHSG26,Other arthroplasty of ankle or foot without prosthetic replacement\ first metatarsophalangeal joint,est/swe/lat/ice/den/nor
NHSG27,Other arthroplasty of ankle or foot without prosthetic replacement\ other metatarsophalangeal joint,est/swe/lat/ice/den/nor
NHSG29,Other arthroplasty of ankle or foot without prosthetic replacement\ other joint of foot,est/swe/lat/ice/den/nor
NHSG30,Fusion of talocrural joint,est/swe/lat/ice/den/fin/nor
NHSG31,Fusion of joint of ankle or foot without fixation\ subtalar joints,est/swe/lat/ice/den/nor
NHSG32,Fusion of subtalar joint and between bones of ankle,est/swe/lat/ice/den/fin/nor
NHSG33,Fusion of joint of ankle or foot without fixation\ tarsal joints,est/swe/lat/ice/den/nor
NHSG34,Fusion of joint of ankle or foot without fixation\ first tarsometatarsal joint,est/swe/lat/ice/den/nor
NHSG35,Fusion of joint of ankle or foot without fixation\ other tarsometatarsal joint,est/swe/lat/ice/den/nor
NHSG36,Fusion of joint of ankle or foot without fixation\ first metatarsophalangeal joint,est/swe/lat/ice/den/nor
NHSG37,Fusion of joint of ankle or foot without fixation\ other metatarsophalangeal joint,est/swe/lat/ice/den/nor
NHSG39,Fusion of joint of ankle or foot without fixation\ other joint of foot,est/swe/lat/ice/den/fin/nor
NHSG40,Fusion of joint of ankle or foot with internal fixation\ talocrural joint,est/swe/lat/ice/den/nor
NHSG41,Fusion of joint of ankle or foot with internal fixation\ subtalar joints,est/swe/lat/ice/den/nor
NHSG42,Fusion of joint of ankle or foot with internal fixation\ triple fusion,est/swe/lat/ice/den/nor
NHSG43,Fusion of joint of ankle or foot with internal fixation\ tarsal joints,est/swe/lat/ice/den/nor
NHSG44,Fusion of joint of ankle or foot with internal fixation\ first tarsometatarsal joint,est/swe/lat/ice/den/nor
NHSG45,Fusion of joint of ankle or foot with internal fixation\ other tarsometatarsal joint,est/swe/lat/ice/den/nor
NHSG46,Fusion of joint of ankle or foot with internal fixation\ first metatarsophalangeal joint,est/swe/lat/ice/den/nor
NHSG47,Fusion of joint of ankle or foot with internal fixation\ other metatarsophalangeal joint,est/swe/lat/ice/den/nor
NHSG49,Fusion of joint of ankle or foot with internal fixation\ other joint of foot,est/swe/lat/ice/den/nor
NHSG50,Fusion of joint of ankle or foot with external fixation\ talocrural joint,est/swe/lat/ice/den/nor
NHSG51,Fusion of joint of ankle or foot with external fixation\ subtalar joints,est/swe/lat/ice/den/nor
NHSG52,Fusion of joint of ankle or foot with external fixation\ triple fusion,est/swe/lat/ice/den/nor
NHSG53,Fusion of joint of ankle or foot with external fixation\ tarsal joints,est/swe/lat/ice/den/nor
NHSG54,Fusion of joint of ankle or foot with external fixation\ first tarsometatarsal joint,est/swe/lat/ice/den/nor
NHSG55,Fusion of joint of ankle or foot with external fixation\ other tarsometatarsal joint,est/swe/lat/ice/den/nor
NHSG56,Fusion of joint of ankle or foot with external fixation\ first metatarsophalangeal joint,est/swe/lat/ice/den/nor
NHSG57,Fusion of joint of ankle or foot with external fixation\ other metatarsophalangeal joint,est/swe/lat/ice/den/nor
NHSG59,Fusion of joint of ankle or foot with external fixation\ other joint of foot,est/swe/lat/ice/den/nor
NHSG70,Arthroplasty of first tarsometatarsal joint,ice/fin
NHSG76,Arthroplasty of other tarsometatarsal joint,ice/fin
NHSG77,Arthroplasty of interphalangeal tarsal joint(s),ice/fin
NHSG80,Fusion of first tarsometatarsal joint,ice/fin
NHSG82,Fusion of other tarsal joint,ice/fin
NHSG88,Fusion of several tarsal joints,ice/fin
NHSG90,"Other excision, reconstruction or fusion of joint of ankle or foot\ talocrural joint",est/swe/lat/ice/den/nor
NHSG91,"Other excision, reconstruction or fusion of joint of ankle or foot\ subtalar joints",est/swe/lat/ice/den/nor
NHSG92,"Other excision, reconstruction or fusion of joint of ankle or foot\ triple fusion",est/swe/lat/ice/den
NHSG93,"Other excision, reconstruction or fusion of joint of ankle or foot\ tarsal joints",est/swe/lat/ice/den/nor
NHSG94,"Other excision, reconstruction or fusion of joint of ankle or foot\ first tarsometatarsal joint",est/swe/lat/ice/den/nor
NHSG95,"Other excision, reconstruction or fusion of joint of ankle or foot\ other tarsometatarsal joint",est/swe/lat/ice/den/nor
NHSG96,"Other excision, reconstruction or fusion of joint of ankle or foot\ first metatarsophalangeal joint",est/swe/lat/ice/den/nor
NHSG97,"Other excision, reconstruction or fusion of joint of ankle or foot\ other metatarsophalangeal joint",est/swe/lat/ice/den/nor
NHSG99,"Other excision, reconstruction or fusion of joint of ankle or foot\ other joint of foot",est/swe/lat/ice/den/nor
NHSH00,Reduction of dislocation of ankle joint\ closed,est/swe/lat/ice/den/nor
NHSH01,Reduction of dislocation of ankle joint\ arthroscopic,est/swe/lat/ice/den
NHSH02,Reduction of dislocation of ankle joint\ open,est/swe/lat/ice/den/nor
NHSH10,Reduction of dislocation of other joint of foot\ closed,est/swe/lat/ice/den/fin/nor
NHSH11,Reduction of dislocation of other joint of foot\ arthroscopic,est/swe/lat/ice/den
NHSH12,Reduction of dislocation of other joint of foot\ open,est/swe/lat/ice/den/nor
NHSH20,Reduction of dislocation of joint prosthesis of ankle or foot\ closed,est/swe/lat/ice/den/nor
NHSH21,Reduction of dislocation of joint prosthesis of ankle or foot\ arthroscopic,est/swe/lat/ice/den
NHSH22,Reduction of dislocation of joint prosthesis of ankle or foot\ open,est/swe/lat/ice/den/fin/nor
NHSH30,Freeing of adhesions of joint of ankle or foot\ closed,est/swe/lat/ice/den/nor
NHSH31,Freeing of adhesions of joint of ankle or foot\ arthroscopic,est/swe/lat/ice/den/nor
NHSH32,Freeing of adhesions of joint of ankle or foot\ open,est/swe/lat/ice/den/nor
NHSH39,Freeing of adhesions of joint of ankle or foot\ unspecified,est/ice
NHSH41,Removal of foreign or loose body from joint of ankle or foot\ arthroscopic,est/swe/lat/ice/den/nor
NHSH42,Removal of foreign or loose body from joint of ankle or foot\ open,est/swe/lat/ice/den/nor
NHSH49,Removal of foreign or loose body from joint of ankle or foot\ unspecified,est/ice
NHSH51,Excision of intraarticular exostosis or osteophyte of ankle or foot\ arthroscopic,est/swe/lat/ice/den/nor
NHSH52,Excision of intraarticular exostosis or osteophyte of ankle or foot\ open,est/swe/lat/ice/den/nor
NHSH59,Excision of intraarticular exostosis or osteophyte of ankle or foot\ unspecified,est/ice
NHSH71,Operation for habitual dislocation of joint of ankle or foot\ arthroscopic,est/swe/lat/ice/den
NHSH72,Operation for habitual dislocation of joint of ankle or foot\ open,est/swe/lat/ice/den/nor
NHSH79,Operation for habitual dislocation of joint of ankle or foot\ unspecified,est/ice
NHSH80,Reduction of dislocation of tarsal joint\ closed,ice/fin
NHSH90,Other operation on joint of ankle or foot\ closed,est/swe/lat/ice/den/nor
NHSH91,Other operation on joint of ankle or foot\ arthroscopic,est/swe/lat/ice/den/nor
NHSH92,Other operation on joint of ankle or foot\ open,est/swe/lat/ice/den/nor
NHSH99,Other operation on joint of ankle or foot\ unspecified,est/ice/fin
NHSJ00,Closed reduction of fracture of ankle or foot\ lateral malleolus,est/swe/lat/ice/den/nor
NHSJ01,Closed reduction of fracture of ankle or foot\ medial malleolus,est/swe/lat/ice/den/nor
NHSJ02,Closed reduction of fracture of ankle or foot\ both malleoli,est/swe/lat/ice/den/nor
NHSJ03,Closed reduction of fracture of ankle or foot\ both malleoli and posterior margin,est/swe/lat/ice/den/nor
NHSJ04,Closed reduction of fracture of ankle or foot\ talus,est/swe/lat/ice/den/nor
NHSJ05,Closed reduction of fracture of ankle or foot\ calcaneus,est/swe/lat/ice/den/nor
NHSJ06,Closed reduction of fracture of ankle or foot\ other tarsal bone,est/swe/lat/ice/den/fin/nor
NHSJ07,Closed reduction of fracture of ankle or foot\ metatarsal,est/swe/lat/ice/den/fin/nor
NHSJ08,Closed reduction of fracture of ankle or foot\ toe,est/swe/lat/ice/den/nor
NHSJ09,Closed reduction of fracture of ankle or foot\ other or unspecified,est/ice
NHSJ10,Open reduction of fracture of ankle or foot\ lateral malleolus,est/swe/lat/ice/den/nor
NHSJ11,Open reduction of fracture of ankle or foot\ medial malleolus,est/swe/lat/ice/den/nor
NHSJ12,Open reduction of fracture of ankle or foot\ both malleoli,est/swe/lat/ice/den/nor
NHSJ13,Open reduction of fracture of ankle or foot\ both malleoli and posterior margin,est/swe/lat/ice/den/nor
NHSJ14,Open reduction of fracture of ankle or foot\ talus,est/swe/lat/ice/den/nor
NHSJ15,Open reduction of fracture of ankle or foot\ calcaneus,est/swe/lat/ice/den/nor
NHSJ16,Open reduction of fracture of ankle or foot\ other tarsal bone,est/swe/lat/ice/den/nor
NHSJ17,Open reduction of fracture of ankle or foot\ metatarsal,est/swe/lat/ice/den/nor
NHSJ18,Open reduction of fracture of ankle or foot\ toe,est/swe/lat/ice/den/nor
NHSJ19,Open reduction of fracture of foot or toe\ other or unspecified,est/ice/fin
NHSJ20,External fixation of fracture of ankle or foot\ lateral malleolus,est/swe/lat/ice/den/nor
NHSJ21,External fixation of fracture of ankle or foot\ medial malleolus,est/swe/lat/ice/den/nor
NHSJ22,External fixation of fracture of ankle or foot\ both malleoli,est/swe/lat/ice/den/nor
NHSJ23,External fixation of fracture of ankle or foot\ both malleoli and posterior margin,est/swe/lat/ice/den/nor
NHSJ24,External fixation of fracture of ankle or foot\ talus,est/swe/lat/ice/den/nor
NHSJ25,External fixation of fracture of ankle or foot\ calcaneus,est/swe/lat/ice/den/nor
NHSJ26,External fixation of fracture of ankle or foot\ other tarsal bone,est/swe/lat/ice/den/nor
NHSJ27,External fixation of fracture of ankle or foot\ metatarsal,est/swe/lat/ice/den/fin/nor
NHSJ28,External fixation of fracture of ankle or foot\ toe,est/swe/lat/ice/den/nor
NHSJ29,External fixation of fracture of ankle or foot\ other or unspecified,est/ice
NHSJ30,Internal fixation of fracture of ankle or foot using bioimplant\ lateral malleolus,est/swe/lat/ice/den/nor
NHSJ31,Internal fixation of fracture of ankle or foot using bioimplant\ medial malleolus,est/swe/lat/ice/den/nor
NHSJ32,Internal fixation of fracture of ankle or foot using bioimplant\ both malleoli,est/swe/lat/ice/den/nor
NHSJ33,Internal fixation of fracture of ankle or foot using bioimplant\ both malleoli and posterior margin,est/swe/lat/ice/den/nor
NHSJ34,Internal fixation of fracture of ankle or foot using bioimplant\ talus,est/swe/lat/ice/den/nor
NHSJ35,Internal fixation of fracture of ankle or foot using bioimplant\ calcaneus,est/swe/lat/ice/den/nor
NHSJ36,Internal fixation of fracture of ankle or foot using bioimplant\ other tarsal bone,est/swe/lat/ice/den/nor
NHSJ37,Internal fixation of fracture of ankle or foot using bioimplant\ metatarsal,est/swe/lat/ice/den/nor
NHSJ38,Internal fixation of fracture of ankle or foot using bioimplant\ toe,est/swe/lat/ice/den/nor
NHSJ39,Internal fixation of fracture of ankle or foot using bioimplant\ other or unspecified,est/ice
NHSJ40,"Internal fixation of fracture of ankle or foot using wire, rod, cerclage or pin\ lateral malleolus",est/swe/lat/ice/den/nor
NHSJ41,"Internal fixation of fracture of ankle or foot using wire, rod, cerclage or pin\ medial malleolus",est/swe/lat/ice/den/nor
NHSJ42,"Internal fixation of fracture of ankle or foot using wire, rod, cerclage or pin\ both malleoli",est/swe/lat/ice/den/nor
NHSJ43,"Internal fixation of fracture of ankle or foot using wire, rod, cerclage or pin\ both malleoli and posterior mar",est/swe/lat/ice/den/nor
NHSJ44,"Internal fixation of fracture of ankle or foot using wire, rod, cerclage or pin\ talus",est/swe/lat/ice/den/nor
NHSJ45,"Internal fixation of fracture of ankle or foot using wire, rod, cerclage or pin\ calcaneus",est/swe/lat/ice/den/nor
NHSJ46,"Internal fixation of fracture of ankle or foot using wire, rod, cerclage or pin\ other tarsal bone",est/swe/lat/ice/den/nor
NHSJ47,"Internal fixation of fracture of ankle or foot using wire, rod, cerclage or pin\ metatarsal",est/swe/lat/ice/den/nor
NHSJ48,"Internal fixation of fracture of ankle or foot using wire, rod, cerclage or pin\ toe",est/swe/lat/ice/den/nor
NHSJ49,"Internal fixation of fracture of ankle or foot using wire, rod, cerclage or pin\ other or unspecified",est/ice
NHSJ50,Internal fixation of fracture of ankle or foot using intramedullary nail\ lateral malleolus,est/swe/lat/ice/den
NHSJ51,Internal fixation of fracture of ankle or foot using intramedullary nail\ medial malleolus,est/swe/lat/ice/den
NHSJ52,Internal fixation of fracture of ankle or foot using intramedullary nail\ both malleoli,est/swe/lat/ice/den
NHSJ53,Internal fixation of fracture of ankle or foot using intramedullary nail\ both malleoli and posterior margin,est/swe/lat/ice/den
NHSJ54,Internal fixation of fracture of ankle or foot using intramedullary nail\ talus,est/swe/lat/ice/den
NHSJ55,Internal fixation of fracture of ankle or foot using intramedullary nail\ calcaneus,est/swe/lat/ice/den
NHSJ56,Internal fixation of fracture of ankle or foot using intramedullary nail\ other tarsal bone,est/swe/lat/ice/den
NHSJ57,Internal fixation of fracture of ankle or foot using intramedullary nail\ metatarsal,est/swe/lat/ice/den
NHSJ58,Internal fixation of fracture of ankle or foot using intramedullary nail\ toe,est/swe/lat/ice/den
NHSJ59,Internal fixation of fracture of ankle or foot using intramedullary nail\ other or unspecified,est/ice
NHSJ60,Internal fixation of fracture of ankle or foot using plate and screws\ lateral malleolus,est/swe/lat/ice/den/nor
NHSJ61,Internal fixation of fracture of ankle or foot using plate and screws\ medial malleolus,est/swe/lat/ice/den/nor
NHSJ62,Internal fixation of fracture of ankle or foot using plate and screws\ both malleoli,est/swe/lat/ice/den/nor
NHSJ63,Internal fixation of fracture of ankle or foot using plate and screws\ both malleoli and posterior margin,est/swe/lat/ice/den/nor
NHSJ64,Internal fixation of fracture of ankle or foot using plate and screws\ talus,est/swe/lat/ice/den/nor
NHSJ65,Internal fixation of fracture of ankle or foot using plate and screws\ calcaneus,est/swe/lat/ice/den/nor
NHSJ66,Internal fixation of fracture of ankle or foot using plate and screws\ other tarsal bone,est/swe/lat/ice/den/nor
NHSJ67,Internal fixation of fracture of ankle or foot using plate and screws\ metatarsal,est/swe/lat/ice/den/nor
NHSJ68,Internal fixation of fracture of ankle or foot using plate and screws\ toe,est/swe/lat/ice/den/nor
NHSJ69,Internal fixation of fracture of ankle or foot using plate and screws\ other or unspecified,est/ice
NHSJ70,Internal fixation of fracture of ankle or foot using screws alone\ lateral malleolus,est/swe/lat/ice/den/nor
NHSJ71,Internal fixation of fracture of ankle or foot using screws alone\ medial malleolus,est/swe/lat/ice/den/nor
NHSJ72,Internal fixation of fracture of ankle or foot using screws alone\ both malleoli,est/swe/lat/ice/den/nor
NHSJ73,Internal fixation of fracture of ankle or foot using screws alone\ both malleoli and posterior margin,est/swe/lat/ice/den/nor
NHSJ74,Internal fixation of fracture of ankle or foot using screws alone\ talus,est/swe/lat/ice/den/nor
NHSJ75,Internal fixation of fracture of ankle or foot using screws alone\ calcaneus,est/swe/lat/ice/den/nor
NHSJ76,Internal fixation of fracture of ankle or foot using screws alone\ other tarsal bone,est/swe/lat/ice/den/nor
NHSJ77,Internal fixation of fracture of ankle or foot using screws alone\ metatarsal,est/swe/lat/ice/den/nor
NHSJ78,Internal fixation of fracture of ankle or foot using screws alone\ toe,est/swe/lat/ice/den/nor
NHSJ79,Internal fixation of fracture of ankle or foot using screws alone\ other or unspecified,est/ice
NHSJ80,Internal fixation of fracture of ankle or foot using other or combined methods\ lateral malleolus,est/swe/lat/ice/den/nor
NHSJ81,Internal fixation of fracture of ankle or foot using other or combined methods\ medial malleolus,est/swe/lat/ice/den/nor
NHSJ82,Internal fixation of fracture of ankle or foot using other or combined methods\ both malleoli,est/swe/lat/ice/den/nor
NHSJ83,Internal fixation of fracture of ankle or foot using other or combined methods\ both malleoli and posterior marg,est/swe/lat/ice/den/fin/nor
NHSJ84,Internal fixation of fracture of ankle or foot using other or combined methods\ talus,est/swe/lat/ice/den/nor
NHSJ85,Internal fixation of fracture of ankle or foot using other or combined methods\ calcaneus,est/swe/lat/ice/den/nor
NHSJ86,"Internal fixation of fracture of ankle using wire, rod, cerclage or pin\ other tarsal bone",est/swe/lat/ice/den/nor
NHSJ87,Internal fixation of fracture of ankle or foot using other or combined methods\ metatarsal,est/swe/lat/ice/den/nor
NHSJ88,Internal fixation of fracture of ankle or foot using other or combined methods\ toe,est/swe/lat/ice/den/nor
NHSJ89,Internal fixation of fracture of ankle or foot using other or combined methods\ other or unspecified,est/ice
NHSJ90,Other fracture surgery of ankle or foot\ lateral malleolus,est/swe/lat/ice/den/nor
NHSJ91,Other fracture surgery of ankle or foot\ medial malleolus,est/swe/lat/ice/den/nor
NHSJ92,Other fracture surgery of ankle or foot\ both malleoli,est/swe/lat/ice/den/nor
NHSJ93,Other fracture surgery of ankle or foot\ both malleoli and posterior margin,est/swe/lat/ice/den/nor
NHSJ94,Other fracture surgery of ankle or foot\ talus,est/swe/lat/ice/den/nor
NHSJ95,Other fracture surgery of ankle or foot\ calcaneus,est/swe/lat/ice/den/nor
NHSJ96,Other fracture surgery of ankle or foot\ other tarsal bone,est/swe/lat/ice/den/nor
NHSJ97,Other fracture surgery of ankle or foot\ metatarsal,est/swe/lat/ice/den/fin/nor
NHSJ98,Other fracture surgery of ankle or foot\ toe,est/swe/lat/ice/den/nor
NHSJ99,Other fracture surgery of ankle or foot\ other or unspecified,est/ice/fin
NHSK00,Excision of fragment of bone of ankle or foot\ lateral malleolus,est/swe/lat/ice/den/nor
NHSK01,Excision of fragment of bone of ankle or foot\ medial malleolus,est/swe/lat/ice/den/nor
NHSK02,Excision of fragment of bone of ankle or foot\ both malleoli,est/swe/lat/ice/den
NHSK03,Excision of fragment of bone of ankle or foot\ both malleoli and posterior margin,est/swe/lat/ice/den
NHSK04,Excision of fragment of bone of ankle or foot\ talus,est/swe/lat/ice/den/nor
NHSK05,Excision of fragment of bone of ankle or foot\ calcaneus,est/swe/lat/ice/den/nor
NHSK06,Excision of fragment of bone of ankle or foot\ other tarsal bone,est/swe/lat/ice/den/nor
NHSK07,Excision of fragment of bone of ankle or foot\ metatarsal,est/swe/lat/ice/den/nor
NHSK08,Excision of fragment of bone of ankle or foot\ toe,est/swe/lat/ice/den/nor
NHSK09,Excision of fragment of bone of ankle or foot\ other or unspecified,est/ice
NHSK10,Partial or total excision of bone of ankle or foot\ lateral malleolus,est/swe/lat/ice/den/nor
NHSK11,Partial or total excision of bone of ankle or foot\ medial malleolus,est/swe/lat/ice/den/nor
NHSK12,Partial or total excision of bone of ankle or foot\ both malleoli,est/swe/lat/ice/den
NHSK13,Partial or total excision of bone of ankle or foot\ both malleoli and posterior margin,est/swe/lat/ice/den
NHSK14,Partial or total excision of bone of ankle or foot\ talus,est/swe/lat/ice/den/nor
NHSK15,Partial or total excision of bone of ankle or foot\ calcaneus,est/swe/lat/ice/den/nor
NHSK16,Partial or total excision of bone of ankle or foot\ other tarsal bone,est/swe/lat/ice/den/nor
NHSK17,Partial or total excision of bone of ankle or foot\ metatarsal,est/swe/lat/ice/den/fin/nor
NHSK18,Partial or total excision of bone of ankle or foot\ toe,est/swe/lat/ice/den/nor
NHSK19,Partial or total excision of bone of ankle or foot\ other or unspecified,est/ice
NHSK20,Fenestration or forage of bone of ankle or foot\ lateral malleolus,est/swe/lat/ice/den/nor
NHSK21,Fenestration or forage of bone of ankle or foot\ medial malleolus,est/swe/lat/ice/den/nor
NHSK22,Fenestration or forage of bone of ankle or foot\ both malleoli,est/swe/lat/ice/den
NHSK23,Fenestration or forage of bone of ankle or foot\ both malleoli and posterior margin,est/swe/lat/ice/den
NHSK24,Fenestration or forage of bone of ankle or foot\ talus,est/swe/lat/ice/den/nor
NHSK25,Fenestration or forage of bone of ankle or foot\ calcaneus,est/swe/lat/ice/den/nor
NHSK26,Fenestration or forage of bone of ankle or foot\ other tarsal bone,est/swe/lat/ice/den/nor
NHSK27,Fenestration or forage of bone of ankle or foot\ metatarsal,est/swe/lat/ice/den/nor
NHSK28,Fenestration or forage of bone of ankle or foot\ toe,est/swe/lat/ice/den/nor
NHSK29,Fenestration or forage of bone of ankle or foot\ other or unspecified,est/ice
NHSK30,Curettage of cyst of bone of ankle or foot\ lateral malleolus,est/swe/lat/ice/den/nor
NHSK31,Curettage of cyst of bone of ankle or foot\ medial malleolus,est/swe/lat/ice/den/nor
NHSK32,Curettage of cyst of bone of ankle or foot\ both malleoli,est/swe/lat/ice/den
NHSK33,Curettage of cyst of bone of ankle or foot\ both malleoli and posterior margin,est/swe/lat/ice/den
NHSK34,Curettage of cyst of bone of ankle or foot\ talus,est/swe/lat/ice/den/nor
NHSK35,Curettage of cyst of bone of ankle or foot\ calcaneus,est/swe/lat/ice/den/nor
NHSK36,Curettage of cyst of bone of ankle or foot\ other tarsal bone,est/swe/lat/ice/den/nor
NHSK37,Curettage of cyst of bone of ankle or foot\ metatarsal,est/swe/lat/ice/den/nor
NHSK38,Curettage of cyst of bone of ankle or foot\ toe,est/swe/lat/ice/den/nor
NHSK39,Curettage of cyst of bone of ankle or foot\ other or unspecified,est/ice
NHSK40,Epiphysiodesis of ankle or foot\ lateral malleolus,est/swe/lat/ice/den/nor
NHSK41,Epiphysiodesis of ankle or foot\ medial malleolus,est/swe/lat/ice/den/nor
NHSK42,Epiphysiodesis of ankle or foot\ both malleoli,est/swe/lat/ice/den/nor
NHSK43,Epiphysiodesis of ankle or foot\ both malleoli and posterior margin,est/swe/lat/ice/den/nor
NHSK44,Epiphysiodesis of ankle or foot\ talus,est/swe/lat/ice/den
NHSK45,Epiphysiodesis of ankle or foot\ calcaneus,est/swe/lat/ice/den
NHSK46,Epiphysiodesis of ankle or foot\ other tarsal bone,est/swe/lat/ice/den
NHSK47,Epiphysiodesis of ankle or foot\ metatarsal,est/swe/lat/ice/den/nor
NHSK48,Epiphysiodesis of ankle or foot\ toe,est/swe/lat/ice/den/nor
NHSK49,Epiphysiodesis of ankle or foot\ other or unspecified,est/ice
NHSK50,"Angulation, rotation or displacement osteotomy of ankle or foot\ lateral malleolus",est/swe/lat/ice/den/nor
NHSK51,"Angulation, rotation or displacement osteotomy of ankle or foot\ medial malleolus",est/swe/lat/ice/den/nor
NHSK52,"Angulation, rotation or displacement osteotomy of ankle or foot\ both malleoli",est/swe/lat/ice/den/nor
NHSK53,"Angulation, rotation or displacement osteotomy of ankle or foot\ both malleoli and posterior margin",est/swe/lat/ice/den
NHSK54,"Angulation, rotation or displacement osteotomy of ankle or foot\ talus",est/swe/lat/ice/den/nor
NHSK55,"Angulation, rotation or displacement osteotomy of ankle or foot\ calcaneus",est/swe/lat/ice/den/nor
NHSK56,"Angulation, rotation or displacement osteotomy of ankle or foot\ other tarsal bone",est/swe/lat/ice/den/nor
NHSK57,"Angulation, rotation or displacement osteotomy of ankle or foot\ metatarsal",est/swe/lat/ice/den/fin/nor
NHSK58,"Angulation, rotation or displacement osteotomy of ankle or foot\ toe",est/swe/lat/ice/den/nor
NHSK59,"Angulation, rotation or displacement osteotomy of ankle or foot\ other or unspecified",est/ice
NHSK60,Shortening or lengthening osteotomy of ankle or foot\ lateral malleolus,est/swe/lat/ice/den/nor
NHSK61,Shortening or lengthening osteotomy of ankle or foot\ medial malleolus,est/swe/lat/ice/den/nor
NHSK62,Shortening or lengthening osteotomy of ankle or foot\ both malleoli,est/swe/lat/ice/den/nor
NHSK63,Shortening or lengthening osteotomy of ankle or foot\ both malleoli and posterior margin,est/swe/lat/ice/den
NHSK64,Shortening or lengthening osteotomy of ankle or foot\ talus,est/swe/lat/ice/den/nor
NHSK65,Shortening or lengthening osteotomy of ankle or foot\ calcaneus,est/swe/lat/ice/den/nor
NHSK66,Shortening or lengthening osteotomy of ankle or foot\ other tarsal bone,est/swe/lat/ice/den/nor
NHSK67,Shortening or lengthening osteotomy of ankle or foot\ metatarsal,est/swe/lat/ice/den/nor
NHSK68,Shortening or lengthening osteotomy of ankle or foot\ toe,est/swe/lat/ice/den/nor
NHSK69,Shortening or lengthening osteotomy of ankle or foot,est/ice/fin
NHSK70,Bone transport operation of ankle or foot\ lateral malleolus,est/swe/lat/ice/den/nor
NHSK71,Bone transport operation of ankle or foot\ medial malleolus,est/swe/lat/ice/den/nor
NHSK72,Bone transport operation of ankle or foot\ both malleoli,est/swe/lat/ice/den/nor
NHSK73,Bone transport operation of ankle or foot\ both malleoli and posterior margin,est/swe/lat/ice/den
NHSK74,Bone transport operation of ankle or foot\ talus,est/swe/lat/ice/den/nor
NHSK75,Bone transport operation of ankle or foot\ calcaneus,est/swe/lat/ice/den/nor
NHSK76,Bone transport operation of ankle or foot\ other tarsal bone,est/swe/lat/ice/den/nor
NHSK77,Bone transport operation of ankle or foot\ metatarsal,est/swe/lat/ice/den/nor
NHSK78,Bone transport operation of ankle or foot\ toe,est/swe/lat/ice/den/nor
NHSK79,Bone transport operation of ankle or foot\ other or unspecified,est/ice
NHSK80,Traction lengthening of epiphyseal plate of ankle or foot\ lateral malleolus,est/swe/lat/ice/den/nor
NHSK81,Traction lengthening of epiphyseal plate of ankle or foot\ medial malleolus,est/swe/lat/ice/den/nor
NHSK82,Traction lengthening of epiphyseal plate of ankle or foot\ both malleoli,est/swe/lat/ice/den/nor
NHSK83,Traction lengthening of epiphyseal plate of ankle or foot\ both malleoli and posterior margin,est/swe/lat/ice/den
NHSK84,Traction lengthening of epiphyseal plate of ankle or foot\ talus,est/swe/lat/ice/den/nor
NHSK85,Traction lengthening of epiphyseal plate of ankle or foot\ calcaneus,est/swe/lat/ice/den/nor
NHSK86,Traction lengthening of epiphyseal plate of ankle or foot\ other tarsal bone,est/swe/lat/ice/den/nor
NHSK87,Traction lengthening of epiphyseal plate of ankle or foot\ metatarsal,est/swe/lat/ice/den/nor
NHSK88,Traction lengthening of epiphyseal plate of ankle or foot\ toe,est/swe/lat/ice/den/nor
NHSK89,Traction lengthening of epiphyseal plate of ankle or foot\ other or unspecified,est/ice
NHSK90,Other operation on bone of ankle or foot\ lateral malleolus,est/swe/lat/ice/den/nor
NHSK91,Other operation on bone of ankle or foot\ medial malleolus,est/swe/lat/ice/den/nor
NHSK92,Other operation on bone of ankle or foot\ both malleoli,est/swe/lat/ice/den/nor
NHSK93,Other operation on bone of ankle or foot\ both malleoli and posterior margin,est/swe/lat/ice/den/nor
NHSK94,Other operation on bone of ankle or foot\ talus,est/swe/lat/ice/den/nor
NHSK95,Other operation on bone of ankle or foot\ calcaneus,est/swe/lat/ice/den/nor
NHSK96,Other operation on bone of ankle or foot\ other tarsal bone,est/swe/lat/ice/den/nor
NHSK97,Other operation on bone of ankle or foot\ metatarsal,est/swe/lat/ice/den/nor
NHSK98,Other operation on bone of ankle or foot\ toe,est/swe/lat/ice/den/nor
NHSK99,Other operation on bone of ankle or foot\ other or unspecified,est/ice/fin
NHSL09,Freeing of muscle of ankle or foot,est/swe/lat/ice/den/nor
NHSL10,Suture or reinsertion of achilles tendon,ice/fin
NHSL14,Shortening or lengthening of achilles tendon,ice/fin
NHSL16,Tenolysis or tenosynovectomy of achilles tendon,ice/fin
NHSL19,Suture or plastic repair of muscle of ankle or foot,est/swe/lat/ice/den/nor
NHSL29,Transposition of muscle of ankle or foot,est/swe/lat/ice/den/nor
NHSL30,Suture or reinsertion of tendon of foot,ice/fin
NHSL39,Myotomy or tenotomy of ankle or foot with or without excision,est/swe/lat/ice/den/fin/nor
NHSL49,Suture or reinsertion of tendon of ankle or foot,est/swe/lat/ice/den/nor
NHSL50,Tenolysis or tenosynovectomy of foot,ice/fin
NHSL59,Tenolysis or tenosynovectomy of ankle or foot,est/swe/lat/ice/den/nor
NHSL68,"Tenodesis, shortening or lengthening of tendon of foot",ice/fin
NHSL69,"Tenodesis, shortening or lengthening of tendon of ankle or foot",est/swe/lat/ice/den/nor
NHSL89,Transposition of tendon of ankle or foot,est/swe/lat/ice/den/nor
NHSL99,Other operation on muscle or tendon of ankle or foot,est/swe/lat/ice/den/fin/nor
NHSM09,Fasciotomy of ankle or foot,est/swe/lat/ice/den/fin/nor
NHSM19,Partial or total excision of fascia of ankle or foot,est/swe/lat/ice/den/nor
NHSM29,Suture of fascia of ankle or foot,est/swe/lat/ice/den/nor
NHSM39,Excision of synovial ganglion of ankle or foot,est/swe/lat/ice/den/fin/nor
NHSM49,Discission of sheath of tendon of ankle or foot,est/swe/lat/ice/den/nor
NHSM59,Partial excision of sheath of tendon of ankle or foot,est/swe/lat/ice/den/nor
NHSM79,Excision of bursa of ankle or foot,est/swe/lat/ice/den/nor
NHSM99,"Other operation on fascia, ganglion, synovial sheath or bursa of ankle or foot",est/swe/lat/ice/den/fin/nor
NHSN90,Use of transplantat in surgery of ankle or foot,est/swe/lat/ice/den/nor
NHSP09,Replantation of toe,est/swe/lat/ice/den/nor
NHSP19,Autotransplantation or transposition of toe,est/swe/lat/ice/den/nor
NHSP29,Replantation of foot,est/swe/lat/ice/den/nor
NHSP99,Other replantation in ankle or foot,est/swe/lat/ice/den/fin/nor
NHSQ00,Exarticulation of ankle or foot\ talocrural,est/swe/lat/ice/den/nor
NHSQ01,Exarticulation of ankle or foot\ talocrural and malleoli (syme),est/lat/ice
NHSQ02,Exarticulation of ankle or foot\ intertarsal,est/lat/ice/den/nor
NHSQ03,Exarticulation of ankle or foot\ tarsometatarsal,est/lat/ice/den/nor
NHSQ04,Exarticulation of ankle or foot\ transmetatarsal,est/lat/ice
NHSQ05,Exarticulation of ankle or foot\ metatarsophalangeal,est/lat/ice/den/nor
NHSQ06,"Exarticulation of ankle or foot\ toe, total",ice
NHSQ07,"Exarticulation of ankle or foot\ toe, partial",est/lat/ice/den/nor
NHSQ09,Exarticulation of ankle or foot\ other or unspecified,est/ice
NHSQ10,Amputation of ankle or foot\ talocrural,est/lat/ice
NHSQ11,Exarticulation of ankle,est/swe/lat/ice/den/fin/nor
NHSQ12,Amputation of ankle,est/swe/lat/ice/fin/nor
NHSQ13,Amputation of ankle or foot\ tarsometatarsal,est/swe/lat/ice
NHSQ14,Amputation of ankle or foot\ transmetatarsal,est/swe/lat/ice/den/nor
NHSQ15,Amputation of ankle or foot\ metatarsophalangeal,est/lat/ice
NHSQ17,Amputation of toe,est/swe/lat/ice/den/fin/nor
NHSQ19,Amputation of ankle or foot\ other or unspecified,est/ice
NHSQ20,Revision of amputation or exarticulation stump of ankle or foot\ talocrural,est/lat/ice/den/nor
NHSQ21,Revision of amputation or exarticulation stump of ankle or foot\ talocrural and malleoli (syme),est/lat/ice/den/nor
NHSQ22,Revision of amputation or exarticulation stump of ankle or foot\ intertarsal,est/lat/ice/den/nor
NHSQ23,Revision of amputation or exarticulation stump of ankle or foot\ tarsometatarsal,est/lat/ice/den/nor
NHSQ24,Revision of amputation or exarticulation stump of ankle or foot\ transmetatarsal,est/lat/ice/den/nor
NHSQ25,Revision of amputation or exarticulation stump of ankle or foot\ metatarsophalangeal,est/lat/ice/den/nor
NHSQ26,"Revision of amputation or exarticulation stump of ankle or foot\ toe, total",ice
NHSQ27,"Revision of amputation or exarticulation stump of ankle or foot\ toe, partial",est/lat/ice/den/nor
NHSQ29,Revision of amputation or exarticulation stump of ankle or foot\ other or unspecified,est/swe/ice
NHSQ30,Amputation of foot\ transmetatarsal,ice/fin
NHSQ48,Revision of amputation of toe,ice/fin
NHSQ60,Revision of ampution or exarticulation of ankle or foot,ice/fin
NHSQ90,Other amputation or related operation on ankle or foot\ talocrural,est/ice
NHSQ91,Other amputation or related operation on ankle or foot\ talocrural and malleoli (syme),est/ice
NHSQ92,Other amputation or related operation on ankle or foot\ intertarsal,est/ice
NHSQ93,Other amputation or related operation on ankle or foot\ tarsometatarsal,est/ice
NHSQ94,Other amputation or related operation on ankle or foot\ transmetatarsal,est/ice
NHSQ95,Other amputation or related operation on ankle or foot\ metatarsophalangeal,est/ice
NHSQ96,"Other amputation or related operation on ankle or foot\ toe, total",ice
NHSQ97,"Other amputation or related operation on ankle or foot\ toe, partial",est/ice
NHSQ99,Other amputation or related operation on ankle or foot\ other or unspecified,est/swe/lat/ice/den/nor
NHSR09,Incomplete excision of soft tissue tumour of ankle or foot,est/swe/lat/ice/den/nor
NHSR19,Complete excision of soft tissue tumour of ankle or foot,est/swe/lat/ice/den/nor
NHSR29,Extended excision of soft tissue tumour of ankle or foot,est/swe/lat/ice/den/nor
NHSR39,Block excision of soft tissue tumour of ankle or foot,est/swe/lat/ice/den/nor
NHSR49,Incomplete excision of tumour of bone or cartilage of ankle or foot,est/swe/lat/ice/den/fin/nor
NHSR59,Complete excision of tumour of bone or cartilage of ankle or foot,est/swe/lat/ice/den/nor
NHSR69,Extended excision of tumour of bone or cartilage of ankle or foot,est/swe/lat/ice/den/fin/nor
NHSR79,Block excision of tumour of bone or cartilage of ankle or foot,est/swe/lat/ice/den/nor
NHSR99,Other operation for tumour of ankle or foot,est/swe/lat/ice/den/fin/nor
NHSS09,Incision and debridement of infection of tendon of ankle or foot,est/swe/lat/ice/den/nor
NHSS19,Incision and debridement of infection of joint of ankle or foot,est/swe/lat/ice/den/fin/nor
NHSS29,Incision and debridement of infection of bone of ankle or foot,est/swe/lat/ice/den/fin/nor
NHSS39,Incision and debridement of infection of tendon of ankle or foot with introduction of therapeutic agent,est/swe/lat/ice/den/nor
NHSS49,Incision and debridement of infection of joint of ankle or foot with introduction of therapeutic agent,est/swe/lat/ice/den/nor
NHSS59,Incision and debridement of infection of bone of ankle or foot with introduction of therapeutic agent,est/swe/lat/ice/den/nor
NHSS99,"Other operation for infection of tendon, joint or bone of ankle or foot",est/swe/lat/ice/den/fin/nor
NHST39,"Correction of deformity of ankle or foot using muscle, tendon or ligament",est/swe/lat/ice/den/nor
NHST49,Correction of deformity of ankle or foot using external or internal fixation,est/swe/lat/ice/den/nor
NHST59,Removal of foreign body from tissue of ankle and foot,est/swe/lat/ice/den/fin/nor
NHST60,Bandage or redression of ankle and foot,ice/fin
NHST62,Surgical procedure for correction of pes equinovarus,ice/fin
NHST99,Other operation on ankle or foot,est/swe/lat/ice/den/fin/nor
NHSU00,Removal of partial prosthesis from ankle joint\ all parts,est/lat/ice
NHSU01,Removal of partial prosthesis from ankle joint\ single part - proximal,est/lat/ice/den/nor
NHSU02,Removal of partial prosthesis from ankle joint\ single part - distal,est/lat/ice/den/nor
NHSU03,Removal of partial prosthesis from ankle joint\ single part - other,est/lat/ice/nor
NHSU04,"Removal of partial prosthesis from ankle joint\ more than one, but not all parts",est/lat/ice
NHSU09,Removal of partial prosthesis from ankle joint\ other or unspecified,est/swe/lat/ice/den
NHSU10,Removal of total prosthesis from ankle joint\ all parts,est/lat/ice/den/nor
NHSU11,Removal of total prosthesis from ankle joint\ single part - proximal,est/lat/ice/den/nor
NHSU12,Removal of total prosthesis from ankle joint\ single part - distal,est/lat/ice/den/nor
NHSU13,Removal of total prosthesis from ankle joint\ single part - other,est/lat/ice/nor
NHSU14,"Removal of total prosthesis from ankle joint\ more than one, but not all parts",est/lat/ice/nor
NHSU19,Removal of total prosthesis from ankle joint\ other or unspecified,est/swe/lat/ice/den/fin
NHSU20,Removal of prosthesis from other joint of foot\ all parts,est/lat/ice/den/nor
NHSU21,Removal of prosthesis from other joint of foot\ single part - proximal,est/lat/ice/den/nor
NHSU22,Removal of prosthesis from other joint of foot\ single part - distal,est/lat/ice/den/nor
NHSU23,Removal of prosthesis from other joint of foot\ single part - other,est/lat/ice/nor
NHSU24,"Removal of prosthesis from other joint of foot\ more than one, but not all parts",est/lat/ice/nor
NHSU29,Removal of prosthesis from other joint of foot\ other or unspecified,est/swe/lat/ice/den
NHSU39,Removal of external fixation device from ankle or foot,est/swe/lat/ice/den/fin/nor
NHSU49,Removal of internal fixation device from ankle or foot,est/swe/lat/ice/den/fin/nor
NHSU69,Removal of prosthetic ligament from ankle or foot,est/swe/lat/ice/den/nor
NHSU89,Removal of therapeutic implant in treatment of infection of ankle or foot,est/swe/lat/ice/den/nor
NHSU99,Removal of other implant from ankle or foot,est/swe/lat/ice/den/fin/nor
NHSW10,Reoperation for deep infection in in surgery of ankle or foot,ice/fin
NHSW49,Repair of wound dehiscence in surgery of ankle or foot,est/swe/lat/ice/den/nor
NHSW59,Reoperation for superficial infection in surgery of ankle or foot,est/swe/lat/ice/den/nor
NHSW69,Reoperation for deep infection in surgery of ankle or foot,est/swe/lat/ice/den/nor
NHSW79,Reoperation for superficial haemorrhage in surgery of ankle or foot,est/swe/lat/ice/den/nor
NHSW89,Reoperation for deep haemorrhage in surgery of ankle or foot,est/swe/lat/ice/den/fin/nor
NHSW99,Other reoperation in surgery of ankle or foot,est/swe/lat/ice/den/fin/nor
NHXLT4,Sclerotherapy of achilles tendon with Doppler method,ice/fin
NHXQ00,Adjustment of external prostehsis to ankle or foot,lat/ice/den/nor
NHXT00,Forcible manipulation of joint of ankle or foot,est/swe/lat/ice/den/nor
NHXT10,Traction of calcaneus,ice/fin
NHXX00,Biopsy of soft tissue or joint of ankle or foot\ percutaneous,est/swe/lat/ice/den/fin/nor
NHXX01,Biopsy of ankle or foot for cytology\ percutaneous,ice/fin
NHXX05,Simple incision of soft tissue\ ankle and foot,est/swe/lat/ice/den/fin/nor
NHXX10,Arthrocentesis\ ankle and foot,est/swe/lat/ice/den/fin/nor
NHXX11,Injection of diagnostic or therapeutic substance into joint\ ankle and foot,est/swe/lat/ice/den/fin/nor
NHXX30,Soft bandage\ ankle and foot,est/swe/lat/ice/fin/nor
NHXX31,Prefabricated orthosis\ ankle and foot,est/swe/lat/ice/den/fin/nor
NHXX32,Custom moulded splint\ ankle and foot,est/swe/lat/ice/den/fin/nor
NHXX33,Custom moulded cast\ ankle and foot,est/swe/lat/ice/den/fin/nor
NHXX34,Major custom moulded cast\ ankle and foot,est/swe/lat/ice
NHXX35,Bandage of pes equinovarus,ice/fin
NHXX36,Custom molded cast of pes equinovarus,ice/fin
NHXX39,Other orthopedic bandage\ ankle and foot,est/swe/lat/ice/fin/nor
NHXX40,External traction\ ankle and foot,est/swe/lat/ice/den/fin/nor
NHXX50,Implantation of skeletal marker\ ankle and foot,est/swe/lat/ice/den/fin/nor
NXDA1D,Upper extremity X-ray examination,swe/ice/fin/nor
NXDA2D,Lower extremity X-ray examination,ice/nor
NXDA2M,Measurement of mechanical axis of lower leg with X-ray,ice/fin
NXDA3D,Long bones of extremities X-ray examination,ice/den/fin
NXDA3M,Measurement of extremity length with X-ray,ice/fin/nor
NXDA3N,Measurement of difference in extremity lengty with X-ray,ice/fin
NXDA4E,Joint X-ray examintion with load or wrench not elsewhere classified,ice/fin
NXDA6A,Metabolic X-ray examination of bone,ice/fin
NXDA6H,Bone tomography,ice
NXDA6L,Bone and joint kinetic X-ray examination,ice/fin
NXDA6M,Measurement of bone age from hand and elbow using X-ray,swe/ice/fin/nor
NXDA6N,Other bone age measurement with X-ray,ice/fin
NXDA6P,Measurement of bone density from one location with X-ray,swe/lat/ice/den/fin
NXDA6Q,Measurement of bone density from tow or more locations with X-ray,swe/ice/fin
NXDB00,Bursography,swe/ice
NXDB4C,Artrography with X-ray not elsewhere classified,ice/fin/nor
NXDD00,Other CT examinationof extremities and joints,fin/nor
NXDD10,Other cone beam CT,fin
NXDD3V,CT examination of extremities for dose design of radiotherapy,ice/fin
NXDD6H,Measurement of bone mineral content with CT,ice/den/fin
NXDD6J,Ortopaedic measurement of extemities with CT,ice/fin
NXDD70,Other cone beam CT,
NXDD7V,Spine CT examination for dose design of radiotherapy,ice/fin
NXDE1X,Other ultrasound examinnation of muscle or tendon,ice/den/fin/nor
NXDE4X,Joint ultrasound examination not elsewhere classified,lat/ice/den/fin/nor
NXDE6L,Measurement of bone structure from calcaneus with ultrasound,ice/fin
NXDE6M,Measurement of bone structure from othe location with utlrasound,ice/den/fin
NXDG3B,MRI examination of extremities,ice/den/fin/nor
NXDG4B,Joint MRI examination not elsewhere classified,ice/fin
NXDG7V,Joint MRI examination for dose design of radiotherapy,ice
NXDG8V,Dose design of radiotherapy of spine with MT,fin
NXDK1A,Spectroscopy of muscles,ice/den/fin
NXFA00,Measurement of muscle strength,swe/ice
NXFB00,Analysis of mobility,swe/lat/ice/nor
NXFC00,Lower extremity volume measurement,swe/lat/ice/nor
NXFX00,Pressure measurement in a muscle compartment,swe/lat/ice/nor
NXFX90,Musculoskeletal system clinical examination,swe/ice
NXFX99,Other diagnostic procedure in orthopedics,swe/ice
NXIA00,Total body bone isotope imaging,swe/ice/fin
NXIA02,Upper limb isotope imaging,swe/ice
NXIA10,Joint isotope imaging,swe/ice/fin/nor
NXIA20,Bone dynamic isotope examination,ice/fin
NXIA30,Bone metabolic PET,fin
NXIA32,Bone metabolic PET with CT,fin/nor
NXIA34,Bone metabolic PET with MRI,fin/nor
NXIA36,Whole body metabolic PET,fin
NXIA70,Bone SPECT,ice/fin
NXIA72,Whole body bone SPET with low dose CT or MRI,fin/nor
NXIB00,Measurement of bone density with isotope technique,swe/ice
NXIC00,Muscle circulation isotope examination,swe/ice
NXIE00,Muscle perfusion PET,ice/fin
NXIE02,Muscle perfusion PET with MRI,fin
NXIE10,"Muscle, metabolic PET",ice/fin
NXIE12,"Muscle, metabolic PET with CT",fin
NXIE14,"Muscle, metabolic PET with MRI",fin
NXIE20,"Muscle, receptor examiantion with PET",ice/fin
NXIE30,Muscle blood volume PET,fin
NXIE32,Muscle blood volume PET  with MRI,fin
NXIE90,"Muscle, other PET",fin
NXIF00,Other soft tissue tumour isotope imaging,ice/fin/nor
NXIF10,Other soft tissue tumour SPECT,ice/fin
NXIF12,Soft tissue tumor SPET with CT,fin
NXOA00,Radioactive isotope therapy of joint,ice
NXOX00,Other orthopaedic radiotherapy,ice/nor
NXSL99,Soft tissue imusculoscleletal systme intervention of unspecied site,nor
NXSW49,Repair of wound dehiscence in surgery of other defined sites of musculoskeletal system,est/swe/lat/ice/fin/nor
NXSW59,Reoperation for superficial infection in surgery of other defined sites of musculoskeletal system,est/swe/lat/ice/nor
NXSW69,Reoperation for deep infection in surgery of other defined sites of musculoskeletal system,est/swe/lat/ice/fin/nor
NXSW79,Reoperation for superficial haemorrhage in surgery of other defined sites of musculoskeletal system,est/swe/lat/ice/nor
NXSW89,Reoperation for deep haemorrhage in surgery of other defined sites of musculoskeletal system,est/swe/lat/ice/nor
NXSW99,Other reoperation in surgery of other defined sites of musculoskeletal system,est/swe/lat/ice/fin/nor
NXXA00,Muscle biopsy of skeletal muscle,est/swe/lat/ice/fin/nor
NXXA10,Muscle needle biopsy for cytology or skeletal muscle,ice/fin
NXXA20,Muscle puncture,ice/fin
NXXB00,Puncture of joint not elsewher classified,swe/lat/ice/fin/nor
NXXB10,Joint injection not elsewhere classified,ice/fin/nor
NXXC00,Bone biopsy,ice/fin
NXXC10,Bone needle biopsy for cytology,ice/fin
NXXD00,Other tendon sclerotherapy with Doppler,ice/fin
NXXD10,Initiation of low intensity US home therapy for fracture,swe
NXXE00,Heat coagulation of lesion of soft tissue of extremity,ice/fin
NXXE02,Extremity bone or joint heat therapy,
NXXE10,Extremity bone curettage and filling of excavation with cement,ice/fin
NXXF00,Heat coagulation of extremity bone or lead,ice/fin
NXXF10,Ultrasound coagulation of bone lesion (with MRI guidance),fin
NXXG00,Injection of collagenase to connective tissue,den
NXXK20,Fenestration of bone of extremity,ice
NXXL00,Orthopedic shock wave therapy,nor
NXXM00,Closed fasciotomy,
NXXX00,Puncture or needle biopsy of soft tissue\ unspecified region,est/swe/lat/ice/fin
NXXX05,Simple incision of soft tissue\ unspecified region,est/swe/lat/ice/fin
NXXX10,Arthrocentesis\ unspecified region,est/swe/lat/ice/fin/nor
NXXX11,Injection of diagnostic or therapeutic substance into joint\ unspecified region,est/swe/lat/ice/nor
NXXX12,Rinsing of joint,swe/lat
NXXX30,Soft bandage\ unspecified region,est/swe/lat/ice/fin
NXXX31,Prefabricated orthosis\ unspecified region,est/swe/lat/ice/fin
NXXX32,Custom moulded splint\ unspecified region,est/swe/lat/ice/fin
NXXX33,Custom moulded cast\ unspecified region,est/swe/lat/ice/fin
NXXX34,Major custom moulded cast\ unspecified region,est/swe/lat/ice/fin
NXXX39,Other orthopedic bandage\ unspecified region,est/swe/lat/ice/fin
NXXX40,External traction\ unspecified region,est/swe/lat/ice/fin
NXXX50,Implantation of skeletal marker\ unspecified region,est/swe/lat/ice/fin
NXXX52,Implantation of soft tissue marker,swe/fin
NXXX60,Insertion of electrode to skeletal system for measurement or stimulation,lat/ice/nor
NXXX70,Removal of custom molded cast or stretch,swe/ice/fin
NXXX90,Dynamic splint of upper limb,ice/fin
NXXX92,Supporting bandage or orthosis of lower limb,ice/fin
NXXX94,Preprothesis of lower limb,ice/fin
NXXX96,Testing and adjusting limbprosthesis,swe/ice
NXXX99,Other orthopaedic care or minor procedure,ice/den/fin/nor
P01AA,Hydroxyquinoline derivatives,est/swe/lat/ice/den
P01AA01,Broxyquinoline,fin/swe
P01AA02,Clioquinol,fin/swe
P01AA04,Chlorquinaldol,fin/swe
P01AA05,Tilbroquinol,fin/swe
P01AA30,Tilbroquinol and tiliquinol,fin/swe
P01AA52,"Clioquinol, combinations",fin/swe
P01AB,Nitroimidazole derivatives,est/swe/lat/ice/den
P01AB01,Metronidazole,fin/swe
P01AB02,Tinidazole,fin/swe
P01AB03,Ornidazole,fin/swe
P01AB04,Azanidazole,fin/swe
P01AB05,Propenidazole,fin/swe
P01AB06,Nimorazole,fin/swe
P01AB07,Secnidazole,fin/swe
P01AB51,Metronidazole and furazolidone,fin/swe
P01AB52,Metronidazole and diloxanide,fin/swe
P01AC,Dichloroacetamide derivatives,est/swe/lat/ice/den
P01AC01,Diloxanide,fin/swe
P01AC02,Clefamide,fin/swe
P01AC03,Etofamide,fin/swe
P01AC04,Teclozan,fin/swe
P01AR,Arsenic compounds,est/swe/lat/ice/den
P01AR01,Arsthinol,fin/swe
P01AR02,Difetarsone,fin/swe
P01AR03,Glycobiarsol,fin/swe
P01AR53,"Glycobiarsol, combinations",fin/swe
P01AX,Other agents against amoebiasis and other protozoal diseases,est/swe/lat/ice/den
P01AX01,Chiniofon,fin/swe
P01AX02,Emetine,fin/swe
P01AX04,Phanquinone,fin/swe
P01AX05,Mepacrine,fin/swe
P01AX06,Atovaquone,fin/swe
P01AX07,Trimetrexate,fin/swe
P01AX08,Tenonitrozole,fin/swe
P01AX09,Dehydroemetine,fin/swe
P01AX10,Fumagillin,fin/swe
P01AX11,Nitazoxanide,fin/swe
P01AX52,"Emetine, combinations",fin/swe
P01BA,Aminoquinolines,est/swe/lat/ice/den
P01BA01,Chloroquine,fin/swe
P01BA02,Hydroxychloroquine,fin/swe
P01BA03,Primaquine,fin/swe
P01BA06,Amodiaquine,fin/swe
P01BA07,Tafenoquine,fin/swe
P01BB,Biguanides,est/swe/lat/ice/den
P01BB01,Proguanil,fin/swe
P01BB02,Cycloguanil embonate,fin/swe
P01BB51,Proguanil and atovaquone,fin/swe
P01BB52,Chloroquine and proguanil,fin/swe
P01BC,Methanolquinolines,est/swe/lat/ice/den
P01BC01,Quinine,fin/swe
P01BC02,Mefloquine,fin/swe
P01BD,Diaminopyrimidines,est/swe/lat/ice/den
P01BD01,Pyrimethamine,fin/swe
P01BD51,"Pyrimethamine, combinations",fin/swe
P01BE,Artemisinin and derivatives,est/swe/lat/ice/den
P01BE01,Artemisinin,fin/swe
P01BE02,Artemether,fin/swe
P01BE03,Artesunate,fin/swe
P01BE04,Artemotil,fin/swe
P01BE05,Artenimol,fin/swe
P01BF01,Artemether and lumefantrine,fin/swe
P01BF02,Artesunate and mefloquine,fin/swe
P01BF03,Artesunate and amodiaquine,fin/swe
P01BF04,"Artesunate, sulphamethopyrazine and pyrimethamine",fin/swe
P01BF05,Artenimol and piperaquine,fin/swe
P01BF06,Artesunate and pyronaridine,fin/swe
P01BF07,Artemisinin and piperaquine,fin/swe
P01BF08,Artemisinin and naphthoquine,fin/swe
P01BF09,"Artesunate, sulfadoxine and pyrimethamine",fin/swe
P01BX,Other antimalarials,est/swe/lat/ice/den
P01BX01,Halofantrine,fin/swe
P01BX02,Arterolane and piperaquine,fin/swe
P01CA,Nitroimidazole derivatives,est/swe/lat/ice/den
P01CA02,Benznidazole,fin/swe
P01CA03,Fexinidazole,fin/swe
P01CB,Antimony compounds,est/swe/lat/ice/den
P01CB01,Meglumine antimonate,fin/swe
P01CB02,Sodium stibogluconate,fin/swe
P01CC,Nitrofuran derivatives,est/swe/lat/ice/den
P01CC01,Nifurtimox,fin/swe
P01CC02,Nitrofural,fin/swe
P01CD,Arsenic compounds,est/swe/lat/ice/den
P01CD01,Melarsoprol,fin/swe
P01CD02,Acetarsol,fin/swe
P01CX,Other agents against leishmaniasis and trypanosomiasis,est/swe/lat/ice/den
P01CX01,Pentamidine isethionate,fin/swe
P01CX02,Suramin sodium,fin/swe
P01CX03,Eflornithine,fin/swe
P01CX04,Miltefosine,swe/fin
P02BA,Quinoline derivatives and related substances,est/swe/lat/ice/den
P02BA01,Praziquantel,fin/swe
P02BA02,Oxamniquine,fin/swe
P02BB,Organophosphorous compounds,est/swe/lat/ice/den
P02BB01,Metrifonate,fin/swe
P02BX,Other antitrematodal agents,est/swe/lat/ice/den
P02BX01,Bithionol,fin/swe
P02BX02,Niridazole,fin/swe
P02BX03,Stibophen,fin/swe
P02BX04,Triclabendazole,fin/swe
P02CA,Benzimidazole derivatives,est/swe/lat/ice/den
P02CA01,Mebendazole,fin/swe
P02CA02,Tiabendazole,fin/swe
P02CA03,Albendazole,fin/swe
P02CA04,Ciclobendazole,fin/swe
P02CA05,Flubendazole,fin/swe
P02CA06,Fenbendazole,fin/swe
P02CA51,"Mebendazole, combinations",fin/swe
P02CB,Piperazine and derivatives,est/swe/lat/ice/den
P02CB01,Piperazine,fin/swe
P02CB02,Diethylcarbamazine,fin/swe
P02CC,Tetrahydropyrimidine derivatives,est/swe/lat/ice/den
P02CC01,Pyrantel,fin/swe
P02CC02,Oxantel,fin/swe
P02CE,Imidazothiazole derivatives,est/swe/lat/ice/den
P02CE01,Levamisole,fin/swe
P02CF,Avermectines,est/swe/lat/ice/den
P02CF01,Ivermectin,fin/swe
P02CX,Other antinematodals,est/swe/lat/ice/den
P02CX01,Pyrvinium,fin/swe
P02CX02,Bephenium,fin/swe
P02CX03,Moxidectin,fin/swe
P02DA,Salicylic acid derivatives,est/swe/lat/ice/den
P02DA01,Niclosamide,fin/swe
P02DX,Other anticestodals,est/swe/lat/ice/den
P02DX01,Desaspidin,fin/swe
P02DX02,Dichlorophen,fin/swe
P03AA,Sulfur containing products,est/swe/lat/ice/den
P03AA01,Dixanthogen,fin/swe
P03AA02,Potassium polysulfide,fin/swe
P03AA03,Mesulfen,fin/swe
P03AA04,Disulfiram,fin/swe
P03AA05,Thiram,fin/swe
P03AA54,"Disulfiram, combinations",fin/swe
P03AB,Chlorine containing products,est/swe/lat/ice/den
P03AB01,Clofenotane,fin/swe
P03AB02,Lindane,fin/swe
P03AB51,"Clofenotane, combinations",fin/swe
P03AC,"Pyrethrines, incl. synthetic compounds",est/swe/lat/ice/den
P03AC01,Pyrethrum,fin/swe
P03AC02,Bioallethrin,fin/swe
P03AC03,Phenothrin,fin/swe
P03AC04,Permethrin,fin/swe
P03AC51,"Pyrethrum, combinations",fin/swe
P03AC52,"Bioallethrin, combinations",fin/swe
P03AC53,"Phenothrin, combinations",fin/swe
P03AC54,"Permethrin, combinations",fin/swe
P03AX,"Other ectoparasiticides, incl. scabicides",est/swe/lat/ice/den
P03AX01,Benzyl benzoate,fin/swe
P03AX02,Copper oleinate,fin/swe
P03AX03,Malathion,fin/swe
P03AX04,Quassia,fin/swe
P03AX05,Dimeticone,fin/swe
P03AX06,Benzyl alcohol,fin/swe
P03AX07,Abametapir,fin/swe
P03BA,Pyrethrines,est/swe/lat/ice/den
P03BA01,Cyfluthrin,fin/swe
P03BA02,Cypermethrin,fin/swe
P03BA03,Decamethrin,fin/swe
P03BA04,Tetramethrin,fin/swe
P03BX,Other insecticides and repellents,est/swe/lat/ice/den
P03BX01,Diethyltoluamide,fin/swe
P03BX02,Dimethylphthalate,fin/swe
P03BX03,Dibutylphthalate,fin/swe
P03BX04,Dibutylsuccinate,fin/swe
P03BX05,Dimethylcarbate,fin/swe
P03BX06,Etohexadiol,fin/swe
PADC1A,Aortocervical angiongraphy with X-ray,swe/ice/den/fin
PADD1A,CT of aortic arch and branches,ice/fin
PADD6A,CT of neck arteries,ice/fin/nor
PADE6A,Ulrasound examination of neck vasculature,ice/den/fin/nor
PADE6D,Neck artery ultrasound examination with Doppler method,swe/ice/den/fin
PADE6L,Neck artery wall ultrasound examination,fin
PADE6M,Neck artery elasticity measurement with ultrasound,fin
PADE6X,Neck artery wall thickness measurement with ultrasound,fin
PADG2B,MRI examination of vessels in the head,ice/fin
PADG6B,MRI examination of neck vasculature,ice/fin/nor
PASA10,Exploration of brachiocephalic trunk,est/swe/lat/ice/den/fin/nor
PASA20,Exploration of common carotid artery,est/swe/lat/ice/den/fin/nor
PASA21,Exploration of internal carotid artery,est/swe/lat/ice/den/fin/nor
PASA30,Exploration of subclavian artery,est/swe/lat/ice/den/fin/nor
PASA99,Exploration of other arterial branch originating from aortic arch arteries,est/swe/lat/ice/den/fin/nor
PASB10,Ligature of brachiocephalic trunk,est/swe/lat/ice/den/fin/nor
PASB20,Ligature of common carotid artery,est/swe/lat/ice/den/fin/nor
PASB21,Ligature of internal carotid artery,est/swe/lat/ice/den/fin/nor
PASB22,Ligature of external carotid artery,est/swe/lat/ice/den/fin/nor
PASB30,Ligature of subclavian artery,est/swe/lat/ice/den/fin/nor
PASB40,Ligature of vertebral artery,est/swe/lat/ice/den/fin/nor
PASB99,Ligature of other arterial branch originating from aortic arch arteries,est/swe/lat/ice/den/fin/nor
PASC10,Suture of brachiocephalic trunk,est/swe/lat/ice/den/fin/nor
PASC20,Suture of common carotid artery,est/swe/lat/ice/den/fin/nor
PASC21,Suture of internal carotid artery,est/swe/lat/ice/den/fin/nor
PASC30,Suture of subclavian artery,est/swe/lat/ice/den/fin/nor
PASC99,Suture of other arterial branch originating from aortic arch arteries,est/swe/lat/ice/den/fin/nor
PASE10,Thrombectomy or embolectomy of brachiocephalic trunk,est/swe/lat/ice/den/fin
PASE20,Thrombectomy or embolectomy of common carotid artery,ice/fin/nor
PASE25,Thrombectomy or embolectomy of carotid artery,est/swe/lat/ice/den/fin/nor
PASE30,Thrombectomy or embolectomy of subclavian artery,est/swe/lat/ice/den/fin/nor
PASE99,Thrombectomy or embolectomy of other arterial branch originating from aortic arch arteries,est/swe/lat/ice/den/fin/nor
PASF10,Thrombendarterectomy of brachiocephalic trunk,est/swe/lat/ice/den/fin/nor
PASF20,Thrombendarterectomy of common carotid artery,est/swe/lat/ice/den/fin/nor
PASF21,Thrombendarterectomy of internal carotid artery,est/swe/lat/ice/den/fin/nor
PASF22,Thrombendarterectomy of external carotid artery,est/swe/lat/ice/den/fin/nor
PASF30,Thrombendarterectomy of subclavian artery,est/swe/lat/ice/den/fin/nor
PASF40,Thrombendarterectomy of vertebral artery,est/swe/lat/ice/den/fin/nor
PASF99,Thrombendarterectomy of other arterial branch originating from aortic arch arteries,est/swe/lat/ice/den/fin/nor
PASG10,Operation for aneurysm of brachiocephalic trunk,est/swe/lat/ice/den/fin/nor
PASG20,Operation for aneurysm of common carotid artery,est/swe/lat/ice/den/fin/nor
PASG21,Operation for aneurysm of internal carotid artery,est/swe/lat/ice/den/fin/nor
PASG30,Operation for aneurysm of subclavian artery,est/swe/lat/ice/den/fin/nor
PASG99,Operation for aneurysm of other arterial branch originating from aortic arch arteries,est/swe/lat/ice/den/fin/nor
PASH10,Bypass from brachiocephalic trunk,est/swe/lat/ice/den/fin/nor
PASH20,Bypass from common carotid artery,est/swe/lat/ice/den/fin/nor
PASH21,Bypass from internal carotid artery,est/swe/lat/ice/den/fin/nor
PASH25,Bypass from carotid to subclavian artery,est/swe/lat/ice/den/nor
PASH30,Bypass from subclavian artery,est/swe/lat/ice/den/fin/nor
PASH99,Bypass from other arterial branch originating from aortic arch arteries,est/swe/lat/ice/den/fin/nor
PASJ30,Transposition of subclavian artery,est/swe/lat/ice/den/fin/nor
PASJ40,Transposition of vertebral artery,est/swe/lat/ice/den/fin/nor
PASJ99,Transposition of other arterial branch originating from aortic arch arteries,est/swe/lat/ice/den/fin/nor
PASK10,Reimplantation of arteries of brachiocephalic trunk,est/swe/lat/ice/den/fin/nor
PASK20,Reimplantation of arteries of common carotid artery,est/swe/lat/ice/den/fin/nor
PASK21,Reimplantation of arteries of internal carotid artery,est/swe/lat/ice/den/fin/nor
PASK30,Reimplantation of arteries of subclavian artery,est/swe/lat/ice/den/fin/nor
PASK40,Reimplantation of arteries of vertebral artery,est/swe/lat/ice/den/fin/nor
PASK99,Reimplantation of arteries of other arterial branch originating from aortic arch arteries,est/swe/lat/ice/den/fin/nor
PASM21,Closure of arteriovenous fistula from internal carotid artery,est/swe/lat/ice/den/fin/nor
PASM22,Closure of arteriovenous fistula from external carotid artery,est/swe/lat/ice/den/fin/nor
PASM30,Closure of arteriovenous fistula from subclavian artery,est/swe/lat/ice/den/fin/nor
PASM99,Closure of arteriovenous fistula from other arterial branch originating from aortic arch arteries,est/swe/lat/ice/den/fin/nor
PASN10,Plastic repair of brachiocephalic trunk,est/swe/lat/ice/den/fin/nor
PASN20,Plastic repair of common carotid artery,est/swe/lat/ice/den/fin/nor
PASN21,Plastic repair of internal carotid artery,est/swe/lat/ice/den/fin/nor
PASN30,Plastic repair of subclavian artery,est/swe/lat/ice/den/fin/nor
PASN40,Plastic repair of vertebral artery,est/swe/lat/ice/den/fin/nor
PASN99,Plastic repair of other arterial branch originating from aortic arch arteries,est/swe/lat/ice/den/fin/nor
PASP10,Percutaneous plastic repair of brachiocephalic trunk,est/swe/lat/ice/den/fin/nor
PASP20,Percutaneous plastic repair of common carotid artery,est/swe/lat/ice/den/fin/nor
PASP21,Percutaneous plastic repair of internal carotid artery,est/swe/lat/ice/den/fin/nor
PASP30,Percutaneous plastic repair of subclavian artery,est/swe/lat/ice/den/fin/nor
PASP99,Percutaneous plastic repair of other arterial branch originating from aortic arch arteries,est/swe/lat/ice/den/fin/nor
PASQ10,Insertion of stent into brachiocephalic trunk,est/swe/lat/ice/den/fin/nor
PASQ20,Insertion of stent into common carotid artery,est/swe/lat/ice/den/fin/nor
PASQ21,Insertion of stent into internal carotid artery,est/swe/lat/ice/den/fin/nor
PASQ30,Insertion of stent into subclavian artery,est/swe/lat/ice/den/fin/nor
PASQ40,Vertebral artery PTA with/without stent,fin/nor/est
PASQ99,Insertion of stent into other arterial branch originating from aortic arch arteries,est/swe/lat/ice/den/fin/nor
PASR10,Removal of stent from brachiocephalic trunk,est/swe/lat/ice/den/fin/nor
PASR20,Removal of stent from common carotid artery,est/swe/lat/ice/den/fin/nor
PASR21,Removal of stent from internal carotid artery,est/swe/lat/ice/den/fin/nor
PASR30,Removal of stent from subclavian artery,est/swe/lat/ice/den/fin/nor
PASR99,Removal of stent from other arterial branch originating from aortic arch arteries,est/swe/lat/ice/den/fin/nor
PAST30,Injection of therapeutic agent into or percutaneous occlusion of subclavian artery,est/swe/lat/ice/den/fin/nor
PAST70,Endovascular occlusion of spinal artery,ice/den/nor/est
PAST80,Endovascular occlusion of artery to extracranial AV-malformation,ice/den/est
PAST99,Injection of therapeutic agent into or percutaneous occlusion of other arterial branch originating from aortic arch arteries,est/swe/lat/ice/den/fin/nor
PASU70,Exploration of previous reconstruction of arteries of aortic arch or branches,est/swe/lat/ice/den/fin/nor
PASU74,"Thrombectomy or embolectomy in bypass from carotid, subclavian or axillary artery",est/swe/lat/ice/den/fin/nor
PASU80,"Percutaneous closure of persisting arteriovenous fistula of bypass from carotid, subclavian or axillalry atery",est/swe/lat/ice/fin/nor
PASU81,"Closure of persisting arteriovenous fistula of bypass from carotid, subclavian or axillary artery",est/swe/lat/ice/den/fin/nor
PASU88,"Excision of bypass from carotid, subclavian or axillary artery",est/swe/lat/ice/den/fin/nor
PASU96,Reoperation for bypass from other arterial branch originating from aortic arch arteries,ice/fin
PASU99,Other repair after previous reconstruction of arterial branch originating from aortic arch arteries,est/swe/lat/ice/den/fin/nor
PASW99,Other operation on arteries of aortic arch and branches,est/swe/lat/ice/den/fin/nor
PAXT3C,Intravascular temporary closure of carotid artery,ice/fin
PAXT3K,Permanent endovascular occlusion of carotid artery,ice/fin/est
PAXT4C,Temporary endovascular occlusion of vertebral artery,ice/fin
PAXT4K,Permanent closure of vertebral artery,swe/ice/fin
PAXT5D,Embolisation of a tumor of carotis externa area with radiological guidance,ice/fin
PAXT5G,Embolisation of arterio-venous malformation of carotis externa area with radiological guidance,ice/fin
PAXT6A,Carotis artery PTA,
PAXT9A,Intravascular removal of foreign body from artery of head or neck,ice/fin/est
PAXX23,Biopsy of temporal artery,est/swe/lat/ice/den/fin/nor
PBDC1A,Angiography of upper extremity with X-ray,swe/ice/den/fin
PBDD1A,CT angiography of upper extremity,ice/fin
PBDE1A,Ultrasound examination of arteries of upper extremity,ice/fin/nor
PBDE1D,Upper extremity arteries ultrasound examination with Doppler method,ice/fin
PBIA00,Isotope examination of arteries of upper extremity,fin
PBSA10,Exploration of axillary artery,est/swe/lat/ice/den/fin/nor
PBSA20,Exploration of brachial artery,est/swe/lat/ice/den/fin/nor
PBSA30,Exploration of radial or ulnar artery,est/swe/lat/ice/den/fin/nor
PBSA99,Exploration of other artery of upper extremity,est/swe/lat/ice/den/fin/nor
PBSB10,Ligature of axillary artery,est/swe/lat/ice/den/fin/nor
PBSB11,Ligature of ulnar artery,ice
PBSB20,Ligature of brachial artery,est/swe/lat/ice/den/fin/nor
PBSB30,Ligature of radial or ulnar artery,est/swe/lat/ice/den/fin/nor
PBSB99,Ligature of other artery of upper extremity,est/swe/lat/ice/den/fin/nor
PBSC10,Suture of axillary artery,est/swe/lat/ice/den/fin/nor
PBSC20,Suture of brachial artery,est/swe/lat/ice/den/fin/nor
PBSC30,Suture of radial artery,est/swe/lat/ice/den/fin/nor
PBSC99,Suture of other artery of upper extremity,est/swe/lat/ice/den/fin/nor
PBSE10,Thrombectomy or embolectomy of axillary artery,est/swe/lat/ice/den/fin/nor
PBSE20,Thrombectomy or embolectomy of brachial artery,est/swe/lat/ice/den/fin/nor
PBSE30,Thrombectomy or embolectomy of radial artery,est/swe/lat/ice/den/fin/nor
PBSE99,Thrombectomy or embolectomy of other artery of upper extremity,est/swe/lat/ice/den/fin/nor
PBSF10,Thrombendarterectomy of axillary artery,est/swe/lat/ice/den/fin/nor
PBSF20,Thrombendarterectomy of brachial artery,est/swe/lat/ice/den/fin/nor
PBSF99,Thrombendarterectomy of other artery of upper extremity,est/swe/lat/ice/den/fin/nor
PBSG10,Operation for aneurysm of axillary artery,est/swe/lat/ice/den/fin/nor
PBSG20,Operation for aneurysm of brachial artery,est/swe/lat/ice/den/fin/nor
PBSG99,Operation for aneurysm of other artery of upper extremity,est/swe/lat/ice/den/fin/nor
PBSH10,Bypass from axillary artery,est/swe/lat/ice/den/fin/nor
PBSH20,Bypass from brachial artery,est/swe/lat/ice/den/fin/nor
PBSH99,Bypass from other artery of upper extremity,est/swe/lat/ice/den/fin/nor
PBSL10,Construction of arteriovenous fistula from axillary artery,est/swe/lat/ice/den/fin/nor
PBSL20,Construction of arteriovenous fistula from brachial artery,est/swe/lat/ice/den/fin/nor
PBSL30,Construction of arteriovenous fistula from radial or ulnar artery,est/swe/lat/ice/den/fin/nor
PBSL99,Construction of other arteriovenous fistula of upper extremity,est/swe/lat/ice/den/fin/nor
PBSM10,Closure of arteriovenous fistula of axillary artery,est/swe/lat/ice/den/fin/nor
PBSM20,Closure of arteriovenous fistula of brachial artery,est/swe/lat/ice/den/fin/nor
PBSM30,Closure of arteriovenous fistula of radial artery,est/swe/lat/ice/den/fin/nor
PBSM99,Closure of other arteriovenous fistula of upper extremity,est/swe/lat/ice/den/fin/nor
PBSN10,Plastic repair of axillary artery,est/swe/lat/ice/den/fin/nor
PBSN20,Plastic repair of brachial artery,est/swe/lat/ice/den/fin/nor
PBSN99,Plastic repair of other artery of upper extremity,est/swe/lat/ice/den/fin/nor
PBSP10,Percutaneous plastic repair of axillary artery,est/swe/lat/ice/den/fin
PBSP20,Percutaneous plastic repair of brachial artery,est/swe/lat/ice/den/fin
PBSP99,Percutaneous plastic repair of other artery of upper extremity,est/swe/lat/ice/den/fin
PBSQ10,Insertion of stent into axillary artery,est/swe/lat/ice/den/fin/nor
PBSQ20,Insertion of stent into brachial artery,est/swe/lat/ice/den/fin/nor
PBSQ99,Insertion of stent into other artery of upper extremity,est/swe/lat/ice/den/fin
PBSR10,Removal of stent from axillary artery,est/swe/lat/ice/den/fin/nor
PBSR20,Removal of stent from brachial artery,est/swe/lat/ice/den/fin/nor
PBSR99,Removal of stent from other artery of upper extremity,est/swe/lat/ice/den/fin/nor
PBST10,Injection of therapeutic or sclerosing agent into axillary artery,est/swe/lat/ice/den/fin/nor
PBST20,Injection of therapeutic or sclerosing agent into brachial artery,est/swe/lat/ice/den/fin/nor
PBST99,Injection to therapeutic or sclorosing agent into other artery of upper extremity,est/swe/lat/ice/den/fin/nor
PBSU70,Exploration of previous reconstruction of arteries of upper extremity,est/swe/lat/ice/den/fin/nor
PBSU74,Thrombectomy in arteriovenous fistula from artery of upper extremity,est/swe/lat/ice/den/fin/nor
PBSU80,Percutaneous closure of persisting arteriovenous fistula of bypass from artery of upper extremity,est/swe/lat/ice/fin
PBSU81,Closure of persisting arteriovenous fistula of bypass from artery of upper extremity,est/swe/lat/ice/den/fin/nor
PBSU82,Plastic repair of arteriovenous fistula from artery of upper extremity,est/swe/lat/ice/den/fin/nor
PBSU83,Percutaneous plastic repair of arteriovenous fistula from artery of upper extremity,est/swe/lat/ice/den/fin
PBSU87,Injection of therapeutic substance into arteriovenous fistula from artery of upper extremity,est/swe/lat/ice/den/fin/nor
PBSU88,Ligature of bypass from artery of upper extremity,est/lat/ice/den/fin
PBSU89,Excision or ligature of bypass from artery of upper extremity,est/swe/lat/ice/den/fin/nor
PBSU99,Other repair after previous reconstruction of arteries of upper extremity,est/swe/lat/ice/den/fin/nor
PBSW99,Other operation on arteries of upper extremity,est/swe/lat/ice/den/fin/nor
PBXG00,Compression to occlude pseudoaneurisme of upper limb,ice/den
PBXG10,Upper extremity artery pseudoaneurysm ultrasound-guided thrombin injection,fin
PBXT1A,Upper extremity artery PTA,fin/nor/est
PBXT1S,Thrombolysis of upper extremity artery with radiological guidance,ice/fin/nor/est
PCDC1A,Angiography of aorta and abdominal arteries,swe/ice/den/fin/nor
PCDC1S,Pancreas angiography with X-ray,swe/ice/fin
PCDC2S,Liver angiography with X-ray,swe/ice/fin
PCDC3S,Spleen angiography with X-ray,swe/ice/fin
PCDC4S,Bowel angiography with X-ray,ice/fin
PCDC5S,Selective angiography of kidney artery with X-ray,swe/ice/den/fin
PCDC6A,Spinal angiography,swe/ice/den/fin
PCDD0A,CT of aorta,swe/ice/den/fin/nor
PCDD1A,CT of abdominal aorta and branches,ice/fin/nor
PCDD3A,CT angiography of spleen,ice
PCDD4A,CT angiography of bowel,ice
PCDD5A,CT angiography of kidneys,ice
PCDE4D,Ultrasound examination of bowel vasculature with Doppler method,den
PCDG4B,Abdominal vasculature MRI examination,ice/fin/nor
PCDG5B,Kidney vasculature MRI examination,ice/fin
PCSA40,Exploration of renal artery,est/swe/lat/ice/den/fin/nor
PCSA99,Exploration of other visceral artery,est/swe/lat/ice/den/fin/nor
PCSB20,Ligature of coeliac trunk and branches,est/swe/lat/ice/den/fin/nor
PCSB30,Ligature of superior mesenteric artery,est/swe/lat/ice/den/fin/nor
PCSB40,Ligature of renal artery,est/swe/lat/ice/den/fin/nor
PCSB99,Ligature of other visceral artery,est/swe/lat/ice/den/fin/nor
PCSC10,Suture of suprarenal or juxtarenal abdominal aorta,est/swe/lat/ice/den/fin/nor
PCSC20,Suture of coeliac trunk and branches,est/swe/lat/ice/den/fin/nor
PCSC30,Suture of superior mesenteric artery,est/swe/lat/ice/den/fin/nor
PCSC40,Suture of renal artery,est/swe/lat/ice/den/fin/nor
PCSC99,Suture of other visceral artery,est/swe/lat/ice/den/fin/nor
PCSE10,Percutaneous thrombectomy or embolectomy of suprarenal aorta,nor/est
PCSE30,Thrombectomy or embolectomy of superior mesenteric artery,est/swe/lat/ice/den/fin/nor
PCSE40,Thrombectomy or embolectomy of renal artery,est/swe/lat/ice/den/fin/nor
PCSE99,Thrombectomy or embolectomy of other visceral artery,est/swe/lat/ice/den/fin/nor
PCSF20,Thrombendarterectomy of coeliac trunk and branches,est/swe/lat/ice/den/fin/nor
PCSF30,Thrombendarterectomy of superior mesenteric artery,est/swe/lat/ice/den/fin/nor
PCSF40,Thrombendarterectomy of renal artery,est/swe/lat/ice/den/fin/nor
PCSF99,Thrombendarterectomy of other visceral artery,est/swe/lat/ice/den/fin/nor
PCSG10,Operation for aneurysm of supracoeliac or juxtarenal abdominal aorta,est/swe/lat/ice/den/fin/nor
PCSG20,Operation for aneurysm of coeliac trunk and branches,est/swe/lat/ice/den/fin/nor
PCSG30,Operation for aneurysm of superior mesenteric artery,est/swe/lat/ice/den/fin/nor
PCSG40,Operation for aneurysm of renal artery,est/swe/lat/ice/den/fin/nor
PCSG99,Operation for aneurysm of other visceral artery,est/swe/lat/ice/den/fin/nor
PCSH10,Bypass from supracoeliac or juxtarenal abdominal aorta,est/swe/lat/ice/den/fin/nor
PCSH20,Bypass to/from coeliac trunk and branches,est/swe/lat/ice/den/fin/nor
PCSH30,Bypass to/from superior mesenteric artery,est/swe/lat/ice/den/fin/nor
PCSH32,Bypass to hepatic artery,fin
PCSH34,Bypass to inferior mesenteric artery,fin
PCSH40,Bypass to/from renal artery,est/swe/lat/ice/den/fin/nor
PCSH99,Bypass from other visceral artery,est/swe/lat/ice/den/fin/nor
PCSJ30,Transposition of superior mesenteric artery,est/swe/lat/ice/den/fin/nor
PCSJ40,Transposition of renal artery,est/swe/lat/ice/den/fin/nor
PCSJ99,Transposition of other visceral artery,est/swe/lat/ice/den/fin/nor
PCSK20,Reimplantation of coeliac trunk and branches,est/swe/lat/ice/den/fin/nor
PCSK30,Reimplantation of superior mesenteric artery,est/swe/lat/ice/den/fin/nor
PCSK40,Reimplantation of renal artery,est/swe/lat/ice/den/fin/nor
PCSK50,Reimplantation of inferior mesenteric artery,est/swe/lat/ice/den/fin/nor
PCSK99,Reimplantation of other visceral artery,est/swe/lat/ice/den/fin/nor
PCSN20,Plastic repair of coeliac trunk and branches,est/swe/lat/ice/den/fin/nor
PCSN30,Plastic repair of superior mesenteric artery,est/swe/lat/ice/den/fin/nor
PCSN40,Plastic repair of renal artery,est/swe/lat/ice/den/fin/nor
PCSN99,Plastic repair of other visceral artery,est/swe/lat/ice/den/fin/nor
PCSP10,Percutaneous plastic repair of suprarenal aorta,ice/den/nor/est
PCSP20,Percutaneous plastic repair of coeliac trunk and branches,est/swe/lat/ice/den/fin/nor
PCSP30,Percutaneous plastic repair of superior mesenteric artery,est/swe/lat/ice/den/fin/nor
PCSP40,Percutaneous plastic repair of renal artery,est/swe/lat/ice/den/fin/nor
PCSP99,Percutaneous plastic repair of other visceral artery,est/swe/lat/ice/den/fin/nor
PCSQ10,Insertion of stent into suprarenal abdominal aorta,est/swe/lat/ice/den/fin/nor
PCSQ20,Insertion of stent into coeliac trunk and branches,est/swe/lat/ice/den/fin/nor
PCSQ30,Insertion of stent into superior mesenteric artery,est/swe/lat/ice/den/fin/nor
PCSQ40,Insertion of stent into renal artery,est/swe/lat/ice/den/nor
PCSQ70,Isolated hepatic perfusion,swe
PCSQ99,Insertion of stent into other visceral artery,est/swe/lat/ice/den/fin/nor
PCSR10,Removal of stent from suprarenal abdominal aorta,est/swe/lat/ice/den/fin/nor
PCSR20,Removal of stent from coeliac trunk and branches,est/swe/lat/ice/den/fin/nor
PCSR30,Removal of stent from superior mesenteric artery,est/swe/lat/ice/den/fin/nor
PCSR40,Removal of stent from renal artery,est/swe/lat/ice/den/fin/nor
PCSR99,Removal of stent from other visceral artery,est/swe/lat/ice/den/fin/nor
PCSS40,Endoscopic operation on renal artery,est/swe/lat/ice/fin/nor
PCSS99,Endoscopic operation on other visceral artery,est/swe/lat/ice/fin/nor
PCST20,Injection of therapeutic agent into or percutaneous occlusion of coeliac trunk and branches,est/swe/lat/ice/den/fin/nor
PCST24,Percutaneous occlusion of spleen artery,nor/est
PCST30,Injection of therapeutic agent into or percutaneous occlusion of superior mesenteric artery,est/swe/lat/ice/den/fin/nor
PCST40,Injection of therapeutic agent into or percutaneous occlusion of renal artery,est/swe/lat/ice/den/fin/nor
PCST99,Injection of therapeutic agent into or percutaneous occlusion of other visceral artery,est/swe/lat/ice/den/fin/nor
PCSU70,Exploration of previous reconstruction of suprarenal abdominal aorta or visceral arteries,est/swe/lat/ice/den/fin/nor
PCSU74,Thrombectomy or embolectomy in bypass from suprarenal abdominal aorta and visceral arteries,est/swe/lat/ice/den/fin/nor
PCSU80,Percutaneous closure of persisting arteriovenous fistula of bypass from suprarenal abdominal aorta and visceral,est/swe/lat/ice/fin
PCSU81,Closure of persisting arteriovenous fistula of bypass from suprarenal abdominal aorta and visceral arteries,est/swe/lat/ice/den/fin/nor
PCSU82,Plastic repair in bypass from suprarenal abdominal aorta and visceral arteries,est/swe/lat/ice/den/fin/nor
PCSU83,Percutaneous plastic repair in bypass from suprarenal abdominal aorta and visceral arteries,est/swe/lat/ice/den/fin/nor
PCSU84,Insertion of stent into bypass from suprarenal abdominal aorta and visceral arteries,est/swe/lat/ice/den/fin
PCSU85,Removal of stent from bypass from suprarenal abdominal aorta and visceral arteries,est/swe/lat/ice/den/fin/nor
PCSU86,Endoscopic operation on bypass from suprarenal abdominal aorta and visceral arteries,est/swe/lat/ice/fin/nor
PCSU87,Injection of therapeutic agent into bypass from suprarenal abdominal aorta and visceral,est/swe/lat/ice/den/fin/nor
PCSU99,Other repair after previous reconstruction of suprarenal abdominal aorta and visceral arteries,est/swe/lat/ice/den/fin/nor
PCSW20,Percutaneous transluminal fenestrerion of suprarenal aorta,ice/den/est
PCSW99,Other operation on suprarenal abdominal aorta and visceral arteries,est/swe/lat/ice/den/fin/nor
PCXB00,Embolisation of intestinal bleeding,fin/est
PCXT2D,Embolisation of lesion of liver,lat/ice/fin/est
PCXT4A,Visceral artery PTA,
PCXT5D,Embolisation of tumor of kidney,swe/ice/fin/est
PCXT5G,Endovascular embolisation of arterio-venous malformation of kidney,ice
PCXT5N,Endovascular embolisation for kidney bleeding,ice/fin/est
PCXT6D,Endovascular embolisation of spinal tumor,ice/fin/est
PDDC4A,Arterigography of lower extremity with X-ray,swe/ice/den/fin/nor
PDDD2A,CT angiography of pelvic organs,ice/fin/nor
PDDD4A,CT of lower extremity arteries,ice/fin/nor
PDDE1A,Ultrasound examination of abdominal aorta,swe/ice/fin/nor
PDDE2A,Ultrasound examination of vasculature of outer genitals,ice/fin
PDDE4D,Lower extremity artery ultrasound examination with Doppler method,ice/fin/nor
PDDE4H,Postoperative lower extremity artery ultrasound examination with Doppler method,ice/fin
PDDG4B,MRI examination of abdominal aorta and vasculature of lower extremities,ice/fin/nor
PDDG5B,MRI examination of thoracal and abdominal aorta,swe/ice/fin
PDIA00,Isotope examination of lower extremity,fin
PDSA10,Exploration of infrarenal abdominal aorta,est/swe/lat/ice/den/fin/nor
PDSA30,Exploration of iliac artery,est/swe/lat/ice/den/fin/nor
PDSC10,Suture of infrarenal abdominal aorta,est/swe/lat/ice/den/fin/nor
PDSC30,Suture of iliac artery,est/swe/lat/ice/den/fin/nor
PDSE10,Thrombectomy or embolectomy of infrarenal abdominal aorta,est/swe/lat/ice/den/fin/nor
PDSE30,Thrombectomy or embolectomy of iliac artery,est/swe/lat/ice/den/fin/nor
PDSF10,Thrombendarterectomy of infrarenal abdominal aorta,est/swe/lat/ice/den/fin/nor
PDSF15,Thrombendarterectomy of aorta-iliac segement,ice/den
PDSF30,Thrombendarterectomy of iliac artery,est/swe/lat/ice/den/fin/nor
PDSF35,Thrombendarterectomy of iliac-femoral segement,ice/den
PDSG10,Operation on infrarenal abdominal aorta for aneurysm,est/swe/lat/ice/den/fin/nor
PDSG20,Bypass from aorta to iliac artery for aneurysm,est/swe/lat/ice/den/nor
PDSG21,Bypass from aorta to bilateral iliac arteries for aneurysm,est/swe/lat/ice/den/fin/nor
PDSG22,Bypass from aorta to iliac and contralateral femoral artery for aneurysm,est/swe/lat/ice/den/fin/nor
PDSG23,Bypass from aorta to femoral artery for aneurysm,est/swe/lat/ice/den/fin/nor
PDSG24,Bypass from aorta to bilateral femoral arteries for aneurysm,est/swe/lat/ice/den/nor
PDSG30,Operation on iliac artery for aneurysm,est/swe/lat/ice/den/fin/nor
PDSG35,Bypass from iliac to femoral artery for aneurysm,est/swe/lat/ice/den/fin/nor
PDSG99,Other operation for aneurysm of infrarenal abdominal aorta and iliac arteries,est/swe/lat/ice/den/fin/nor
PDSH10,Bypass from infrarenal abdominal aorta,est/swe/lat/ice/den/nor
PDSH20,Bypass from aorta to iliac artery,est/swe/lat/ice/den/fin/nor
PDSH21,Bypass from aorta to bilateral iliac arteries,est/swe/lat/ice/den/fin/nor
PDSH22,Bypass from aorta to iliac and contralateral femoral artery,est/swe/lat/ice/den/fin/nor
PDSH23,Bypass from aorta to femoral artery,est/swe/lat/ice/den/fin/nor
PDSH24,Bypass from aorta to bilateral femoral arteries,est/swe/lat/ice/den/fin/nor
PDSH30,Bypass from iliac artery,est/swe/lat/ice/den/nor
PDSH35,Bypass from iliac to femoral artery,est/swe/lat/ice/den/fin/nor
PDSH99,Other bypass from abdominal aorta or iliac artery,est/swe/lat/ice/den/fin/nor
PDSN10,Plastic repair of infrarenal abdominal aorta,est/swe/lat/ice/den/fin/nor
PDSN30,Plastic repair of iliac artery,est/swe/lat/ice/den/fin/nor
PDSP10,Percutaneous plastic repair of infrarenal abdominal aorta,est/swe/lat/ice/den/fin/nor
PDSP30,Percutaneous plastic repair of iliac artery,est/swe/lat/ice/den/fin/nor
PDSQ10,Insertion of stent into infrarenal abdominal aorta,est/swe/lat/ice/den/fin/nor
PDSQ30,Insertion of stent into iliac artery,est/swe/lat/ice/den/fin/nor
PDSR10,Removal of stent from infrarenal abdominal aorta,est/swe/lat/ice/den/fin/nor
PDSR30,Removal of stent from iliac artery,est/swe/ice/den/fin/nor
PDSS10,Endoscopic operation on infrarenal abdominal aorta,est/swe/lat/ice/fin/nor
PDSS30,Endoscopic operation on iliac artery,est/swe/lat/ice/fin/nor
PDST10,Injection of therapeutic agent into or percutaneous occlusion of infrarenal abdominal aorta,est/swe/lat/ice/den/fin/nor
PDST30,Injection of therapeutic agent into or percutaneous occlusion of iliac artery,est/swe/lat/ice/den/fin/nor
PDST40,Intravascular occlusion of uterine artery,ice/den/fin/est
PDSU50,Reconstruction of aorta with deep veins,fin
PDSU70,Exploration of previous reconstruction of infrarenal abdominal aorta or iliac arteries and distal connections,est/swe/lat/ice/den/fin/nor
PDSU74,Thrombectomy or embolectomy in bypass from infrarenal abdominal aorta or iliac artery,est/swe/lat/ice/den/fin/nor
PDSU80,Percutaneous closure of persisting arteriovenous fistula of bypass from infrarenal abdominal aorta or iliac arte,est/swe/lat/ice/fin
PDSU81,Closure of persisting arteriovenous fistula of bypass from infrarenal abdominal aorta or iliac artery,est/swe/lat/ice/den/fin/nor
PDSU82,Plastic repair of bypass from infrarenal abdominal aorta or iliac artery,est/swe/lat/ice/den/fin/nor
PDSU83,Percutaneous plastic repair of bypass from infrarenal abdominal aorta or iliac artery,est/swe/lat/ice/den/fin/nor
PDSU84,Insertion of stent into bypass from infrarenal abdominal aorta or iliac artery,est/swe/lat/ice/den/fin
PDSU85,Removal of stent from bypass from infrarenal abdominal aorta or iliac artery,est/swe/lat/ice/den/fin/nor
PDSU86,Endoscopic operation on bypass from infrarenal abdominal aorta or iliac artery,est/swe/lat/ice/fin/nor
PDSU87,Injection of therapeutic agent into bypass from infrarenal abdominal aorta or iliac artery,est/swe/lat/ice/den/fin/nor
PDSU88,Excision of bypass from infrarenal abdominal aorta or iliac artery,est/swe/lat/ice/den/fin/nor
PDSU99,Other repair after previous reconstruction of infrarenal abdominal aorta and iliac arteries and distal,est/swe/lat/ice/den/fin/nor
PDSW20,Percutaneous transluminal fenestreriion of infrarenal aorta,ice/den/est
PDSW99,Other operation on infrarenal abdominal aorta and iliac arteries and distal connections,est/swe/lat/ice/den/fin/nor
PDXA00,Embolisation of of gynecological lesion,
PDXT1A,PTA of aorta,est/fin
PDXT1Y,Implantaion of endoprothesis to aorta in conjunction to PTA,ice
PDXT3A,Pelvic artery PTA,fin
PDXT4S,Thrombolysis of pelvic and lower extremity arteries with radiological guidance,ice/fin/est/swe
PESA10,Exploration of femoral artery,est/swe/lat/ice/den/fin/nor
PESA11,Exploration of deep femoral artery,est/swe/lat/ice/den/fin/nor
PESA12,Exploration of superficial femoral artery,est/swe/lat/ice/den/fin/nor
PESC10,Suture of femoral artery,est/swe/lat/ice/den/fin
PESC11,Suture of deep femoral artery,est/swe/lat/ice/den/nor
PESC12,Suture of superficial femoral artery,est/swe/lat/ice/den/nor
PESE10,Thrombectomy or embolectomy of femoral artery,est/swe/lat/ice/den/fin/nor
PESE11,Thrombectomy or embolectomy of deep femoral artery,est/swe/lat/ice/den/nor
PESE12,Thrombectomy or embolectomy of superficial femoral artery,est/swe/lat/ice/den/nor
PESF10,Thrombendarterectomy of femoral artery,est/swe/lat/ice/den/fin/nor
PESF11,Thrombendarterectomy of deep femoral artery,est/swe/lat/ice/den/fin/nor
PESF12,Thrombendarterectomy of superficial femoral artery,est/swe/lat/ice/den/fin/nor
PESG10,Operation for aneurysm of femoral artery,est/swe/lat/ice/den/fin/nor
PESG11,Operation for aneurysm of deep femoral artery,est/swe/lat/ice/den/fin/nor
PESG12,Operation for aneurysm of superficial femoral artery,est/swe/lat/ice/den/fin/nor
PESH11,Bypass from deep femoral artery,est/swe/lat/ice/den/nor
PESH12,Bypass from superficial femoral artery,est/swe/lat/ice/den/nor
PESH20,Bypass from femoral to popliteal artery above knee,est/swe/lat/ice/den/fin/nor
PESH30,Bypass from femoral artery to popliteal artery below knee,est/swe/lat/ice/den/fin/nor
PESH99,Other bypass from femoral artery,est/swe/lat/ice/den/nor
PESL10,Construction of arteriovenous fistula from femoral artery,est/swe/lat/ice/den/fin/nor
PESM10,Closure of arteriovenous fistula of femoral arter,est/swe/lat/ice/den/fin/nor
PESN10,Plastic repair of femoral artery,est/swe/lat/ice/den/fin/nor
PESN11,Plastic repair of deep femoral artery,est/swe/lat/ice/den/fin/nor
PESN12,Plastic repair of superficial femoral artery,est/swe/lat/ice/den/fin/nor
PESP10,Percutaneous plastic repair of femoral artery,est/swe/lat/ice/den/fin/nor
PESP11,Percutaneous plastic repair of deep femoral artery,est/swe/lat/ice/den/fin/nor
PESP12,Percutaneous plastic repair of superficial femoral artery,est/swe/lat/ice/den/fin/nor
PESQ10,Insertion of stent into femoral artery,est/swe/lat/ice/den/fin/nor
PESQ11,Insertion of stent into deep femoral artery,est/swe/lat/ice/den/fin/nor
PESQ12,Insertion of stent into superficial femoral artery,est/swe/lat/ice/den/fin/nor
PESQ20,Femoral and popliteal artery stent graft therapy,est/fin
PESQ99,Other insertion of endovascular graft into femoral artery or its branches,est/ice/den/fin
PESR10,Removal of stent from femoral artery,est/swe/lat/ice/den/fin/nor
PESR11,Removal of stent from deep femoral artery,est/swe/lat/ice/den/fin/nor
PESR12,Removal of stent from superficial femoral artery,est/swe/lat/ice/den/fin/nor
PESS10,Endoscopic operation on femoral artery,est/swe/lat/ice/fin/nor
PESS11,Endoscopic operation on deep femoral artery,est/swe/lat/ice/fin/nor
PESS12,Endoscopic operation on superficial femoral artery,est/swe/lat/ice/fin/nor
PEST10,Injection of therapeutic agent into or percutaneous occlusion of femoral artery,est/swe/lat/ice/den/fin/nor
PEST11,Injection of therapeutic agent into or percutaneous occlusion of deep femoral artery,est/swe/lat/ice/den/fin/nor
PEST12,Injection of therapeutic agent into or percutaneous occlusion of superficial femoral artery,est/swe/lat/ice/den/fin/nor
PEST20,Injection of therapeutic or sclerosing agent into bypass from femoral to popliteal artery above knee,ice
PESU60,Thrombectomy of arterio-venous fistel from femoral artery,ice/den
PESU62,Plastic repair of arterio-venous fistel from femoral artery,ice/den
PESU64,Percutaneous plastic repair of arterio-venous fistel of femoral artery,ice/den/nor
PESU70,Exploration of previous reconstruction of femoral artery with branches or connection to popliteal artery,est/swe/lat/ice/den/fin/nor
PESU74,Thrombectomy or embolectomy of bypass from femoral to popliteal artery,est/swe/lat/ice/den/fin/nor
PESU76,Operation for aneurysm of bypass from femoral to popliteal artery,est/swe/lat/ice/den/fin/nor
PESU80,Percutaneous closure of persisting arteriovenous fistula of bypass from femoral or popliteal artery to popliteal artery,est/swe/lat/ice/fin
PESU81,Closure of persisting arteriovenous fistula of bypass from femoral to popliteal artery,est/swe/lat/ice/den/fin/nor
PESU82,Plastic repair of bypass from femoral to popliteal artery,est/swe/lat/ice/den/fin/nor
PESU83,Percutaneous plastic repair of bypass from femoral to popliteal artery,est/swe/lat/ice/den/fin/nor
PESU84,Insertion of stent into bypass from femoral to popliteal artery,est/swe/lat/ice/den/fin
PESU85,Removal of stent from bypass from femoral to popliteal artery,est/swe/lat/ice/den/fin/nor
PESU86,Endoscopic operation on bypass from femoral to popliteal artery,est/swe/lat/ice/fin/nor
PESU87,Injection of therapeutic agent into bypass from femoral to popliteal artery,est/swe/lat/ice/den/fin/nor
PESU88,Excision of bypass from femoral to popliteal artery,est/swe/lat/ice/den/fin/nor
PESU89,Ligature of bypass from femoral to popliteal artery,est/swe/lat/ice/den/fin/nor
PESU99,Other repair after previous reconstruction of femoral artery with branches and connection to popliteal,est/swe/lat/ice/den/fin/nor
PESW99,Other operation on femoral artery with branches and connection to popliteal artery,est/swe/lat/ice/den/fin/nor
PEXA00,Percutanoeus closure of catheter hole of femoral artery,nor
PEXG00,Compression to occlude pseudoaneurism of femoral artery,est/ice/den/fin
PEXT1A,Femoral artery PTA,est/fin
PFSA10,Exploration of popliteal artery,est/swe/lat/ice/den/fin/nor
PFSA30,Exploration of artery of lower leg or foot,est/swe/lat/ice/den/fin/nor
PFSB10,Ligature of popliteal artery,est/swe/lat/ice/den/fin/nor
PFSB30,Ligature of artery of lower leg or foot,est/swe/lat/ice/den/fin/nor
PFSC10,Suture of popliteal artery,est/swe/lat/ice/den/fin/nor
PFSE10,Thrombectomy or embolectomy of popliteal artery,est/swe/lat/ice/den/fin/nor
PFSE30,Thrombectomy or embolectomy of artery of lower leg or foot,est/swe/lat/ice/den/fin/nor
PFSG10,Operation for aneurysm of popliteal artery,est/swe/lat/ice/den/fin/nor
PFSH10,Bypass from popliteal artery,est/swe/lat/ice/den/nor
PFSH20,Bypass from femoral or popliteal artery to artery of lower leg,est/swe/lat/ice/den/nor
PFSH21,Bypass from femoral or popliteal artery to proximal anterior tibial artery,est/swe/lat/ice/den/fin/nor
PFSH22,Bypass from femoral or popliteal artery to distal anterior tibial artery,est/swe/lat/ice/den/fin/nor
PFSH23,Bypass from femoral or popliteal artery to tibioperoneal trunk,est/swe/lat/ice/den/fin/nor
PFSH24,Bypass from femoral or popliteal artery to proximal posterior tibial artery,est/swe/lat/ice/den/fin/nor
PFSH25,Bypass from femoral or popliteal artery to distal posterior tibial artery,est/swe/lat/ice/den/fin/nor
PFSH26,Bypass from femoral or popliteal artery to proximal peroneal artery,est/swe/lat/ice/den/fin/nor
PFSH27,Bypass from femoral or popliteal artery to distal peroneal artery,est/swe/lat/ice/den/fin/nor
PFSH28,Bypass from femoral or popliteal artery to dorsal artery of foot,est/swe/lat/ice/den/fin/nor
PFSH29,Bypass from femoral or popliteal artery to posterior tibial artery in foot,est/swe/lat/ice/den/fin/nor
PFSH99,Other bypass from femoral or popliteal artery to artery of lower leg or foot,est/swe/lat/ice/den/fin/nor
PFSL90,Construction of arteriovenous fistula in lower leg or foot,est/swe/lat/ice/den/fin/nor
PFSL95,Modification of distal bypass anastomosis in lower leg or foot to enhance flow,est/swe/lat/ice/den/fin/nor
PFSN10,Plastic repair of popliteal artery,est/swe/lat/ice/den/fin/nor
PFSN30,Plastic repair of arteries of lower leg and foot,den
PFSP10,Percutaneous plastic repair of popliteal artery,est/swe/lat/ice/den/fin/nor
PFSP30,Percutaneous plastic repair of artery of lower leg,est/swe/lat/ice/den/fin/nor
PFSQ10,Insertion of stent into popliteal artery,est/swe/lat/ice/den/fin/nor
PFSQ30,Insertion of stent into artery of lower leg,est/swe/lat/ice/den/fin/nor
PFSR10,Removal of stent from popliteal artery,est/swe/lat/ice/den/fin/nor
PFSR30,Removal of stent from artery of lower leg,est/swe/lat/ice/den/fin/nor
PFSS10,Endoscopic operation on popliteal artery,est/swe/lat/ice/fin/nor
PFST10,Injection of therapeutic agent into or percutaneous occlusion of popliteal artery,est/swe/lat/ice/den/fin/nor
PFST30,Injection of therapeutic agent into or percutaneous occlusion of artery of lower leg,est/swe/lat/ice/den/fin/nor
PFST87,Injection of therapeutic agent into femoral or popliteal artery,swe/ice
PFSU50,Jump bypass of lower extremity,fin
PFSU70,Exploration of previous bypass from femoral or popliteal artery to infrapopliteal arteries or reconstruction of,est/swe/lat/ice/den/fin/nor
PFSU74,Thrombectomy or embolectomy of bypass from femoral or popliteal artery to infrapopliteal arteries,est/swe/lat/ice/den/fin/nor
PFSU76,Operation for aneurysm of bypass from femoral or popliteal artery to infrapopliteal arteries,est/swe/lat/ice/den/fin/nor
PFSU80,Percutaneous closure of persisting arteriovenous fistula of bypass from femoral or popliteal artery to infrapopliteal artery,est/swe/lat/ice/fin/nor
PFSU81,Closure of persisting arteriovenous fistula of bypass from femoral or popliteal artery to infrapopliteal arteries,est/swe/lat/ice/den/fin/nor
PFSU82,Plastic repair of bypass from femoral or popliteal artery to infrapopliteal arteries,est/swe/lat/ice/den/fin/nor
PFSU83,Percutaneous plastic repair of bypass from femoral or popliteal artery to infrapopliteal arteries,est/swe/lat/ice/den/fin/nor
PFSU84,Insertion of stent into bypass from femoral or popliteal artery to infrapopliteal arteries,est/swe/lat/ice/den/fin/nor
PFSU85,Removal of stent from bypass from femoral or popliteal artery to infrapopliteal arteries,est/swe/lat/ice/den/fin/nor
PFSU86,Endoscopic operation on bypass from femoral or popliteal artery to infrapopliteal arteries,est/swe/lat/ice/fin/nor
PFSU87,Injection of therapeutic agent into bypass from femoral or popliteal artery to infrapopliteal arteries,est/swe/lat/ice/den/fin/nor
PFSU88,Excision of bypass from femoral or popliteal artery to infrapopliteal arteries,est/swe/lat/ice/den/fin/nor
PFSU89,Ligature of bypass from femoral or popliteal artery to infrapopliteal arteries,est/swe/lat/ice/den/fin/nor
PFSU96,Re-bypass from femoral or popliteal artery to lower leg of foot,ice/fin
PFSU99,Other repair after previous bypass from femoral or popliteal artery to infrapopliteal arteries or reconstruction of popliteal artery and arteries of lower leg and foot,est/swe/lat/ice/den/fin/nor
PFSW99,Other connection from femoral artery to infrapopliteal arteries or operations on popliteal artery and arteries,est/swe/lat/ice/den/fin/nor
PFX11M,Measurement of periferal venous pressure,lat/ice/nor
PFXG00,Compression to occlude pseudoaneurism of popliteal artery,ice/den
PFXG10,Popliteal artery pseudoaneurysma ultrasound-guided thrombin injection,fin
PFXT1A,"PTA of arteries of knee, lower leg and ankle",fin
PGSH10,Bypass from axillary to contralateral axillary artery,est/swe/lat/ice/den/fin/nor
PGSH20,Bypass from axillary to iliac artery,est/swe/lat/ice/den/fin/nor
PGSH21,Bypass from axillary to bilateral iliac arteries,est/swe/lat/ice/den/fin/nor
PGSH22,Bypass from axillary to femoral artery,est/swe/lat/ice/den/fin/nor
PGSH23,Bypass from axillary to bilateral femoral arteries,est/swe/lat/ice/den/fin/nor
PGSH30,Bypass from iliac to contralateral femoral artery,est/swe/lat/ice/den/fin/nor
PGSH31,Bypass from iliac to femoral artery through obturator foramen,est/swe/lat/ice/den/fin/nor
PGSH40,Bypass from femoral to contralateral femoral artery,est/swe/lat/ice/den/fin/nor
PGSH99,Other extra-anatomic bypass,est/swe/lat/ice/den/fin/nor
PGSQ20,Other artery stent graft therapy,fin
PGSU70,Exploration of extra-anatomic bypass,est/swe/lat/ice/den/fin/nor
PGSU74,Thrombectomy or embolectomy of extra-anatomic bypass,est/swe/lat/ice/den/fin/nor
PGSU76,Operation for aneurysm of extra-anatomic bypass,est/swe/lat/ice/den/fin/nor
PGSU83,Percutaneous plastic repair of extra-anatomic bypass,est/swe/lat/ice/den/fin/nor
PGSU84,Insertion of stent into extra-anatomic bypass,est/swe/lat/ice/den/fin/nor
PGSU85,Removal of stent from extra-anatomic bypass,est/swe/lat/ice/den/fin/nor
PGSU86,Endoscopic operation on extra-anatomic bypass,est/swe/lat/ice/fin/nor
PGSU87,Injection of therapeutic agent into extra-anatomic bypass,est/swe/lat/ice/den/fin/nor
PGSU88,Excision of extra-anatomic bypass,est/swe/lat/ice/den/fin/nor
PGSU89,Ligature of extra-anatomic bypass,est/swe/lat/ice/den/nor
PGSU93,Injection of therapeutic or sclerosing agent into extra-anatomic bypass,ice/nor
PGSU96,Extra-anatomic re-bypass,est/ice/fin
PGSU99,Other repair of extra-anatomic bypass,est/swe/lat/ice/den/fin/nor
PGSX99,Other extra-anatomic bypass operation,est/swe/lat/ice/den/fin/nor
PGXA00,PTA of artery or arteries not elsewhere classified,est/ice/fin
PGXA05,PTA with stent not elsewhere classified,est/ice/fin
PGXA10,PTA of arterio-venous shunt for dialysis,est/ice/fin
PGXB00,Endovascular arterial thrombolysis with radiological guidance not elsewher classified,est/ice/fin
PGXB05,Percutaneous aspiration throbectomy,est/ice/fin
PGXB10,Endovascular thrombolysis of arterio-venous shunt for dialysis with radiological guidance,est/ice/fin
PGXG00,Endovascular embolisation or occlusion of aftery not elsewhere classified,est/swe/ice/fin/nor
PGXH00,Intra-atrial loca vasoconstrictive treatment,est/ice/fin
PGXX00,Removal of foreign body from blood vessel with radiological guidance,est/ice/fin
PHD6AC,Ovarian venography,fin
PHDB00,Localisation of central venous catheter,swe/ice
PHDB3L,Localisation of catheter in portal vein,ice
PHDC1A,Flebography of upper extremity with X-ray,est/swe/ice/den/fin
PHDC2A,Flebography of lower extremity with X-ray,est/swe/ice/den/fin
PHDC30,Flebography of orbita,swe/ice
PHDC3A,Flebography of internal organs with X-ray,est/swe/ice/den/fin
PHDC3E,Flebography of liver with X-ray,est/swe/ice/fin
PHDC3H,Flebography of kidney with X-ray,est/swe/ice/fin
PHDC4A,Flebography head and neck area,est/swe/ice/den/fin
PHDC5A,Flebography of spermatic vein,est/swe/ice/fin
PHDC7A,Lumbal cavography with X-ray,est/swe/ice/fin
PHDC8A,Cavernosography with X-ray,est/swe/ice/den/fin
PHDC8B,Cavernosometry using X-ray,est/ice/fin
PHDC99,Other flebography,swe/ice/den/fin/nor
PHDD1A,CT of upper extremity and neck veins and superior vena cava,ice/fin/nor
PHDD2A,"CT of inferior vena cava, pelvic veins and veins of lower extremity",ice/fin
PHDD3A,CT of of portal vein and branches,ice/fin
PHDE00,Ultrasound examinaiton of vena cava,swe/ice
PHDE1A,Ultrasound examination of upper extremity veins,ice/fin/nor
PHDE2A,Ultrasound examination of lower leg veins,est/ice/fin/nor
PHDE2D,Ultrasound examination of bloodflow in veins of lower extremity with Doppler method,est/ice/fin
PHDE99,Ultrasound examination of other veins (with Doppler method),swe/lat/ice/nor
PHFC00,Venous occlusion plethysmography,swe/lat/ice/nor
PHIA00,Vene isotope imaging,swe/ice
PHIA20,Venous thrombosis isotope imaging,swe/ice
PHSA10,Preserving correction of large saphenous vein hemodynamics with CHIVA method,fin
PHSA11,Preserving correction of short saphenous vein hemodynamics with CHIVA method,fin
PHSA12,Preserving correction of short saphenous vein hemodynamics with CHIVA method,fin
PHSA13,Preserving correction of hemodynamics of perforant vein of lower extemity with CHIVA method,fin
PHSA19,Preserving correction of other vein hemodynamics with CHIVA method,fin
PHSB10,Ligature of long saphenous vein,est/swe/lat/ice/den/fin/nor
PHSB11,Ligature of veins of saphenofemoral junction,est/lat/ice/den/nor
PHSB12,Ligature of short saphenous vein,est/swe/lat/ice/den/fin/nor
PHSB13,Ligature of perforating veins of lower leg,est/swe/lat/ice/den/fin/nor
PHSB14,Ligature of perforating veins of thigh,est/swe/lat/ice/den/nor
PHSB15,Endoscopic ligature of perforating veins of lower leg,ice
PHSB16,Endoscopic ligature of perforating veins of thigh,ice
PHSB23,Ligature of iliac vein,est/swe/lat/ice/den/fin/nor
PHSB30,Ligature of inferior vena cava,est/swe/lat/ice/den/fin/nor
PHSB31,Ligature of renal vein,est/swe/lat/ice/den/fin/nor
PHSB32,Ligature of mesenteric or portal vein,est/swe/lat/ice/den/fin/nor
PHSB99,Ligature of other vein,est/swe/lat/ice/den/fin/nor
PHSC22,Suture of femoral vein,est/swe/lat/ice/den/fin/nor
PHSC23,Suture of iliac vein,est/swe/lat/ice/den/fin/nor
PHSC30,Suture of inferior vena cava,est/swe/lat/ice/den/fin/nor
PHSC31,Suture of renal vein,est/swe/lat/ice/den/fin/nor
PHSC32,Suture of mesenteric or portal vein,est/swe/lat/ice/den/fin/nor
PHSC99,Suture of other vein,est/swe/lat/ice/den/fin/nor
PHSD10,Resection of long saphenous vein,est/swe/lat/ice/den/fin/nor
PHSD11,Resection of veins of saphenofemoral junction,est/swe/lat/ice/den/nor
PHSD12,Resection of short saphenous vein,est/swe/lat/ice/den/fin/nor
PHSD15,Resection of communicating veins of lower leg and thigh,est/swe/lat/ice/den/fin/nor
PHSD30,Resection of inferior vena cava,est/swe/lat/ice/fin/nor
PHSD32,Resection of superior mesenteric or portal vein,est/swe/lat/ice/fin/nor
PHSD40,Suture of spermatic vein,swe
PHSD99,Resection of other vein,est/swe/lat/ice/den/fin/nor
PHSE22,Thrombectomy of femoral vein,est/swe/lat/ice/den/fin/nor
PHSE23,Thrombectomy of iliac vein,est/swe/lat/ice/den/fin/nor
PHSE25,Thrombectomy of femoral or iliac vein with construction of arteriovenous fistel,ice/den
PHSE30,Thrombectomy of inferior vena cava,est/swe/lat/ice/den/fin/nor
PHSE31,Thrombectomy of renal vein,est/swe/lat/ice/den/fin/nor
PHSE89,Percutaneous thrombectomy or embolectomy of vein,nor/est
PHSE99,Thrombectomy of other vein,est/swe/lat/ice/den/fin/nor
PHSH21,Bypass from popliteal vein,est/swe/lat/ice/den/fin/nor
PHSH22,Bypass from femoral vein,est/swe/lat/ice/den/fin/nor
PHSH25,Bypass from iliac vein,est/swe/lat/ice/den/fin/nor
PHSH30,Bypass from inferior vena cava,est/swe/lat/ice/fin/nor
PHSH64,Cavernosaphenous shunt,swe
PHSH99,Bypass from other vein,est/swe/lat/ice/den/fin/nor
PHSJ22,Transposition of femoral vein,est/swe/lat/ice/den/fin/nor
PHSJ97,Superficialisation of vene after contstruction of arteriovenous fistel in upper limb,est/ice/den
PHSJ98,Superficialisation of vene after contstruction of arteriovenous fistel in lower limb,est/ice/den
PHSJ99,Transposition of other vein,est/swe/lat/ice/den/fin/nor
PHSN10,Plastic repair of femoral vein,nor
PHSN21,Plastic repair of popliteal vein,est/swe/lat/ice/den/fin/nor
PHSN30,Plastic repair of inferior vena cava,est/swe/lat/ice/den/fin/nor
PHSN31,Plastic repair of renal vein,den
PHSN32,Plastic repair of superior mesenteric or portal vein,est/swe/lat/ice/fin/nor
PHSN42,Reconstruction of superior mesenteric or portal vein,fin
PHSN99,Plastic repair of other vein,est/swe/lat/ice/den/fin/nor
PHSP21,Percutaneous plastic repair of popliteal vein,ice/den
PHSP22,Percutaneous plastic repair of femoral vein,ice/den
PHSP23,Percutaneous plastic repair of iliac vein,est/swe/lat/ice/den/fin/nor
PHSP30,Percutaneous plastic repair of inferior vena cava,ice/den/nor/est
PHSP32,Percutaneous plastic repair of renal vein,nor/est
PHSP33,Percutaneous plastic repair of portal vein,nor
PHSP34,Percutaneous plaxtic repaif of visceral veins,nor
PHSP41,Percutaneous plastic repair of axillari or brachial vein,ice/den/est
PHSP42,Percutaneous plastic repair of subclavian or brachiocephalic vein,ice/den/est
PHSP50,Intravascular laser therapy of long saphenous vein,
PHSP51,Intravascular laser therapy of anterior saphenous vein,
PHSP52,Intravascular laser therapy of short saphenous vein,
PHSP53,Intravascular laser therapy of perforant vein of lower extemity,
PHSP59,Intravascular laser therapy of other vein,
PHSP70,Intravascular radioablation of long saphenous vein,
PHSP71,Intravascular radioablation of anterior saphenous vein,
PHSP72,Intravascular radioablation of short saphenous vein,
PHSP73,Intravascular radioablation of perforant vein of lower extremity,
PHSP79,Intravascular radioablation of other vein,
PHSP99,Other percutaneous plastic repair vein,est/swe/lat/ice/den/fin/nor
PHSQ21,Insertion of stent into popliteal vein,ice/den
PHSQ22,Insertion of stent into femoral vein,ice/den
PHSQ23,Insertion of stent into iliac vein,est/swe/lat/ice/den/fin/nor
PHSQ30,Insertion of stent into inferior vena cava,est/swe/lat/ice/den/fin/nor
PHSQ32,Insertion of stent into renal vein,nor
PHSQ33,Insertion of stent into portal vein,nor
PHSQ34,Insertion of  stent splanchnic vein,nor
PHSQ35,Insertion of stent into bypass from splanchnic to systemic vein,est/swe/lat/ice/den/fin/nor
PHSQ40,Endovascular insertion of stent to veins of upper extremity or to superior vena cava,est/swe/ice/den/fin
PHSQ99,Insertion of stent into other vein,est/swe/lat/ice/den/fin/nor
PHSR23,Removal of stent from iliac vein,est/swe/lat/ice/den/fin/nor
PHSR30,Removal of stent from inferior vena cava,est/swe/lat/ice/den/fin/nor
PHSR99,Removal of stent from other vein,est/swe/lat/ice/den/fin/nor
PHSS13,Endoscopic interruption of perforating vein of lower leg,est/swe/lat/ice/den/fin/nor
PHSS14,Endoscopic interruption of perforating vein of thigh,est/swe/lat/ice/den/fin/nor
PHSS99,Other endoscopic operation on vein,est/swe/lat/ice/den/fin/nor
PHST10,Injection of therapeutic agent into or percutaneous occlusion of long saphenous vein,est/swe/lat/ice/fin/nor
PHST11,Injection of therapeutic agent into or percutaneous occlusion of veins of saphenofemoral junction,est/swe/lat/ice/nor
PHST12,Injection of therapeutic agent into or percutaneous occlusion of short saphenous vein,est/swe/lat/ice/fin/nor
PHST14,Sclerotherapy of varicose veins of lower leg,swe
PHST15,Injection of therapeutic agent into or percutaneous occlusion of communicating veins of lower leg or thigh,est/swe/lat/ice/fin/nor
PHST18,Injection of therapeutic agent or percutaneous occlusion of deep vein of lower leg,swe
PHST23,Injection of therapeutic agent into or percutaneous occlusion of iliac vein,est/swe/lat/ice/den/fin/nor
PHST31,Injection of therapeutic agent into or percutaneous occlusion of renal vein,est/swe/lat/ice/den/fin/nor
PHST32,Injection of therapeutic agent into or percutaneous occlusion of portal or mesenterial vein,swe/lat/ice/den/fin/nor
PHST34,Injection of therapeutic agent into or percutaneous occlusion of ovarian vein,den/nor/est
PHST36,Sclerotherapy of varicocele,swe
PHST60,Local thrombolysis of other vein,swe
PHST90,Injection of therapeutic agent into or percutaneous occlusion of other vein,
PHST99,Injection of therapeutic agent into or percutaneous occlusion of other vein,est/swe/lat/ice/den/fin/nor
PHSU20,Excision of tumor mass from inferior vena cava,fin
PHSW02,Perkucutaneous transluminal removal of foreign body from inferior vena cava,ice/den/est
PHSW09,Perkucutaneous transluminal removal of foreign body from other vein,nor
PHSW30,Portosystemic shunt or bypass,est/swe/lat/ice/fin/nor
PHSW32,Transjugular intrahepatic portocaval shunt (TIPS),est/ice/den/fin/nor
PHSW34,Percutaneous transluminal plastic repair of intrahepatic portocaval shunt,est/ice/den
PHSW36,Percutaneous transluminal embolisation of intrahepatic portocaval shunt,est/ice/den
PHSW38,Percutaneous trombektomy of intrahepatic portocaval shunt,est/ice/den
PHSW99,Other operation on vein,est/swe/lat/ice/den/fin/nor
PHSWA9,Other operation on vein of head and neck,swe
PHSWB9,Other operation on vein of upper extremity,swe
PHSWD9,Other operation on vein of abdomen,swe
PHSWE9,Other operation on vein of pelvis or urinary system,swe
PHSWG9,Other operation on vein of lower extremity,swe
PHXA00,Venous puncture,swe/ice/den
PHXA02,Phlebotomy,est/swe/lat/ice/den/fin/nor
PHXA10,Open cannulation of peripheral vein,est/swe/lat/ice/den/fin/nor
PHXA20,Implantation of vascular injection port,est/swe/lat/ice/den/fin
PHXA30,Insertion of central venous catheter through external or internal jugular vein,est/swe/lat/ice/den/fin
PHXA31,Insertion of central venous injection gate through external or internal jugular vein,swe/nor
PHXA32,Insertion of central venous catheter through subclavian or brachiocephalic vein,est/swe/lat/ice/den/fin/nor
PHXA33,Insertion of central venous injection gate through subclavian or brachiocephalic vein,swe
PHXA34,Insertion of central venous catheter through femoral vein,swe/ice/den
PHXA35,Insertion of central venous injection gate through femoral vein,swe
PHXA36,Insertion of umbilical vein catheter,swe/lat/ice/fin/nor
PHXA38,Insertion of central venous catheter through periferal vein,swe/lat/ice/den/fin/nor
PHXA39,Insertion of central venous injection gate through periferal vein,swe/nor
PHXA50,Implantation or exchange of double lumen dialysis catheter,swe/lat/ice/den/nor
PHXA51,Inactivated at 31.12.2019 - Implantation or exchange of double lumen dialysis catheter in vena femoralis,
PHXA52,Exchange of venous dialysis catheter,swe/ice
PHXA60,Implantation or exchange of other multi lumen catheter,swe
PHXA99,Catheterisation of vein unspecified,swe/ice/den/fin/nor
PHXB20,Removal of intrvascular catheter with implanted port,est/swe/lat/ice/den/fin/nor
PHXB30,Removal of fixed intravenous catheter,est/swe/ice/den/fin
PHXC00,Percutaneous catheterisation of renal vein,ice/est
PHXC02,Percutaneous catheterisation of adrenal vein,ice/den/nor/est
PHXC04,Percutaneous catheterisation of liver vein,ice/den/est
PHXD00,Endovascular expansion of vein of head and neck,est/ice/fin
PHXD10,Endovascular expansion of superior vena cava and of arteries of upper extremity,est/ice/fin
PHXD99,PTA of vein not elsewhere classified,est/ice/fin
PHXE00,Implantation of filter to superior vena cava and to venes of upper extremity,est/ice/fin
PHXE02,Insertion of filter to inferior vena cava,est/lat/ice/den/fin/nor
PHXE12,Removal of filter to inferior vena cava,est/lat/ice/fin/nor
PHXF02,Removal of thrombosis from veins of upper extremity of from upper vena cava,est/ice/fin/nor
PHXF04,Removal of thrombosis from vein of lower extremity or pelvis or from vena cava inferior,est/ice/fin/nor
PHXF24,Endovascular thrombolysis of pelvic and lower leg veins with radiological guidance,est/ice/fin
PHXF39,Endovascular thrombolysis of vein with radiological guidance not elsewhere classified,est/ice/fin
PHXF40,Intravenous thrombolysis with radiological guidance,est/ice/fin
PHXF50,Inactivated at 31.12.2020 - Sclerotherapy of varicose veins of lower leg,
PHXG14,Endovascular embolisation of spermatic vein,swe/est
PHXG16,Endovascular embolisation of ovarian vein,est/ice/fin
PHXG20,Endovascular embolisation of spleen vein,
PHXG30,Endovascular embolisation of renal vein,lat/est
PHXG90,Percutaneous embolisation of vein graft,swe/ice
PHXX00,Thrombolysis of central venous catheter or vascular injeciton gate,swe/den
PHXX08,Other correction of vascular injection gate,swe
PHXX09,Other correction of central venous catheter,swe/den
PHXX90,Other catheter care,swe/den/fin
PJDC1A,Lymphography with X-ray,swe/ice/den/fin
PJDE2A,Lymphnode ultrasound examination,ice/den/fin/nor
PJDG00,Lymph system MRI,fin
PJFX90,Superficial lymphnodes clinical examination,swe/ice
PJIC00,Upper extremity lymphsystem isotope imaging,swe/ice
PJIC10,Thorax lymphsystem isotope imaging,swe/ice
PJIC30,Abdomen and pelvis lymphsystem isotope imaging,swe/ice
PJIC40,Lower extremity lymphsystem isotope imaging,swe/ice
PJIC90,Other lymphsystem isotope imaging,ice/fin/nor
PJIC92,Lymphsystem SPECT,ice/fin
PJID00,Localisation of sentinell lymphnode with isotope imaging,ice/fin/nor
PJID01,Sentinell lymphnode SPECT,fin
PJID02,Sentinell lymphnode SPECT with low dose CT,fin
PJO000,"Profylactic radiotherapy of neck, clavicle and axilla",ice/fin
PJO001,"Preoperative radiotherapy of neck, clavicle and axilla",ice/fin
PJO002,"Radical radiotherapy of neck, clavicle and axilla",ice/fin
PJO003,"Adjuvant radiotherapy of neck, clavicle and axilla",ice/fin
PJO004,"Palliative radiotherapy of neck, clavicle and axilla",ice/fin
PJO020,Profylactic radiotherapy of mediastinal lymphnodes,ice/fin
PJO021,Preoperative radiotherapy of mediastinal lymphnodes,ice/fin
PJO022,Radical radiotherapy of mediastinal lymphnodes,ice/fin
PJO023,Adjuvant radiotherapy of mediastinal lymphnodes,ice/fin
PJO024,Palliative radiotherapy of mediastinal lymphnodes,ice/fin
PJO040,Profylactic radiotherapy of retroperitoneal and mesenterial lymphnodes,ice/fin
PJO041,Preoperative radiotherapy of retroperitoneal and mesenterial lymphnodes,ice/fin
PJO042,Radiotherapy of methastasis in lymphnodes of lower part of body with mantel field,ice/fin
PJO043,Adjuvant radiotherapy of retroperitoneal and mesenterial lymphnodes,ice/fin
PJO044,Palliative radiotherapy of retroperitoneal and mesenterial lymphnodes,ice/fin
PJO060,Profylactic radiotherapy of pelvic lymphnodes,ice/fin
PJO061,Preoperative radiotherapy of pelvic lymphnodes,ice/fin
PJO062,Radical radiotherapy of pelvic lymphnodes,ice/fin
PJO063,Adjuvant radiotherapy of pelvic lymphnodes,ice/fin
PJO064,Palliative radiotherapy of pelvic lymphnodes,ice/fin
PJO069,Radiotherapy of lymphnodes unspecified,ice
PJSA10,Exploration of lymph nodes,est/swe/lat/ice/den/fin/nor
PJSA12,Excision of marked sentinell lymph node,ice/fin
PJSA13,Laparoscopic excision of marked sentinell lymph node,fin
PJSB20,Ligature of thoracic duct,est/swe/lat/ice/den/fin/nor
PJSB99,Ligature of other lymphatic vessel,est/swe/lat/ice/den/fin/nor
PJSD41,Excision of cervical lymph nodes,est/swe/lat/ice/den/fin/nor
PJSD42,Excision of axillary lymph nodes,est/swe/lat/ice/den/fin/nor
PJSD43,Excision of aortic lymph nodes,est/swe/lat/ice/den/fin/nor
PJSD44,Excision of iliac lymph nodes,est/swe/lat/ice/den/fin/nor
PJSD45,Excision of inguinal lymph nodes,est/swe/lat/ice/den/fin/nor
PJSD46,Excision of parasternal lymph nodes,ice/den
PJSD51,Block dissection of cervical lymph nodes,est/swe/lat/ice/den/fin/nor
PJSD52,Block dissection of axillary lymph nodes,est/swe/lat/ice/den/fin/nor
PJSD53,Block dissection of aortic lymph nodes,est/swe/lat/ice/den/fin/nor
PJSD54,Block dissection of iliac lymph nodes,est/swe/lat/ice/den/fin/nor
PJSD55,Block dissection of inguinal lymph nodes,est/swe/lat/ice/den/fin/nor
PJSD63,Laparoscopic dissection of aortic lymph nodes,est/swe/lat/ice/den/fin/nor
PJSD64,Laparoscopic dissection of iliac lymph nodes,est/swe/lat/ice/den/fin/nor
PJSD71,Extended sparing excision of cervical lymph nodes,ice/fin
PJSD81,Excision of lymph nodes from upper bart of neck,ice/fin
PJSD97,Laparoscopic dissection of other lymph nodes,est/swe/lat/ice/den/fin/nor
PJSD98,Other block dissection of lymph nodes,est/swe/lat/ice/den/fin/nor
PJSD99,Excision of other lymph nodes,est/swe/lat/ice/den/fin/nor
PJSE00,Free microvascular graft of lymph nodes,fin/est
PJSW10,Incision of lymph node,est/swe/lat/ice/den/nor
PJSW30,Lymphovenous shunt,est/swe/lat/ice/den/fin/nor
PJSW40,Ligature of lymphatic system,swe/est
PJSW91,Connection of lymph channels with microsurgery,ice/fin/est
PJSW99,Other operation on lymphatic system,est/swe/lat/ice/den/fin/nor
PJXA00,Manual lymph drainage massage,swe/lat/ice/est
PJXB20,Percutaneous translymphatic thoracic duct embolization,swe
PJXT4A,Labeling of sentinell lymphnode,swe/ice/fin
PJXW40,Percutaneous translymphatic embolization of other lymphatic duct,swe
PJXW99,Other percutaneous translymphatic intervention on lymphatic system,swe
PJXX00,Biopsy of superficial lymph node,est/swe/lat/ice/den/fin/nor
PJXX05,Needle biopsy of lymph node,est/swe/lat/ice/fin/nor
PJXX06,Needle biopsy of lymph node for cytology,ice/fin/nor/est
PJXX08,Injection of therapeutic substance to lymphnode,fin/nor/est
PJXX10,Puncture of lymphocele,lat/ice/nor/est
PWSA00,Repair of wound dehiscence in surgery of peripheral vessels and lymphatic system,est/swe/lat/ice/den/fin/nor
PWSB00,Reoperation for superficial infection in surgery of peripheral vessels and lymphatic system,est/swe/lat/ice/den/nor
PWSC00,Reoperation for deep infection in surgery of peripheral vessels and lymphatic system,est/swe/lat/ice/den/fin/nor
PWSD00,Reoperation for superficial haemorrhage in surgery of peripheral vessels and lymphatic system,est/swe/lat/ice/den/nor
PWSE00,Reoperation for deep haemorrhage in surgery of peripheral vessels and lymphatic system,est/swe/lat/ice/den/fin/nor
PWSF00,Reoperation for insufficiency of anastomosis or suture in surgery of peripheral vessels and lymphatic,est/swe/lat/ice/den/fin/nor
PWSG00,Reoperation on peripheral vessels for thrombosis or embolism,est/swe/lat/ice/den/fin/nor
PWSG02,Angioscopic reoperation for thrombosis or embolism in surgery of peripheral vessels and lymphatic system,est/swe/lat/ice/den/nor
PWSH00,Reoperation for lymphocele in surgery of peripheral vessels and lymphatic system,est/swe/lat/ice/den/fin/nor
PWSH01,Laparoscopic reoperation for lymphocele in surgery of peripheral vessels and lymphatic system,ice/den/est
PWSW99,Other reoperation on peripheral vessels or lymphatic system,est/swe/lat/ice/den/fin/nor
PXDB10,Bronchial artery angiography (and  embolization),nor
PXDC00,Localisation of blood vessel catheter with contrast,fin
PXDC5A,Contrast examination of injection gate to artery or vein with X-ray,ice/fin
PXDC9A,Arteriography with X-ray not elsewhere classified,est/swe/lat/ice/den/fin/nor
PXDD00,Transplant CT-angiography,fin
PXDE1A,Ultrasound examination of artery not elsewher classified,swe/lat/ice/den/fin/nor
PXDE1B,Endovascular ultrasonography,swe/ice/fin
PXDE1D,Ultrasound examination of blood vessel with Doppler method not elsewher classified,ice/den/fin/nor
PXDE1M,Artery endothelial function ultrasound examiantion,fin
PXDE1X,Other ultrasound examination of blood vessel not elsewhere classified,swe/lat/ice/fin/nor
PXDE5D,Ultrasound examination of injection gate to artery or vein with Doppler method,ice/fin
PXDG1B,MRI examination of vasculature not elsewhere classified,ice/fin/nor
PXFA00,Capillary flow estimation by microscopy,lat/ice/nor
PXFA10,"Measurement of Critical Opening Pressure, COP",swe/ice
PXFB00,Pulse vawe velocity analysis,ice
PXFX04,Angioscopy,swe/lat/ice/fin/nor
PXFX08,Intraoperative blood flow and pressure measurement,est/swe/ice/fin
PXFX99,Other diagnostic examination of periferal vessel,est/swe/ice/fin
PXIA00,Isotope angiography,swe/ice
PXIB00,Hemangiom isotope imaging,swe/ice
PXSA00,Extracorporal circulation of upper extremity using heart-lung assist device,est/swe/lat/ice/den/fin/nor
PXSA10,Extracorporal circulation of liver using heart-lung assist device,est/swe/lat/ice/fin/nor
PXSA20,Extracorporal circulation of lower extremity using heart-lung assist device,est/swe/lat/ice/den/fin/nor
PXSA90,Extracorporal circulation of whole body using heart-lung assist device,est/swe/lat/ice/fin/nor
PXSB00,Injection of therapeutic substance to intercostal artery,nor
PXSB10,Injection of therapeutuc substance to bronchial artery,nor
PXSE00,Reanastomosis of blocked anastomosis in a microvascular graft,
PXSH10,Bypass from aortic arch to carotid artery,est/swe/lat/ice/fin/nor
PXSQ00,Arteriovenous shunt stent,fin/nor/est
PXSQ10,Percutaneous thrombectomy or embolectomy of arteriovenous shunt,nor
PXSQ20,Expansion of vascular posthesis or transplant,fin
PXXA00,Arterial puncture,swe/ice
PXXA02,Insertion of arterial catheter,est/swe/lat/ice/den/fin/nor
PXXA10,Percutaneous closure of puncture hole of artery,lat/nor/est
PXXB00,Intravascular hemostasis of bleeding from vascular transplant or prosthesis,ice/fin
PXXC00,Percutaneous transluminal removal of foreign body from  other artery,nor
PXXD00,Expanding vascular prosthesis or transplant,fin
PXXX00,Biopsy of artery or vein,est/swe/lat/ice/fin/nor
PXXX01,Insertion of catheter to blood vessel,fin
PXXX02,Removal of arterial or venous catheter,swe/ice/den/nor
PXXX20,Temporary intravascular closure of blood vessel,swe
PXXX22,Intravenous arterial thrombolysis,est/ice/fin/nor
PXXX99,Other minor procedure on peripheral vessel or lymphatic system,est/swe/lat/ice/den/fin/nor
QAFA94,Dermatologic photography of head and neck,fin
QAO001,Local radiotherapy of skin of head and neck,ice/fin
QASA00,Puncture of skin of head or neck,est/lat/den/fin/nor
QASA05,Incision for biopsy of skin of head or neck,est/ice/den/fin
QASA10,Incision of skin of head or neck,est/swe/lat/ice/den/fin
QASA20,Dermabrasio or shaving of lesion of skin of head or neck,est/swe/lat/ice/den/fin/nor
QASA30,Electrocoagulation of skin of head or neck,est/lat/den
QASA40,Laser therapy or photocoagulation of skin of head or neck,est/lat/den
QASA50,Cryotherapy of skin of head or neck,est/lat/den
QASA99,Other local destruction of skin of head or neck,est/swe/lat/den/fin/nor
QASB00,Suture of skin of head or neck,est/swe/lat/ice/den/fin/nor
QASB05,Revision of wound of skin of head or neck,est/swe/lat/ice/den/fin/nor
QASB10,Major dressing of wound of skin of head or neck,est/swe/lat/ice/den/fin/nor
QASB99,Other procedure for wound of skin of head or neck,est/swe/lat/ice/den/fin/nor
QASC00,Removal of foreign body from skin or subcutaneous tissue of head or neck,est/swe/lat/ice/den/fin/nor
QASD00,Dressing of major burn of head or neck,est/swe/lat/ice/den/fin/nor
QASD10,Debridement of burn of head or neck,est/swe/lat/ice/den/fin/nor
QASD20,Excision and coverage of burn of head or neck,est/swe/lat/ice/den/fin/nor
QASE02,Excision of loose  normal skin or fold of skin from head and neck,swe/ice/fin
QASE20,Excision and repair of scar or web of skin of head or neck,est/swe/lat/ice/den/fin/nor
QASE25,Excision and repair of scar of head or neck caused by burn,est/swe/lat/ice/den/fin/nor
QASE30,Excision and repair of surgical scar in head or neck,est/swe/lat/ice/den/fin/nor
QASE35,Repair of skin defect in head or neck after surgery or injury,est/swe/lat/ice/den/fin/nor
QASE40,Repair of anomaly or lesion after disease of skin of head or neck,est/swe/lat/ice/den/fin/nor
QASE60, External extension of skin of head and neck,ice/den/est
QASE80,Excision of other lesion extending through all layers of skin in head or neck,ice/fin
QASE82,Excision of other superficial lesion of skin from head and neck,est/ice/fin
QASE99,Other excision or repair of skin of head or neck,est/swe/lat/ice/den/fin/nor
QASF00,Hair-bearing graft of skin to scalp,est/swe/lat/ice/den/fin/nor
QASF10,Repair of eyebrow using hair-bearing graft of skin,est/swe/lat/ice/den/fin/nor
QASF99,Other operation on hair-bearing skin of head or neck,est/swe/lat/ice/den/fin/nor
QASG00,Debridement of bedsore of head or neck,est/fin
QASG10,Excision and repair of bedsore of head or neck,est/fin
QASG20,Operation for chronic ulcer or fistula of skin of head or neck,est/swe/lat/ice/den/fin/nor
QASG30,Delayed skin closure of surgical wound in head or neck,est/swe/lat/ice/den/fin/nor
QASG99,Other operation for chronic ulcer or fistula of skin of head or neck,est/swe/lat/ice/den/fin/nor
QASJ00,Liposuction in head or neck,est/swe/lat/ice/den/fin/nor
QASJ10,Browlift,est/swe/lat/ice/den/fin/nor
QASJ15,Browlift using video-endoscope,est/swe/lat/ice/den/fin/nor
QASJ20,Subperiosteal facelift,est/swe/lat/ice/den/fin/nor
QASJ25,Facelift using video-endoscope,est/swe/lat/ice/den/fin/nor
QASJ30,Other facelift,est/swe/lat/ice/den/fin/nor
QASJ35,Other correction of loose or redundant skin of head or neck,est/swe/lat/ice/den/fin/nor
QASJ99,Other aesthetic operations on skin of head or neck,est/swe/lat/ice/den/fin/nor
QAXB00,Botulin injections for hyperhidrosis of head and neck,est/fin
QAXD00,Scalp cooling,nor
QAXE00,Chemical treatment of skin of head and neck,
QAXX99,Hand care,
QBFA94,Photography skin of body,fin
QBO001,Local radiotherapy of skin of trunk,ice/fin
QBSA00,Puncture of skin of trunk,est/lat/den/fin
QBSA10,Incision of skin of trunk,est/swe/lat/ice/den/fin/nor
QBSA12,Insertion of subcutaneous drenage to abdomen,ice/den/est
QBSA20,Dermabrasio or shaving of lesion of skin of trunk,est/swe/lat/ice/den/fin/nor
QBSA30,Electrocoagulation of skin of trunk,est/lat/den
QBSA40,Laser therapy or photocoagulation of skin of trunk,est/lat/ice/den
QBSA50,Cryotherapy of skin of trunk,est/lat/ice/den
QBSA99,Other local destruction of skin of trunk,est/swe/lat/ice/den/fin/nor
QBSB00,Suture of skin of trunk,est/swe/lat/ice/den/fin/nor
QBSB05,Revision of wound of skin of trunk,est/swe/lat/ice/den/fin/nor
QBSB10,Major dressing of wound of skin of trunk,est/swe/lat/ice/den/fin/nor
QBSB99,Other procedure for wound of skin of trunk,est/swe/lat/ice/den/fin/nor
QBSC00,Removal of foreign body from skin or subcutaneous tissue of trunk,est/swe/ice/den/fin/nor
QBSD00,Dressing of major burn of trunk,est/swe/lat/ice/den/fin/nor
QBSD10,Debridement of burn of trunk,est/swe/lat/ice/den/fin/nor
QBSD20,Excision and coverage of burn of trunk,est/swe/lat/ice/den/fin/nor
QBSE02,Excision of loose normal skin or fold of skin from trunk,swe/ice/fin/nor
QBSE05,Excision of sweat glands or sweat gland-bearing skin of trunk,est/swe/lat/ice/den/fin/nor
QBSE20,Excision and repair of scar or web of skin of trunk,est/swe/lat/ice/den/fin/nor
QBSE25,Excision and repair of scar of trunk caused by burn,est/swe/lat/ice/den/fin/nor
QBSE30,Excision and repair of surgical scar of trunk,est/swe/lat/ice/den/fin/nor
QBSE35,Repair of skin defect of trunk after surgery or injury,est/swe/lat/ice/den/fin/nor
QBSE40,Repair of anomaly or lesion after disease of skin of trunk,est/swe/lat/ice/den/fin/nor
QBSE60,External extension of skin of trunk,ice/den/est
QBSE80,Excision of other lesion extending through all layers of skin of trunk,ice/fin
QBSE82,Excision of other superficial lesion of skin of trunk,est/ice/fin
QBSE99,Other excision or repair of skin of trunk,est/swe/lat/ice/den/fin/nor
QBSG00,Debridement of bedsore of trunk,est/swe/lat/ice/den/fin/nor
QBSG10,Excision and repair of bedsore of trunk,est/swe/lat/ice/den/fin/nor
QBSG20,Operation for chronic ulcer or fistula of skin of trunk,est/swe/lat/ice/den/fin/nor
QBSG30,Delayed skin closure of surgical wound of trunk,est/swe/lat/ice/den/fin/nor
QBSG99,Other operation for chronic ulcer or fistula of skin of trunk,est/swe/lat/ice/den/fin/nor
QBSJ00,Liposuction in trunk,est/swe/lat/ice/den/fin/nor
QBSJ05,Other correction of loose or redundant skin of trunk,ice/den/nor
QBSJ30,Correction of abdominal apron,est/swe/lat/ice/den/fin
QBSJ35,Other correction of extra skin of trunk,swe/ice/fin/nor
QBSJ99,Other aesthetic correction of skin of trunk,est/swe/lat/ice/den/fin/nor
QBXB00,Botulin injections for hyperhidrosis of axilla,est/fin
QBXE00,Chemical treatment of skin of trunk,
QC5S1,Photography of wrist,
QCFA94,Photography of skin of upper extremity,fin
QCO001,Local radiotherapy of upper limb,ice/fin
QCSA00,Puncture of skin of upper limb,est/lat/den/fin
QCSA10,Incision of skin of upper limb,est/swe/lat/ice/den/fin/nor
QCSA20,Dermabrasio or shaving of lesion of skin of upper limb,est/swe/lat/ice/den/fin/nor
QCSA30,Electrocoagulation of skin of upper limb,est/lat/den/fin
QCSA40,Laser therapy or photocoagulation of skin of upper limb,est/lat/den
QCSA50,Cryotherapy of skin of upper limb,est/lat/den
QCSA99,Other local destruction of skin of upper limb,est/swe/lat/den/fin/nor
QCSB00,Suture of skin of upper limb,est/swe/lat/ice/den/fin/nor
QCSB05,Revision of wound of skin of upper limb,est/swe/lat/ice/den/fin/nor
QCSB10,Major dressing of wound of skin of upper limb,est/swe/lat/ice/den/fin/nor
QCSB99,Other procedure for wound of skin of upper limb,est/swe/lat/ice/den/fin/nor
QCSC00,Removal of foreign body from skin or subcutaneous tissue of upper limb,est/swe/lat/ice/den/fin/nor
QCSD00,Dressing of major burn of upper limb,est/swe/lat/ice/den/fin/nor
QCSD10,Debridement of burn of upper limb,est/swe/lat/ice/den/fin/nor
QCSD20,Excision and coverage of burn of upper limb,est/swe/lat/ice/den/fin/nor
QCSE02,Excision of loose normal skin or fold of skin from upper limb,swe/ice/fin
QCSE20,Excision and repair of scar or web of skin of upper limb,est/swe/lat/ice/den/fin/nor
QCSE25,Excision and repair of scar of upper limb caused by burn,est/swe/lat/ice/den/fin/nor
QCSE30,Excision and repair of surgical scar of upper limb,est/swe/lat/ice/den/fin/nor
QCSE35,Repair of skin defect of upper limb after surgery or injury,est/swe/lat/ice/den/fin/nor
QCSE40,Repair of anomaly or lesion after disease of skin of upper limb,est/swe/lat/ice/den/fin/nor
QCSE60,External extension of skin of upper limb,ice/den/est
QCSE80,Excision of other lesion extending through all layers of skin in upper limb,ice/fin
QCSE82,Excision of other superficial lesion of skin in upper limb,est/ice/fin
QCSE99,Other excision or repair of skin of upper limb,est/swe/lat/ice/den/fin/nor
QCSG20,Operation for chronic ulcer or fistula of skin of upper limb,est/swe/lat/ice/den/fin/nor
QCSG30,Delayed skin closure of surgical wound of upper limb,est/swe/lat/ice/den/fin/nor
QCSG99,Other operation for chronic ulcer or fistula of skin of upper limb,est/swe/lat/ice/den/fin/nor
QCSH00,Avulsion of finger nail,est/swe/lat/ice/den/fin/nor
QCSH10,Excision of nail bed in finger,est/swe/lat/ice/den/fin/nor
QCSH20,Correction of deformity of finger nail,est/swe/lat/ice/den/fin/nor
QCSH30,Transplantation of nail to finger,est/swe/lat/ice/den/fin/nor
QCSJ00,Liposuction in upper limb,est/swe/lat/ice/den/fin/nor
QCSJ05,Correction of loose or redundant skin of upper limb,est/swe/lat/ice/den/fin/nor
QCSJ99,Other aesthetic operations on skin of upper limb,est/swe/lat/ice/den/fin/nor
QCXB00,Botulin injections for hyperhidrosis of hands,est/fin
QCXE00,Chemical treatment of skin of upper limb,
QCXH00,Trephining of finger nail,est/swe/fin/nor
QDFA94,Photography of skin of lower extremity,fin
QDO001,Locar radiotherapy of lower limb,ice/fin
QDSA00,Puncture of skin of lower limb,est/lat/den/fin
QDSA10,Incision of skin of lower limb,est/swe/lat/ice/den/fin/nor
QDSA20,Dermabrasio or shaving of lesion of skin of lower limb,est/swe/lat/ice/den/fin/nor
QDSA30,Electrocoagulation of skin of lower limb,est/lat/den
QDSA40,Laser therapy or photocoagulation of skin of lower limb,est/lat/den
QDSA50,Cryotherapy of skin of lower limb,est/lat/den
QDSA99,Other local destruction of skin of lower limb,est/swe/lat/den/fin/nor
QDSB00,Suture of skin of lower limb,est/swe/lat/ice/den/fin/nor
QDSB05,Revision of wound of skin of lower limb,est/swe/lat/ice/den/fin/nor
QDSB10,Major dressing of wound of skin of lower limb,est/swe/lat/ice/den/fin/nor
QDSB99,Other procedure for wound of skin of lower limb,est/swe/lat/ice/den/fin/nor
QDSC00,Removal of foreign body from skin or subcutaneous tissue of lower limb,est/swe/lat/ice/den/fin/nor
QDSD00,Dressing of major burn of lower limb,est/swe/lat/ice/den/fin/nor
QDSD10,Debridement of burn of lower limb,est/swe/lat/ice/den/fin/nor
QDSD20,Excision of burn of lower limb and coverage,est/swe/lat/ice/den/fin/nor
QDSE02,Excision of loose normal skin or fold of skin from lower limb,swe/ice/fin
QDSE20,Excision and repair of scar or web of skin of lower limb,est/swe/lat/ice/den/fin/nor
QDSE25,Excision and repair of scar of lower limb caused by burn,est/swe/lat/ice/den/fin/nor
QDSE30,Excision and repair of surgical scar of lower limb,est/swe/lat/ice/den/fin/nor
QDSE35,Repair of skin defect of lower limb after surgery or injury,est/swe/lat/ice/den/fin/nor
QDSE40,Repair of anomaly or lesion after disease of skin of lower limb,est/swe/lat/ice/den/fin/nor
QDSE45,Operation of syndactyly of foot,ice/den/est
QDSE80,Excision of other lesion extending through all layers of skin in lower limb,ice/fin
QDSE82,Excision of other superficial lesion of skin in lower limb,est/ice/fin
QDSE99,Other excision or repair of skin of lower limb,est/swe/lat/ice/den/fin/nor
QDSG00,Debridement of bedsore of lower limb,est/swe/lat/ice/den/fin/nor
QDSG10,Excision and repair of bedsore of lower limb,est/swe/lat/ice/den/fin/nor
QDSG20,Operation for chronic ulcer or fistula of skin of lower limb,est/swe/lat/ice/den/fin/nor
QDSG30,Delayed skin closure of surgical wound of lower limb,est/swe/lat/ice/den/fin/nor
QDSG99,Other operation for chronic ulcer or fistula of skin of lower limb,est/swe/lat/ice/den/fin/nor
QDSH00,Avulsion of toe nail,est/swe/lat/ice/den/fin/nor
QDSH10,Excision of nail bed in toe,est/swe/lat/ice/den/fin/nor
QDSH20,Correction of deformity of toe nail,est/swe/lat/ice/den/fin/nor
QDSH30,"Transfer of toe nail, microsurgical",ice/fin
QDSJ00,Liposuction in lower limb,est/swe/lat/ice/den/fin/nor
QDSJ05,Correction of loose or redundant skin of lower limb,est/swe/lat/ice/den/fin/nor
QDSJ99,Other aesthetic operations on skin of lower limb,est/swe/lat/ice/den/fin/nor
QDXB00,Botulin injections for hyperhidrosis of feet,est/fin
QDXE00,Chemical treatment of skin of lower limb,
QDXH00,Trephining of toe nail,est/swe/fin/nor
QWSA00,Repair of wound dehiscence in surgery of skin,est/swe/lat/ice/den/fin/nor
QWSB00,Reoperation for infection in surgery of skin,est/swe/lat/ice/den/nor
QWSC00,Reoperation for superficial infection in surgery of skin,ice/den/fin/est
QWSD00,Reoperation for haemorrhage in surgery of skin,est/swe/lat/ice/den/fin/nor
QWSF00,Reoperation for insufficiency of suture in plastic surgery of skin,est/swe/lat/ice/den
QWSW99,Other reoperation in surgery of skin,est/swe/lat/ice/den/fin/nor
QXDA2X,X-ray examination of soft tissue not elsewhere classified,ice/fin
QXDB2C,Fistulogaphy with X-ray,swe/ice/fin/nor
QXDE1A,Ultrasound examination of skin,lat/ice/den/fin/nor
QXDE2X,Ultrsound examination of soft tissue not elsewhere classified,ice/fin
QXDE3H,Ultrasound examination of lesion close to skin,ice/den/fin
QXFA00,Light test,swe/lat/ice/nor
QXFA20,Examination with Woods light,swe/lat/ice/fin/nor
QXFA30,Examination of dermatosis with microscope,lat/ice/fin/nor
QXFA32,Examination of infestation with microscope,lat/ice/fin
QXFA34,Other skin examination with microscope or electron microscope,fin
QXFA90,Dermatoscopy,swe/lat/ice/fin/nor
QXFA91,DIgital dermatoscopy,swe/fin
QXFA94,Dermatologic photography,fin
QXFB00,Sweat test,swe/lat/ice/fin/nor
QXFB10,Transepidermal water loss measurement,fin
QXFB20,Measurement of epidermal humidity,fin
QXFC00,Measurement of skin sebum excretion,fin
QXFD00,Measurement of skin pigment,fin
QXFD10,Measurement of erythema,fin
QXFE00,Measurement of capillary perfusion with doppler method,fin
QXFE08,Other measurement of capillary perfusion,fin
QXFF00,Suction blister technique,fin
QXFF20,Micro dialysis of skin,fin/est
QXFX00,Measurement of skin temperature,swe/ice/fin
QXFX10,Measurement of skin pH,fin
QXFX90,Skin clinical examination,swe/ice
QXFX99,Other examination of skin,ice/fin
QXO090,Brachytherapy of skin,ice
QXO099,Whole skin radiotherapy,swe/ice/fin
QXOB00,Grenz / Bucky ray therapy,swe/lat/ice/nor
QXSA00,Puncture of unspecified region of skin,est/swe/lat/den/fin/nor
QXSA05,Incision of unspecified region of skin,est/swe/lat/ice/den/fin/nor
QXSA20,Dermabrasio or shaving of lesion of unspecified region of skin,est/swe/lat/ice/den/fin/nor
QXSA30,Electrocoagulation of unspecified region of skin,est/lat/den
QXSA40,Laser therapy or photocoagulation of unspecified region of skin,est/swe/lat/den
QXSA50,Cryotherapy of unspecified region of skin,est/lat/den
QXSA99,"Other incision, biopsy or local destruction of unspecified region of skin",est/swe/lat/den/fin/nor
QXSB00,Suture of unspecified region of skin,est/lat/ice/den/fin/nor
QXSB05,Revision of wound of skin of unspecified region,est/swe/lat/ice/den/fin/nor
QXSB10,Dressing of major wound of unspecified region of skin,est/swe/lat/ice/den/fin/nor
QXSB99,Other procedure for wound of unspecified region of skin,est/swe/lat/ice/den/fin/nor
QXSC00,Removal of foreign body from unspecified region of skin or subcutaneous tissue,est/swe/lat/ice/den/fin/nor
QXSC99,Other removal of foreign body not elsewhere specified from unspecified region,est/lat/ice
QXSD00,Dressing of major burn of unspecified region,est/lat/ice/den/fin/nor
QXSD10,Debridement of burn of unspecified region,est/lat/ice/den/fin/nor
QXSD20,Excision and coverage of burn of unspecified region,est/lat/ice/den/fin/nor
QXSE05,Excision of sweat glands or sweat gland-bearing unspecified region of skin,est/lat/ice/den/fin/nor
QXSE20,Excision and repair of scar or web of unspecified region of skin,est/lat/ice/den/fin/nor
QXSE25,Excision and repair of scar caused by burn of unspecified region,est/lat/ice/den/fin/nor
QXSE30,Excision and repair of surgical scar of unspecified region,est/lat/ice/den/fin/nor
QXSE35,Repair of skin defect after surgery or injury of unspecified region,est/lat/ice/den/fin/nor
QXSE40,Repair of anomaly or lesion after disease of unspecified region of skin,est/lat/ice/den/fin/nor
QXSE80,Excision of other lesion extending through all layers of skin in uspecified region,ice/fin
QXSE82,Excision of other superficial lesion of skin in unspecified region,ice/fin
QXSE99,Other excision or repair of unspecified region of skin,est/lat/ice/den/fin/nor
QXSG00,Debridement of bedsore of unspecified region,est/lat/ice/den/nor
QXSG10,Excision and repair of bedsore of unspecified region,est/lat/ice/den/fin/nor
QXSG20,Operation for chronic ulcer or fistula of unspecified region of skin,est/lat/ice/den/fin/nor
QXSG30,Delayed skin closure of surgical wound of unspecified region,est/lat/ice/den/fin/nor
QXSG99,Other operation for chronic ulcer or fistula of unspecified region of skin,est/lat/ice/den/fin/nor
QXSH00,Avulsion of nail of unspecified region,ice/est
QXSH01,Excision of nail bed of unspecified region,ice/est
QXSH05,Correction of deformity of nail of unspecified region,ice/est
QXSH10,Transplantation of nail of unspecified region,ice/est
QXSJ00,Liposuction of unspecified region,est/lat/ice/den/fin/nor
QXSJ05,Correction of loose or redundant skin of unspecified region,est/lat/ice/den/fin/nor
QXXA00,Biological debridement therapy,est/swe/lat/ice/fin/nor
QXXB00,Closure of wound with tape or glue,swe/ice
QXXB10,Other dressing of wound,ice
QXXB90,Vacume treatment of wound,est/swe/lat/ice/fin/nor
QXXC00,Subcutaneous sclerotherapy,est/ice/fin
QXXD00,Botulin injections for hyperhidrosis of unspecified localisation,est/fin
QXXD10,Cultured autologous keratinocytes therapy,
QXXE00,Chemical treatment of skin of unspecified region,
QXXX00,Biopsy of skin,est/swe/lat/ice/den/fin/nor
QXXX02,Needle biopsy of skin,est/swe/lat/ice/den/fin/nor
QXXX10,Removal of molluscum,
QXXX12,Removal of wart,
QXXX20,Implantation of subcutaneous medicament implant,swe/ice/fin
QXXX22,Removal of subcutaneous medicament implant,swe/ice/fin
QXXX40,Removal of sutures of skin,est/swe/lat/ice/den/fin/nor
QXXX50,Exchange of bandage for burn,ice/fin/est
QXXX60,Tatoe,lat/ice/fin/nor
QXXX62,Cosmetolgic procedure,swe/ice
QXXX70,Iontoferesis for hyperhidrosis,lat/ice/fin/nor
QXXX75,Skin pressure therapy,fin
QXXX80,Smearing of skin,swe/ice
QXXX84,Medical bath therapy,swe/lat
QXXX88,Decubitus ulcer prophylaxis,swe/den
QXXX89,Local dermatologic skincare,swe/ice/fin
QXXX90,Scratching of skin,swe
QXXX99,Other minor procedure on skin,est/swe/lat/ice/den/fin/nor
QXXZ00,Insertion of tissue expander,est/swe/lat/ice/den/fin/nor
QXXZ10,Adjustment of volume of tissue expander,est/swe/lat/ice/den/fin/nor
QXXZ20,Replacement of tissue expander,est/swe/lat/ice/den/fin/nor
QXXZ30,Removal of tissue expander,est/swe/lat/ice/den/fin/nor
R01AA,"Sympathomimetics, plain",est/swe/lat/ice/den
R01AA02,Cyclopentamine,fin/swe
R01AA03,Ephedrine,fin/swe
R01AA04,Phenylephrine,fin/swe
R01AA05,Oxymetazoline,fin/swe
R01AA06,Tetryzoline,fin/swe
R01AA07,Xylometazoline,fin/swe
R01AA08,Naphazoline,fin/swe
R01AA09,Tramazoline,fin/swe
R01AA10,Metizoline,fin/swe
R01AA11,Tuaminoheptane,fin/swe
R01AA12,Fenoxazoline,fin/swe
R01AA13,Tymazoline,fin/swe
R01AA14,Epinephrine,fin/swe
R01AA15,Indanazoline,fin/swe
R01AB,"Sympathomimetics, combinations excl. corticosteroids",est/swe/lat/ice/den
R01AB01,Phenylephrine,fin/swe
R01AB02,Naphazoline,fin/swe
R01AB03,Tetryzoline,fin/swe
R01AB05,Ephedrine,fin/swe
R01AB06,Xylometazoline,fin/swe
R01AB07,Oxymetazoline,fin/swe
R01AB08,Tuaminoheptane,fin/swe
R01AC,"Antiallergic agents, excl. corticosteroids",est/swe/lat/ice/den
R01AC01,Cromoglicic acid,fin/swe
R01AC02,Levocabastine,fin/swe
R01AC03,Azelastine,fin/swe
R01AC04,Antazoline,fin/swe
R01AC05,Spaglumic acid,fin/swe
R01AC06,Thonzylamine,fin/swe
R01AC07,Nedocromil,fin/swe
R01AC08,Olopatadine,fin/swe
R01AC51,"Cromoglicic acid, combinations",fin/swe
R01AD,Corticosteroids,est/swe/lat/ice/den
R01AD01,Beclometasone,fin/swe
R01AD02,Prednisolone,fin/swe
R01AD03,Dexamethasone,fin/swe
R01AD04,Flunisolide,fin/swe
R01AD05,Budesonide,fin/swe
R01AD06,Betamethasone,fin/swe
R01AD07,Tixocortol,fin/swe
R01AD08,Fluticasone,fin/swe
R01AD09,Mometasone,fin/swe
R01AD11,Triamcinolone,fin/swe
R01AD12,Fluticasone furoate,fin/swe
R01AD13,Ciclesonide,fin/swe
R01AD52,"Prednisolone, combinations",fin/swe
R01AD53,"Dexamethasone, combinations",fin/swe
R01AD57,"Tixocortol, combinations",fin/swe
R01AD58,"Fluticasone, combinations",fin/swe
R01AD59,"Mometasone, combinations",fin/swe
R01AD60,"Hydrocortisone, combinations",fin/swe
R01AX,Other nasal preparations,est/swe/lat/ice/den
R01AX01,Calcium hexamine thiocyanate,fin/swe
R01AX02,Retinol,fin/swe
R01AX03,Ipratropium bromide,fin/swe
R01AX05,Ritiometan,fin/swe
R01AX06,Mupirocin,fin/swe
R01AX07,Hexamidine,fin/swe
R01AX08,Framycetin,fin/swe
R01AX09,Hyaluronic acid,fin/swe
R01AX10,Various,fin/swe
R01AX30,Combinations,fin/swe
R01BA,Sympathomimetics,est/swe/lat/ice/den
R01BA01,Phenylpropanolamine,fin/swe
R01BA02,Pseudoephedrine,fin/swe
R01BA03,Phenylephrine,fin/swe
R01BA51,"Phenylpropanolamine, combinations",fin/swe
R01BA52,"Pseudoephedrine, combinations",fin/swe
R01BA53,"Phenylephrine, combinations",fin/swe
R02AA,Antiseptics,est/swe/lat/ice/den
R02AA01,Ambazone,fin/swe
R02AA02,Dequalinium,fin/swe
R02AA03,Dichlorobenzyl alcohol,fin/swe
R02AA05,Chlorhexidine,fin/swe
R02AA06,Cetylpyridinium,fin/swe
R02AA09,Benzethonium,fin/swe
R02AA10,Myristyl-benzalkonium,fin/swe
R02AA11,Chlorquinaldol,fin/swe
R02AA12,Hexylresorcinol,fin/swe
R02AA13,Acriflavinium chloride,fin/swe
R02AA14,Oxyquinoline,fin/swe
R02AA15,Povidone-iodine,fin/swe
R02AA16,Benzalkonium,fin/swe
R02AA17,Cetrimonium,fin/swe
R02AA18,Hexamidine,fin/swe
R02AA19,Phenol,fin/swe
R02AA20,Various,fin/swe
R02AA21,Octenidine,fin/swe
R02AB,Antibiotics,est/swe/lat/ice/den
R02AB01,Neomycin,fin/swe
R02AB02,Tyrothricin,fin/swe
R02AB03,Fusafungine,fin/swe
R02AB04,Bacitracin,fin/swe
R02AB30,Gramicidin,fin/swe
R02AD,"Anesthetics, local",est/swe/lat/ice/den
R02AD01,Benzocaine,fin/swe
R02AD02,Lidocaine,fin/swe
R02AD03,Cocaine,fin/swe
R02AD04,Dyclonine,fin/swe
R02AX01,Flurbiprofen,fin/swe
R02AX02,Ibuprofen,fin/swe
R02AX03,Benzydamine,fin/swe
R03AA,Alpha- and beta-adrenoreceptor agonists,est/swe/lat/ice/den
R03AA01,Epinephrine,fin/swe
R03AB,Non-selective beta-adrenoreceptor agonists,est/swe/lat/ice/den
R03AB02,Isoprenaline,fin/swe
R03AB03,Orciprenaline,fin/swe
R03AC,Selective beta-2-adrenoreceptor agonists,est/swe/lat/ice/den
R03AC02,Salbutamol,fin/swe
R03AC03,Terbutaline,fin/swe
R03AC04,Fenoterol,fin/swe
R03AC05,Rimiterol,fin/swe
R03AC06,Hexoprenaline,fin/swe
R03AC07,Isoetarine,fin/swe
R03AC08,Pirbuterol,fin/swe
R03AC09,Tretoquinol,fin/swe
R03AC10,Carbuterol,fin/swe
R03AC11,Tulobuterol,fin/swe
R03AC12,Salmeterol,fin/swe
R03AC13,Formoterol,fin/swe
R03AC14,Clenbuterol,fin/swe
R03AC15,Reproterol,fin/swe
R03AC16,Procaterol,fin/swe
R03AC17,Bitolterol,fin/swe
R03AC18,Indacaterol,fin/swe
R03AC19,Olodaterol,fin/swe
R03AH,Combinations of adrenergics,est/swe/lat/ice/den
R03AK,Adrenergics and other drugs for obstructive airway diseases,est/swe/lat/ice/den
R03AK01,Epinephrine and other drugs for obstructive airway ,fin/swe
R03AK02,Isoprenaline and other drugs for obstructive airway,fin/swe
R03AK04,Salbutamol and sodium cromoglicate,fin/swe
R03AK05,Reproterol and sodium cromoglicate,fin/swe
R03AK06,Salmeterol and fluticasone,fin/swe
R03AK07,Formoterol and budesonide,fin/swe
R03AK08,Formoterol and beclometasone,fin/swe
R03AK09,Formoterol and mometasone,fin/swe
R03AK10,Vilanterol and fluticasone furoate,fin/swe
R03AK11,Formoterol and fluticasone,fin/swe
R03AK12,Salmeterol and budesonide,fin/swe
R03AK13,Salbutamol and beclometasone,fin/swe
R03AK14,Indacaterol and mometasone,fin/swe
R03AL01,Fenoterol and ipratropium bromide,fin/swe
R03AL02,Salbutamol and ipratropium bromide,fin/swe
R03AL03,Vilanterol and umeclidinium bromide,fin/swe
R03AL04,Indacaterol and glycopyrronium bromide,fin/swe
R03AL05,Formoterol and aclidinium bromide,fin/swe
R03AL06,Olodaterol and tiotropium bromide,fin/swe
R03AL07,Formoterol and glycopyrronium bromide,fin/swe
R03AL08,"Vilanterol, umeclidinium bromide and fluticasone fu",fin/swe
R03AL09,"Formoterol, glycopyrronium bromide and beclometason",fin/swe
R03AL10,Formoterol and tiotropium bromide,fin/swe
R03AL11,"Formoterol, glycopyrronium bromide and budesonide",fin/swe
R03AL12,"Indacaterol, glycopyrronium bromide and mometasone",fin/swe
R03BA,Glucocorticoids,est/swe/lat/ice/den
R03BA01,Beclometasone,fin/swe
R03BA02,Budesonide,fin/swe
R03BA03,Flunisolide,fin/swe
R03BA04,Betamethasone,fin/swe
R03BA05,Fluticasone,fin/swe
R03BA06,Triamcinolone,fin/swe
R03BA07,Mometasone,fin/swe
R03BA08,Ciclesonide,fin/swe
R03BA09,Fluticasone furoate,fin/swe
R03BB,Anticholinergics,est/swe/lat/ice/den
R03BB01,Ipratropium bromide,fin/swe
R03BB02,Oxitropium bromide,fin/swe
R03BB03,Stramoni preparations,fin/swe
R03BB04,Tiotropium bromide,fin/swe
R03BB05,Aclidinium bromide,fin/swe
R03BB06,Glycopyrronium bromide,fin/swe
R03BB07,Umeclidinium bromide,fin/swe
R03BB08,Revefenacin,fin/swe
R03BB54,"Tiotropium bromide, combinations",fin/swe
R03BC,"Antiallergic agents, excl. corticosteroids",est/swe/lat/ice/den
R03BC01,Cromoglicic acid,fin/swe
R03BC03,Nedocromil,fin/swe
R03BX,"Other drugs for obstructive airway diseases, inhalants",est/swe/lat/ice/den
R03BX01,Fenspiride,fin/swe
R03CA,Alpha- and beta-adrenoreceptor agonists,est/swe/lat/ice/den
R03CA02,Ephedrine,fin/swe
R03CB,Non-selective beta-adrenoreceptor agonists,est/swe/lat/ice/den
R03CB01,Isoprenaline,fin/swe
R03CB02,Methoxyphenamine,fin/swe
R03CB03,Orciprenaline,fin/swe
R03CB51,"Isoprenaline, combinations",fin/swe
R03CB53,"Orciprenaline, combinations",fin/swe
R03CC,Selective beta-2-adrenoreceptor agonists,est/swe/lat/ice/den
R03CC02,Salbutamol,fin/swe
R03CC03,Terbutaline,fin/swe
R03CC04,Fenoterol,fin/swe
R03CC05,Hexoprenaline,fin/swe
R03CC06,Isoetarine,fin/swe
R03CC07,Pirbuterol,fin/swe
R03CC08,Procaterol,fin/swe
R03CC09,Tretoquinol,fin/swe
R03CC10,Carbuterol,fin/swe
R03CC11,Tulobuterol,fin/swe
R03CC12,Bambuterol,fin/swe
R03CC13,Clenbuterol,fin/swe
R03CC14,Reproterol,fin/swe
R03CC15,Formoterol,fin/swe
R03CC53,"Terbutaline, combinations",fin/swe
R03CC63,Clenbuterol and ambroxol,fin/swe
R03CK,Adrenergics and other drugs for obstructive airway diseases,est/swe/lat/ice/den
R03DA,Xanthines,est/swe/lat/ice/den
R03DA01,Diprophylline,fin/swe
R03DA02,Choline theophyllinate,fin/swe
R03DA03,Proxyphylline,fin/swe
R03DA04,Theophylline,fin/swe
R03DA05,Aminophylline,fin/swe
R03DA06,Etamiphylline,fin/swe
R03DA07,Theobromine,fin/swe
R03DA08,Bamifylline,fin/swe
R03DA09,Acefylline piperazine,fin/swe
R03DA10,Bufylline,fin/swe
R03DA11,Doxofylline,fin/swe
R03DA12,Mepyramine theophyllinacetate,fin/swe
R03DA20,Combinations of xanthines,fin/swe
R03DA51,"Diprophylline, combinations",fin/swe
R03DA54,"Theophylline, combinations excl. psycholeptics",fin/swe
R03DA55,"Aminophylline, combinations",fin/swe
R03DA57,"Theobromine, combinations",fin/swe
R03DA74,"Theophylline, combinations with psycholeptics",fin/swe
R03DB,Xanthines and adrenergics,est/swe/lat/ice/den
R03DB01,Diprophylline and adrenergics,fin/swe
R03DB02,Choline theophyllinate and adrenergics,fin/swe
R03DB03,Proxyphylline and adrenergics,fin/swe
R03DB04,Theophylline and adrenergics,fin/swe
R03DB05,Aminophylline and adrenergics,fin/swe
R03DB06,Etamiphylline and adrenergics,fin/swe
R03DC,Leukotriene receptor antagonists,est/swe/lat/ice/den
R03DC01,Zafirlukast,fin/swe
R03DC02,Pranlukast,fin/swe
R03DC03,Montelukast,fin/swe
R03DC04,Ibudilast,fin/swe
R03DC53,"Montelukast, combinations",fin/swe
R03DX,Other systemic drugs for obstructive airway diseases,est/swe/lat/ice/den
R03DX01,Amlexanox,fin/swe
R03DX02,Eprozinol,fin/swe
R03DX03,Fenspiride,fin/swe
R03DX05,Omalizumab,fin/swe
R03DX06,Seratrodast,fin/swe
R03DX07,Roflumilast,fin/swe
R03DX08,Reslizumab,fin/swe
R03DX09,Mepolizumab,fin/swe
R03DX10,Benralizumab,fin/swe
R03DX11,Tezepelumab,fin/swe
R05CA,Expectorants,est/swe/lat/ice/den
R05CA01,Tyloxapol,fin/swe
R05CA02,Potassium iodide,fin/swe
R05CA03,Guaifenesin,fin/swe
R05CA04,Ipecacuanha,fin/swe
R05CA05,Altheae radix,fin/swe
R05CA06,Senega,fin/swe
R05CA07,Antimony pentasulfide,fin/swe
R05CA08,Creosote,fin/swe
R05CA09,Guaiacolsulfonate,fin/swe
R05CA10,Combinations,fin/swe
R05CA11,Levoverbenone,fin/swe
R05CA12,Hederae helicis folium,fin/swe
R05CA13,Cineole,fin/swe
R05CB,Mucolytics,est/swe/lat/ice/den
R05CB01,Acetylcysteine,fin/swe
R05CB02,Bromhexine,fin/swe
R05CB03,Carbocisteine,fin/swe
R05CB04,Eprazinone,fin/swe
R05CB05,Mesna,fin/swe
R05CB06,Ambroxol,fin/swe
R05CB07,Sobrerol,fin/swe
R05CB08,Domiodol,fin/swe
R05CB09,Letosteine,fin/swe
R05CB10,Combinations,fin/swe
R05CB11,Stepronin,fin/swe
R05CB13,Dornase alfa (desoxyribonuclease),fin/swe
R05CB14,Neltenexine,fin/swe
R05CB15,Erdosteine,fin/swe
R05CB16,Mannitol,fin/swe
R05DA,Opium alkaloids and derivatives,est/swe/lat/ice/den
R05DA01,Ethylmorphine,fin/swe
R05DA03,Hydrocodone,fin/swe
R05DA04,Codeine,fin/swe
R05DA05,Opium alkaloids with morphine,fin/swe
R05DA06,Normethadone,fin/swe
R05DA07,Noscapine,fin/swe
R05DA08,Pholcodine,fin/swe
R05DA09,Dextromethorphan,fin/swe
R05DA10,Thebacon,fin/swe
R05DA11,Dimemorfan,fin/swe
R05DA12,Acetyldihydrocodeine,fin/swe
R05DA20,Combinations,fin/swe
R05DB,Other cough suppressants,est/swe/lat/ice/den
R05DB01,Benzonatate,fin/swe
R05DB02,Benproperine,fin/swe
R05DB03,Clobutinol,fin/swe
R05DB04,Isoaminile,fin/swe
R05DB05,Pentoxyverine,fin/swe
R05DB07,Oxolamine,fin/swe
R05DB09,Oxeladin,fin/swe
R05DB10,Clofedanol,fin/swe
R05DB11,Pipazetate,fin/swe
R05DB12,Bibenzonium bromide,fin/swe
R05DB13,Butamirate,fin/swe
R05DB14,Fedrilate,fin/swe
R05DB15,Zipeprol,fin/swe
R05DB16,Dibunate,fin/swe
R05DB17,Droxypropine,fin/swe
R05DB18,Prenoxdiazine,fin/swe
R05DB19,Dropropizine,fin/swe
R05DB20,Combinations,fin/swe
R05DB21,Cloperastine,fin/swe
R05DB22,Meprotixol,fin/swe
R05DB23,Piperidione,fin/swe
R05DB24,Tipepidine,fin/swe
R05DB25,Morclofone,fin/swe
R05DB26,Nepinalone,fin/swe
R05DB27,Levodropropizine,fin/swe
R05DB28,Dimethoxanate,fin/swe
R05DB29,Gefapixant,fin/swe
R05FA,Opium derivatives and expectorants,est/swe/lat/ice/den
R05FA01,Opium derivatives and mucolytics,fin/swe
R05FA02,Opium derivatives and expectorants,fin/swe
R05FB,Other cough suppressants and expectorants,est/swe/lat/ice/den
R05FB01,Cough suppressants and mucolytics,fin/swe
R05FB02,Cough suppressants and expectorants,fin/swe
R06AA,Aminoalkyl ethers,est/swe/lat/ice/den
R06AA01,Bromazine,fin/swe
R06AA02,Diphenhydramine,fin/swe
R06AA04,Clemastine,fin/swe
R06AA06,Chlorphenoxamine,fin/swe
R06AA07,Diphenylpyraline,fin/swe
R06AA08,Carbinoxamine,fin/swe
R06AA09,Doxylamine,fin/swe
R06AA10,Trimethobenzamide,fin/swe
R06AA11,Dimenhydrinate,fin/swe
R06AA52,"Diphenhydramine, combinations",fin/swe
R06AA54,"Clemastine, combinations",fin/swe
R06AA56,"Chlorphenoxamine, combinations",fin/swe
R06AA57,"Diphenylpyraline, combinations",fin/swe
R06AA59,"Doxylamine, combinations",fin/swe
R06AB,Substituted alkylamines,est/swe/lat/ice/den
R06AB01,Brompheniramine,fin/swe
R06AB02,Dexchlorpheniramine,fin/swe
R06AB03,Dimetindene,fin/swe
R06AB04,Chlorphenamine,fin/swe
R06AB05,Pheniramine,fin/swe
R06AB06,Dexbrompheniramine,fin/swe
R06AB07,Talastine,fin/swe
R06AB51,"Brompheniramine, combinations",fin/swe
R06AB52,"Dexchlorpheniramine, combinations",fin/swe
R06AB54,"Chlorphenamine, combinations",fin/swe
R06AB56,"Dexbrompheniramine, combinations",fin/swe
R06AC,Substituted ethylene diamines,est/swe/lat/ice/den
R06AC01,Mepyramine,fin/swe
R06AC02,Histapyrrodine,fin/swe
R06AC03,Chloropyramine,fin/swe
R06AC04,Tripelennamine,fin/swe
R06AC05,Methapyrilene,fin/swe
R06AC06,Thonzylamine,fin/swe
R06AC52,"Histapyrrodine, combinations",fin/swe
R06AC53,"Chloropyramine, combinations",fin/swe
R06AD,Phenothiazine derivatives,est/swe/lat/ice/den
R06AD01,Alimemazine,fin/swe
R06AD02,Promethazine,fin/swe
R06AD03,Thiethylperazine,fin/swe
R06AD04,Methdilazine,fin/swe
R06AD05,Hydroxyethylpromethazine,fin/swe
R06AD06,Thiazinam,fin/swe
R06AD07,Mequitazine,fin/swe
R06AD08,Oxomemazine,fin/swe
R06AD09,Isothipendyl,fin/swe
R06AD52,"Promethazine, combinations",fin/swe
R06AD55,"Hydroxyethylpromethazine, combinations",fin/swe
R06AE,Piperazine derivatives,est/swe/lat/ice/den
R06AE01,Buclizine,fin/swe
R06AE03,Cyclizine,fin/swe
R06AE04,Chlorcyclizine,fin/swe
R06AE05,Meclozine,fin/swe
R06AE06,Oxatomide,fin/swe
R06AE07,Cetirizine,fin/swe
R06AE09,Levocetirizine,fin/swe
R06AE51,"Buclizine, combinations",fin/swe
R06AE53,"Cyclizine, combinations",fin/swe
R06AE55,"Meclozine, combinations",fin/swe
R06AK,Combinations of antihistamines,est/swe/lat/ice/den
R06AX,Other antihistamines for systemic use,est/swe/lat/ice/den
R06AX01,Bamipine,fin/swe
R06AX02,Cyproheptadine,fin/swe
R06AX03,Thenalidine,fin/swe
R06AX04,Phenindamine,fin/swe
R06AX05,Antazoline,fin/swe
R06AX07,Triprolidine,fin/swe
R06AX08,Pyrrobutamine,fin/swe
R06AX09,Azatadine,fin/swe
R06AX11,Astemizole,fin/swe
R06AX12,Terfenadine,fin/swe
R06AX13,Loratadine,fin/swe
R06AX15,Mebhydrolin,fin/swe
R06AX16,Deptropine,fin/swe
R06AX17,Ketotifen,fin/swe
R06AX18,Acrivastine,fin/swe
R06AX19,Azelastine,fin/swe
R06AX21,Tritoqualine,fin/swe
R06AX22,Ebastine,fin/swe
R06AX23,Pimethixene,fin/swe
R06AX24,Epinastine,fin/swe
R06AX25,Mizolastine,fin/swe
R06AX26,Fexofenadine,fin/swe
R06AX27,Desloratadine,fin/swe
R06AX28,Rupatadine,fin/swe
R06AX29,Bilastine,fin/swe
R06AX31,Quifenadine,fin/swe
R06AX32,Sequifenadine,fin/swe
R06AX53,"Thenalidine, combinations",fin/swe
R06AX58,"Pyrrobutamine, combinations",fin/swe
R07AA,Lung surfactants,est/swe/lat/ice/den
R07AA01,Colfosceril palmitate,fin/swe
R07AA02,Natural phospholipids,fin/swe
R07AA30,Combinations,fin/swe
R07AB,Respiratory stimulants,est/swe/lat/ice/den
R07AB01,Doxapram,fin/swe
R07AB02,Nikethamide,fin/swe
R07AB03,Pentetrazol,fin/swe
R07AB04,Etamivan,fin/swe
R07AB05,Bemegride,fin/swe
R07AB06,Prethcamide,fin/swe
R07AB07,Almitrine,fin/swe
R07AB08,Dimefline,fin/swe
R07AB09,Mepixanox,fin/swe
R07AB52,"Nikethamide, combinations",fin/swe
R07AB53,"Pentetrazol, combinations",fin/swe
R07AX,Other respiratory system products,est/swe/lat/ice/den
R07AX01,Nitric oxide,fin/swe
R07AX02,Ivacaftor,fin/swe
R07AX30,Ivacaftor and lumacaftor,fin/swe
R07AX31,Ivacaftor and tezacaftor,fin/swe
R07AX32,"Ivacaftor, tezacaftor and elexacaftor",fin/swe
R1R100,General evaluation of need for rehabilitation,swe/lat/ice/fin/nor
R1R110,Evaluation of living conditions,swe/lat/ice/nor
R1R120,Evaluation of quality of life,swe/lat/ice/nor
R1R210,Medical evaluation of need and possibiliteis to rehabilitation,ice/fin
R1R220,Psychological evaluation of need and possibilities to rehabilitation,swe/lat/ice/fin/nor
R1R230,Neuropsychological evaluation of need and possibilities to rehabilitation,ice/fin
R1R240,Social evaluation of need and possibilities of rehabilitation,lat/ice/fin
R1R250,Evaluation of functioning,swe/lat/ice/fin/nor
R1R260,Evaluation of communicative functioning,swe/lat/ice/fin/nor
R1R270,Evaluation of need for educational rehabilitation,ice/fin
R1R280,Evaluation of need for occupational rehabilitation,lat/ice/fin/swe
R1R282,Ergonomic evaluation of workplace,swe/lat/ice/fin
R1R310,Day-care test for children,ice/fin
R1R320,Educational test,ice/fin
R1R330,Occupational test at special institute,ice/fin
R1R340,Occupational test in open environment,ice/fin
R1R350,Housing test,ice/fin
R1R400,Generation of plan for rehabilitation,swe/ice/fin/nor
R2R110,Giving first hand information,ice/den/fin
R2R120,Information and advice about rehabilitation services and wellfare,swe/lat/ice/den/fin/nor
R2R130,Information and advice about independent living,ice/fin/nor
R2R200,Advice about educational rehabilitation,ice/fin
R2R310,Advice about occupation selection,ice/den/fin
R2R320,Employment advice,ice/fin
R3R110,Psychosocial training,swe/lat/ice/den/fin
R3R120,Locomotor training,swe/lat/ice/den/fin/nor
R3R130,Training in daily routines,swe/lat/ice/den/fin/nor
R3R140,Training of communicative ability,swe/lat/ice/den/fin
R3R150,Training for interaction with life surroundings,swe/ice/den/fin/nor
R3R160,Training of educational and learning abilities,swe/ice/den/fin
R3R200,Society training,swe/lat/ice/fin
R3R300,Housing training,swe/lat/ice/den/fin
R3R410,"Special eduction at elementary school, high school or in adult elementary education",ice/den/fin
R3R420,General occupational training,swe/lat/ice/fin
R3R430,Education at occupational high school or at university,ice/fin
R3R440,Adult occupational education,ice/fin
R3R450,Occupational education at special institute,ice/fin
R3R460,Apprenticeship training,ice/fin
R3R470,Other education,ice/fin
R3R510,Occupational training,ice/fin
R3R520,Training to maintain and increase ability work,ice/fin/nor
R3R530,Occupational rehabilitation,ice/fin
R3R540,Rehabilitation through work,ice/fin
R3R600,Guidance to hobbies,ice/fin
R3RB00,Counceling and advise to support sexual functions,ice/nor/fin
R4R110,Physiotherapy,swe/lat/ice/den/fin/nor
R4R120,Occupational therapy,ice/den/fin
R4R130,Speech therapy,swe/lat/ice/den/fin/nor
R4R135,Rehabilitation for hearing and talking after cochlear implantation,swe
R4R136,Rehabilitation for hearing problems,swe/lat/ice/fin/nor
R4R138,Swallowing therapy,swe/ice/nor
R4R140,Psychotherapy,swe/lat/ice/den/fin/nor
R4R142,Biofeedback,swe/lat
R4R150,Neuropsychological rehabilitation,swe/ice/fin/nor
R4R160,Other rehabilitative therapy,ice/den/fin/nor
R4R162,Family counceling,swe/lat/ice/nor
R4R168,Supportive discussion,swe/lat/fin/nor
R4R170,Therapyforms for rehabilitative upbringing,ice/fin
R4R1AA,Physiotherapy with massage,swe
R5R110,"Assesment of aid need and choice, testing, adjustment and delivery of device with demonstration of use",swe/lat/ice/den/fin/nor
R5R120,Production of aiding device,ice/fin
R5R130,Restoration and service of aiding device,ice/fin
R5R140,Follow-up of use of aiding device,ice/fin
R5R210,Assesmkent of need to changes in the environment,ice/fin
R5R220,Changes in the environment,ice/fin
R5R230,Changes to support control of environment,ice/fin
R5R310,Work dispositon without economical aid,ice/fin
R5R320,Work disposition with economical aid,ice/fin
R5R330,Support for self-employment,ice/fin
R5R340,Support for continuous occupational activity,ice/fin
R5R350,Sheltered work,ice/fin
R5R410,Transport and escort service,ice/fin
R5R420,Guide-dog service,ice/fin
R5R430,Interpreter service,ice/fin
R5R440,Study assistant service,ice/fin
R5R450,Personal assistant service,ice/fin
R5R460,Support related to service habitation,ice/fin
R5R599,Other rehabilitation service,ice/den/fin/nor
RDR111,Nutrional therapy general anamnesis,lat/ice
RDR112,Nutrition intake history,swe/ice/den
RDR120,Nutrient intake measurement,ice/den
RDR130,Nutritional state evaluation,lat/ice/nor
RDR150,Production of plan for nutrional therapy,ice
RDR160,Nutrional therapy follow-up,ice
RDR211,Personal nutritional therapy,ice/fin/nor
RDR213,Nutritional advice through family,ice
RDR220,Production of nutrient plan for meals,ice
RDR230,Teaching of meal preparation,ice/den
RDR240,Guidance in food supplies selection,ice/den/nor
RDR250,Guidance of educational meal,ice/den
RDR290,Other nutriotional therapy,ice/den/fin
RFRA00,Physiotherapeutic examination,lat/ice
RFRA20,Planning physiotherapy,ice
RFRB00,Technical aid service to support moving and functioning,ice
RJR120,Evaluation of foot health,ice
RJR122,Evaluation of footwear adequacy,ice
RJR124,Evaluation of need and effect of special footwear and other devices,ice
RJR125,Evaluation of standing position and walking,ice
RJR126,Evaluation of load on foot soles,ice
RJR127,Examination of lower extremity structure and function,ice
RJR128,Evaluation of pain in feet,ice
RJR129,Sampling for microbiological testing from feet,ice
RJR130,Planning foot therapy,ice
RJR210,Patient instructions of foot care,ice
RJR214,Planning foot therapy,ice
RJR310,Physical training of feet and lower extremities,ice
RJR320,Physical foot therapy,ice
RJR410,Foot skin care,ice
RJR420,Toe nail treatment,ice
RJR490,Other foot therapy,swe/ice
RLRA00,Logopedic examination,swe/lat/ice
RLRA20,Planning and follow-up of logotherapy,ice/den
RLRB00,Service for technical aid for communication,ice
RNXA00,Turning over patient,ice
RNXA90,Other moving of patient,ice
RNXB00,Body care of patient,ice
RNXB90,Other support of taking care of oneself,ice
RNXX00,Nursing monitoring,swe/ice
RNXX90,Other nursing care,swe/ice/fin
RSRA00,Social work statement,ice
RSRA10,Assesment of social situation,ice
RSRA20,Social work discussion,ice
RSRB00,Social assistance,swe/lat/ice
RSRC00,Coordination of services and multiprofesional cooperation,ice
RSRD00,Social payment consultation and decision,ice
RSRX00,Other social support,swe/ice
RTR110,Evaluation of need for occupational therapy,ice
RTR120,Evaluation of lifesituation in relation to occupational therapy,ice
RTR131,Evaluation of ability to take care of oneself,ice
RTR132,Evaluation of ability to take care of home and every day surrounding,ice
RTR133,Evaluation of ability to admit school and study,ice
RTR134,Evaluation of ability to work,ice
RTR135,Evaluation of ability for social participation,ice
RTR136,Evaluation of ability to use leisure time,ice
RTR137,Evaluation of ability for child play,ice
RTR138,Evaluation of ability to rest,ice
RTR139,Evaluation of ability to manage other occupational situations,ice
RTR141,Evaluation of need for services,ice
RTR143,Evaluation of need for changes at home and in nearby surrounding,ice
RTR151,Evaluation of motor function,ice
RTR152,Evaluation of processing ability,ice
RTR153,Evaluation of mental ability,ice
RTR154,Evaluation of social ability,ice
RTR155,Evaluation of ethical ability,ice
RTR159,Evaluationo of other or general ability,ice
RTR161,Evaluation of sensoric capacity,ice
RTR162,Evaluation of motor capacity,ice
RTR163,Evaluation of coginitve capacity,ice
RTR164,Evaluation of mental capacity,ice
RTR165,Evaluation of social capacity,ice
RTR166,Evaluation of ethical capacity,ice
RTR169,Evaluation of other or general capacity,ice
RTR171,Evaluation of need for orthosis,ice
RTR172,Evaluation of need for aiding device,ice
RTR179,Evaluation of need for other tools,ice
RTR180,Summary of possibilities to promote occupational functioning,ice
RTR190,Other occupational therapy evaluation,ice
RTR210,Plan for promoting occupational functioning,ice
RTR220,Preparation of occupational therapy session,ice
RTR231,Occupational therapy to promote taking care of oneself,swe/ice
RTR232,Occupational therapy to take care of everyday matters,swe/ice
RTR233,Occupational therapy to promote admitting school and studing,swe/ice
RTR234,Occupational therapy to promote working,swe/ice
RTR235,Occupational therapy to promote social participation,swe/ice
RTR236,Occupational therapy to promote leisure acivities,swe/ice
RTR237,Occupational therapy to promote child play,ice
RTR238,Occupational therapy to promote resting,ice
RTR239,Occupational therapy to promote other or general functions,swe/ice
RTR241,Planning and arranging services to promote coping with enviroment,ice
RTR244,Planning and following changes at home and nearby surrounding to promote acitivity,ice
RTR249,Other occupational therapy to promote coping with enviroment,swe/ice
RTR251,Strengthening motor ability,ice
RTR252,Strengthening process ability,ice
RTR253,Strengthening psychic ability,ice
RTR254,Strengthening social ability,ice
RTR255,Strengthening ethical ability,ice
RTR259,General strenghtening of functional ability,ice
RTR261,Improving sensoric capacity,ice
RTR262,Improving motor capacity,ice
RTR263,Improving cognitive capacity,ice
RTR264,Improving mental capacity,ice
RTR265,Improving social capacity,ice
RTR266,Improving ethical capacity,ice
RTR269,General improving of functional capacity,ice
RTR271,Reporduction of orthosis,swe/ice
RTR272,"Orthosis adapation, delivery, user insttructions and follow-up",ice
RTR273,Reproduction of aiding device,ice
RTR274,"Aiding device adaptation, delivery, user instructions and follo-up",swe/ice/nor
RTR279,Other device reproduction or delivery,swe/ice
RTR490,Other occupational therapy,ice
RXXA00,Therapy for drug addiction,swe/ice/fin
S01AA,Antibiotics,est/swe/lat/ice/den
S01AA01,Chloramphenicol,fin/swe
S01AA02,Chlortetracycline,fin/swe
S01AA03,Neomycin,fin/swe
S01AA04,Oxytetracycline,fin/swe
S01AA05,Tyrothricin,fin/swe
S01AA07,Framycetin,fin/swe
S01AA09,Tetracycline,fin/swe
S01AA10,Natamycin,fin/swe
S01AA11,Gentamicin,fin/swe
S01AA12,Tobramycin,fin/swe
S01AA13,Fusidic acid,fin/swe
S01AA14,Benzylpenicillin,fin/swe
S01AA15,Dihydrostreptomycin,fin/swe
S01AA16,Rifamycin,fin/swe
S01AA17,Erythromycin,fin/swe
S01AA18,Polymyxin B,fin/swe
S01AA19,Ampicillin,fin/swe
S01AA20,Antibiotics in combination with other drugs,fin/swe
S01AA21,Amikacin,fin/swe
S01AA22,Micronomicin,fin/swe
S01AA23,Netilmicin,fin/swe
S01AA24,Kanamycin,fin/swe
S01AA25,Azidamfenicol,fin/swe
S01AA26,Azithromycin,fin/swe
S01AA27,Cefuroxime,fin/swe
S01AA28,Vancomycin,fin/swe
S01AA30,Combinations of different antibiotics,fin/swe
S01AB,Sulfonamides,est/swe/lat/ice/den
S01AB01,Sulfamethizole,fin/swe
S01AB02,Sulfafurazole,fin/swe
S01AB03,Sulfadicramide,fin/swe
S01AB04,Sulfacetamide,fin/swe
S01AB05,Sulfafenazol,fin/swe
S01AD,Antivirals,est/swe/lat/ice/den
S01AD01,Idoxuridine,fin/swe
S01AD02,Trifluridine,fin/swe
S01AD03,Aciclovir,fin/swe
S01AD05,Interferon,fin/swe
S01AD06,Vidarabine,fin/swe
S01AD07,Famciclovir,fin/swe
S01AD08,Fomivirsen,fin/swe
S01AD09,Ganciclovir,fin/swe
S01AE01,Ofloxacin,fin/swe
S01AE02,Norfloxacin,fin/swe
S01AE03,Ciprofloxacin,fin/swe
S01AE04,Lomefloxacin,fin/swe
S01AE05,Levofloxacin,fin/swe
S01AE06,Gatifloxacin,fin/swe
S01AE07,Moxifloxacin,fin/swe
S01AE08,Besifloxacin,fin/swe
S01AX,Other antiinfectives,est/swe/lat/ice/den
S01AX01,Mercury compounds,fin/swe
S01AX02,Silver compounds,fin/swe
S01AX03,Zinc compounds,fin/swe
S01AX04,Nitrofural,fin/swe
S01AX05,Bibrocathol,fin/swe
S01AX06,Resorcinol,fin/swe
S01AX07,Sodium borate,fin/swe
S01AX08,Hexamidine,fin/swe
S01AX09,Chlorhexidine,fin/swe
S01AX10,Sodium propionate,fin/swe
S01AX14,Dibrompropamidine,fin/swe
S01AX15,Propamidine,fin/swe
S01AX16,Picloxydine,fin/swe
S01AX18,Povidone-iodine,fin/swe
S01BA,"Corticosteroids, plain",est/swe/lat/ice/den
S01BA01,Dexamethasone,fin/nor/swe
S01BA02,Hydrocortisone,fin/swe
S01BA03,Cortisone,fin/swe
S01BA04,Prednisolone,fin/swe
S01BA05,Triamcinolone,fin/swe
S01BA06,Betamethasone,fin/swe
S01BA07,Fluorometholone,fin/swe
S01BA08,Medrysone,fin/swe
S01BA09,Clobetasone,fin/swe
S01BA10,Alclometasone,fin/swe
S01BA11,Desonide,fin/swe
S01BA12,Formocortal,fin/swe
S01BA13,Rimexolone,fin/swe
S01BA14,Loteprednol,fin/swe
S01BA15,Fluocinolone acetonide,fin/swe
S01BB,Corticosteroids and mydriatics in combination,est/swe/lat/ice/den
S01BB01,Hydrocortisone and mydriatics,fin/swe
S01BB02,Prednisolone and mydriatics,fin/swe
S01BB03,Fluorometholone and mydriatics,fin/swe
S01BB04,Betamethasone and mydriatics,fin/swe
S01BC,"Antiinflammatory agents, non-steroids",est/swe/lat/ice/den
S01BC01,Indometacin,fin/swe
S01BC02,Oxyphenbutazone,fin/swe
S01BC03,Diclofenac,fin/swe
S01BC04,Flurbiprofen,fin/swe
S01BC05,Ketorolac,fin/swe
S01BC06,Piroxicam,fin/swe
S01BC07,Bendazac,fin/swe
S01BC08,Salicylic acid,fin/swe
S01BC09,Pranoprofen,fin/swe
S01BC10,Nepafenac,fin/swe
S01BC11,Bromfenac,fin/swe
S01CA,Corticosteroids and antiinfectives in combination,est/swe/lat/ice/den
S01CA01,Dexamethasone and antiinfectives,fin/swe
S01CA02,Prednisolone and antiinfectives,fin/swe
S01CA03,Hydrocortisone and antiinfectives,fin/swe
S01CA04,Fluocortolone and antiinfectives,fin/swe
S01CA05,Betamethasone and antiinfectives,fin/swe
S01CA06,Fludrocortisone and antiinfectives,fin/swe
S01CA07,Fluorometholone and antiinfectives,fin/swe
S01CA08,Methylprednisolone and antiinfectives,fin/swe
S01CA09,Chloroprednisone and antiinfectives,fin/swe
S01CA10,Fluocinolone acetonide and antiinfectives,fin/swe
S01CA11,Clobetasone and antiinfectives,fin/swe
S01CB,Corticosteroids/antiinfectives/mydriatics in combination,est/swe/lat/ice/den
S01CB01,Dexamethasone,fin/swe
S01CB02,Prednisolone,fin/swe
S01CB03,Hydrocortisone,fin/swe
S01CB04,Betamethasone,fin/swe
S01CB05,Fluorometholone,fin/swe
S01CC,"Antiinflammatory agents, non-steroids and antiinfectives in combination",est/swe/lat/ice/den
S01CC01,Diclofenac and antiinfectives,fin/swe
S01CC02,Indometacin and antiinfectives,fin/swe
S01EA,Sympathomimetics in glaucoma therapy,est/swe/lat/ice/den
S01EA01,Epinephrine,fin/swe
S01EA02,Dipivefrine,fin/swe
S01EA03,Apraclonidine,fin/swe
S01EA04,Clonidine,fin/swe
S01EA05,Brimonidine,fin/swe
S01EA51,"Epinephrine, combinations",fin/swe
S01EB,Parasympathomimetics,est/swe/lat/ice/den
S01EB01,Pilocarpine,fin/swe
S01EB02,Carbachol,fin/swe
S01EB03,Ecothiopate,fin/swe
S01EB04,Demecarium,fin/swe
S01EB05,Physostigmine,fin/swe
S01EB06,Neostigmine,fin/swe
S01EB07,Fluostigmine,fin/swe
S01EB08,Aceclidine,fin/swe
S01EB09,Acetylcholine,fin/swe
S01EB10,Paraoxon,fin/swe
S01EB51,"Pilocarpine, combinations",fin/swe
S01EB58,"Aceclidine, combinations",fin/swe
S01EC,Carbonic anhydrase inhibitors,est/swe/lat/ice/den
S01EC01,Acetazolamide,fin/swe
S01EC02,Diclofenamide,fin/swe
S01EC03,Dorzolamide,fin/swe
S01EC04,Brinzolamide,fin/swe
S01EC05,Methazolamide,fin/swe
S01EC54,"Brinzolamide, combinations",fin/swe
S01ED,Beta blocking agents,est/swe/lat/ice/den
S01ED01,Timolol,fin/swe
S01ED02,Betaxolol,fin/swe
S01ED03,Levobunolol,fin/swe
S01ED04,Metipranolol,fin/swe
S01ED05,Carteolol,fin/swe
S01ED06,Befunolol,fin/swe
S01ED51,"Timolol, combinations",fin/swe
S01ED52,"Betaxolol, combinations",fin/swe
S01ED54,"Metipranolol, combinations",fin/swe
S01ED55,"Carteolol, combinations",fin/swe
S01EE,Prostaglandin analogues,est/swe/lat/ice/den
S01EE01,Latanoprost,fin/swe
S01EE02,Unoprostone,fin/swe
S01EE03,Bimatoprost,fin/swe
S01EE04,Travoprost,fin/swe
S01EE05,Tafluprost,fin/swe
S01EE06,Latanoprostene bunod,fin/swe
S01EE51,Latanoprost and netarsudil,fin/swe
S01EX,Other antiglaucoma preparations,est/swe/lat/ice/den
S01EX01,Guanethidine,fin/swe
S01EX02,Dapiprazole,fin/swe
S01EX05,Netarsudil,fin/swe
S01EX06,Omidenepag,fin/swe
S01EX07,Ripasudil,fin/swe
S01FA,Anticholinergics,est/swe/lat/ice/den
S01FA01,Atropine,fin/swe
S01FA02,Scopolamine,fin/swe
S01FA03,Methylscopolamine,fin/swe
S01FA04,Cyclopentolate,fin/swe
S01FA05,Homatropine,fin/swe
S01FA06,Tropicamide,fin/swe
S01FA54,"Cyclopentolate, combinations",fin/swe
S01FA56,"Tropicamide, combinations",fin/swe
S01FB,Sympathomimetics excl. antiglaucoma preparations,est/swe/lat/ice/den
S01FB01,Phenylephrine,fin/swe
S01FB02,Ephedrine,fin/swe
S01FB03,Ibopamine,fin/swe
S01FB51,Phenylephrine and ketorolac,fin/swe
S01GA,Sympathomimetics used as decongestants,est/swe/lat/ice/den
S01GA01,Naphazoline,fin/swe
S01GA02,Tetryzoline,fin/swe
S01GA03,Xylometazoline,fin/swe
S01GA04,Oxymetazoline,fin/swe
S01GA05,Phenylephrine,fin/swe
S01GA06,Oxedrine,fin/swe
S01GA07,Brimonidine,fin/swe
S01GA51,"Naphazoline, combinations",fin/swe
S01GA52,"Tetryzoline, combinations",fin/swe
S01GA53,"Xylometazoline, combinations",fin/swe
S01GA55,"Phenylephrine, combinations",fin/swe
S01GA56,"Oxedrine, combinations",fin/swe
S01GX,Other antiallergics,est/swe/lat/ice/den
S01GX01,Cromoglicic acid,fin/swe
S01GX02,Levocabastine,fin/swe
S01GX03,Spaglumic acid,fin/swe
S01GX04,Nedocromil,fin/swe
S01GX05,Lodoxamide,fin/swe
S01GX06,Emedastine,fin/swe
S01GX07,Azelastine,fin/swe
S01GX08,Ketotifen,fin/swe
S01GX09,Olopatadine,fin/swe
S01GX10,Epinastine,fin/swe
S01GX11,Alcaftadine,fin/swe
S01GX12,Cetirizine,fin/swe
S01GX13,Bilastine,fin/swe
S01GX51,"Cromoglicic acid, combinations",fin/swe
S01HA,Local anesthetics,est/swe/lat/ice/den
S01HA01,Cocaine,fin/swe
S01HA02,Oxybuprocaine,fin/swe
S01HA03,Tetracaine,fin/swe
S01HA04,Proxymetacaine,fin/swe
S01HA05,Procaine,fin/swe
S01HA06,Cinchocaine,fin/swe
S01HA07,Lidocaine,fin/swe
S01HA30,Combinations,fin/swe
S01JA,Colouring agents,est/swe/lat/ice/den
S01JA01,Fluorescein,fin/swe
S01JA02,Rose bengal sodium,fin/swe
S01JA51,"Fluorescein, combinations",fin/swe
S01JX,Other ophthalmological diagnostic agents,est/swe/lat/ice/den
S01KA,Viscoelastic substances,est/swe/lat/ice/den
S01KA01,Hyaluronic acid,fin/swe
S01KA02,Hypromellose,fin/swe
S01KA51,"Hyaluronic acid, combinations",fin/swe
S01KX,Other surgical aids,est/swe/lat/ice/den
S01KX01,Chymotrypsin,fin/swe
S01LA01,Verteporfin,fin/nor/swe
S01LA02,Anecortave,fin/swe
S01LA03,Pegaptanib,fin/swe
S01LA04,Ranibizumab,fin/nor/swe
S01LA05,Aflibercept,fin/nor/swe
S01LA06,Brolucizumab,fin/swe
S01LA07,Abicipar pegol,fin/swe
S01LA08,Bevacizumab,fin/swe
S01XA,Other ophthalmologicals,est/swe/lat/ice/den
S01XA01,Guaiazulen,fin/swe
S01XA02,Retinol,fin/swe
S01XA03,"Sodium chloride, hypertonic",fin/swe
S01XA04,Potassium iodide,fin/swe
S01XA05,Sodium edetate,fin/swe
S01XA06,Ethylmorphine,fin/swe
S01XA07,Alum,fin/swe
S01XA08,Acetylcysteine,fin/swe
S01XA09,Iodoheparinate,fin/swe
S01XA10,Inosine,fin/swe
S01XA11,Nandrolone,fin/swe
S01XA12,Dexpanthenol,fin/swe
S01XA13,Alteplase,fin/swe
S01XA14,Heparin,fin/swe
S01XA15,Ascorbic acid,fin/swe
S01XA18,Ciclosporin,fin/swe
S01XA19,"Limbal stem cells, autologous",fin/swe
S01XA20,Artificial tears and other indifferent preparations,fin/swe
S01XA21,Mercaptamine,fin/swe
S01XA22,Ocriplasmin,fin/nor/swe
S01XA23,Sirolimus,fin/swe
S01XA24,Cenegermin,fin/swe
S01XA25,Lifitegrast,fin/swe
S01XA26,Riboflavin,fin/swe
S01XA27,Voretigene neparvovec,fin/swe
S02AA,Antiinfectives,est/swe/lat/ice/den
S02AA01,Chloramphenicol,fin/swe
S02AA02,Nitrofural,fin/swe
S02AA03,Boric acid,fin/swe
S02AA04,Aluminium acetotartrate,fin/swe
S02AA05,Clioquinol,fin/swe
S02AA06,Hydrogen peroxide,fin/swe
S02AA07,Neomycin,fin/swe
S02AA08,Tetracycline,fin/swe
S02AA09,Chlorhexidine,fin/swe
S02AA10,Acetic acid,fin/swe
S02AA11,Polymyxin B,fin/swe
S02AA12,Rifamycin,fin/swe
S02AA13,Miconazole,fin/swe
S02AA14,Gentamicin,fin/swe
S02AA15,Ciprofloxacin,fin/swe
S02AA16,Ofloxacin,fin/swe
S02AA30,"Antiinfectives, combinations",fin/swe
S02BA,Corticosteroids,est/swe/lat/ice/den
S02BA01,Hydrocortisone,fin/swe
S02BA03,Prednisolone,fin/swe
S02BA06,Dexamethasone,fin/swe
S02BA07,Betamethasone,fin/swe
S02BA08,Fluocinolone acetonide,fin/swe
S02CA,Corticosteroids and antiinfectives in combination,est/swe/lat/ice/den
S02CA01,Prednisolone and antiinfectives,fin/swe
S02CA02,Flumetasone and antiinfectives,fin/swe
S02CA03,Hydrocortisone and antiinfectives,fin/swe
S02CA04,Triamcinolone and antiinfectives,fin/swe
S02CA05,Fluocinolone acetonide and antiinfectives,fin/swe
S02CA06,Dexamethasone and antiinfectives,fin/swe
S02CA07,Fludrocortisone and antiinfectives,fin/swe
S02DA,Analgesics and anesthetics,est/swe/lat/ice/den
S02DA01,Lidocaine,fin/swe
S02DA02,Cocaine,fin/swe
S02DA03,Phenazone,fin/swe
S02DA04,Cinchocaine,fin/swe
S02DA30,Combinations,fin/swe
S02DC,Indifferent preparations,est/swe/lat/ice/den
S03AA,Antiinfectives,est/swe/lat/ice/den
S03AA01,Neomycin,fin/swe
S03AA02,Tetracycline,fin/swe
S03AA03,Polymyxin B,fin/swe
S03AA04,Chlorhexidine,fin/swe
S03AA05,Hexamidine,fin/swe
S03AA06,Gentamicin,fin/swe
S03AA07,Ciprofloxacin,fin/swe
S03AA08,Chloramphenicol,fin/swe
S03AA30,"Antiinfectives, combinations",fin/swe
S03BA,Corticosteroids,est/swe/lat/ice/den
S03BA01,Dexamethasone,fin/swe
S03BA02,Prednisolone,fin/swe
S03BA03,Betamethasone,fin/swe
S03CA,Corticosteroids and antiinfectives in combination,est/swe/lat/ice/den
S03CA01,Dexamethasone and antiinfectives,fin/swe
S03CA02,Prednisolone and antiinfectives,fin/swe
S03CA04,Hydrocortisone and antiinfectives,fin/swe
S03CA05,Fludrocortisone and antiinfectives,fin/swe
S03CA06,Betamethasone and antiinfectives,fin/swe
SAFA01,Simple examination of mouth,swe/ice/fin
SAFA02,Basic examination of mouth,ice/fin
SAFA03,Extended examination of mouth,ice/fin
SAFA04,Special investigation of mouth,ice/fin
SAFA10,Tree dimenttional (3D) modelling of dentition,fin
SBDAB2,Tooth X-ray examination in conjunction with visit to dentist,ice
SBFA00,Sampling for microbiological testing of saliva,ice/fin
SBFA10,Measurement of excretion of saliva,swe/lat/ice/fin/nor
SBFA20,Measurement of buffering capacity of saliva,ice/fin
SBFB00,Photography of mouth and teeth,ice/fin
SBFB10,Teeth copy and caster model,ice/den/fin
SBXA00,Cytology of mouth,ice
SCXA01,Simple analysis and advice of nutrition with regard to dentistry,ice/fin
SCXA02,Analysis and advice of nutrition with regard to dentistry,ice/fin/swe
SCXB01,Simple training for mouth care at home,ice
SCXB02,Training for mouth care at home,ice/den
SCXC01,Simple fluorination of mouth or other corresponding procedure,ice
SCXC02,Fluorination of mouth or other corresponding procedure,ice
SCXD01,Simple removal of tooth plaque or tartar,ice
SCXD02,Removal of tooth plaque or tartar,ice
SCXE00,Fissure closure of tooth,ice/fin
SCXX00,Washing of teeth,ice/den
SDXA01,Simple parodonthologic therapy,ice/fin
SDXA02,Parodonthologic therapy,ice/fin
SDXA03,Demanding parodonthologic therapy,ice/fin
SDXA04,Very demanding parodonthologic therapy,ice/fin
SDXA05,Very demanding and lengthy parodonthologic therapy,ice/fin
SDXA10,Parodonthologic therapy of advnaced and complicated changes of alveolar bone,ice
SDXC10,Parodontological fixation,ice/den/fin
SDXC20,Extensive parodontological fixation,ice/den/fin
SDXC30,Strong parodontological fixation of 2-3 teeth,fin
SDXC40,Strong parodontological fixation of 4-6 teeth,fin
SDXC50,Strong parodontological fixation of 7 or more teeth,fin
SDXD00,"Parodontologic occlusion, simple correction",fin
SDXX10,Parodontologic balanced grinding,ice
SFXA00,Small filling,ice/den/fin
SFXA10,Fillning on one surface of tooth,est/swe/lat/ice/fin/nor
SFXA20,Filling on two surfaces of tooth,ice/den/fin
SFXA30,Filling on tree or more surfaces of tooth,ice/fin
SFXA40,Replacement of crone of tooth,est/swe/lat/ice/fin/nor
SFXA50,Stepwise carious tissue removal on one surface of tooth,fin
SFXA52,Stepwise carious tissue removal on two or more surfaces of tooth,fin
SFXB10,Filling on one surface of tooth reproduced outside mouth,est/swe/lat/ice/fin
SFXB20,Filling on two surfaces of tooth reproduced outside mouth,ice/fin
SFXB30,Filling of tree or more surfaces of tooth reproduced outside mouth,ice/fin/nor
SFXC00,Pillar of fillings material,ice/fin
SFXC01,Adjuvant procedure of filling therapy,ice/den/fin
SFXC92,Other demanding adjuvant procedure of filling therapy,ice/den/fin
SGXA01,Tooth opening as first aid,fin
SGXA02,Opening and dilatation of root channel of tooth,est/swe/lat/ice/den/fin
SGXA03,Demanding opening and dilatation of root channel of tooth,est/swe/lat/ice/den/fin/nor
SGXA04,Very demanding opening and dilatation of root channel of tooth,ice/fin
SGXA05,Very demanding and lengthy opening and dilatation of root channel of tooth,ice/fin
SGXA06,Removal of foreign body from root channel of tooth,fin
SGXB00,Partial removal of pulpa of tooth,ice/fin
SGXB10,Fiiling of root of tooth with one root channel,ice/den/fin/nor
SGXB20,Filling of root of tooth with 2 root channels,ice/fin
SGXB30,Other demanding filling of root channel,ice/fin
SGXC00,Local medication of root channel of tooth,ice/fin
SGXC05,Internal whitening of root canal treated tooth,fin
SGXC10,Covering pulpa of tooth,ice/fin
SGXC20,Correction of rooth channel perforation or inside resorption through rooth channel of tooth,fin
SGXC40,Restauration of tooth for rooth therapy,fin
SGXC50,Closure of open top of rooth of tooth,fin
SHXA01,Correction of physiology of bite - simple therapy visit,ice/fin
SHXA02,Correction of physiology of bite - basic therapy visit,ice/fin
SHXA03,Correction of physiology of bite - demanding therapy visit,ice/fin
SHXA04,Correction of physiology of bite - very demanding therapy visit,ice/fin
SHXB00,Prepation and fitting of bite rail to mouth,lat/ice/den/fin/nor
SHXB10,Check-up of bite rail,ice
SJXA01,Estimation of need for orthodontic care,ice/fin
SJXA02,Plan for orthodontic care,ice
SJXA03,Demanding plan for orthodontic care,ice
SJXA04,Very demanding plan for orthodontic care,ice
SJXB00,Fitting of loose orthodontic device with user information,ice/den/fin
SJXB10,"Fitting of loose orthodontic device with user information, demanding",ice/fin
SJXB30,Extraoral device arrangement and user information,ice/fin
SJXB60,External device grinding and adaptation,ice/fin
SJXC00,Bracket with fixed attachment,ice/fin
SJXC10,Orthodontic bandage in one tooth,ice/fin
SJXC20,Extraoral ofthodontisk pulling device arrangement and urser information,ice/fin
SJXC40,Removal of orthodontisk device from either maxilla or mandipula - at most 6 brackets,ice/fin
SJXC50,Removal of orthodontisk device from either maxilla or mandipula - at least 7 brackets,ice/fin
SJXD00,Removal or reattacment of arrow in fixed orthodontisk device,ice/den/fin
SJXD10,Attachment of arrow to fixed orthodontisk device,ice/den/fin
SJXD20,Attachment of modifiable arrow of fixed orthodontisk device,ice/fin
SJXD30,Demanding attachment of arrow to fixed orthodontisk device,ice/fin
SJXD40,Fixation of ready made palatinal or lingual arrow,ice/fin
SJXD50,Production and attachment of palatinal or lingual arrow,ice/fin
SJXE02,Grinding of tooth for ortodonthic therapy,ice/den
SJXE90,Finishing face of orthodontick therapy,ice/fin
SJXX00,Correction of orthodontiskt device by dentist,ice/fin
SJXX10,Short check-up visit for orthodontisk therapy,ice
SJXX20,Check-up visit for orthodontisk therapy,ice/den
SPXA00,Changing form of teeth in prepation for prothetic work,ice/fin
SPXA05,Guiding rail,ice/fin
SPXA10,Setting attachments on tooth or implanted bracket,ice/fin
SPXA20,Selection and insertion of tooth implant extension,ice/fin
SPXA30,Grinding of column for crown or bridge tooth prosthesis,ice/fin
SPXA40,Precision model for fixed tooth prosthesis,ice
SPXA50,Determination of bite for tooth prosthesis,ice/fin
SPXA55,Determination of bite and position of tooth arch for tooth prosthesis,ice
SPXA60,Adjustment of intermediate phase of tooth column or implant,ice/fin
SPXA65,Adjustment of tooth placement,ice
SPXA70,Adjustement of completed tooth prosthesis in the mouth and temporary fixation or testing,ice
SPXB10,Temporary crone to tooth,ice/den/fin
SPXB20,Temporary bridge between two or more teeth,ice/den/fin
SPXB30,Temporary partial teeth prothesis,ice/fin
SPXC10,Attachment of standard crone of tooth,ice/den/fin
SPXC20,Attachment of crone of tooth to implant,ice/den/fin
SPXC25,Other demanding attachment of crone of tooth,ice/fin
SPXC30,Tooth bridge attachment with resins,ice/den/fin
SPXC35,Production and attachment of tooth bridge per bridge unit,ice/fin
SPXC40,Preparation of first or second intermediate attachment tooth for bridge,ice/fin
SPXC45,Preparation of third or later intermediate attachment tooth for bridge,ice/fin
SPXC50,Pivot column,ice/fin
SPXC60,Attachment of parapulbar pivot,ice/fin
SPXD00,Fitting and preparation of total teeth prosthesis,ice/den/fin
SPXD05,Demanding fitting of total teeth prosthesis,ice/fin
SPXD10,Fitting and preparation of (partly) unattached  dental prothesis,ice/den/fin
SPXD20,Fitting and preparation of total prosthesis of teeth attached with implants,ice/den/fin
SPXE00,Fitting and preparation of metal structure partial teeth prosthesis,ice/fin
SPXE05,Demanding fitting and preparation of metal structure partial teeth prosthesis,ice/fin
SPXE10,Fitting and preparation of partial tooth prosthesis attached with implants,ice/den/fin
SPXE90,Other fitting and preparation of partial tooth prosthesis,ice/fin
SPXF00,Restoration of teeth prosthesis,ice/den/fin
SPXF10,Demanding restoration of teeth prosthesis,ice/fin
SPXF20,Temporary soling for filling,ice/fin
SPXF30,Soling for prothesis,ice/den/fin
SPXF40,Removal and reattachment with cement of tooth crone or short bridge,ice/fin
SPXF50,Removal and reattachment with cement of tooth bridnge,ice/fin
SPXF60,Restoration of toot fasade,ice/fin
SPXF70,Fixation of tooth crown or bridge,ice/fin
SPXG00,Fitting and preparation of special prosthesis of teeth of mandiple,ice/fin
SPXG10,Face and mouth prosthesis,ice/fin
SPXG15,"Face and mouth prosthesis, demanding",ice/fin
SXXA00,Opening of suppurative tooth,ice
SXXA10,Epithel biopsy of mouth,ice/fin
SXXA20,Local application of medicine to mouth,ice/den/fin
SXXB00,Removal of sutres from oral mucosa,ice/fin
SXXB10,Removal of attachments and rails from moth,ice/fin
SXXC09,Other mouth and tooth procedure,ice/den/fin
TKSA30,Puncture of abscess in or around kidney,swe
UAPA01,Evaluation of need for psychiatric care,fin
UAPA02,Consultation of continued psychiatric care,fin
UAPA03,Consultation for mental health risk,fin
UAPA04,Net consultation for mental health risk,fin
UAPA05,Consultative investigation of mental health risk,fin
UAPA06,Consultative intervention for mental health risk,fin
UAPB01,Psychiatric consultation for medication,fin
UAPB02,Psychiatric consultation for hearing impairment,fin
UAPB03,Neuropsyciatric consultation,fin
UAPB04,Psychiatric consultation for ability to work,fin
UAPB05,Psychiatric consultation for gener identity,fin
UAPB06,Psychiatric consultation for military service,fin
UAPB07,Consultation for self-destructive behavior,fin
UAPB08,Consultatin after attempted suicide,fin
UAPB09,Forensic psychiatric consultation,fin
UAPB10,Psychiatric consultation for psychoactive substance abuse,fin
UAPB11,Psychiatric consultation for mood disorder,fin
UAPB12,Psychiatric consultation for psychosis,fin
UAPB13,Psychiatric consultation for sleep disorder,fin
UAPB14,Consultation of geriatric psychiatry,fin
UAPB15,Safety Planning Intervention (SPI) for self-destructive behavior,fin
UAPB16,Safety Planning Intervention (SPI) after attemted suicide,fin
UAPZ97,Psychiatric consultation for non psychic health problem,fin
UAPZ98,Other psychiatric consultation for own provider organisation,fin
UAPZ99,Other psychiatric consultation,fin
UBPA01,Diagnostic evaluation of psychic symptoms,fin
UBPA02,Evaluation of need for psychic rehabilitation,fin
UBPA03,Evaluation for psychotherapy,fin
UBPA04,Extensive first psychic evaluation,fin
UBPB01,Evaluation of psychic functioning,fin
UBPB02,Psychic evaluation of working function and rehabilitation need,fin
UBPB03,Evaluation of need for occupational rehabilitation for mental health,fin
UBPB04,Risk evaluation of problem behavior,fin
UBPB05,Evaluation of family interactions,fin
UBPC01,Psychic examination for competency to stand trial (CST),fin
UBPC02,Psychiaric expert wittnes for civil process in court,fin
UBPC11,Psychic evaluation for education,fin
UBPC12,Psychic evaluation for military service,fin
UBPC13,Psychic evaluation for service in crisis management,fin
UBPC14,Psychic evaluation of working functioning of health care professional,fin
UBPC19,Other psychic evaluation of functioning,fin
UBPC21,Childhood sexual exploitation investigation,fin
UBPC25,Forensic psychic evaluation for protective episode of child welfare,fin
UBPC29,Other psychic evaluation for child wellfare,fin
UBPZ11,Psychic evaluation for substance abuse substitution therapy,fin
UBPZ15,Psychic evaluation fo intoxication,fin
UBPZ19,Other psychic evaluation of  addiction,fin
UBPZ21,Evatuation of eating disorder,fin
UBPZ31,Neuropsychiatric evaluation of handicap,fin
UBPZ35,Other psychic evaluation of disabled person,fin
UBPZ41,Neurologic examnination in psychiatry,fin
UBPZ43,Psychic evaluation hearing-impaired person,fin
UBPZ45,Evaluation of gender identity,fin
UBPZ91,Psychic evaluation for specific occupation,fin
UBPZ93,Evaluation of Deep Brain Stimulation,fin
UBPZ95,Cross-cultural psychic evalutation,fin
UBPZ98,Other evalution of behavior,fin
UBPZ99,Other psychiatric examination,fin
UCPA01,Preparation of psychiatric plan of care,den/fin
UCPA03,Participation in formulation of psychiatric plan of care,fin
UCPA05,Follow-up of psychiatric plan of care,fin
UCPA11,Psychiatric plan of care for short psychotherapy,fin
UCPA12,Psychiatric plan of care for extended psychotherapy,fin
UCPA15,Psychiatric plan of care for outsorced psychotherapy,fin
UCPA17,Psychiatric plan of care for other outsorced examination,fin
UCPA18,Psychiatric plan of care for other outsorced intervention,fin
UCPA21,Psychiatric plan of care for outpatient clinic,fin
UCPA22,Psychiatric plan of care for psychiatric intensive care,fin
UCPA25,Psychiatric plan of care for psychiatric hospital admission,fin
UCPA27,Psychiatric plan of care for for continued care after discontinuation,fin
UCPA85,Psychiatric plan of care for discontinuation of care,fin
UCPA89,Psychiatric plan of care for cessation of care,fin
UCPA91,Extensive psychiatric plan of care,fin
UCPA99,Basic psychiatric plan of care,fin
UDPA01,Systematic family therapy,fin
UDPA02,Family Focused Treatment (FFT),fin
UDPA03,Multiple Family Group Therapy (MFGT),fin
UDPA04,Mentalization-Based Treatment for Families (MBT-F),fin
UDPA05,Aggression replacement training (ART) form family,fin
UDPA06,Dialectical behavior therapy (DBT) for one family,fin
UDPA07,Dialectical behavior therapy (DBT) for more than one family,fin
UDPA08,Pretreatment  of family for dialectical behavior therapy (DBT),fin
UDPA09,Early parent-child interaction therapy,fin
UDPA99,Other psychoterapeutic family intervention,fin
UDPB01,Psychodynamic group therapy,fin
UDPB02,Cognitive group therapy,fin
UDPB03,Dialectical behavior therapy (DBT) for group,fin
UDPB04,Mindfulness Based Cognitive Therapy (MBCT) for group,fin
UDPB05,Cognitive Behavioral Analysis System of Psychotherapy (CBASP),fin
UDPB06,Aggression Replacement Training (ART) for group,fin
UDPB07,Acceptance and commitment therapy (ACT) for group,fin
UDPB08,Mindfullnes therapy for neuropsychiatric disorters,fin
UDPB09,Behavioral activation (BA) group therapy,fin
UDPB10,Musical therapy for group,fin/nor
UDPB11,Cool Kids group therapy,fin
UDPB12,Theraplay group therapy,fin
UDPB13,FRIENDS therapy,fin
UDPB14,Cognitive behavioral therapy for social fobia,fin
UDPB15,Visual art therapy for group,fin
UDPB16,Mentalisation Based Treatment (MBT) for group,fin
UDPB99,Other psychoterapeutic intervention for group,fin/nor
UDPC01,Multi-systemic Therapy (MST),fin
UDPC02,Multidimensional Family Therapy (MDFT),fin
UDPC99,Other psychotherapeutic social network intervention,fin
UDPD01,Psychodynamic indicidual therapy,fin
UDPD02,Cognitive indicidual therapy,fin
UDPD03,Individual Cognitive-Behavioral Therapy,fin
UDPD04,Dialectical behavior therapy,fin
UDPD05,Interpersonal therapy,fin
UDPD06,Interpersonal and Social Rhythm Therapy (IPSRT),fin
UDPD07,Individual Mindfulness Based Cognitive Therapy (MBCT),fin
UDPD08,Individual Mentalization-Based Treatment (MBT),fin
UDPD09,Schema therapy,fin
UDPD10,Cognitive Behavioral Analysis System of Psychotherapy (CBASP),fin
UDPD11,Individual acceptance and commitment therapy (ACT),fin
UDPD12,Psychic traumatherapy,fin
UDPD13,Crisis therapy,fin
UDPD14,Solution-focused therapy,fin
UDPD15,Integrative therapy,fin
UDPD16,Cognitive Analytic Therapy (CAT),fin
UDPD17,Eye Movement Desensitization and Reprocessing (EMDR),fin
UDPD18,Individual musical therapy,fin/nor
UDPD19,Individual Cool Kids therapy,fin
UDPD20,Indivdiual Behavioral activation (BA) therapy,fin
UDPD21,Theraplay individual therapy,fin
UDPD22,Individual Cognitive behaviour therapy for depression,fin
UDPD23,Cognitive therapy fro psychotic symptoms,fin
UDPD24,Indvidual pretreatment  for dialectical behavior therapy (DBT),fin
UDPD25,Individual visual art therapy,fin
UDPD99,Other individual psychotherapy,fin/nor
UEPA01,Family Psychoeducation,fin/nor
UEPA02,Child centered family therapy,fin
UEPA03,Focused parent advice,fin
UEPA04,Focused care of parenthood,fin
UEPA05,Focused care of interaction of child and parent,fin
UEPA99,Other psychiatric familiy work,fin/nor
UEPB01,Psychoeductation for group,fin/nor
UEPB02,Psychic intervention for specific occupation and group,fin
UEPB03,Psychic disorder specific intervention for group,fin
UEPB04,Psychic functional rehabilitation for group,fin
UEPB05,Psychosocial rehabilitation for group,fin
UEPB06,Social Cognition and Interaction Training (SCIT) for group,fin
UEPB07,Psychic sleep training for group,fin
UEPB08,Cogntitive Remediation Therapy (CRT) for group,fin
UEPB20,Other neurocognitive rehabilitation for group,fin
UEPB99,Other psychic networking,fin
UEPD01,Individual Psychoeducation,fin/nor
UEPD02,Assertive Community Treatment (ACT) for outpatient,fin
UEPD03,Psychic rehabilitation of cccupational functioning,fin
UEPD04,Psychiatric neuropsychological rehabilitation,fin
UEPD06,Psychic care training,fin
UEPD08,Psychic training for housing and daily activities,fin
UEPD10,Art therapy,fin
UEPD11,Individual Cogntitive Remediation Therapy (CRT),fin
UEPD12,Psychic riding therapy,fin
UEPD21,Neuropsychiatric training,fin
UEPD25,Individual psychic sleep training,fin
UEPD80,Early intervention for severe mental health problem,fin
UEPD81,Early intervention for risk of psychosis,fin
UEPD82,Follow-up of early psychic intervention,fin
UEPD83,Stabilzing care in acute psychiatry,fin
UEPD84,Psychic short intervention for suicide,fin
UEPD89,Other psychiatric intensive care,fin
UEPD91,Psychic health advice,fin
UEPD99,Other individual neurocognitive rehabilitation,fin
UEPZ99,Other psychic rehabilitation,fin
UFPA00,Plan of psychiatric medication,fin
UFPA11,Start of psychosis medication with clotzapine,fin
UFPA12,Ending psychosis medication with clotzapine,fin
UFPA13,Start of other monotherapy for psychosis,fin
UFPA14,Ending other monotherapy for psychosis,fin
UFPA15,Exchange of medication for psychosis,fin
UFPA16,Start of psychosis medicatin as adjuvant to antidepressive medication,fin
UFPA17,Ending psychosis medication adjuvant to antidepressive medication,fin
UFPA18,Strarting second simultaneous psychosis medication,fin
UFPA19,Ending second simultaneous psychosis medication,fin
UFPA20,Starting third simultaneous psychosis medication,fin
UFPA21,Ending third simultaneous psychosis medication,fin
UFPA22,Starting parenteral medication for psychoiis,fin
UFPA23,Ending parenteral medication for psychoiis,fin
UFPA24,Exchange of parenteral medication for psychoiis,fin
UFPA31,Starting lithium medication,fin
UFPA32,Ending lithium medication,fin
UFPA33,Starting other mood stabilizing medication,fin
UFPA34,Ending other mood stabilizing medication,fin
UFPA35,Exchange of mood stabilizing medication,fin
UFPA36,Starting mood stabilizing medication as addition to psychosis medication,fin
UFPA37,Ending mood stabilizing medication as addition to psychosis medication,fin
UFPA38,Starting mood stabilizing medication as addition to antidepressive medication,fin
UFPA39,Ending mood stabilizing medication as addition to antidepressive medication,fin
UFPA40,Starting other simultaneous mood stabilizing medication,fin
UFPA41,Ending other simultaneous mood stabilizing medication,fin
UFPA51,Starting antideressive medication,fin
UFPA52,Ending antideressive medication,fin
UFPA53,Starting other simultaneous antideressive medication,fin
UFPA54,Ending other simultaneous antideressive medication,fin
UFPA61,Starting bentsodiatsepin for anxiety,fin
UFPA62,Ending bentsodiatsepin for anxiety,fin
UFPA63,Starting other medication or anxiety,fin
UFPA64,Ending other medication or anxiety,fin
UFPA71,Starting sleeping medication,fin
UFPA72,Ending sleeping medication,fin
UFPA81,Ketamine therapy for depression,fin
UFPA91,Introduction of methylfenidate for ADHD-syndrome,fin
UFPA92,Ending methylfenidate therapy,fin
UFPA93,Introduction of other stimulant for ADHD-syndrome,fin
UFPA94,Ending other stimulant therapy (for ADHD),fin
UFPA95,Introduction of other ADHD therapy (not stimulant),fin
UFPA96,Ending other ADHD therapy (not stimulant),fin
UFPA99,Other psychiatric medical care service,fin/nor
UFPB01,Electroconvulsive Therapy ECT,
UFPB02,Transcranial magnetic stimulation (TMS),fin
UFPB03,Deep Brain Stimulation (DBS),fin
UFPB04,Transcranial direct current stimulation (tDCS),fin
UFPB05,Magnetic seizure therapy (MST),fin
UFPB99,Other psyciatric neuromodulation,fin
UFPC01,Opioid substitution therapy,fin/nor
UFPC10,Management of substance abuse in pregnancy,fin
UFPC99,Other management of substance abuse,fin
UFPZ99,Other biopsychological intervention,fin
UHPA01,Meaurement of blood allcohol with breathalyzer,fin
UHPA02,Drug screening,fin
UHPA05,Examination of intoxication,fin
UHPA10,Structure survey of gambling,fin
UHPA11,Structured survey of drug and tobaco use,fin
UHPA12,Structured  survey of problematic alcohol use,fin
UHPA13,Structured survey of nicotine or tobacco use,fin
UHPA14,Strucured survey of cannabis use,fin
UHPA19,Strucured survey of other dependance calling substances or behaviour,fin/nor
UHPA21,Short intervention for substance abuse,fin
UHPA22,"Alcohol withdrawal treatmient,open care",fin
UHPA23,Motivational interview for alcohol  abuse,fin
UHPA24,Motivational interview for tobacco and nictine use,fin
UHPA29,Motivational interview for dependance on susbstance of behaviour,fin/nor
UHPA31,Advice and exchange of injectin devices for intravenous drug users,fin
UHPA35,Substitution therapy for opioid dependency,fin
UHPA41,Rehabilitation for depence,fin/swe
UHPZ01,Screning for psychic problem,fin
UHPZ02,Basic psychic exmination,fin
UHPZ05,Remission for psychiatric monitoring,fin
UHPZ11,Therapeutic discussion,fin
UHPZ13,Functional psychic therapy,fin
UHPZ15,Support of social functioning,fin
UHPZ21,Psychoscial advice,fin
UZPA01,Family contact for psychic care,fin
UZPB01,Network contact for psychic care,fin
UZPZ01,Hastened psychiatric contact of care,fin
UZPZ05,Psychiatric follow-up,fin
UZPZ99,Other psychiatric contact,fin
V01AA,Allergen extracts,est/swe/lat/ice/den
V01AA01,Feather,fin/swe
V01AA02,Grass pollen,fin/swe
V01AA03,House dust mites,fin/swe
V01AA04,Mould fungus and yeast fungus,fin/swe
V01AA05,Tree pollen,fin/swe
V01AA07,Insects,fin/swe
V01AA08,Food,fin/swe
V01AA09,Textiles,fin/swe
V01AA10,Flowers,fin/swe
V01AA11,Animals,fin/swe
V01AA20,Various,fin/swe
V03AB,Antidotes,est/swe/lat/ice/den
V03AB01,Ipecacuanha,fin/swe
V03AB02,Nalorphine,fin/swe
V03AB03,Edetates,fin/swe
V03AB04,Pralidoxime,fin/swe
V03AB05,Prednisolone and promethazine,fin/swe
V03AB06,Thiosulfate,fin/swe
V03AB08,Sodium nitrite,fin/swe
V03AB09,Dimercaprol,fin/swe
V03AB13,Obidoxime,fin/swe
V03AB14,Protamine,fin/swe
V03AB15,Naloxone,fin/swe
V03AB16,Ethanol,fin/swe
V03AB17,Methylthioninium chloride,fin/swe
V03AB18,Potassium permanganate,fin/swe
V03AB19,Physostigmine,fin/swe
V03AB20,Copper sulfate,fin/swe
V03AB21,Potassium iodide,fin/swe
V03AB22,Amyl nitrite,fin/swe
V03AB23,Acetylcysteine,fin/swe
V03AB24,Digitalis antitoxin,fin/swe
V03AB25,Flumazenil,fin/swe
V03AB26,Methionine,fin/swe
V03AB27,4-dimethylaminophenol,fin/swe
V03AB29,Cholinesterase,fin/swe
V03AB31,Prussian blue,fin/swe
V03AB32,Glutathione,fin/swe
V03AB33,Hydroxocobalamin,fin/swe
V03AB34,Fomepizole,fin/swe
V03AB35,Sugammadex,fin/swe
V03AB36,Phentolamine,fin/swe
V03AB37,Idarucizumab,fin/swe
V03AB38,Andexanet alfa,fin/swe
V03AB96,Ropinirole,swe
V03AC,Iron chelating agents,est/swe/lat/ice/den
V03AC01,Deferoxamine,fin/swe
V03AC02,Deferiprone,fin/swe
V03AC03,Deferasirox,fin/swe
V03AE,Drugs for treatment of hyperkalemia and hyperphosphatemia,est/swe/lat/ice/den
V03AE01,Polystyrene sulfonate,fin/swe
V03AE02,Sevelamer,fin/swe
V03AE03,Lanthanum carbonate,fin/swe
V03AE04,Calcium acetate and magnesium carbonate,fin/swe
V03AE05,Sucroferric oxyhydroxide,fin/swe
V03AE06,Colestilan,fin/swe
V03AE07,Calcium acetate,fin/swe
V03AE08,Ferric citrate,fin/swe
V03AE09,Patiromer calcium,fin/swe
V03AE10,Sodium zirconium cyclosilicate,fin/swe
V03AF,Detoxifying agents for antineoplastic treatment,est/swe/lat/ice/den
V03AF01,Mesna,fin/swe
V03AF02,Dexrazoxane,fin/swe
V03AF03,Calcium folinate,fin/swe
V03AF04,Calcium levofolinate,fin/swe
V03AF05,Amifostine,fin/swe
V03AF06,Sodium folinate,fin/swe
V03AF07,Rasburicase,fin/swe
V03AF08,Palifermin,fin/swe
V03AF09,Glucarpidase,fin/swe
V03AF10,Sodium levofolinate,fin/swe
V03AF11,Arginine and lysine,fin/swe
V03AF12,Trilaciclib,fin/swe
V03AG,Drugs for treatment of hypercalcemia,est/swe/lat/ice/den
V03AG01,Sodium cellulose phosphate,fin/swe
V03AG05,Sodium phosphate,fin/swe
V03AH,Drugs for treatment of hypoglycemia,est/swe/lat/ice/den
V03AH01,Diazoxide,fin/swe
V03AK,Tissue adhesives,est/swe/lat/ice/den
V03AM,Drugs for embolisation,est/swe/lat/ice/den
V03AN,Medical gases,est/swe/lat/ice/den
V03AN01,Oxygen,fin/swe
V03AN02,Carbon dioxide,fin/swe
V03AN03,Helium,fin/swe
V03AN04,Nitrogen,fin/swe
V03AN05,Medical air,fin/swe
V03AX,Other therapeutic products,est/swe/lat/ice/den
V03AX02,Nalfurafine,fin/swe
V03AX03,Cobicistat,fin/swe
V03AX04,Difelikefalin,fin/swe
V03AZ,Nerve depressants,est/swe/lat/ice/den
V03AZ01,Ethanol,fin/swe
V04CA,Tests for diabetes,est/swe/lat/ice/den
V04CA01,Tolbutamide,fin/swe
V04CA02,Glucose,fin/swe
V04CB,Tests for fat absorption,est/swe/lat/ice/den
V04CB01,Vitamin A concentrates,fin/swe
V04CC,Tests for bile duct patency,est/swe/lat/ice/den
V04CC01,Sorbitol,fin/swe
V04CC02,Magnesium sulfate,fin/swe
V04CC03,Sincalide,fin/swe
V04CC04,Ceruletide,fin/swe
V04CD,Tests for pituitary function,est/swe/lat/ice/den
V04CD01,Metyrapone,fin/swe
V04CD03,Sermorelin,fin/swe
V04CD04,Corticorelin,fin/swe
V04CD05,Somatorelin,fin/swe
V04CD06,Macimorelin,fin/swe
V04CE,Tests for liver functional capacity,est/swe/lat/ice/den
V04CE01,Galactose,fin/swe
V04CE02,Sulfobromophthalein,fin/swe
V04CE03,Methacetin (13C),fin/swe
V04CF,Tuberculosis diagnostics,est/swe/lat/ice/den
V04CF01,Tuberculin,fin/swe
V04CG,Tests for gastric secretion,est/swe/lat/ice/den
V04CG01,Cation exchange resins,fin/swe
V04CG02,Betazole,fin/swe
V04CG03,Histamine phosphate,fin/swe
V04CG04,Pentagastrin,fin/swe
V04CG05,Methylthioninium chloride,fin/swe
V04CG30,Caffeine and sodium benzoate,fin/swe
V04CH,Tests for renal function,est/swe/lat/ice/den
V04CH01,Inulin and other polyfructosans,fin/swe
V04CH02,Indigo carmine,fin/swe
V04CH03,Phenolsulfonphthalein,fin/swe
V04CH04,Alsactide,fin/swe
V04CH30,Aminohippuric acid,fin/swe
V04CJ,Tests for thyreoidea function,est/swe/lat/ice/den
V04CJ01,Thyrotropin,fin/swe
V04CJ02,Protirelin,fin/swe
V04CK,Tests for pancreatic function,est/swe/lat/ice/den
V04CK01,Secretin,fin/swe
V04CK02,Pancreozymin (cholecystokinin),fin/swe
V04CK03,Bentiromide,fin/swe
V04CL,Tests for allergic diseases,est/swe/lat/ice/den
V04CM,Tests for fertility disturbances,est/swe/lat/ice/den
V04CM01,Gonadorelin,fin/swe
V04CX,Other diagnostic agents,est/swe/lat/ice/den
V04CX01,Indocyanine green,fin/swe
V04CX02,Folic acid,fin/swe
V04CX03,Methacholine,fin/swe
V04CX04,Mannitol,fin/swe
V04CX05,13C-urea,fin/swe
V04CX06,Hexaminolevulinate,fin/swe
V04CX07,Edrophonium,fin/swe
V04CX08,Carbon monoxide,fin/swe
V04CX09,Patent blue,fin/swe
V06AA,Low-energy diets,est/swe/lat/ice/den
V06CA,Nutrients without phenylalanine,est/swe/lat/ice/den
V06DA,"Carbohydrates/proteins/minerals/vitamins, combinations",est/swe/lat/ice/den
V06DB,"Fat/carbohydrates/proteins/minerals/vitamins, combinations",est/swe/lat/ice/den
V06DC,Carbohydrates,est/swe/lat/ice/den
V06DC01,Glucose,fin/swe
V06DC02,Fructose,fin/swe
V06DD,"Amino acids, incl. combinations with polypeptides",est/swe/lat/ice/den
V06DE,"Amino acids/carbohydrates/minerals/vitamins, combinations",est/swe/lat/ice/den
V06DF,Milk substitutes,est/swe/lat/ice/den
V06DX,Other combinations of nutrients,est/swe/lat/ice/den
V07AA,Plasters,est/swe/lat/ice/den
V07AB,"Solvents and diluting agents, incl. irrigating solutions",est/swe/lat/ice/den
V07AC,"Blood transfusion, auxiliary products",est/swe/lat/ice/den
V07AD,"Blood tests, auxiliary products",est/swe/lat/ice/den
V07AN,Incontinence equipment,est/swe/lat/ice/den
V07AR,"Sensitivity tests, discs and tablets",est/swe/lat/ice/den
V07AS,Stomi equipment,est/swe/lat/ice/den
V07AT,Cosmetics,est/swe/lat/ice/den
V07AV,Technical disinfectants,est/swe/lat/ice/den
V07AX,Washing agents etc.,est/swe/lat/ice/den
V07AY,Other non-therapeutic auxiliary products,est/swe/lat/ice/den
V07AZ,Chemicals and reagents for analysis,est/swe/lat/ice/den
V08AA,"Watersoluble, nephrotropic, high osmolar X-ray contrast media",est/swe/lat/ice/den
V08AA01,Diatrizoic acid,fin/swe
V08AA02,Metrizoic acid,fin/swe
V08AA03,Iodamide,fin/swe
V08AA04,Iotalamic acid,fin/swe
V08AA05,Ioxitalamic acid,fin/swe
V08AA06,Ioglicic acid,fin/swe
V08AA07,Acetrizoic acid,fin/swe
V08AA08,Iocarmic acid,fin/swe
V08AA09,Methiodal,fin/swe
V08AA10,Diodone,fin/swe
V08AB,"Watersoluble, nephrotropic, low osmolar X-ray contrast media",est/swe/lat/ice/den
V08AB01,Metrizamide,fin/swe
V08AB02,Iohexol,fin/swe
V08AB03,Ioxaglic acid,fin/swe
V08AB04,Iopamidol,fin/swe
V08AB05,Iopromide,fin/swe
V08AB06,Iotrolan,fin/swe
V08AB07,Ioversol,fin/swe
V08AB08,Iopentol,fin/swe
V08AB09,Iodixanol,fin/swe
V08AB10,Iomeprol,fin/swe
V08AB11,Iobitridol,fin/swe
V08AB12,Ioxilan,fin/swe
V08AC,"Watersoluble, hepatotropic X-ray contrast media",est/swe/lat/ice/den
V08AC01,Iodoxamic acid,fin/swe
V08AC02,Iotroxic acid,fin/swe
V08AC03,Ioglycamic acid,fin/swe
V08AC04,Adipiodone,fin/swe
V08AC05,Iobenzamic acid,fin/swe
V08AC06,Iopanoic acid,fin/swe
V08AC07,Iocetamic acid,fin/swe
V08AC08,Sodium iopodate,fin/swe
V08AC09,Tyropanoic acid,fin/swe
V08AC10,Calcium iopodate,fin/swe
V08AD,Non-watersoluble X-ray contrast media,est/swe/lat/ice/den
V08AD01,Ethyl esters of iodised fatty acids,fin/swe
V08AD02,Iopydol,fin/swe
V08AD03,Propyliodone,fin/swe
V08AD04,Iofendylate,fin/swe
V08BA,Barium sulfate containing X-ray contrast media,est/swe/lat/ice/den
V08BA01,Barium sulfate with suspending agents,fin/swe
V08BA02,Barium sulfate without suspending agents,fin/swe
V08CA,Paramagnetic contrast media,est/swe/lat/ice/den
V08CA01,Gadopentetic acid,fin/swe
V08CA02,Gadoteric acid,fin/swe
V08CA03,Gadodiamide,fin/swe
V08CA04,Gadoteridol,fin/swe
V08CA05,Mangafodipir,fin/swe
V08CA06,Gadoversetamide,fin/swe
V08CA07,Ferric ammonium citrate,fin/swe
V08CA08,Gadobenic acid,fin/swe
V08CA09,Gadobutrol,fin/swe
V08CA10,Gadoxetic acid,fin/swe
V08CA11,Gadofosveset,fin/swe
V08CB,Superparamagnetic contrast media,est/swe/lat/ice/den
V08CB01,Ferumoxsil,fin/swe
V08CB02,Ferristene,fin/swe
V08CB03,"Iron oxide, nanoparticles",fin/swe
V08CX,Other magnetic resonance imaging contrast media,est/swe/lat/ice/den
V08CX01,Perflubron,fin/swe
V08DA,Ultrasound contrast media,est/swe/lat/ice/den
V08DA01,"Perflutren, human albumin microspheres",fin/swe
V08DA02,Microparticles of galactose,fin/swe
V08DA03,Perflenapent,fin/swe
V08DA04,"Perflutren, phospholipid microspheres",fin/swe
V08DA05,"Sulfur hexafluoride, phospholipid microspheres",fin/swe
V08DA06,"Perflubutane, phospholipid microspheres",fin/swe
V09AA,Technetium (99mTc) compounds,est/swe/lat/ice/den
V09AA01,Technetium (99mTc) exametazime,fin/swe
V09AA02,Technetium (99mTc) bicisate,fin/swe
V09AB,Iodine (123I) compounds,est/swe/lat/ice/den
V09AB01,Iodine iofetamine (123I),fin/swe
V09AB02,Iodine iolopride (123I),fin/swe
V09AB03,Iodine ioflupane (123I),fin/swe
V09AX,Other central nervous system diagnostic radiopharmaceuticals,est/swe/lat/ice/den
V09AX01,Indium (111In) pentetic acid,fin/swe
V09AX03,Iodine (124I) 2beta-carbomethoxy-3beta-(4 iodopheny,fin/swe
V09AX04,Flutemetamol (18F),fin/swe
V09AX05,Florbetapir (18F),fin/swe
V09AX06,Florbetaben (18F),fin/swe
V09BA,Technetium (99mTc) compounds,est/swe/lat/ice/den
V09BA01,Technetium (99mTc) oxidronic acid,fin/swe
V09BA02,Technetium (99mTc) medronic acid,fin/swe
V09BA03,Technetium (99mTc) pyrophosphate,fin/swe
V09BA04,Technetium (99mTc) butedronic acid,fin/swe
V09CA,Technetium (99mTc) compounds,est/swe/lat/ice/den
V09CA01,Technetium (99mTc) pentetic acid,fin/swe
V09CA02,Technetium (99mTc) succimer,fin/swe
V09CA03,Technetium (99mTc) mertiatide,fin/swe
V09CA04,Technetium (99mTc) gluceptate,fin/swe
V09CA05,Technetium (99mTc) gluconate,fin/swe
V09CA06,Technetium (99mTc) ethylenedicysteine,fin/swe
V09CX,Other renal system diagnostic radiopharmaceuticals,est/swe/lat/ice/den
V09CX01,Sodium iodohippurate (123I),fin/swe
V09CX02,Sodium iodohippurate (131I),fin/swe
V09CX03,Sodium iothalamate (125I),fin/swe
V09CX04,Chromium (51Cr) edetate,fin/swe
V09DA,Technetium (99mTc) compounds,est/swe/lat/ice/den
V09DA01,Technetium (99mTc) disofenin,fin/swe
V09DA02,Technetium (99mTc) etifenin,fin/swe
V09DA03,Technetium (99mTc) lidofenin,fin/swe
V09DA04,Technetium (99mTc) mebrofenin,fin/swe
V09DA05,Technetium (99mTc) galtifenin,fin/swe
V09DB,"Technetium (99mTc), particles and colloids",est/swe/lat/ice/den
V09DB01,Technetium (99mTc) nanocolloid,fin/swe
V09DB02,Technetium (99mTc) microcolloid,fin/swe
V09DB03,Technetium (99mTc) millimicrospheres,fin/swe
V09DB04,Technetium (99mTc) tin colloid,fin/swe
V09DB05,Technetium (99mTc) sulfur colloid,fin/swe
V09DB06,Technetium (99mTc) rheniumsulfide colloid,fin/swe
V09DB07,Technetium (99mTc) phytate,fin/swe
V09DX,Other hepatic and reticulo endothelial system diagnostic radiopharmaceuticals,est/swe/lat/ice/den
V09DX01,Selenium (75Se) tauroselcholic acid,fin/swe
V09EA,"Technetium (99mTc), inhalants",est/swe/lat/ice/den
V09EA01,Technetium (99mTc) pentetic acid,fin/swe
V09EA02,Technetium (99mTc) technegas,fin/swe
V09EA03,Technetium (99mTc) nanocolloid,fin/swe
V09EB,"Technetium (99mTc), particles for injection",est/swe/lat/ice/den
V09EB01,Technetium (99mTc) macrosalb,fin/swe
V09EB02,Technetium (99mTc) microspheres,fin/swe
V09EX,Other respiratory system diagnostic radiopharmaceuticals,est/swe/lat/ice/den
V09EX01,Krypton (81mKr) gas,fin/swe
V09EX02,Xenon (127Xe) gas,fin/swe
V09EX03,Xenon (133Xe) gas,fin/swe
V09FX,Various thyroid diagnostic radiopharmaceuticals,est/swe/lat/ice/den
V09FX01,Technetium (99mTc) pertechnetate,fin/swe
V09FX02,Sodium iodide (123I),fin/swe
V09FX03,Sodium iodide (131I),fin/swe
V09FX04,Sodium iodide (124I),fin/swe
V09GA,Technetium (99mTc) compounds,est/swe/lat/ice/den
V09GA01,Technetium (99mTc) sestamibi,fin/swe
V09GA02,Technetium (99mTc) tetrofosmin,fin/swe
V09GA03,Technetium (99mTc) teboroxime,fin/swe
V09GA04,Technetium (99mTc) human albumin,fin/swe
V09GA05,Technetium (99mTc) furifosmin,fin/swe
V09GA06,Technetium (99mTc) stannous agent labelled cells,fin/swe
V09GA07,Technetium (99mTc) apcitide,fin/swe
V09GB,Iodine (125I) compounds,est/swe/lat/ice/den
V09GB01,Fibrinogen (125I),fin/swe
V09GB02,Iodine (125I) human albumin,fin/swe
V09GX,Other cardiovascular system diagnostic radiopharmaceuticals,est/swe/lat/ice/den
V09GX01,Thallium (201Tl) chloride,fin/swe
V09GX02,Indium (111In) imciromab,fin/swe
V09GX03,Chromium (51Cr) chromate labelled cells,fin/swe
V09GX04,Rubidium (82Rb) chloride,fin/swe
V09GX05,Ammonia (N-13),fin/swe
V09HA,Technetium (99mTc) compounds,est/swe/lat/ice/den
V09HA01,Technetium (99mTc) human immunoglobulin,fin/swe
V09HA02,Technetium (99mTc) exametazime labelled cells,fin/swe
V09HA03,Technetium (99mTc) antigranulocyte antibody,fin/swe
V09HA04,Technetium (99mTc) sulesomab,fin/swe
V09HB,Indium (111In) compounds,est/swe/lat/ice/den
V09HB01,Indium (111In) oxinate labelled cells,fin/swe
V09HB02,Indium (111In) tropolonate labelled cells,fin/swe
V09HX,Other diagnostic radiopharmaceuticals for inflammation and infection detection,est/swe/lat/ice/den
V09HX01,Gallium (67Ga) citrate,fin/swe
V09IA,Technetium (99mTc) compounds,est/swe/lat/ice/den
V09IA01,Technetium (99mTc) antiCarcinoEmbryonicAntigen anti,fin/swe
V09IA02,Technetium (99mTc) antimelanoma antibody,fin/swe
V09IA03,Technetium (99mTc) pentavalent succimer,fin/swe
V09IA04,Technetium (99mTc) votumumab,fin/swe
V09IA05,Technetium (99mTc) depreotide,fin/swe
V09IA06,Technetium (99mTc) arcitumomab,fin/swe
V09IA07,Technetium (99mTc) hynic-octreotide,fin/swe
V09IA08,Technetium (99mTc) etarfolatide,fin/swe
V09IA09,Technetium (99mTc) tilmanocept,fin/swe
V09IB,Indium (111In) compounds,est/swe/lat/ice/den
V09IB01,Indium (111In) pentetreotide,fin/swe
V09IB02,Indium (111In) satumomab pendetide,fin/swe
V09IB03,Indium (111In) antiovariumcarcinoma antibody,fin/swe
V09IB04,Indium (111In) capromab pendetide,fin/swe
V09IX,Other diagnostic radiopharmaceuticals for tumour detection,est/swe/lat/ice/den
V09IX01,Iobenguane (123I),fin/swe
V09IX02,Iobenguane (131I),fin/swe
V09IX03,Iodine (125I) CC49-monoclonal antibody,fin/swe
V09IX04,Fludeoxyglucose (18F),fin/swe
V09IX05,Fluorodopa (18F),fin/swe
V09IX06,Sodium fluoride (18F),fin/swe
V09IX07,Fluorocholine(18F),fin/swe
V09IX08,Fluoroethylcholine (18F),fin/swe
V09IX09,Gallium (68Ga) edotreotide,fin/swe
V09IX10,Fluoroethyl-L-tyrosine (18F),fin/swe
V09IX11,Fluoroestradiol (18F),fin/swe
V09IX12,Fluciclovine (18F),fin/swe
V09IX13,Methionine (11C),fin/swe
V09IX14,Gallium (Ga-68) gozetotide,fin/swe
V09XA,Iodine (131I) compounds,est/swe/lat/ice/den
V09XA01,Iodine (131I) norcholesterol,fin/swe
V09XA02,Iodocholesterol (131I),fin/swe
V09XA03,Iodine (131I) human albumin,fin/swe
V09XX,Various diagnostic radiopharmaceuticals,est/swe/lat/ice/den
V09XX01,Cobalt (57Co) cyanocobalamine,fin/swe
V09XX02,Cobalt (58Co) cyanocobalamine,fin/swe
V09XX03,Selenium (75Se) norcholesterol,fin/swe
V09XX04,Ferric (59Fe) citrate,fin/swe
V10AA,Yttrium (90Y) compounds,est/swe/lat/ice/den
V10AA01,Yttrium (90Y) citrate colloid,fin/swe
V10AA02,Yttrium (90Y) ferrihydroxide colloid,fin/swe
V10AA03,Yttrium (90Y) silicate colloid,fin/swe
V10AX,Other antiinflammatory therapeutic radiopharmaceuticals,est/swe/lat/ice/den
V10AX01,Phosphorous (32P) chromicphosphate colloid,fin/swe
V10AX02,Samarium (153Sm) hydroxyapatite colloid,fin/swe
V10AX03,Dysprosium (165Dy) colloid,fin/swe
V10AX04,Erbium (169Er) citrate colloid,fin/swe
V10AX05,Rhenium (186Re) sulfide colloid,fin/swe
V10AX06,Gold (198Au) colloidal,fin/swe
V10BX,Various pain palliation radiopharmaceuticals,est/swe/lat/ice/den
V10BX01,Strontium (89Sr) chloride,fin/swe
V10BX02,Samarium (153Sm) lexidronam,fin/swe
V10BX03,Rhenium (186Re) etidronic acid,fin/swe
V10XA,Iodine (131I) compounds,est/swe/lat/ice/den
V10XA01,Sodium iodide (131I),fin/swe
V10XA02,Iobenguane (131I),fin/swe
V10XA03,Iodine (I-131) omburtamab,fin/swe
V10XA53,Tositumomab/iodine (131I) tositumomab,fin/swe
V10XX,Various therapeutic radiopharmaceuticals,est/swe/lat/ice/den
V10XX01,Sodium phosphate (32P),fin/swe
V10XX02,Ibritumomab tiuxetan (90Y),fin/swe
V10XX03,Radium (223Ra) dichloride,fin/swe
V10XX04,Lutetium (177Lu) oxodotreotide,fin/swe
WAA000,Monitoring vital functions without anesthesia,swe/ice/fin
WAA002,Sedation and analgesia,swe/lat/ice/fin/nor
WAA020,Anaesthesia level monitoring,lat/nor
WAA100,Conjunctival surface anesthesia,ice/fin
WAA102,Other mucous membrane anesthesia,swe/ice/est
WAA104,Extensive externally applied surface anesthesia,swe/ice/fin
WAA112,Superficial analgesia,swe/lat/ice/fin/nor/est
WAA114,Local hypothermia,swe/ice
WAA129,Iintravenous regional anesthesia,swe/lat/ice/fin/nor
WAA130,Interpleural anesthesia,swe/lat/ice/fin/nor/est
WAA140,Parabulbar anesthesia,ice/fin
WAA142,Sub-tenon anesthesia,ice/fin
WAA144,Subconjunctival anesthesia,ice/fin
WAA150,Facett joint blockade,swe/lat/ice/nor
WAA152,Ankle joint blockade,lat/ice/nor
WAA154,Subacromial blockade,swe/lat/ice/nor
WAA156,Sacroiliac joint blockade,swe/lat/ice/nor
WAA192,Trigger point block,swe
WAA193,Trigger point pressure,swe
WAA199,Other local anaesthesia,swe/lat/ice/fin/nor/est
WAA200,Interscalenous plexus blockade,swe/lat/ice/fin/nor
WAA202,Supraclavicular plexus blockade,swe/lat/ice/fin/nor
WAA203,Infraclavicular plexus blockade,swe/lat/ice/fin/nor
WAA204,Axillary plexus blockaced,swe/lat/ice/fin/nor
WAA209,Other plexus blockade of upper extremity,swe/ice
WAA210,Lumbar plexus blockade,swe/fin
WAA211,Plexus blockade of nervus ichiadicus,swe/lat/ice/nor
WAA212,Femoral plexus blockade,swe/lat/ice/fin/nor
WAA213,Lower leg plexus blockade,fin
WAA214,Plexus blockade at the ankle,swe/ice/fin
WAA219,Other regional blockade of lower extremity,swe/ice
WAA220,Ilioinguinal plexus blockade,swe/lat/ice/fin/nor
WAA222,Iliohypogastic blockade,swe/lat/ice/fin/nor
WAA224,Blockade of obturius nerve,ice/fin
WAA229,Other regional blockade of pelvis,swe/lat/ice/nor
WAA230,Plexus blockade of nervus pudendus,ice/fin/swe
WAA234,Paracervical blockade,swe/ice/fin
WAA240,Penis blockade,swe/lat/ice/fin/nor
WAA250,Intercostal blockade,swe/lat/ice/fin/nor/est
WAA260,Paravertebral blockade,swe/ice
WAA264,Vertebral nerve root blockade,swe/lat/ice/nor
WAA268,Blockade of intervertebral disk,swe/lat/ice/nor
WAA280,Blockade of trigeminal nerve,swe/ice/est
WAA289,Blockade of other cranial nerve,ice/est
WAA290,Other blockade of nerve,swe/lat/ice/fin/nor/est
WAA299,Other minor blockade of peripheral nerve,swe/est
WAA300,Cervical epidural anesthesia,swe/ice/fin
WAA302,Thoracal epidural anesthesia,swe/ice/fin/est
WAA306,Lumbar epidural anesthesia,swe/lat/ice/fin/nor
WAA307,Acute epidural anesthesia for delivery,ice/fin
WAA308,Sacral anesthesia,swe/lat/ice/fin/nor
WAA309,Other epidural anesthesia,swe
WAA320,Spinal anesthesia,swe/lat/ice/fin/nor
WAA322,Acute spinal anesthesia for delivery,ice/fin
WAA330,Combined spinal and epidural anesthesia,lat/ice
WAA340,Paravertebral anesthesia,ice/fin
WAA400,Inhalation anesthesia,lat/ice/fin/nor
WAA404,Short intravenous anesthesia,lat/ice/fin/nor
WAA408,Balanced anesthesia,swe/lat/ice/fin/nor
WAA418,Medically induced coma,swe
WAA419,Other general anesthesia,swe/lat/ice/fin/nor
WAA600,Single shot through catheter,ice/den/fin
WAA602,Repeated shots throug a catheter,ice/fin/swe
WAA610,Patient controlled analgesia,ice/fin/swe
WAA700,Respiratory and circulatory monitoring,swe/ice/den/fin
WAA702,Laryngeal mask or nasal sprongs,swe/ice/den/fin/nor
WAA703,Insertion of pharyngeal or nasopharyngeal tube,ice/den/fin
WAA704,Intubation,swe/lat/ice/den/fin/nor
WAA706,Retrograde intubation,ice/fin
WAA707,Fiberoendoscopic intubation,swe/lat/ice/fin/nor
WAA720,Own respiration,ice/fin
WAA721,Oxygen therapy,swe/lat/ice/den/fin/nor
WAA722,Positive end-expiratory pressure (PEEP) therapy,swe/lat/ice/den/fin/nor
WAA723,Hyperventilation,ice/den
WAA725,Manual ventilation,swe/lat/ice/den/nor
WAA727,Hyperbaric oxygen therapy,swe/lat/ice/fin/nor
WAA728,Continuous positive airway pressure therapy (CPAP),swe/lat/den/fin
WAA729,Non invasive respirator therapy,swe/fin
WAA730,Conventional respirator,swe/lat/ice/den/fin/nor
WAA732,High frequency respirator,swe/lat/ice/fin/nor
WAA734,Long term respirator therapy (>96 hours),swe
WAA740,Nitrogen oxide therapy,swe/ice/den/fin
WAA749,Treatmet wih other inhaled gases,lat/ice/nor
WAA750,Tracheal rinsing,ice
WAA752,Airway suction,swe/lat/ice/den/nor
WAA810,Neonatal intensive care,ice
WAA820,Neurological intensive care,ice
WAA840,Intensive care for burns,ice
WAA870,Other postoperative intensive care,ice
WAA880,Other non-postsurgical intensive care,ice/fin
WAA890,Central termperature monitoring,swe
WAA891,Circulatory monitoring of intensive care,swe/ice
WAA892,Intensive care and anaesthesia respiratory monitoring,swe/ice
WAA894,Intensive care neurologic monitoring,swe/lat/ice
WAA895,Monitoring urinary production,swe
WAA896,Invasive intensive care monitoring,swe/ice
WAA897,Blood coagulation monitoring during intensive care and anaesthesia,swe/ice
WAA898,Monitoring the level of anaesthesia,swe/ice/nor
WAA899,Other intensive care monitoring,swe/ice/fin
WAA900,Resuscitation,swe/lat/ice/den/fin/nor
WAA902,External defibrillation of heart,swe/ice/fin
WAA904,Open defibrillation of heart,ice/fin
WAA906,Hearth external pacing,fin
WAA930,Induced hypothermia,swe/lat/ice/den/fin/nor
WAA940,Warming of hypothermic patient with heart-lung device,lat/ice/fin
WAA949,Warming of hypothermic patient with other methods,lat/ice/den/fin/nor
WAB000,Neonatal incubator therapy,swe/lat/ice/nor
WAB020,Intensive care or anesthesia of a patient lying on her stomach,swe/ice
WAB100,Parenteral nutrition,swe/lat/ice/nor
WAB110,Special enteral nutrition,swe/lat/ice/nor
WABA00,Lifesupport at place of accident,swe
WABA10,Lifesupport as first aid at hospital for accident,swe
WABA90,Lifesupport for organ donation,swe
WABB00,Preoperative medical evaluation,swe
WABB10,Preoperative nursing evaluation,swe
WAX042,Provisional code for new intervention - 42,nor
WAXA00,Transcutaneous oxygen measurement,fin
WAXX10,Care of endotracheal or tracheal tube,swe
WAXX90,Monitoring vital signs,swe
WBO010,Adjuvant whole body radiotherapy,ice/fin
WBO019,Other whole body radiotherapy,swe/lat/ice/fin/nor
WBO029,Half body radiotherapy,ice/fin
WBO039,Radiotherapy with free isotopes,swe/ice/fin/nor
WBO099,Other broad area radiotherapy,lat/ice/fin
WCO101,Simple cytostatic neoadjuvant therapy,ice/fin
WCO103,Simple adjuvant cytostatic therapy,ice/fin/nor
WCO111,Multiple neoadjuvant cytostatic therapy,ice/fin
WCO113,Multiple adjuvant cytostatic therapy,ice/fin
WCO121,Demanding neoadjuvant cytostatic therapy,ice/fin
WCO123,Demanding adjuvant cytostatic therapy,ice/fin
WCO131,Very demanding neoadjuvant cytostatic therapy,ice/fin
WCO133,Very demanding adjuvant cytostatic therapy,ice/fin
WCO201,Simple neoadjuvant hormone therapy of malignancy,ice/fin
WCO203,Simple adjuvant hormone therapy of malignancy,ice/fin
WCO211,Neoadjuvant hormone therapy of malignancy,ice/fin
WCO213,Adjuvant hormone therapy of malignancy,ice/fin
WCO221,Demanding neoadjuvant hormone therapy of malignancy,ice/fin
WCO223,Demanding adjuvant hormone therapy of malignancy,ice/fin
WCO301,Simple neoadjuvant therapy of malignancy with biomodifiers,ice/fin
WCO303,Simple adjuvant therapy of malignancy with biomodifiers,ice/fin
WCO311,Neoadjuvant multiple therapy of malignancy with biomodifiers,ice/fin
WCO313,Adjuvant multiple therapy of malignancy with biomodifiers,ice/fin
WCO321,Multiple adjuvant therapy of malignancy with biomodifiers,ice/fin
WCO323,Demanding adjuvant therapy of malignancy with biomodifiers,ice/fin
WCO401,Immune therapy of malignancy,swe/fin
WCO501,Enzymatic therapy of malignancy,fin
WDO101,Simple neoadjuvant cytostatic therapy of local tumor recidive,ice/fin
WDO105,Simple cytostatic therapy of local tumor recidive,ice/fin
WDO111,Neoadjuvant multiple cytostatic therapy of local tumor recidive,ice/fin
WDO115,Cytostatic therapy of local tumor recidive with multiple drugs,ice/fin
WDO121,Demanding neoadjuvant cytostatic therapy of local tumor recidive,ice/fin
WDO125,Demanding cytostatic therapy of local tumor recidive,ice/fin
WDO131,Very demanding neoadjuvant cytostatic therapy of local tumor recidive,est/ice/fin
WDO135,Very demanding cytostatic therapy of local tumor recidive,ice/fin
WDO201,Simple neoadjuvant therapy of local tumor recidive with hormone,ice/fin
WDO205,Simple therapy of local tumor recidive with hormone,ice/fin
WDO211,Neoadjuvant therapy of local tumor recidive with several hormones,ice/fin
WDO215,Therapy of local tumor recidive with several hormones,ice/fin
WDO221,Demanding neoadjuvant therapy of local tumor recidive with hormone,ice/fin
WDO225,Demanding therapy of local tumor recidive with hormone,ice/fin
WDO301,Simple neoadjuvant therapy of local tumor recidive with biomodifiers,ice/fin
WDO305,Simple therapy of local tumor recidive with biomodifiers,ice/fin
WDO311,Neoadjuvant multiple therapy of local tumor recidive with biomodifiers,ice/fin
WDO315,Multiple therapy of local tumor recidive with biomodifiers,ice/fin
WDO321,Demanding neoadjuvant therapy of local tumor recidive with biomodifiers,ice/fin
WDO325,Demanding therapy of local tumor recidive with biomodifiers,ice/fin
WDO401,Immune therapy of local tumor recidive,fin
WDO501,Enzymatic therapy of local tumor recidive,fin
WEO105,Cystostatic therapy of methastized malignancy,ice/fin
WEO115,Multiple cystostatic therapy of methastized malignancy,ice/fin
WEO125,Demanding cystostatic therapy of methastized malignancy,ice/fin
WEO135,Very demanding cystostatic therapy of methastized malignancy,ice/fin
WEO205,Therapy of methastized malignancy with hormones,ice/fin
WEO215,Multiple therapy of methastized malignancy with hormones,ice/fin
WEO225,Demanding therapy of methastized malignancy with hormones,ice/fin
WEO305,Simple therapy of methastized malignancy with biomodifiers,ice/fin
WEO315,Multiple therapy of methastized malignancy with biomodifiers,ice/fin
WEO325,Demanding therapy of methastized malignancy with biomodifiers,ice/fin
WEO405,Simple antibody therapy of methastized malignancy,fin
WEO415,Demanding antibody therapy of methastized malignancy,fin
WEO505,Simple enzyme inhibitor or similar therapy of methastized malignancy,fin
WEO515,Demanding enzyme inhibitor or similar therapy of methastized malignancy,fin
WFMC00,Follow-up of blood sugar levels,ice
WFO100,Profylactive cystotatic therapy,ice/fin
WFO198,Palliative cytostatic therapy,ice
WFO200,Profylactive therapy of malignancy with hormones,ice/fin
WFO298,Palliative therapy of malignancy with hormones,ice
WFO300,Profylactive therapy of malignancy with biomodifiers,ice/fin
WFO398,Palliative therapy of malignancy with biomodifiers,ice
WFO400,Other or unspecified cytostatic therapy,ice/den
WGF000,Bone marrow aspiration,est/swe/lat/ice/den/fin/nor
WGF010,Bone marrow drill biopsy,est/swe/lat/ice/den/fin/nor
WGFA00,Transcutaneous bilirubin measurement,swe/ice/nor
WGFB00,Shillingtest with radioisotope,swe/ice
WGFC00,Measurement of blood volume,swe/lat/ice
WGFG99,Examination of immunodeficiency,ice
WGFX90,Hematologic clinical examination,swe/ice
WGFX92,Extended testing for bleeding disorders,swe/nor
WGIA00,Bone marrow isotope imaging,swe/ice/fin/nor
WGIA90,Partial local bone marrow isotope imaging,swe/ice
WGIB00,Inflammation foci isotope imaging,swe/ice/fin
WGIB04,Infflammation foci SPET with low dose CT,fin
WGIB10,Leucocyte distribution isotope imaging,ice/fin/nor
WGIB20,Erythrocyte organ accumulation measurement with isotope technique,ice/fin/nor
WGIB24,Erythrocyte life-span measurement with isotope technique,ice/fin/nor
WGIB26,Erythrocyte total volume measurement with isotope technique,ice/fin
WGIB30,Thrombocyte organ accumulation measurement with isotope technique,ice/fin
WGIB34,Thrombocyte life-span measurement with isotope technique,ice/fin
WGIB50,Plasma volume measurement with isotope technique,ice/fin
WGIB54,Blood volume measurement with isotope technique,ice/fin/nor
WGIC00,Vitamine B12 absorbtion isotope test,ice/fin
WGIC10,Vitamine B12 absorbtion isotope test with intrinsic factor,ice/fin
WGO300,Transfer of autologic stemm cells,swe/lat/ice/den/fin/nor
WGO302,Allogenic transfer of stemm cells from relative,swe/lat/ice/den/fin/nor
WGO304,Transfer of stemm cells from registered domestic donator,swe/ice/den/fin
WGO306,Transfer of stemm cells from foreign registered donator,ice/fin
WGO309,Transfer of unspecified stemm cells,lat/ice/den/nor
WGO310,Transfer of stem cells from cord blood,swe/lat/ice/fin/nor
WGOA00,Immunoradiotherapy,ice/fin
WGX200,Vaccination or immunization,swe/lat/ice/den/fin/nor
WGX202,Rh-immunization for prophylaxis,swe
WGX210,Hyposensibilisation,swe/lat/ice/den/fin/nor
WGX400,Plasmapheresis,swe/lat/ice/den/fin/nor
WGX401,Plasmaferesis with special filtration,lat/ice/nor
WGX402,Leukapheresis,swe/lat/ice/den/fin/nor
WGX404,Plateletpheresis,lat/ice
WGX406,Extracorporeal photopheresis,ice/nor
WGX409,Other apheresis,swe/lat/ice/den/fin
WGX410,Apheresis with special adsorption,swe
WGX420,Hemoperfusion,lat/nor
WGX500,Blood or erythrocyte transfusion,swe/lat/ice/den/fin/nor
WGX501,"Transfusion, plasma, allogen",swe
WGX502,Autotransfusion,lat/ice/den/fin/nor
WGX504,Preoperative hemodilution,swe/lat/ice/nor
WGX506,Venesection,ice
WGX507,Transfusion of granulocytes,swe/lat/ice
WGX508,Transfusion of thrombocytes,swe/lat/ice/den/nor
WGX509,Transfusion of other components of blood,swe/lat/ice/den/nor
WGX510,Blood exchange transfusion,swe/lat/ice/den/fin/nor
WGX512,Irradiation of blood products,lat/ice
WGX520,Peroperative blood salvage,swe
WGX522,Preoperative collection of blood,swe
WGX600,Antihemophilia factor dose testing,swe/ice
WGXA00,General hemostasis,swe/ice
WGXB00,Immune tolerance induction in hemophilia patients with inhibitors,swe
WGXX90,Other care for hematogic and immune system problems,den
WHFA00,Follow-up and adjustment of fluid and electrolyte balance,ice
WHFB00,Detoxication,nor
WHFC00,Magnesium test for magnesium deficiency,swe/ice
WHFC01,Administration of magnesium sulfate,swe
WHX300,Insertion of pumping device,swe/lat/ice/den/nor
WHX301,Exchange of pumping device,swe/ice/den
WHX302,Checkup and reprogramming of pumping device,swe/lat/ice/den/nor
WHX309,Removal of pumping device,swe/lat/ice/den/nor
WHX520,Oedema therapy with compression,swe/lat/ice/den/nor
WHX529,Other therapy of oedema,swe/ice/den
WHX530,Regional hyperterm perfusion,ice/den
WHXC00,Insertion of intraosseus infusion needle,swe/ice
WIFA00,Prick test,swe/lat/ice/fin/nor
WIFB00,Epicutan test,swe/lat/ice/fin/nor
WIFB10,Cutaneous scratchtest,swe
WIFB20,Test for contact urticaria,fin
WIFB30,Repeated open application test (ROAT),fin
WIFC00,Physical test for urticaria,ice/fin
WIFD00,Photopatchtest of photoallergen,swe/lat/ice/fin/nor
WIFD10,Measurement of UVB minimum eryhtema dose,fin
WIFD20,Measurement of UVA minimum phototoxic dose,fin
WIFD30,Light provocation test,fin
WIFE00,Conjunctival allergen provocation test,swe/ice/fin
WIFE10,Nasal allergen provocation test,swe/lat/ice/fin/nor
WIFE20,Bronchial allergen provocation test,swe/ice/nor
WIFE38,Other peroral provocation,swe/lat/ice/fin/nor
WIFF00,Intracutantest,ice/fin
WIFX00,Other provocation test for allergy,swe/ice/fin
WIFZ00,Examination of hypersensitivity,swe/ice
WIXA00,Allergy cleanup guidance,swe/ice/fin
WIXX00,Monitoring allergic reaction,swe
WJXA00,Medical evaluation of environment,swe/ice/fin
WJXA10,Measurements of exposures from environment,swe/ice/fin
WMFA00,Indirect calorimetry,swe/lat/ice/nor
WMFA10,Food and nutritient intake registration and follow-up,swe/ice
WMFB00,Fat tolerance test,swe/ice
WMFC00,Measurement of basic metabolism,ice
WMFX00,Dietist analysis and recommendation of diet,swe/ice/nor
WMIA00,FDG-PET imaging of glucose metabolism,ice
WMIA10,FDG-PET imaging of glucose metabolism combined to CT,ice
WMXA00,Use and prescription of special nutritients,swe/ice
WMXB00,Bodyweight follow-up and support of bodyweight correction,ice
WNFA00,Follow-up of body temperature,ice
WNFB00,Tuberculin test,lat/nor
WNFX00,Infection source and contact determination,swe/ice/fin
WNFX90,Other care for intectious disease problem,den
WRZA00,Long statement of health and health related matters,swe/ice/den/fin/nor
WRZA20,Statement of death,ice
WRZA90,Other health statement,swe/ice/den/fin/nor
WRZB10,Fotographic or video documentation,ice
WRZB99,Other documentation,ice/fin
WRZC99,Data collection,ice
WRZD00,Planning of intervention or health care consultation,ice/fin
WRZE00,Informed consent,den
WSZA10,Quality management,ice
WSZA20,Marketing and information,ice
WSZA99,Other administration,swe/ice
WSZB00,Personal education,ice
WSZB20,Teaching,swe/lat/ice/den/fin/nor
WSZB40,Producing and publishing written material,ice
WSZC00,Research and development,ice
WSZC10,Exercise for intervention,den
WSZD00,Device service,ice/fin
WSZE00,Plan for crisis,swe
WSZE10,Planning care,swe
WTXA90,Care for psychosocial problems,den
WTXX00,Intervention for dependency and abuse,swe/ice/den
WTXX30,Intervention for weight reduction and nutrition,den
WTXX90,Intervention for other risk behaviour,den
WVXA90,Medication testing,swe/ice
WVXB00,Evaluation of need for continuous medication,swe/ice/fin/nor
WVXB02,Demanding evaluation of medication,swe/nor
WVXX00,Other intervention for medication,swe/den/nor
WXDA1P,Total body mineral density measurement with Dual energy X-ray absorptiometry (DXA),fin
WXDA90,Post mortem X-ray,fin
WXDB4L,Localisation of catheter in body,ice/fin
WXDD4A,Body CT  exmanination,ice/fin
WXDD4B,Post moterm CT,ice/fin
WXDD5B,Head and body CT examination for trauma,ice/den/fin
WXDE00,Focused Assessment with Sonography in Trauma,fin/nor
WXDG1A,Total body MRI,den/fin/nor
WXDG4B,Body MRI with high intensity magnet,fin
WXDG90,Post mortem MRI,fin
WXFX00,Genetic analysis,swe
WXIA00,Total body isotope imaging,swe/ice/fin/nor
WXIB00,Total body PET,ice/fin
WXIB02,Whole body gamma PET with low-dose CT,fin
WXIC00,Whole body metabolic PET,fin
WXIC02,Whole body metabolic PET with CT,fin
WXIC04,Total body metabolic PET with MRI,fin
WXIC12,Whole body extensive receptor PET-CT,fin
WXIC14,Total body receptor PET with MRI,fin
WXIW00,Total body PET combined to isotope imaging,ice/fin
WXX600,Blue light therapy of newborn,swe/lat/ice/den/nor
WXX610,Psoralen - Ultraviolet A therapy,swe/lat/ice/den/fin/nor
WXX612,Psoralen - Ultraviolet A therapy with local sensitivisation,swe/fin
WXX620,UVB/UVA light therapy,swe/lat/den/fin/nor
WXX621,UVA1 light therapy,swe/den/fin
WXX624,UVB/UVA light therapy,swe/ice/fin
WXX626,UVB broad spectrum light therapy,swe/fin
WXX627,UVB narrow spectrum light therapy,den/fin
WXX630,Antidepressive phototherapy,swe/ice/den
WXX640,Photodynamic therapy of skin,swe/ice
WXX650,Intense pulsed light -therapy (IPL),swe
WXX690,Other phototherapy,swe/lat/ice/den/fin/nor
WXXA00,Histologic examination of extensive preparate from surgery,fin
WXYA00,Obduction for metabolic problem,ice
WXYA10,Obduction for infectious disease problem,ice/fin
WXYA20,"Obduction, neuropathologic",ice/fin
WXYA90,"Obduction, other",ice/fin
WXYB00,Diagnosis of death,swe/fin
WXYX90,Other care of dead body,swe/ice
WYX800,Transport to other hospital with 1 staff member,ice/fin
WYX802,Transport to other hospital with 2 or more staff members,swe/lat/ice/fin/nor
WYX808,Other transport of patient,swe/ice/fin
WZAA00,Sampling for laboratory examinations,swe/fin
WZX001,Provisional code for new intervention - 1,nor
WZX002,Provisional code for new intervention - 2,nor
WZX003,Provisional code for new intervention - 3,nor
WZX004,Provisional code for new intervention - 4,nor
WZX005,Provisional code for new intervention - 5,nor
WZX006,Provisional code for new intervention - 6,nor
WZX007,Provisional code for new intervention - 7,nor
WZX008,Provisional code for new intervention - 8,nor
WZX009,Provisional code for new intervention - 9,nor
WZX010,Provisional code for new intervention - 10,nor
WZX011,Provisional code for new intervention - 11,nor
WZX012,Provisional code for new intervention - 12,nor
WZX013,Provisional code for new intervention - 13,nor
WZX014,Provisional code for new intervention - 14,nor
WZX015,Provisional code for new intervention - 15,nor
WZX016,Provisional code for new intervention - 16,nor
WZX017,Provisional code for new intervention - 17,nor
WZX018,Provisional code for new intervention - 18,nor
WZX019,Provisional code for new intervention - 19,nor
WZX020,Provisional code for new intervention - 20,nor
WZX021,Provisional code for new intervention - 21,nor
WZX022,Provisional code for new intervention - 22,nor
WZX023,Provisional code for new intervention - 23,nor
WZX024,Provisional code for new intervention - 24,nor
WZX025,Provisional code for new intervention - 25,nor
WZX026,Provisional code for new intervention - 26,nor
WZX027,Provisional code for new intervention - 27,nor
WZX028,Provisional code for new intervention - 28,nor
WZX029,Provisional code for new intervention - 28,nor
WZX030,Provisional code for new intervention - 30,nor
WZX031,Provisional code for new intervention - 31,nor
WZX032,Provisional code for new intervention - 32,nor
WZX033,Provisional code for new intervention - 33,nor
WZX034,Provisional code for new intervention - 34,nor
WZX035,Provisional code for new intervention - 35,nor
WZX036,Provisional code for new intervention - 36,nor
WZX037,Provisional code for new intervention - 37,nor
WZX038,Provisional code for new intervention - 38,nor
WZX039,Provisional code for new intervention - 39,nor
WZX040,Provisional code for new intervention - 40,nor
WZX041,Provisional code for new intervention - 41,nor
WZX043,Provisional code for new intervention - 43,nor
WZX044,Provisional code for new intervention - 44,nor
WZX045,Provisional code for new intervention - 45,nor
WZX046,Provisional code for new intervention - 46,nor
WZX047,Provisional code for new intervention - 47,nor
WZX048,Provisional code for new intervention - 48,nor
WZX049,Provisional code for new intervention - 49,nor
WZX050,Provisional code for new intervention - 50,nor
WZZ100,Procedure not related to patient work,ice
WZZ998,Other impossible or unspecifed procedure,est/swe/lat/ice/den/fin/nor
WZZ999,Other minor procedure,est/swe/lat/ice/den/fin/nor
X99XX99,Veteriary substance not registered for human use,swe
XXAO10,"Radiotherapy of local residive tumor, unspecified",fin
XXAO20,"Radiotherapy of metastasis, unspecified",fin
XXAO30,"Profylactic radiotherapy, unspecified",fin
XXAO99,"Other radiotherapy, unspecified",fin
XXDA9L,Transillumination without contrast,ice/fin/nor
XXDA9X,Other X-ray examination without contrast,swe/ice/fin/nor
XXDB9T,Complementary X-ray examination wtih contrast,ice/fin
XXDB9X,Other X-ray examination with contrast,lat/ice/fin/nor
XXDD8V,Stereotactic CT examination for dose design of radiotherapy,ice/den/fin
XXDD9T,Complementary CT examination,ice
XXDD9V,Other CT examination for dose design of radiotherapy,ice/den/fin
XXDD9X,Other or complementary CT-examination,swe/lat/ice/den/fin/nor
XXDE9K,Ultrasound examination with contrast,ice/fin
XXDE9T,Compementary ultrasound examination,ice/fin
XXDE9X,Other ultrasound examination,est/swe/lat/ice/den/fin/nor
XXDG8V,Stereotactic MRI examination for dose design of radiotherapy,ice/den/fin
XXDG9B,Other MRI examination,est/swe/lat/ice/den/fin/nor
XXDG9V,Other MRI examination for dose design of radiotherapy,ice/fin
XXDK80,Other tractography,
XXDK9A,Other spectroscopy,ice/den/fin/nor
XXDL9A,Other magnetography,ice
XXDW1A,Written report from X-ray examination without contrast peformed elsewhere,ice
XXDW1B,Written report from X-ray examinaiton with contrast performed elsewhere,ice
XXDW1C,Written report from angiography performed elsewhere,ice
XXDW1D,Written report from CT examination performed elsewhere,ice
XXDW1F,Written report from MRI examination performed elsewhere,ice
XXDW1X,Written report from other radiographic examinaiton performed elsewhere,ice/fin/nor
XXDW2A,Teleradiological consultation from X-ray examination without contrast,ice
XXDW2B,Teleradiological consultation about X-ray examination with contrast,ice
XXDW2C,Teleradiological consultation about angiography,ice
XXDW2D,Teleradiological consultation about CT examination with contrast,ice
XXDW2F,Teleradiological consultation about MRI examination with contrast,ice
XXDW2X,Other teleradiological consultation,ice/fin
XXDW3D,Time consuming IT work,ice/fin
XXDW9A,Production of copy from X-ray picture,ice/fin
XXDX00,Determination of body composition with DEXA method,swe/ice/nor
XXDX10,Determination of body composition with CT,swe/ice
XXEA00,Other diagnostic endoscopy,swe/fin
XXFA00,Transillumination of cyst,ice
XXFB00,Measurement of bioimpedance,fin/nor
XXFC00,Thermography,swe/nor/fin
XXFD00,Confocal microscopy,den
XXFD10,Fluorescein angiography,den
XXFD20,Patological illustration without intervention code,fin
XXFF90,Other photography or video,fin
XXFF95,3D print,fin
XXFX00,Determination of body composition by impedance measurement,swe/ice
XXFX10,Thin layer chromatography,fin
XXFX99,Clinical examination of several organ systems,swe
XXIB00,Other SPECT examination,swe/ice/fin/nor
XXIC00,Other positronemissionstomography (PET),swe/ice/fin
XXIC02,Other PET with CT,fin/nor
XXIC04,Other PET with MRI,fin
XXIW00,Written report of isotope images from other units,ice
XXIW10,Teleconsultation of isotope images,ice
XXIW60,Limited area PET,ice/fin
XXIW62,Limited area metabolic PET with CT,fin
XXIX00,Other isotope imaging,swe/ice/fin/nor
XXIX04,Isotope examination with measurement,ice/fin
XXIX10,Other isotope examination,est/ice/fin
XXIX30,Complementary isotope examination,ice/fin
XXIX32,Complementary SPECT with CT,fin
XXIX80,Isotope labeling of cells,ice
XXIX99,Isotope administration,est/ice/fin
XXOA00,"Preoperative radiotherapy, unspeciified",fin
XXOA02,"Radical radiotherapy, unspecified",fin
XXOA04,"Adjuvant radiotherapy, unspecified",fin
XXOA06,"Palliative radiotherapy, unspecified",fin
XXOA09,Radiotherapy of unspecified organ,nor
XXSA00,Other transplant of body part,fin
XXXA00,Clinical examination requiring general anaesthesia,est/swe/lat/ice/fin/nor
XXXB00,Drawing single blood specimen for one or several laboratory analyses,ice
XXXB10,Tolerance test with drawing of necessary blood specimens,ice
XXXC00,Collection of urine,swe/ice/nor
XXXC02,Collection of 24h urine with/without measurement of drinking volume,swe/lat
XXXD00,Collection of bacteriological samples,ice
XXXD10,Collection of cytological samples,ice
XXXE00,Irrigation of drenage,swe/ice
XXXE02,Irrigation and clearing of operational cavity,swe/ice
XXXE08,Removal of drenage,swe/ice
XXXF00,Removal of radioactive source for brachytherapy,swe/ice
XXXG00,Implantation of soft tissue marker for image guided radiotherapy,lat/nor
XXXT00,Drawing blood specimen,ice/fin
XXXT10,Other puncture,swe/ice/nor
XXXT1A,Other puncture with ultrasound guidance,ice/fin
XXXT1B,Other puncture with X-ray guidance,ice/fin
XXXT1C,Other puncture with CT guidance,ice/fin
XXXT1D,Other puncture with MRI guidance,ice/fin
XXXT1X,Other puncture with other radiological guidance,ice/fin
XXXT2A,Other injection with ultrasound examination,ice/fin
XXXT2B,Other injection with X-ray guidance,ice/fin
XXXT2C,Other injection with CT guidance,ice/fin
XXXT2D,Other injection with MRI guidance,ice/fin
XXXT2X,Other injection with other radiological guidance,ice/fin
XXXT3A,Other labeling with ultrasound guidance,ice/fin
XXXT3B,Other labeling with X-ray guidance,ice/fin
XXXT3C,Other labeling with CT guidance,ice/fin
XXXT3D,Other labeling with MRI guidance,ice/fin
XXXT3X,Other labeling with other radiological guidance,ice/fin
XXXT4A,Other canalization with ultrasound guidance,ice/fin/nor
XXXT4B,Other canalization with X-ray guidance,ice/fin
XXXT4C,Other canalization with CT guidance,ice/fin/nor
XXXT4D,Other canalization with MRI guidance,ice/fin
XXXT4F,Exchange of other catheter with radiological guidance,ice/fin/nor
XXXT4X,Other canalization with radiological guidance,ice/fin
XXXT5K,Sclerotherapy of other cyst,ice/fin
XXXT5W,Laser therapy with ultrasound guidance,ice/fin
XXXT60,"Other focused ultrasound therapy, MR guidance",nor
XXXT6A,Sclerotherapy with direct puncture,ice/fin
XXXT6K,Other sclerotherapy,ice/fin
XXXT6L,Other heat coagulation,ice/fin/nor
XXXT6R,Other dilatation wtih radiological guidance,ice/fin
XXXT6X,Other intravascular therapy with radiological guidance,ice/fin
XXXT6Z,Removal of foreign body from other lcation wtih radiological guidance,ice/fin/nor
XXXT9T,Complementary radiological intervention,ice/fin
XXXT9X,Other radiological intervention,ice/nor
XXXV00,Testing and adjustment of other prosthesis,swe/ice
XXXX80,Other tamponade,swe
XXXX90,Other specified therapy,swe/nor
XXXX99,Other collection of samples,ice
XZXX90,Code for future use,
YCSA00,Excision of cornea for transplantation,est/swe/lat/ice/den/fin/nor
YESA00,Excision of mucos membrane from mouth for autograft,ice/den/fin
YESA05,Excision of gingiva and attached connective tissue for transplant,ice/den/fin
YFSA00,Excision of heart for transplantation,est/swe/lat/ice/den/fin/nor
YFSA10,Excision of heart for domino transplantation,est/swe/lat/ice/den/fin/nor
YFSA20,Block excision of heart and lung for transplantation,est/swe/lat/ice/den/fin/nor
YFSA50,Excision of heart for preparation of homograft,est/swe/lat/ice/den/fin/nor
YFSA99,Other procedures relating to excision of organs for heart or heart and lung transplantation,est/swe/lat/ice/den/fin/nor
YGSA00,Excision of one or both lungs from cadaver donor,est/swe/lat/ice/den/fin/nor
YGSA10,Excision of lung from living donor,est/swe/lat/ice/den/fin/nor
YGSA20,Excision of lobe of lung from living donor,est/swe/lat/ice/den/fin/nor
YGSA99,Other procedures relating to excision of lung for transplantation,est/swe/lat/ice/den/fin/nor
YJSA00,Partial excision of liver from living donor,est/swe/lat/ice/den/fin/nor
YJSA10,Excision of liver from cadaver donor,est/swe/ice/den/fin/nor
YJSB00,Excision of small intestine for transplantation,est/swe/lat/ice/den/fin/nor
YJSC00,Block excision of stomach and small intestine for transplantation,est/swe/lat/ice/den/fin/nor
YJSD00,Excision of pancreas for preparation of islet cell transplant,est/swe/lat/ice/den/fin/nor
YJSD10,Partial excision of pancreas from living donor,est/swe/lat/ice/den/fin/nor
YJSD20,Partial excision of pancreas from cadaver donor,est/swe/lat/ice/den/fin/nor
YJSD30,Excision of pancreas from cadaver donor,est/swe/lat/ice/den/fin/nor
YJSD90,Pancreas checkup and preparation for transplantation,fin
YKSA00,Excision of kidney from living donor,est/swe/lat/ice/den/fin/nor
YKSA01,Percutaneous endoscopic excision of kidney from living donor,est/swe/lat/ice/den/fin/nor
YKSA02,Excision of kidneys from cadaver donor,est/swe/lat/ice/den/fin/nor
YKSA90,Kidney checkup and preparation for transplantation,fin
YLSA00,Excision of facial structures for transplant,fin
YLSA01,Excision of facial soft tissue for transplant,fin
YLSA02,Excsion of facial soft tissues and bones for transplant,fin
YLSA10,Excision of upper arm for transplant,fin
YLSA20,Excision of lower extremity for transplant,fin
YLSA30,Excision of abdominal wall for transplant,fin
YNSA00,Excision of cancellous bone from pelvis for transplantation,est/swe/lat/ice/den/fin/nor
YNSA01,Excision of block of cortical and cancellous bone from pelvis for transplantation,est/swe/lat/ice/den/fin/nor
YNSA02,Excision of cancellous bone from other donor site for transplantation,est/swe/lat/ice/den/fin/nor
YNSA03,Excision of block of cortical and cancellous bone from other donor site for transplantation,est/swe/lat/ice/den/fin/nor
YNSA04,Excision of intact bone for transplantation,est/swe/lat/ice/den/fin/nor
YNSA05,Excision of bone with nutrient vessels for transplantation,est/swe/lat/ice/den/fin/nor
YNSA06,Excision of bone with attached cartilage for transplantation,est/swe/lat/ice/den/fin/nor
YNSA09,Other excision of bone for transplantation,est/swe/lat/ice/den/fin/nor
YNSA10,Excision of tendon for transplantation,est/swe/lat/ice/den/fin/nor
YNSA20,Excision of cartilage for transplantation,est/swe/lat/ice/den/fin/nor
YNSA30,Excision of periosteum for transplantation,est/swe/lat/ice/den/fin/nor
YNSA40,Excision of muscle for transplantation,est/swe/lat/ice/den/fin/nor
YNSA45,Excision of muscle with nutrient vessels for transplantation,est/swe/lat/ice/den/fin/nor
YNSA50,Excision of menisc for transplantation,swe/ice/den
YNSA99,Other excision of tissue from musculoskeletal system for transplantation,est/swe/lat/ice/den/fin/nor
YNSB00,Collection of bone marrow for transplantation,est/swe/lat/ice/den/fin/nor
YNSB10,Collection of stem cells for transplant,est/swe/lat/ice/den/fin/nor
YNSB12,Immunological modulation of stem cells for transplant,est/ice/fin
YNSB20,Storage of stem cells for transplant,est/ice/den/fin
YNSB40,Collection of lymphocytes from donor and storage,ice/fin
YNSB90,Collection and storage of blood from donor,lat/ice/den/fin
YPSA00,Excision of blood vessel for transplantation,est/swe/lat/ice/den/fin/nor
YQSA00,Excision of skin for later autograft,est/swe/lat/ice/den/fin/nor
YQSA10,Excision of skin for allograft from living donor,est/swe/lat/ice/den/fin/nor
YQSA20,Excision of skin for allograft from cadaver donor,est/swe/lat/ice/den/fin/nor
YQSA99,Other procedure in connection with excision of skin for transplantation,swe/ice/den
YQXX00,Depilatory treatment of transplant,fin
YWSA00,Repair of wound dehiscence after procurement of organs or tissue for transplantation,est/swe/lat/ice/fin/nor
YWSB00,Reoperation for superficial infection after procurement of organs or tissue for transplantation,est/swe/lat/ice/fin/nor
YWSC00,Reoperation for deep infection after procurement of organs or tissue for transplantation,est/swe/lat/ice/fin/nor
YWSC01,Percutaneous endoscopic roperation for deep infection after procurement of organs or tissue for transplantation,est/swe/lat/ice/fin/nor
YWSD00,Reoperation for superficial haemorrhage after procurement of organs or tissue for transplantation,est/swe/lat/ice/fin/nor
YWSE00,Reoperation for deep haemorrhage after procurement of organs or tissue for transplantation,est/swe/lat/ice/fin/nor
YWSE01,Percutaneous endoscopic reoperation for deep haemorrhage after procurement of organs or tissue for transplantation,est/swe/lat/ice/fin/nor
YWSF00,Reoperation for insufficiency of anastomosis or suture after procurement of organs or tissue for transplantation,est/swe/lat/ice/fin/nor
YWSF01,Percutaneous endoscopic reoperation for insufficiency of anastomosis or suture after procurement of organs or tissue for transplantation,est/swe/lat/fin/nor
YWSW96,Other reoperation after procurement of organs or tissue for transplantation,est/swe/lat/ice/fin/nor
YWSW97,Other percutaneous endoscopic reoperation after procurement of organs or tissue for transplantation,est/swe/lat/ice/fin/nor
YXXX90,Other operation than excision for transplantation,den
YXZA00,Discussion with relatives about organ transplantation,swe
ZCXF00,Use of lens capsule tension ring ,fin
ZCXG50,Use of limbal stem cell autograft,est/swe/lat/ice/fin/nor
ZCXG51,Use of limbal stem cell allograft,est/swe/lat/ice/fin/nor
ZCXG53,Use of limbal stem cell graft from cell culture,est/swe/lat/ice/fin/nor
ZCXJ00,Use of intraocular lens,den
ZFXX00,Use of balloon dilatation,est/swe/lat/ice/den/fin/nor
ZFXX01,Use of rotablator,est/swe/lat/ice/den/fin/nor
ZFXX02,Use of angiojet,est/swe/lat/ice/den/fin/nor
ZFXX03,Use of atherectomy device,est/swe/lat/ice/fin/nor
ZFXX04,Use of intravascular lithotripsy,nor
ZFXX05,Use dynamic angioplastiy technique,swe/ice
ZFXX80,Use of telemetry,swe/ice/fin
ZFXX99,Use of other technique,est/swe/lat/ice/den/nor
ZJEX00,Double balloon technique in gastroenterological endoscopy,est/swe/lat/ice/fin
ZKSX04,Surgery on a transplanted kidney or attached ureter,swe
ZLXE00,Suspension method of top of vagina,den
ZLXX00,Open surgery with vaginal approach,est/swe/lat/ice/den/fin/nor
ZLXX01,Combined laparotomy and vaginal approach,est/swe/lat/ice/den/fin/nor
ZMXX01,Intervention in first trimester of pregnancy,nor
ZMXX02,Intervention in second trimester of pregnancy,nor
ZMXX03,Intervention in third trimester of pregnancy,nor
ZNXA00,Enforcement of ligament with synthetic material ,nor
ZPXA00,Thrombolytic agent,est/swe/lat/ice/fin/nor
ZPXA10,Sclerosing foam,est/swe/lat/ice/fin/nor
ZPXA19,Other sclerosing agent,est/swe/lat/ice/fin/nor
ZPXA20,Occluding material,est/swe/lat/ice/fin/nor
ZPXB00,No transplant,ice/fin
ZPXB10,Patients own artery,ice/fin
ZPXB16,Free arterial allograft,ice/fin
ZPXB18,Free arterial xenograft,ice/fin
ZPXB20,Vene in its own postion,ice/fin
ZPXB22,Autograft of vein,ice/fin
ZPXB24,Patch of vein,ice/fin
ZPXB26,Free venous allograft,ice/fin
ZPXB28,Free venous xenograft,ice/fin
ZPXB30,Dacron,ice/fin
ZPXB32,Covered dacron,ice/fin
ZPXB40,Polytetrafluoroethylene,ice/fin
ZPXB50,Umbilical vein,ice/fin
ZPXB60,Combi graft -transplant,ice/fin
ZPXB96,Other material in vessel transplant,ice/fin
ZQXA00,Iterative technique for excision of  lesion of skin,est/swe/lat/ice/fin/nor
ZQXW00,Skin lesion with lesser diameter at most 10 mm,est/swe/lat/fin/nor
ZQXX00,Skin lesion with lesser diameter 11-25 mm,est/swe/lat/ice/fin/nor
ZQXX01,Less than 5% of the skin with lesser diameter of lesion more than 25 mm,est/swe/lat/fin/nor
ZQXX02,5-9% of the skin,ice/fin
ZQXX04,10-19% of the skin,ice/fin
ZQXX06,20-49% of the skin,ice/fin
ZQXX08,At least 50% of the skin,ice/fin
ZQXZ00,Treatment of several skin areas,ice/fin
ZRXX00,Intervention based on rehabilitation plan,ice
ZRXX01,Completed rehabilitation according to rehabilitation plan,swe
ZSXA00,Procedure related to previous procedure classified in chapter A,est/swe/lat/ice/fin/nor
ZSXB00,Procedure related to previous procedure classified in chapter B,est/swe/lat/ice/fin/nor
ZSXC00,Procedure related to previous procedure classified in chapter C,est/swe/lat/ice/fin/nor
ZSXD00,Procedure related to previous procedure classified in chapter D,est/swe/lat/ice/fin/nor
ZSXE00,Procedure related to previous procedure classified in chapter E,est/swe/lat/ice/fin/nor
ZSXF00,Procedure related to previous procedure classified in chapter F,est/swe/lat/ice/fin/nor
ZSXG00,Procedure related to previous procedure classified in chapter G,est/swe/lat/ice/fin/nor
ZSXH00,Procedure related to previous procedure classified in chapter H,est/swe/lat/ice/fin/nor
ZSXJ00,Procedure related to previous procedure classified in chapter J,est/swe/lat/ice/fin/nor
ZSXK00,Procedure related to previous procedure classified in chapter K,est/swe/lat/ice/fin/nor
ZSXL00,Procedure related to previous procedure classified in chapter L,est/swe/lat/ice/fin/nor
ZSXM00,Procedure related to previous procedure classified in chapter M,est/swe/lat/ice/fin/nor
ZSXN00,Procedure related to previous procedure classified in chapter N,est/swe/lat/ice/fin/nor
ZSXP00,Procedure related to previous procedure classified in chapter P,est/swe/lat/ice/fin/nor
ZSXQ00,Procedure related to previous procedure classified in chapter Q,est/swe/lat/ice/fin/nor
ZSXR00,Procedure related to previous procedure classified in chapter R,fin
ZSXS00,Procedure related to previous procedure classified in chapter S,fin
ZSXT00,Procedure related to previous procedure classified in chapter T,est/swe/lat/ice/fin
ZSXU00,Procedure related to previous procedure classified in chapter U,est/swe/lat/ice/fin
ZSXW00,Procedure related to previous procedure classified in chapter W,fin
ZSXX00,Procedure related to previous procedure classified in chapter X,est/swe/lat/ice/fin
ZSXY00,Procedure related to previous procedure classified in chapter Y,est/swe/lat/ice/fin/nor
ZSXZ00,Primary repair operation,ice/fin/est
ZSXZ10,Secondary repair operation,ice/fin/est
ZSXZ20,Secondary operation due to incomplete radicality or recurrence,swe/lat/ice/nor
ZTXA00,Split skin graft,est/swe/lat/ice/den/fin/nor
ZTXA10,Split skin allograft,est/swe/lat/ice/fin/nor
ZTXA20,Split skin xenograft,est/swe/lat/ice/den/fin/nor
ZTXA30,Cultured epidermal autograft,est/swe/lat/ice/den/fin/nor
ZTXA35,Cultured epidermal allograft,est/lat/ice/den/fin/nor
ZTXA40,Graft of synthetic skin substitute,est/swe/lat/ice/den/fin/nor
ZTXA50,Full thickness skin graft,est/swe/lat/ice/den/fin/nor
ZTXA52,Full thickness skin allograft,est/swe/lat/ice/den/nor
ZTXA54,Full thickness skin xenograft,est/swe/lat/ice/den/nor
ZTXA60,Free graft of skin preserving innervation,est/swe/lat/ice/fin/nor
ZTXB00,Bone-tendon-bone graft of patellar tendon,est/swe/lat/ice/fin/nor
ZTXB10,Graft of semitendinous tendon,est/swe/lat/ice/den/fin/nor
ZTXB20,Graft of palmaris longus tendon,est/swe/lat/ice/den/fin/nor
ZTXB30,Graft of extensor tendon of toe,est/swe/lat/ice/den/fin/nor
ZTXB40,Graft of other tendon,est/swe/lat/ice/den/fin/nor
ZTXB50,Allograft of tendon,est/swe/lat/ice/den/fin/nor
ZTXB60,Alloplastic replacement of tendon,est/swe/lat/ice/den/fin/nor
ZTXC00,Graft of fascia,est/swe/lat/ice/den/fin/nor
ZTXC10,Allograft of fascia,est/swe/lat/ice/den/fin/nor
ZTXD10,Allograft of dura,est/swe/lat/ice/den/fin/nor
ZTXE00,Graft of skeletal muscle,est/swe/lat/ice/den/fin/nor
ZTXE10,Free graft of skeletal muscle preserving innervation,est/swe/lat/ice/fin/nor
ZTXF00,Graft of adipose tissue,est/swe/lat/ice/den/fin/nor
ZTXG00,Graft of cartilage,est/swe/lat/ice/den/fin/nor
ZTXG05,Allograft of cartilage,est/swe/lat/ice/den/nor
ZTXG10,Graft of menisc,swe/ice/den
ZTXH00,Graft of periosteum,est/swe/lat/ice/den/fin/nor
ZTXH21,Autograft of bone in small pieces,ice/fin/est
ZTXH22,Autograft of bone in block,ice/fin/est
ZTXH29,"Autograft of bone, unspecified",est/swe/lat/ice/den/fin/nor
ZTXH31,Allograft of bone in small pieces,ice/fin/est
ZTXH32,Allograft of bone in block,ice/fin/est
ZTXH33,Allograft of bone structural graft,ice/fin
ZTXH39,"Allograft of bone, unspecified",ice/den/fin
ZTXH40,Substitute of bone,ice/den/fin
ZTXH50,Mineral of bone,ice/den/fin
ZTXJ00,Graft of perichondrium,est/swe/lat/ice/den/fin/nor
ZTXK00,Graft of nerve,est/swe/lat/ice/den/fin/nor
ZTXK02,Graft of biosynthetic nerve,swe/est
ZTXL00,Free graft of amniotic membrane,est/swe/lat/ice/den/fin/nor
ZTXM00,Composite graft,est/swe/lat/ice/den/fin/nor
ZTXN00,Free autograft of artery,est/swe/lat/ice/den/nor
ZTXN10,Free allograft of artery,est/swe/lat/ice/den/nor
ZTXN20,Free xenograft of artery,est/swe/lat/ice/den/nor
ZTXO00,Graft of pericardium,nor/est
ZTXP00,Free autograft of vein,est/swe/lat/ice/den/nor
ZTXP10,Free allograft of vein,est/swe/lat/ice/den/nor
ZTXP20,Free xenograft of vein,est/swe/lat/ice/den/nor
ZTXQ00,Free microvascular graft of skin,est/swe/lat/ice/den/fin/nor
ZTXQ10,Free microvascular graft of skin and muscle,est/swe/lat/ice/fin/nor
ZTXQ15,Graft of abdominal wall,fin/est
ZTXQ20,"Free microvascular graft of skin, muscle and bone",est/swe/lat/ice/fin/nor
ZTXQ30,Free microvascular graft of muscle,est/swe/lat/ice/fin/nor
ZTXQ40,Free microvascular graft of bone,est/swe/lat/ice/den/fin/nor
ZTXQ50,Free microvascular graft of intestine,swe/lat/ice/den/fin/nor/est
ZTXQ60,Free microvascular graft of nerve,est/swe/lat/ice/den/fin/nor
ZTXQ70,Free microvascular graft of omentum,est/swe/lat/ice/den/fin/nor
ZTXQ90,Other graft of soft tissue,fin
ZTXR00,Flap of skin,est/swe/lat/ice/den/fin/nor
ZTXR05,Flap of skin and fascia,est/swe/lat/ice/den/fin/nor
ZTXR10,Flap of skin and muscle,est/swe/lat/ice/den/fin/nor
ZTXR20,"Flap of skin, muscle and bone",est/swe/lat/ice/den/fin/nor
ZTXR30,Flap of muscle,est/swe/lat/ice/den/fin/nor
ZTXR35,Flap of muscle and mucosa,swe/lat/ice/fin/nor/est
ZTXR40,Flap of muscle and bone,est/swe/lat/ice/fin/nor
ZTXR45,Skeletal flap,ice/fin/est
ZTXR50,Mucoperiosteal flap,est/swe/lat/ice/den/fin/nor
ZTXR60,Flap of omentum,est/swe/lat/ice/den/fin/nor
ZTXR70,Flap of mammary gland tissue,est/swe/lat/ice/nor
ZTXS00,Rotation flap,est/swe/lat/ice/den/fin/nor
ZTXS10,Transposition flap,est/swe/lat/ice/den/fin/nor
ZTXS20,Distant flap,est/swe/lat/ice/fin/nor
ZTXS40,V-Y or Y-V advancement flap,est/swe/lat/ice/den/fin/nor
ZTXS45,Z-plasty,est/swe/lat/ice/den/fin/nor
ZTXS47,W-plasty,den/est
ZTXT00,Bioimplant,fin
ZTXT10,Synthetic implant,fin/est
ZTXU00,Free graft of mucosa,est/swe/lat/ice/den/fin/nor
ZTXU10,Free graft of conjunctiva,est/swe/lat/ice/fin/nor
ZTXX90,Other free graft,nor
ZTXX95,Other use of implanted prosthesis or prostetic material,nor
ZVXA00,Biopsy,swe/ice
ZVXA10,Use of peroperative histopatologic examination,den
ZVXB00,Unipolar diathermy,den
ZVXB02,Bibolar diathermy,den
ZVXB09,No diathermy,den
ZVZZ99,No supplemental intervention,den
ZWXA00,Procedure for preceding complication,den
ZWXA80,Complication during intervention,den
ZXDA00,Only radiological image,nor
ZXDA90,Use of C-arm X-ray,fin
ZXDC90,Use of O-arm X-ray,fin
ZXIA00,Gallium 67,swe/ice/nor
ZXIA10,Indium 111,swe/ice/den/nor
ZXIA20,Teknetium 99m,swe/ice/nor
ZXIA30,Thallium 201,swe/ice
ZXIA40,Selen 75,swe/ice/nor
ZXIB00,Phosphor isotope,swe/ice
ZXIB10,Iodine isotope,swe/ice/nor
ZXIB20,Samarium isotope,swe/ice/nor
ZXIB30,Strontium isotope,swe/ice/den/nor
ZXIB40,Yttrium isotope,swe/ice/nor
ZXIB90,Other or undefined isotope,lat/den/nor
ZXID00,Labeled peptide for receptor targetd cancer imaging,ice
ZXIF00,Correcting suppression in SPECT examination,fin
ZXIF10,Correcting suppression in SPECT with CT,
ZXO000,Simple adjustment of radiotherapy with simulator or with therapeutic device - isocentric therapy,ice/fin
ZXO001,Simple adjustment of radiotherapy with simulator or with therapeutic device - SSD therapy,ice/fin
ZXO002,Simple dose design for radiotherapy based on tomography - isocentric therapy,ice/fin
ZXO003,Simple dose design for radiotherapy based on tomography - SSD therapy,ice/fin
ZXO010,Radiotherapy with joint fields - isocentric therapy,ice/fin
ZXO011,Radiotherapy with joint fields - SSD therapy,swe/ice/fin
ZXO012,Radiotherapy with large shaped fields - isocentric therapy,ice/fin
ZXO013,Radiotherapy with large shaped fields - SSD therapy,ice/fin
ZXO014,Radiotherapy of all parts of central nervous system - isocentric therapy,ice/fin
ZXO015,Radiotherapy of all parts of central nervous system - SSD therapy,ice/fin
ZXO020,High Dose Rate (HDR) brachytherapy,swe/lat/ice/fin/nor
ZXO021,Pulsed dose rate (PDR) brachytherapy,swe/lat/ice/den/nor
ZXO022,Low Dose Rate (LDR) brachytherapy,swe/lat/ice/fin/nor
ZXO040,Intracavity HDR radiotherapy,swe/ice/fin
ZXO042,Intracavity LDR radiotherapy,swe/ice/den/fin
ZXO044,"Brachytherapy, intravascular",swe/lat/ice/nor
ZXO050,Stereotactic radiotherapy,swe/ice/fin
ZXO060,Gamma knife therapy,ice/fin
ZXO070,Isotope therapy connected to antibody,ice
ZXO080,Proton therapy,swe
ZXO090,Other method of radiotherapy,swe/lat/ice/den/fin/nor
ZXOA00,Curative radiotherapy,swe/ice
ZXOA01,Palliative radiotherapy,swe/ice
ZXOT00,Static field adjustment in radiotherapy,lat/ice/nor
ZXOT05,Dynamic field adjustment in radiotherapy,lat/ice/nor
ZXOT10,Checkup of brachytherapy source,lat/ice/nor
ZXOT20,Dosimetry of patient radiotherapy,lat/ice/nor
ZXOX00,Assignment of radiotherapy target area,ice/nor
ZXOX02,Doseplaning for brachyterapy,nor
ZXOX10,Two dimensional (2D) dose design of radiotherapy,lat/ice
ZXOX20,Three dimensional (3D) dose design of radiotherapy,lat/ice/den/fin
ZXOX30,Simulation of radiotherapy for dose design,swe/lat/ice
ZXOX40,"Radiotherapy dose planning based on CT, manual marking for one target volume",nor
ZXOX42,"Radiotherapy dose planning based on CT, manual marking for two target volumes",nor
ZXOX44,"Radiotherapy dose planning based on CT, manual marking for at least three target volumes",nor
ZXOX50,Radiotherapy dose planning for Intensity-Modulated Radiation Therapy or Volumetric Modulated Arc Therapy,nor
ZXOX90,Other spedial dose design of radiotherapy,swe/lat/ice/den/nor/fin
ZXXA00,Right side,est/swe/lat/ice/fin/nor
ZXXA05,Left side,est/swe/lat/ice/fin/nor
ZXXA10,Bilateral,est/swe/lat/ice/fin/nor
ZXXA30,Prone position,nor
ZXXB00,Lateral,est/swe/lat/ice/fin/nor
ZXXB10,Medial,est/swe/lat/ice/fin/nor
ZXXB20,Both lateral and medial,est/swe/lat/ice/fin/nor
ZXXB50,Turning of patient during operation with general anesthesia,den/est
ZXXB90,Other location,swe
ZXXC00,Use of diathermy,est/swe/lat/ice/den/fin/nor
ZXXC05,Use of ionised gas,est/swe/lat/ice/fin/nor
ZXXC10,Use of laser,est/swe/lat/ice/den/fin/nor
ZXXC12,Pulse colorlaser,ice/den/fin
ZXXC14,Other special laser technic,ice/den/fin/nor
ZXXC15,Use of irreversible electroporation ,swe
ZXXC16,Use of microwaves,est/swe/lat/ice/den/fin/nor
ZXXC17,Use of radio waves,swe/lat/ice/den/fin/nor
ZXXC18,Use of ultrasound,est/swe/lat/ice/den/fin/nor
ZXXC19,Use of ultrasound,swe
ZXXC20,Use of chemical agents,est/swe/lat/ice/den/fin/nor
ZXXC24,Use of fluorescent substance,est/swe/lat/ice/den/fin/nor
ZXXC32,Cryotherapy,est/swe/lat/ice/den/fin/nor
ZXXC34,Application of heat,est/swe/lat/ice/den/fin/nor
ZXXC36,Use of compression,nor
ZXXC42,Use of water jet,est/swe/lat/ice/den/fin/nor
ZXXC44,Use of magnet,est/swe/lat/ice/den/fin/nor
ZXXC54,Microsurgical,ice/fin
ZXXC56,Bloodless operation space,ice/fin
ZXXC62,Endoscopically assisted procedure,est/swe/lat/ice/den/nor
ZXXC64,Extraperitoneal endoscopic technique,est/swe/lat/ice/den/nor
ZXXC66,Subcutaneous endoscopic technique,est/swe/lat/ice/den/nor
ZXXC67,Intraspinal endoscopic technique,est/swe/lat/ice/nor
ZXXC68,Intracranial endoscopic technique,est/swe/lat/ice/den/nor
ZXXC69,Use of endoscopic device,est/ice/den/fin
ZXXC70,Use of neuronavigator,swe/ice
ZXXC80,Use of photodynamic technique,est/swe/lat/ice/fin/nor
ZXXC90,Use of surgical operation navigator,fin
ZXXC92,Robot assisted procedure,est/swe/lat/ice/den/fin/nor
ZXXC99,Other special technic in surgery,ice/den/fin/nor/swe
ZXXD00,Emergency procedure,est/swe/lat/ice/fin/nor
ZXXD05,Urgent procedure,ice/fin
ZXXD10,Scheduled procedure,est/swe/lat/ice/fin/nor
ZXXD20,Day surgery,ice/fin
ZXXD30,Usual procedure,ice/fin
ZXXD31,Exceptionally difficult procedure,ice/fin
ZXXD32,Major difficulties in performing procedure,ice/fin
ZXXD34,Preparations or delays because of poor cooperation,ice/den/fin
ZXXE00,One hour or less,est/swe/lat/ice/fin/nor
ZXXE10,More than one and less than three hours,est/swe/lat/ice/fin/nor
ZXXE20,More than three and less than five hours,est/swe/lat/ice/fin/nor
ZXXE30,More than five and less than seven hours,est/swe/lat/ice/fin/nor
ZXXE40,More than seven and less than nine hours,est/swe/lat/ice/fin/nor
ZXXE50,Nine hours or more,est/swe/lat/ice/fin/nor
ZXXE60,More than 12 and less than 15 hours,ice/fin
ZXXE70,Moren than 15 and less than 18 hours,swe/ice/fin
ZXXE80,Moren than 18 and less than 21 hours,ice/fin
ZXXE90,More than 21 hours,ice/fin
ZXXE92,2-3 days,swe/ice/fin
ZXXE94,More than 3 days,swe/ice/fin
ZXXF00,Interruption caused by intraoperative deterioration of general condition,est/swe/lat/ice/fin/nor
ZXXF02,Interruption of procedure for other patient related reason,ice/fin/nor
ZXXF10,Interruption caused by technical failure of equipment,est/swe/lat/ice/fin/nor
ZXXF12,Interruption caused by problems of surgical technique,est/swe/lat/ice/fin/nor
ZXXF29,Other cause of interrupted operation,est/swe/lat/ice/fin/nor
ZXXF50,Conversion from percutaneous endoscopic to open procedure,est/swe/lat/ice/den/fin/nor
ZXXF59,Other conversion to procedure by open access,est/swe/lat/ice/den/fin/nor
ZXXF80,Cancelled contact,fin
ZXXG01,"Extent of proceudre, 1 unit",ice/fin
ZXXG02,"Extent of procedure, 2 units",swe/ice/fin
ZXXG03,"Extent of procedure, 3 units",swe/ice/fin
ZXXG04,"Extent of procedure, 4 units",swe/lat/ice/fin/nor
ZXXG05,"Extent of procedure, 5 units",swe/lat/ice/fin/nor
ZXXG06,"Extent of procedure, 6 units",swe/ice/fin
ZXXG07,"Extent of procedure, 7 units",swe/ice/fin
ZXXG08,"Extent of procedure, 8 units",swe/ice/fin
ZXXG09,"Extent of procedure, more than 8 units",swe/ice/fin
ZXXH01,Procedure performed within operation theatre,ice/fin
ZXXH02,Procedure performed inside intensive care unit,ice/fin
ZXXH04,Procedure performed in other inpatient unit,ice/fin
ZXXH06,Procedure performed in outpatient setting,ice/fin
ZXXH09,Procedure performed in other unit outside usual setting for the procedure,ice/fin/nor
ZXXI00,Procedure repeated two to four times,ice
ZXXI05,Procedure repeated five or more times,ice
ZXXI10,Daily intervention,nor
ZXXI12,Twice weekly intervention,nor
ZXXI14,Weekly intervention,nor
ZXXI16,Intevention every other week,nor
ZXXI18,Monthly intervention,nor
ZXXI19,End of repeating interventions,nor
ZXXK00,Use of video,ice
ZXXK10,Use of interpretator,ice
ZXXK20,Use of telemedicine methods,swe/nor
ZXXL00,Use of absorbable mesh in surgery,est/swe/lat/ice/fin/nor
ZXXL10,Use of non-absorbable mesh in surgery,est/swe/lat/ice/fin/nor
ZXXX00,Oral,swe/lat/ice/den/fin/nor
ZXXX01,Sublingual,lat/ice/fin/nor
ZXXX02,Rectal,swe/ice/den/fin
ZXXX05,To ear,swe/ice/den
ZXXX06,Intranasal,swe/lat/ice/den/fin/nor
ZXXX07,Ocular,swe/ice/den
ZXXX08,Inhalation,swe/lat/ice/den/fin/nor
ZXXX09,Intratracheal,swe/lat/ice/den/nor
ZXXX10,Cutaneous or transcutaneous,swe/ice/den/nor
ZXXX11,Intracutaneous,swe/ice/den/fin
ZXXX12,Subcutaneous,swe/lat/ice/den/fin/nor
ZXXX13,Subcutaneous implant,lat/ice/nor
ZXXX14,Intramuscular,swe/lat/ice/den/fin/nor
ZXXX16,To bone marrow,swe/lat/ice/fin/nor
ZXXX20,Intravenous,swe/lat/ice/den/fin/nor
ZXXX21,Central venous catheter,ice/den/fin
ZXXX22,Intra-arterial,swe/ice/den/fin
ZXXX23,Artery of object organ,ice/den/fin
ZXXX24,Perfusion of a organ or target,ice/fin
ZXXX30,Epidural,lat/ice/den/fin/nor
ZXXX31,Intrathecal or intraspinal,swe/ice/den/fin
ZXXX32,Intrapleural,ice/den/fin/nor
ZXXX34,Intraabdominal,swe/lat/ice/den/fin/nor
ZXXX36,Intravesical,swe/lat/ice/den/fin/nor
ZXXX37,To penis,fin
ZXXX38,Vaginal,swe/lat/ice/den/nor
ZXXX40,Intraarticular,ice/den/fin
ZXXX50,Intraventricular to brain,swe/ice
ZXXX60,With the support of strapping,swe
ZXXX80,Local highe pressure and velocity spray injection (Dermojet),lat/ice/nor
ZXXX82,Iontophoresis,swe/lat/den
ZXXX90,Intralesional,ice/fin
ZXXX91,Use of drug eluting stent,den/fin
ZXXX92,Gastric adiministration,ice/den
ZXXX93,To enterostomy,ice/den
ZXXX97,To pumping device,swe/lat/ice/den/nor
ZXXX98,Other local administration,swe/lat/ice/den/fin/nor
ZXXX99,Other route,swe/lat/ice/fin/nor
ZXZA00,For treatment of pain,swe
ZXZA10,For palliation,swe/nor/fin
ZYZ000,High level centralized care,swe
ZYZA00,Hospital inpatient,ice/fin
ZYZA10,Hospital outpatient,ice/fin
ZYZA15,Same day outpatient,swe
ZYZA20,First aid or other corresponding healthcare contact,ice/fin
ZYZA22,Distant (incl. on-call) contact,fin/swe
ZYZA24,On-call  outside consultation,fin
ZYZA30,Home visit,swe/ice/fin
ZYZA31,Family visit,swe
ZYZA32,Workplace or school visit or consultation,swe/ice/den/fin/nor
ZYZA39,Other visit outside the provider unit,swe/ice/fin/nor
ZYZA40,Letter or telephone contact with patient,swe/ice/den/fin/nor
ZYZA42,Internet contact,swe/fin/nor
ZYZA44,Prescription or advice,swe/ice/fin/nor
ZYZB00,Screening and health check-up,ice/fin
ZYZC00,Isolation,swe/lat/ice/den/fin/nor
ZYZD00,Forced care,swe/lat/den
ZYZE00,Active surveillance of a diagnosed cancer,fin
ZYZX70,Newborn clinical examination,swe/ice
ZYZX80,Clinical observation and follow-up,swe/ice/den/fin/nor
ZYZX81,Videodocumentation,swe/den/fin
ZYZX82,Pre- and postoperative care,swe/ice
ZYZX84,Genetic consultation,swe/den/fin
ZYZX86,Consultation with relatives,swe/ice/den/fin/nor
ZYZX88,Information and education,swe/den/nor
ZYZX90,Other cinical consultation,swe/lat/ice/den/fin/nor
ZYZX91,For patient wish,den
ZYZX92,Medicolegal examination,swe/ice/den/nor/fin
ZYZX93,For scientific purposes,swe
ZYZX94,Display of deaceased,swe
ZYZX96,Clinical  examination,swe/fin
ZYZX98,Primary care,swe
ZZ2221,Medical doctor,swe/ice/den/fin
ZZ2230,Professional nurse,swe/ice/fin
ZZ2232,Midwife,swe/fin
ZZ2445,Psychologist,swe/ice/fin
ZZ2446,Social worker,swe/ice/fin
ZZ3226,Physiotherapist,swe/ice/fin
ZZ3229,Other health professional,ice/fin
ZZ3231,Nursing associate professional,ice/fin
ZZ3232,Midwifery associate professional,ice
ZZ5131,Child-care worker,ice/fin
ZZ5139,Other care worker,swe/ice
ZZAA00,Occupational therapist,swe/fin
ZZAA01,Audiotherapist,swe
ZZAA02,Dietician,swe
ZZAA03,Logotherapist,swe
ZZAA04,Orthopist,swe
ZZAA10,Psychiatric nurse,swe
ZZAA20,Nursing asssistant,swe
ZZAA30,Teacher,
ZZAA90,Participation of student in care,swe/fin
ZZAA99,Other health personnel,fin
ZZXA00,Use of interpreter,swe/ice
ZZZA00,Team of care providers,swe/lat/ice/den/fin/nor
ZZZA02,Examination by team of care providers,lat
ZZZA10,Group of patients,swe/lat/ice/den/fin/nor
ZZZA11,Cohort,swe
ZZZA12,Family involvement,swe/lat/fin/nor
ZZZA14,Society involvement,swe
ZZZA30,Outside consultant,swe/ice/fin
ZZZA40,Consultation without direct patient contact,swe/fin/nor
ZZZA42,Procedure with specialist supervision,den
ZZZA90,Outpatient visit,swe/ice
ZZZA92,Patient hotel based care,fin
ZZZB00,Extra personnel,swe/ice
ZZZX00,Inpatient observation,swe/ice
