drg_nat,drg_text_nat,drg_text_short_nat,drg_comb,drg_text_comb,drg_text_short_comb,mdc,country
001A,Keskushermoston kasvaimen kallonsisäinen leikkaus,Keskushermoston kasvaimen kallonsisäinen leik,001A,Intracranial surgery for central nervous system tumor,Intracranial surgery for central nervous system tumor,1,fin
001B,Muu kallonsisäinen verisuonikirurginen toimenpide,Muu kallonsisäinen verisuonikir toimenpide,001B,Other intracranial vascular surgery,Other intracranial vascular surgery,1,fin
001C,"Kallonsisäisen aneurysman, verisuonianomalian tai hemangioman toimenpide","Kallonsis aneurysman, verisuonianom,hemang tmp",001C,Intervention of intracranial vascular abnormality or infarction,Intervention of intracranial vascular abnormality or infarc,1,fin
001D,Kallonsisäinen aivo-selkäydinnestekierron toimenpide,Kallonsisäinen aivo-selkäydinnestekierron tp,001D,Intracranial cerebrospinal fluid shunt surgery,Intracranial cerebrospinal fluid shunt surgery,1,fin
001E,Muu kallonsisäinen toimenpide paitsi vamman korjaus,Muu kallonsisäinen toimenpide paitsi vamman k,001E,Other craniotomy except for trauma,Other craniotomy except for trauma,1,fin
002A,Muu aikuisen kallonsisäinen toimenpide trauman takia,Muu aikuisen kallonsisäinen toimenpide trauma,002A,Other craniotomy for trauma,Other craniotomy for trauma,1,fin
002B,"Kroonisen kovakalvonalaisen vuodon leikkaushoito, aikuinen","Kroonisen kovakalvonalaisen vuodon leikkaus, aik",002B,Surgery of chronic subdural hematoma,Surgery of chronic subdural hematoma,1,fin
003O,"Kallonsisäinen toimenpide, lyhyt hoito","Kallonsisäinen toimenpide, lyhyt hoito",003O,"Craniotomy, short therapy","Craniotomy, short therapy",1,fin
003P,"Aivojen stereotaktinen sädehoito, lyhyt hoito",Aivojen stereotaktinen sädehoito,003P,"Stereotactic intracranial radiotherapy, short therapy","Stereotactic intracranial radiotherapy, short therapy",1,fin
004,Selkäydinleikkaus,Selkäydinleikkaus,004X,Spinal procedures,Spinal procedures,1,fin
004O,"Selkäydinleikkaus, lyhyt hoito","Selkäydinleikkaus, lyhyt hoito",004O,"Spinal procedures, short therapy","Spinal procedures, short therapy",1,fin
005,Kallonulkoinen aivoverenkiertoon vaikuttava verisuonten leikkaus,Kallonulk aivover vaikuttava verisuonten leikk,005X,Extracranial vascular procedures,Extracranial vascular procedures,1,fin
005O,"Kallonulkoinen aivoverenkiertoon vaikuttava verisuonten leikkaus, lyhyt hoito","Kallonulk aivover vaik verisuonten leikk, lyh",005O,"Extracranial vascular procedures, short therapy","Extracranial vascular procedures, short therapy",1,fin
006,Rannekanavaoireyhtymän leikkaus,Rannekanavaoireyhtymän leikkaus,006X,Carpal tunnel release,Carpal tunnel release,1,fin
006O,"Rannekanavaoireyhtymän leikkaus, lyhyt hoito","Rannekanavaoireyhtymän leikkaus, lyhyt hoito",006O,"Carpal tunnel release, short therapy","Carpal tunnel release, short therapy",1,fin
007,"Ääreishermojen, aivohermojen tai muun hermoston toimenpide, komplisoitunut","Ääreishermojen, aivohermojen tai muun hermoston toimenpide, komplisoitunut",007X,"Peripheral and cranial nerve and other nervous system procedures, w CC","Peripheral and cranial nerve and other nervous system procedures, w CC",1,fin
008,"Ääreishermojen, aivohermojen tai muun hermoston toimenpide, ei komplisoitunut","Ääreishermojen, aivohermojen tai muun hermoston toimenpide, ei komplisoitunut",008X,"Peripheral and cranial nerve and other nervous system procedures, w/o CC","Peripheral and cranial nerve and other nervous system procedures, w/o CC",1,fin
008O,"Ääreishermojen, aivohermojen tai muun hermoston toimenpide, lyhyt hoito","Ääreishermojen, aivohermojen tai muun hermoston toimenpide, lyhyt hoito",008O,"Peripheral and cranial nerve and other nervous system procedures, short therapy","Peripheral and cranial nerve and other nervous system procedures, short therapy",1,fin
009,Selkäytimen sairaus tai vamma,Selkäytimen sairaus tai vamma,009X,Spinal disorders and injuries,Spinal disorders and injuries,1,fin
010,"Keskushermoston kasvain, komplisoitunut","Keskushermoston kasvain,kompl",010X,"Nervous system neoplasm, w CC","Nervous system neoplasm, w CC",1,fin
011A,"Keskushermoston kasvain, ei komplisoitunut, sädehoito","Kesk.herm kasv, ei kompl, sädeh",011FA,"Nervous system neoplasm w/o CC, radiotherapy","Nervous system neoplasm w/o CC, radiotherapy",1,fin
011B,"Keskushermoston kasvain, ei komplisoitunut, stereotaktinen sädehoito tai isotooppihoito","Kesk.herm kasv, ei kompl, stereotakt sädeh tai isot hoito",011FB,"Nervous system neoplasm w/o CC, stereotactic radiotherapy or isotope therapy","Nervous system neoplasm w/o CC, ste radioth or isot ther",1,fin
011C,"Keskushermoston kasvain, ei komplisoitunut, vaativa isotooppihoito","Kesk.herm kasv, ei kompl, vaat isot hoito",011FC,"Nervous system neoplasm w/o CC, demanding isotope therapy","Nervous system neoplasm w/o CC, demanding isotope therapy",1,fin
011D,"Keskushermoston kasvain, ei komplisoitunut, vaativa sytostaattihoito","Kesk.herm kasv, ei kompl, vaat sytost hoito",011FD,"Nervous system neoplasm w/o CC, cytostatic therapy","Nervous system neoplasm w/o CC, cytostatic therapy",1,fin
011F,"Keskushermoston kasvain, ei komplisoitunut","Keskushermoston kasvain, ei komplisoitunut",011FF,"Nervous system neoplasm, w/o CC","Nervous system neoplasm, w/o CC",1,fin
012,Etenevä keskushermoston sairaus,Etenevä keskushermoston sairaus,012X,Degenerative nervous system disorders,Degenerative nervous system disorders,1,fin
013,MS-tauti tai pikkuaivoataksia,MS-tauti tai pikkuaivoataksia,013X,Multiple sclerosis and cerebellar ataxia,Multiple sclerosis and cerebellar ataxia,1,fin
014A,"Aivoinfarkti tai muu pitkäkestoinen aivoverenkierron häiriö, ei trombolyysihoitoa, komplisoitunut","Aivoinf/muu pitkäkest aivoverkier häiriö,ei trombol.hoitoa,K",014A,"Specific cerebrovascular disorders except TIA, without thrombolysis, w CC","Specific cerebrovascular disorders except TIA, w/o thrombolysis, w cc",1,fin
014B,"Aivoinfarkti tai muu pitkäkestoinen aivoverenkierron häiriö, ei trombolyysihoitoa, ei komplisoitunut","Aivoinf/muu pitkäkest aivoverkier häir,ei trombol.hoitoa,ei",014B,"Specific cerebrovascular disorders except TIA, without thrombolysis, w/o CC","Specific cerebrovascular disorders except TIA, w/o thrombolysis, w/o CC",1,fin
014C,"Aivoinfarkti tai muu pitkäkestoinen aivoverenkierron häiriö, trombolyysihoito, ei komplisoitunut","Aivoinf/muu pitkäkest aivoverenkier häiriö,trombol.hoito,ei",014C,"Specific cerebrovascular disorders except TIA, with thrombolysis, w/o CC","Specific cerebrovascular disorders except TIA, with thrombolysis, w/o CC",1,fin
014D,"Aivoinfarkti tai muu pitkäkestoinen aivoverenkierron häiriö, trombolyysihoito, komplisoitunut","Aivoinf/muu pitkäkest aivoverenkier häiriö,trombol.hoito,kom",014D,"Specific cerebrovascular disorders except TIA, with thrombolysis, w CC","Specific cerebrovascular disorders except TIA, w thrombolysis, w cc",1,fin
015,Ohimenevä iskemia (TIA) tai muu aivoverenkierron häiriö ilman infarktia,Ohim iskem TIA/muu aivover häiriö ilm infarktia,015X,Transient ischemic attac and precerebral occlusions,Transient ischemic attac and precerebral occlusions,1,fin
016,"Aivoverenkierron häiriö, diffuusi, komplisoitunut","Aivoverenkierron häiriö, diffuusi, kompl",016X,"Nonspecific cerebrovascular disorders, w CC","Nonspecific cerebrovascular disorders, w CC",1,fin
017,"Aivoverenkierron häiriö, diffuusi, ei komplisoitunut","Aivoverenkierron häiiör, diffuusi, ei kompl",017X,"Nonspecific cerebrovascular disorders, w/o CC","Nonspecific cerebrovascular disorders, w/o CC",1,fin
018,"Ääreis- tai aivohermon sairaus, komplisoitunut","Ääreis- tai aivohermon sairaus,kompl",018X,"Cranial and peripheral nerve disorders, w CC","Cranial and peripheral nerve disorders, w CC",1,fin
019,"Ääreis- tai aivohermon sairaus, ei komplisoitunut","Ääreis- tai aivohermon sairaus,ei kompl",019X,"Cranial and peripheral nerve disorders, w/o CC","Cranial and peripheral nerve disorders, w/o CC",1,fin
020A,"Hermoston infektiosairaus, ei virusaivokalvontulehdus, komplisoitunut","Hermoston infektiosairaus, ei virusaivokalvontulehdus, komplisoitunut",020C,"Nervous system infection except viral meningitis, w CC","Nervoussystem infection except viral meningitis, w CC",1,fin
020B,"Hermoston infektiosairaus, ei virusaivokalvontulehdus, ei komplisoitunut","Hermoston infektiosairaus, ei virusaivokalvontulehdus, ei komplisoitunut",020N,"Nervous system infections except viral meningitis, w/o CC","Nervous system infections except viral meningitis, w/o CC",1,fin
021,Virusaivokalvontulehdus,Virusaivokalvontulehdus,021X,Viral meningitis,Viral meningitis,1,fin
023,Tajuttomuus muun kuin vamman takia,Tajuttomuus muun kuin vamman takia,023X,Nontraumatic stupor and coma,Nontraumatic stupor and coma,1,fin
024,"Kohtausoire tai päänsärky, aikuinen, komplisoitunut","Kohtausoire tai päänsärky,aik,kompl",024X,"Seizure and headache, age >17, w CC","Seizure and headache,age >17, w CC",1,fin
025,"Kohtausoire tai päänsärky, aikuinen, ei komplisoitunut","Kohtausoire tai päänsärky,aik,ei kompl",025X,"Seizure and headache age >17, w/o CC","Seizure and headache age >17, w/o CC",1,fin
026,"Kohtausoire tai päänsärky, lapsi","Kohtausoire tai päänsärky,lapsi",026X,Seizure and headache age 0-17,Seizure and headache age 0-17,1,fin
027M,"Vakava aivovamma, erittäin komplisoitunut","Vakava aivovamma, erittäin kompl",027M,"Severe traumatic brain injury, w MCC","Severe traumatic brain injury, w MCC",1,fin
027N,"Vakava aivovamma, ei komplisoitunut","Vakava aivovamma, ei kompl",027N,"Severe traumatic brain injury, w/o CC","Severe traumatic brain injury, w/o CC",1,fin
028,"Aivovamma, aikuinen, komplisoitunut","Aivovamma, aikuinen, komplisoitunut",028X,"Traumatic brain injury, age >17, w CC","Traumatic brain injury, age >17, w CC",1,fin
029,"Aivovamma, aikuinen, ei komplisoitunut","Aivovamma, aikuinen, ei komplisoitunut",029X,"Traumatic brain injury, age >17, w/o CC","Traumatic brain injury, age >17, w/o CC",1,fin
030,"Aivovamma, lapsi","Aivovamma, lapsi",030X,"Traumatic brain injury, age 0-17","Traumatic brain injury, age 0-17",1,fin
031,"Aivotärähdys, aikuinen, komplisoitunut","Aivotärähdys,aikuinen,komplisoitunut",031X,"Concussion, age >17 w CC","Concussion, age >17 w CC",1,fin
032,"Aivotärähdys, aikuinen, ei komplisoitunut","Aivotärähdys,aik,ei kompl",032X,"Concussion, age >17 w/o CC","Concussion, age >17 w/o CC",1,fin
033,"Aivotärähdys, lapsi","Aivotärähdys,lapsi",033X,"Concussion, age 0-17","Concussion, age 0-17",1,fin
034C,"Muu keskushermoston häiriö, komplisoitunut","Muu keskushermoston häiriö, komplisoitunut",034C,"Other disorders of the nervous system, w CC","Other disorders of the nervous system, w CC",1,fin
034M,"Muu keskushermoston häiriö, erittäin komplisoitunut","Muu keskushermoston häiriö, erittäin komplisoitunut",034M,"Other disorders of the nervous system, w MCC","Other disorders of the nervous system, w MCC",1,fin
035,"Muu keskushermoston häiriö, ei komplisoitunut","Muu keskushermoston häiriö, ei komplisoitunut",035X,"Other disorders of the nervous system, w/o CC","Other disorders of the nervous system, w/o CC",1,fin
036C,Silmän paikallinen sädehoito,Silmän paikallinen sädehoito,036C,Brachytherapy to eye,Brachytherapy to eye,2,fin
036D,Silmän laaja toimenpide,Silmän laaja toimenpide,036D,Major eye procedures,Major eye procedures,2,fin
036E,Verkkokalvon toimenpiteet,Verkkokalvon toimenpiteet,036E,Retinal procedures,Retinal procedures,2,fin
036O,"Verkkokalvon toimenpiteet, lyhyt hoito","Verkkokalvon toimenpiteet, lyhyt hoito",036O,"Retinal procedures, short therapy","Retinal procedures, short therapy",2,fin
036P,"Sarveiskalvon siirto, lyhyt hoito","Sarveiskalvon siirto, lyhyt hoito",036P,"Transplantation of cornea, short therapy","Transplantation of cornea, short therapy",2,fin
036R,"Värikalvon ja kammiokulmalasertoimenpiteet, lyhyt hoito","Värikalvon ja kammiokulmalasertoim, lyh hoi",036R,"Laser procedures on iris and chamber angle, short therapy","Laser procedures on iris and chamber angle, short therapy",2,fin
036S,"Silmänpaineleikkaukset, lyhyt hoito","Silmänpaineleikkaukset, lyhyt hoito",036S,"Major procedure on intraocular pressure, short therapy","Major procedure on intraocular pressure, short therapy",2,fin
037,Silmämunan ja silmäkuopan leikkaukset,Silmämunan ja silmäkuopan leikkaukset,037X,Orbital procedures,Orbital procedures,2,fin
037O,"Silmämunan ja silmäkuopan leikkaukset, lyhyt hoito","Silmämunan ja silmäkuopan leikkaukset, lyh hoito",037O,"Orbital OR procedures, short therapy","Orbital OR procedures, short therapy",2,fin
039,Kaihileikkaukset ja muut mykiön leikkaukset,Kaihileikkaukset ja muut mykiön leikkaukset,039X,Lens procedures with or without vitrectomy,Lens procedures with or without vitrectomy,2,fin
039O,"Mykiön leikkaus, toispuolinen, lyhyt hoito","Mykiön leikkaus, toispuol., lyh hoi",039FO,"Unilateral lens procedures with or without vitrectomy, short therapy","Unilateral lens procedures with or without vitrectomy, sh th",2,fin
039P,"Mykiön leikkaus, molemminpuolinen, lyhyt hoito","Mykiön leikkaus, mol. puol., lyhyt hoi",039FP,"Bilateral lens procedures, short therapy","Bilateral lens procedures, short therapy",2,fin
040,"Silmän ulkoinen toimenpide, paitsi silmäkuoppa","Silmän ulkoinen toimenpide, paitsi silmäkuoppa",040X,Extraocular procedures except orbit,Extraocular procedures except orbit,2,fin
041P,"Karsastustoimenpide, lyhyt hoito","Karsastustoimenpide, lyhyt hoito",041P,"Strabismus surgery, short therapy","Strabismus surgery, short therapy",2,fin
041Q,"Muu silmän alueen toimenpide, anestesia, lyhyt hoito","Muu silmän alueen toimenpide, anestesia, lyhyt hoito",041Q,"Other interventions for problems in eye region, with anestesia, short therapy","Other interventions for problems in eye region, with anestes",2,fin
041R,"Muu silmän alueen toimenpide ilman anestesiaa, lyhyt hoito","Muu silmän alueen toimenpide ilman anestesiaa, lyhyt hoito",041R,"Other interventions for problems in eye region, without anestesia, short therapy","Other interventions for problems in eye region, without anes",2,fin
042,Muu silmänsisäinen leikkaus,Muu silmänsisäinen leikkaus,042X,Intraocular procedures except retina and lens,Intraocular procedures except retina and lens,2,fin
042P,"Muu silmänsisäinen toimenpide, lyhyt hoito","Muu silmänsisäinen toimenpide, lyhyt hoito",042P,"Other intraocular procedures except on retina and lens, short therapy","Other intraocular procedures except on retina and lens, short therapy",2,fin
043,Silmän turpoaminen,Silmän turpoaminen,043X,Injury in the eye region,Injury in the eye region,2,fin
044,Äkilliset vakavat silmän infektiosairaudet,Äkilliset vakavat silmän inf.sairaudet,044X,Acute major eye infections,Acute major eye infections,2,fin
045,Silmän hermostolliset sairaudet,Silmän hermostolliset sairaudet,045X,Neurological eye diseases,Neurological eye diseases,2,fin
046,"Muu silmäsairaus aikuisella, komplisoitunut","Muu silmäsairaus aikuisella,kompl",046X,"Other disorders of the eye, age >17 w CC","Other disorders of the eye, age >17 w CC",2,fin
047,"Muu silmäsairaus aikuisella, ei komplisoitunut","Muu silmäsairaus aikuisella,ei kompl",047X,"Other disorders of the eye, age >17 w/o CC","Other disorders of the eye, age >17 w/o CC",2,fin
048,Muu silmäsairaus lapsella,Muu silmäsairaus lapsella,048X,"Other disorders of the eye, age 0-17","Other disorders of the eye, age 0-17",2,fin
049A,Muu pään ja kaulan alueen suuri leikkaus,Muu pään ja kaulan alueen suuri leikkaus,049A,Other major operations on head and neck,Other major operations on head and neck,3,fin
049B,Sisäkorvaistutteen asentaminen,Sisäkorvaistutteen asentaminen,049B,Insertion of cochlear implant,Insertion of cochlear implant,3,fin
050N,Korvasylkirauhasen poisto,Korvasylkirauhasen poisto,050N,Parotidectomy,Parotidectomy,3,fin
051N,Muu sylkirauhastoimenpide,Muu sylkirauhastoimenpide,051N,Salivary gland procedures except parotidectomy,Salivary gland procedures except parotidectomy,3,fin
051O,"Sylkirauhastoimenpide, lyhyt hoito","Sylkirauhastoimenpide, lyhyt hoito",051O,"Salivary gland procedures except parotidectomy, short therapy","Salivary gland procedures except parotidectomy, short therap",3,fin
052,Huuli-suulakihalkion korjaus,Huuli-suulakihalkion korjaus,052X,Cleft lip and palate repair,Cleft lip and palate repair,3,fin
053A,Nenänsivuontelon leikkaus,Nenänsivuontelon leikkaus,053A,Sinus procedures,Sinus procedures,3,fin
053B,Kartiolisäkkeen leikkaus,Kartiolisäkkeen leikkaus,053B,"Mastoid, temporal bone and inner ear procedures","Mastoid, temporal bone and inner ear procedures",3,fin
054O,"Nenänsivuontelon leikkaus, lyhyt hoito","Nenänsivuontelon leikkaus, lyhyt hoito",054O,"Sinus procedure, short therapy","Sinus procedure, short therapy",3,fin
054P,"Kartiolisäkkeen leikkaus, lyhyt hoito","Kartiolisäkkeen leikkaus, lyhyt hoito",054P,"Mastoid, temporal bone and inner ear procedures, short therapy","Mastoid, temporal bone and inner ear procedures, short thera",3,fin
055,"Muu korvan, nenän tai kurkun leikkaus","Muu korvan, nenän tai kurkun leikkaus",055X,"Miscellaneous ear, nose , mouth and throat procedures","Miscellaneous ear, nose , mouth and throat procedures",3,fin
055O,"Muu vaikea korvan nenän tai kurkun leikkaus, lyhyt hoito","Muu vaikea korvan nenän tai kurkun leikkaus, lyhyt hoito",055O,"Miscellaneous major ear, nose , mouth and throat procedures, short therapy","Miscellaneous major ear, nose , mouth and throat procedures, s",3,fin
055P,"Muu korvan, nenän tai kurkun leikkaus, llyhyt hoito","Muu korvan, nenän tai kurkun leikkaus, llyhyt hoito",055P,"Other minor ear, nose , mouth and throat procedures, short therapy","Other minor ear, nose , mouth and throat procedures, short the",3,fin
056,Nenän muovausleikkaus,Nenän muovausleikkaus,056X,Rhinoplasty,Rhinoplasty,3,fin
056O,"Nenän muovausleikkaus, lyhyt hoito","Nenän muovausleikkaus, lyhyt hoito",056O,"Rhinoplasty, short therapy","Rhinoplasty, short therapy",3,fin
060N,Risaleikkaus,Risaleikkaus,060N,Tonsilectomy and/or adenoidectomy,Tonsilectomy and/or adenoidectomy,3,fin
060O,"Risaleikkaus, ei muita toimenpiteitä, lyhyt hoito","Risaleikkaus, ei muita toimenpiteitä, lyhyt h",060O,"Operations on tonsils or adenoids, short therapy","Operations on tonsils or adenoids, short therapy",3,fin
063,"Muu kovan, nenän tai kurkun alueen laaja toimenpide","Muu kovan, nenän tai kurkun alueen laaja toimenpide",063X,"Other major ear, nose, mouth and throat OR procedures","Other major ear, nose, mouth and throat OR procedures",3,fin
063O,"Muu korvan, nenän tai kurkun alueen toimenpide, lyhyt hoito","Muu korvan, nenän tai kurkun alueen toimenpide, lyhyt hoito",063O,"Other major ear, nose, mouth and throat OR procedures, short therapy","Other major ear, nose, mouth and throat OR procedures, short therapy",3,fin
064A,"Korvan, nenän tai kurkun pahanlaatuisen kasvaimen sädehoito","Korvan,nenän tai kurkun pahanl kasv sädehoito",064FA,"Ear, nose, mouth and throat malignancy, radiotherapy","Ear, nose, mouth and throat malignancy, radiotherapy",3,fin
064B,"Korvan, nenän tai kurkun pahanlaatuinen kasvain, ei leikkausta","Korvan,nenän tai kurkun pahanl kasv, ei leikk",064FB,"Ear, nose, mouth and throat malignancy, cytostatic therapy","Ear, nose, mouth and throat malignancy, cytostatic therapy",3,fin
064E,"Korvan, nenän tai kurkun pahanlaatuinen kasvain","Korvan, nenän tai kurkun pahanlaatuinen kasvain",064FE,"Ear, nose, mouth and throat malignancy","Ear, nose, mouth and throat malignancy",3,fin
065C,"Tasapainohäiriö, komplisoitunut","Tasapainohäiriö, kompl",065C,"Dysequilibrium, w CC","Dysequilibrium, w CC",3,fin
065N,"Tasapainohäiriö, ei komplisoitunut","Tasapainohäiriö, ei kompl",065N,"Dysequilibrium, w/o CC","Dysequilibrium, w/o CC",3,fin
066,Nenäverenvuoto,Nenäverenvuoto,066X,Epistaxis,Epistaxis,3,fin
067,Kurkunkannentulehdus,Kurkunkannentulehdus,067X,Epiglottitis,Epiglottitis,3,fin
068,"Korvatulehdus tai ylähengitystieinfektio, komplisoitunut, aikuinen","Korvatul/ylähengitystieinf,kompl,aik",068X,"Otitis media and upper respiratory infection, age >17, w CC","Otitis media and upper respiratory infection, age >17, w CC",3,fin
069,"Korvatulehdus tai ylähengitystieinfektio, ei komplisoitunut, aikuinen","Korvatul/ylähengitystieinf,ei kompl,aik",069X,"Otitis media and upper respiratory infection, age >17, w/o CC","Otitis media and upper respiratory infection, age >17, w/o CC",3,fin
070A,"Korvatulehdus tai ylähengitystieinfektio, lapsi, komplisoitunut","Korvatul / yläheng.inf, lapsi, kompl",070A,"Otitis media and upper respiratory infection, age 0-17, w CC","Otitis media and upper respiratory infection, age 0-17, w CC",3,fin
070B,"Korvatulehdus tai ylähengitystieinfektio, lapsi, ei komplisoitunut","Korvatul / yläheng.inf, lapsi, ei kompl",070B,"Otitis media and upper respiratory infection, age 0-17, w/o CC","Otitis media and upper respiratory infection, age 0-17, w/o CC",3,fin
071,Kurkunpään ja henkitorven tulehdus,Kurkunpään ja henkitorven tulehdus,071X,Viral croup and laryngotracheitis,Viral croup and laryngotracheitis,3,fin
072,Nenän vamma tai epämuodostuma,Nenän vamma tai epämuodostuma,072X,Nasal trauma and deformity,Nasal trauma and deformity,3,fin
073,"Muu korvan nenän tai kurkun sairaus, aikuinen","Muu korvan nenän tai kurkun sairaus, aikuinen",073X,"Other ear, nose, mouth and throat diagnoses age >17","Other ear, nose, mouth and throat diagnoses age >17",3,fin
074,"Muu korvan nenän tai kurkun sairaus, lapsi","Muu korvan nenän tai kurkun sairaus, lapsi",074X,"Other ear, nose, mouth and throat diagnoses, age 0-17","Other ear, nose, mouth and throat diagnoses, age 0-17",3,fin
075,Laaja rintaontelon muu kuin sydänleikkaus,Laaja rintaontelon muu kuin sydänleikkaus,075X,Major chest procedures,Major chest procedures,4,fin
075O,"Laaja rintaontelon muu kuin sydänleikkaus, lyhyt hoito","Laaja rintaont muu leikkaus, lyh hoito",075O,"Major thorax procedures, short therapy","Major thorax procedures, short therapy",4,fin
076,"Suppea hengityselinten toimenpide, komplisoitunut","Suppea hengityselinten tp,kompl",076X,"Other resp system OR procedures, w CC","Other resp system OR procedures, w CC",4,fin
077,"Suppea hengityselinten toimenpide, ei komplisoitunut","Suppea hengityselinten tp,ei kompl",077X,"Other respiratory system OR procedures, w/o CC","Other respiratory system OR procedures, w/o CC",4,fin
077O,"Suppea hengityselinten toimenpide, lyhyt hoito","Suppea hengityselinten tp,lyh hoito",077O,"Other respiratory system OR procedures, short therapy","Other respiratory system OR procedures, short therapy",4,fin
078C,"Keuhkoembolia, komplisoitunut","Keuhkoembolia, kompl",078C,"Pulmonary embolism, w CC","Pulmonary embolism, w CC",4,fin
078N,"Keuhkoembolia, ei komplisoitunut","Keuhkoembolia, ei kompl",078N,"Pulmonary embolism, w/o CC","Pulmonary embolism, w/o CC",4,fin
079,"Alahengitystieinfektio tai inflammaatio, aikuinen, komplisoitunut","Alahengitystieinf/inflam,aik,kompl",079X,"Respiratory infections and inflammations, age >17, w CC","Respiratory infections and inflammations, age >17, w CC",4,fin
080,"Alahengitystieinfektio tai inflammaatio, aikuinen, ei komplisoitunut","Alahengitystieinf/inflam,aik,ei kompl",080X,"Respiratory infections and inflammations, age >17, w/o CC","Respiratory infections and inflammations, age >17, w/o CC",4,fin
081,"Alahengitystieinfektio tai inflammaatio, lapsi","Alahengitystieinf tai inflam,lapsi",081X,"Respiratory infections and inflammations, age 0-17","Respiratory infections and inflammations, age 0-17",4,fin
082A,"Hengityselinten kasvaimet, sädehoito","Hengityselinten kasvaimet, sädeh",082FA,"Respiratory neoplasms, radiotherapy","Respiratory neoplasms, radiotherapy",4,fin
082B,"Hengityselinten kasvaimet, sytostaattihoito","Hengityselinten kasvaimet, sytos hoito",082FB,"Respiratory neoplasms, cytostatic therapy","Respiratory neoplasms, cytostatic therapy",4,fin
082C,"Hengityselinten kasvaimet, komplisoitunut","Hengityselinten kasvaimet, kompl",082C,"Respiratory neoplasms, w CC","Respiratory neoplasms, w CC",4,fin
082N,"Hengityselinten kasvaimet, ei komplisoitunut","Hengityselinten kasvaimet, ei kompl",082N,"Respiratory neoplasms, w/o CC","Respiratory neoplasms, w/o CC",4,fin
083,"Vakava rintakehän vamma, komplisoitunut","Vakava rintakehän vamma,komplisoitunut",083X,"Major chest trauma, w CC","Major chest trauma, w CC",4,fin
084,"Vakava rintakehän vamma, ei komplisoitunut","Vakava rintakehän vamma,ei kompl",084X,"Major thorax trauma, w/o CC","Major thorax trauma, w/o CC",4,fin
085,"Pleuraeffuusio, komplisoitunut","Pleuraeffuusio,komplisoitunut",085X,"Pleural effusion, w CC","Pleural effusion, w CC",4,fin
086,"Pleuraeffuusio, ei komplisoitunut","Pleuraeffuusio,ei komplisoitunut",086X,"Pleural effusion, w/o CC","Pleural effusion, w/o CC",4,fin
087C,"Hengitysvajaus tai keuhkoödeema, komplisoitunut","Hengitysvajaus tai keuhkoödeema, kompl",087C,"Pulmonary edema and respiratory failure, w CC","Pulmonary edema and respiratory failure, w CC",4,fin
087N,"Hengitysvajaus tai keuhkoödeema, ei komplisoitunut","Hengitysvajaus tai keuhkoödeema, ei kompl",087N,"Pulmonary edema and respiratory failure, w/o CC","Pulmonary edema and respiratory failure, w/o CC",4,fin
088C,"Krooninen obstruktiivinen keuhkosairaus, komplisoitunut","Krooninen obstruktiivinen keuhkosairaus, kompl",088C,"Chronic obstructive pulmonary disease, w CC","Chronic obstructive pulmonary disease, w CC",4,fin
088N,"Krooninen obstruktiivinen keuhkosairaus, ei komplisoitunut","Krooninen obstruktiivinen keuhkosairaus, ei kompl",088N,"Chronic obstructive pulmonary disease, w/o CC","Chronic obstructive pulmonary disease, w/o CC",4,fin
089C,"Pneumonia tai pleuriitti, aikuinen, komplisoitunut","Pneumonia tai pleuriitti, aikuinen, erittäin kompl",089C,"Simple pneumonia and pleurisy, age >17, w CC","Simple pneumonia and pleurisy, age >17, w CC",4,fin
089M,"Pneumonia tai pleuriitti, aikuinen, erittäin komplisoitunut","Pneumonia tai pleuriitti, aikuinen, erittäin kompl",089M,"Simple pneumonia and pleurisy, age >17, w MCC","Simple pneumonia and pleurisy, age >17, w MCC",4,fin
090,"Pneumonia tai pleuriitti, aikuinen, ei komplisoitunut","Pneumonia tai pleuriitti,aik,ei kompl",090X,"Simple pneumonia and pleurisy, age >17, w/o CC","Simple pneumonia and pleurisy, age >17, w/o CC",4,fin
091A,"Pneumonia tai pleuriitti, lapsi, komplisoitunut","Pneumonia tai pleuriitti, lapsi, kompl",091A,"Simple pneumonia and pleurisy, age 0-17, w CC","Simple pneumonia and pleurisy, age 0-17, w CC",4,fin
091B,"Pneumonia tai pleuriitti, lapsi, ei komplisoitunut","Pneumonia tai pleuriitti, lapsi, ei kompl",091B,"Simple pneumonia and pleurisy, age 0-17, w/o CC","Simple pneumonia and pleurisy, age 0-17, w/o CC",4,fin
092,"Interstitielli keuhkosairaus, komplisoitunut","Interstitielli keuhkosairaus,kompl",092X,"Interstitial lung disease, w CC","Interstitial lung disease, w CC",4,fin
093,"Interstitielli keuhkosairaus, ei komplisoitunut","Interstitielli keuhkosairaus,ei kompl",093X,"Interstitial lung disease, w/o CC","Interstitial lung disease, w/o CC",4,fin
094,"Pneumothorax, komplisoitunut","Pneumothorax,komplisoitunut",094X,"Pneumothorax, w CC","Pneumothorax, w CC",4,fin
095,"Pneumothorax, ei komplisoitunut","Pneumothorax,ei komplisoitunut",095X,"Pneumothorax, w/o CC","Pneumothorax, w/o CC",4,fin
096,"Obstruktiivinen hengitystieinfektio tai astma, aikuinen, komplisoitunut","Obstr hengitystieinf/astma,aik,kompl",096X,"Bronchitis and asthma, age >17, w CC","Bronchitis and asthma, age >17, w CC",4,fin
097,"Obstruktiivinen hengitystieinfektio tai astma, aikuinen, ei komplisoitunut","Obstr hengitystieinf/astma,aik,ei kompl",097X,"Bronchitis and asthma, age >17, w/o CC","Bronchitis and asthma, age >17, w/o CC",4,fin
098A,"Obstruktiivinen hengitystieinfektio tai astma, lapsi, komplisoitunut","Obstr heng.inf / astma, lapsi, kompl",098A,"Bronchitis and asthma, age 0-17, w CC","Bronchitis and asthma, age 0-17, w CC",4,fin
098B,"Obstruktiivinen hengitystieinfektio tai astma, lapsi, ei komplisoitunut","Obstr heng.inf / astma, lapsi, ei kompl",098B,"Bronchitis and asthma, age 0-17, w/o CC","Bronchitis and asthma, age 0-17, w/o CC",4,fin
099C,"Hengityselinoire, komplisoitunut","Hengityselinoire, kompl",099C,"Respiratory signs and symtoms, w CC","Respiratory signs and symtoms, w CC",4,fin
099M,"Hengityselinoire, erittäin komplisoitunut","Hengityselinoire, erittäin kompl",099M,"Respiratory signs and symtoms, w MCC","Respiratory signs and symtoms, w MCC",4,fin
100,"Hengityselinoire, ei komplisoitunut","Hengityselinoire,ei komplisoitunut",100X,"Respiratory signs and symtoms, w/o CC","Respiratory signs and symtoms, w/o CC",4,fin
101,"Muu hengityselinten sairaus, komplisoitunut","Muu hengityselinten sairaus, komplisoitunut",101X,"Other respiratory system diagnoses, w CC","Other respiratory system diagnoses, w CC",4,fin
102,"Muu hengityselinten sairaus, ei komplisoitunut","Muu hengityselinten sairaus, ei komplisoitunut",102X,"Other respiratory system diagnoses, w/o CC","Other respiratory system diagnoses, w/o CC",4,fin
103,Sydämensiirto,Sydämensiirto,103X,Heart transplantation and ventricular assist device,Heart transplantation and ventricular assist device,5,fin
104A,Sydämen yhden läpän leikkaus,Sydämen yhden läpän leikkaus,104A,Single heart valve operations,Single heart valve operations,5,fin
104B,Usean sydämenläpän leikkaus tai yksittäisen läpän komplisoitunut leikkaus,Usean syd.läp tai yksitt läpän kompl leikk,104B,"Multiple heart valve operations or single valve operations, w CC",Multiple heart valve operations or single valve operations w,5,fin
104D,Sydänläpän istuttaminen katetrisaatiossa,Sydänläpän istuttaminen katetrisaatiossa,104D,Percutaneous heart valve implantation,Percutaneous heart valve implantation,5,fin
104O,"Sydänläpän avosydän korjausleikkaus ja katetrisaatio, lyhyt hoito","Sydänläpän avosydän korjausleikk ja katetr, lyhyt hoito",104O,"Cardiac valve procedures with cardiac catheterization, short therapy","Cardiac valve procedures with cardiac catheterization, short therapy",5,fin
107A,Sydämen ohitusleikkaus ilman katetrisaatiota,Sydämen ohitusleikkaus ilman katetrisaatiota,107A,Other coronary bypass without cathetherisation,Other coronary bypass without cathetherisation,5,fin
107B,Muu sydämen ohitusleikkaus ja katetrisaatio,Muu sydämen ohitusleikkaus ja katetrisaatio,107B,Other coronary bypass with cathetherization,Other coronary bypass with cathetherization,5,fin
107C,Sydämen ohitusleikkaus yhdistettynä monimutkaisiin toimenpiteisiin tai muuten komplisoitunut,Syd ohit.leikk yhd monimutk tp tai muuten kompl,107C,"Coronary bypass with complex associated procedures or, w CC",Coronary bypass with complex associated procedures or with C,5,fin
107O,"Sydämen ohitusleikkaus ilman katetrisaatiota, lyhyt hoito","Sydämen ohitusleik ilman katetr, lyhyt hoito",107O,"Coronary bypass without cardiac catheterization, short therapy","Coronary bypass without cardiac catheterization, short therapy",5,fin
108C,"Muu rintakehän avosydän- tai verisuonileikkaus, komplisoitunut","Muu rintakehän avosydän- tai verisuonileikkaus, komplisoitunut",108C,"Other cardiothoracic procedures, w CC","Other cardiothoracic procedures, w CC",5,fin
108N,"Muu rintakehän avosydän- tai verisuonileikkaus, ei komplisoitunut","Muu rintakehän avosydän- tai verisuonileikkaus, ei komplisoitunut",108N,"Other cardiothoracic procedures, w/o CC","Other cardiothoracic procedures, w/o CC",5,fin
108O,"Muu rintakehän avosydän- tai verisuonileikkaus, lyhyt hoito","Muu rintakehän avosydän- tai verisuonileikkaus, lyhyt hoito",108O,"Other cardiothoracic procedures, short therapy","Other cardiothoracic procedures, short therapy",5,fin
109N,Aortan aneurysman leikkaus rintaontelossa,Aortan aneurysman leikkaus rintaontelossa,109N,OR procedure for thoracic aortic aneurysm,OR procedure for thoracic aortic aneurysm,5,fin
110,"Vaativa verisuonirekonstruktioleikkaus, komplisoitunut","Vaat verisuonirekonstruktioleikk, kompl",110X,"Major cardiovascular procedures, w CC","Major cardiovascular procedures, w CC",5,fin
111,"Vaativa verisuonirekonstruktioleikkaus, ei komplisoitunut","Vaat verisuonirekonstruktioleikk, ei kompl",111X,"Major cardiovascular procedures, w/o CC","Major cardiovascular procedures, w/o CC",5,fin
111O,"Vaativa verisuonirekonstruktioleikkaus, ei avosydän, lyhyt hoito","Vaat veris rekonstr,ei avosyd,lyh h",110O,"Major cardiovascular procedures, short therapy","Major cardiovascular procedures, short therapy",5,fin
112A,Muu kardiovaskulaarinen perkutaaninen toimenpide ja hyperterminen perfuusio,Muu kardiovaskulaarinen perkutaaninen tp ja hypert perf,112A,Other percutaneous cardiovascular procedures and hyperthermic perfusion,Other percutaneous cardiovascular procedures and hyperthermic perfusion,5,fin
112B,Rytmihäiriölähteen hävittäminen katetrisaatiossa,Rytmihäiriölähteen hävittäminen katetrisaatiossa,112B,Percutaneuous ablations for cardiac arrhytmia,Percutaneuous ablations for cardiac arrhytmia,5,fin
112C,Sepelvaltimon laajennushoito komplisoitumattomassa infarktittomassa tilanteessa,"Sepelvalt laajennushoito, ei infarktia, ei kompl",112C,"PCI w/o myocardial infarction, w/o CC","PCI w/o myocardial infarction, w/o CC",5,fin
112D,Sepelvaltimon laajennushoito infarktittomassa komplisoituneessa tilanteessa,"Sepelvalt laajennushoito, ei infarktia, kompl",112D,"PCI w/o myocardial infarction, w CC","PCI w/o myocardial infarction, w CC",5,fin
112E,Sepelvaltimon laajennushoito komplisoitumattomassa infarktitilanteessa,"Sepelvalt laajennushoito, ei kompl, infarkti",112E,"PCI w myocardial infarction, w/o CC","PCI w myocardial infarction, w/o CC",5,fin
112F,Sepelvaltimon laajennushoito komplisoituneessa infarktitilanteessa,"Sepelvalt laajennushoito, kompl, infarkti",112F,"PCI w myocardial infarction, w CC","PCI w myocardial infarction, w CC",5,fin
112P,"Rytmihäiriölähteen hävittäminen katetrisaatiossa, lyhyt hoito","Rytmihäiriölähteen hävittäminen katetrisaatiossa, lyhyt hoito",112P,"Percutaneous ablations for cardiac arrhythmia, short therapy","Percutaneous ablations for cardiac arrhythmia, short therapy",5,fin
112Q,"Muu kardiovaskulaarinen katetrisaatio, lyhyt hoito","Muu kardiovaskulaarinen katetrisaatio, lyhyt hoito",112Q,"Other percutaneous cardiovascular procedures, short therapy","Other percutaneous cardiovascular procedures, short therapy",5,fin
113A,"Raajan amputaatio verenkierrollisista syistä, ei yläraaja tai varvas","Raajan amput verenk syy,ei yläraaja/varvas",113FA,Amputation for circulatory system disorders except upper limb and toe,Amput for circ syst disord except upp limb and toe,5,fin
113B,"Laaja raajan amputaatio ja korjausleikkaus verenkierrollisista syistä, ei yläraaja tai varvas","Laaja raajan amput verenk syistä ,ei yläraaja/varvas",113FB,Extensive corrective procedures after amputation for circulatory system disorders of lower limb except toe,Ext corr proc after amput for circ dis of lower limb,5,fin
113O,"Suuri raajan amputaatio verenkierrollisista syistä, ei yläraaja tai varvas, lyhyt hoito","Suuri raajan amput verenk syistä ,ei yläraaja/varvas, lyh",113O,"Amputation for circulatory system disorders except upper limb and toe, short therapy","Amputation for circulatory system disorders except upper limb and toe, short therapy",5,fin
114,Yläraajan tai varpaan amputaatio verenkierrollisista syistä,Yläraajan/varpaan amput verenk syistä,114X,Upper limb and toe amputation for circulatory system disorder,Upper limb and toe amputation for circulatory system disorder,5,fin
114O,"Yläraajan tai varpaan amputaatio verenkierrollisista syistä, lyhyt hoito","Yläraajan/varpaan amput verenk syistä, lyhyt hoito",114O,"Upper limb and toe amputation for circulatory system disorder, short therapy","Upper limb and toe amputation for circulatory system disorder, short therapy",5,fin
115A,Pysyvän tahdistimen tai defibrillaattorin poisto,Pysyvän tahdistimen tai defibrillaattorin poisto,115A,Removal of permanent cardiac pacemaker or defibrillator,Removal of permanent cardiac pacemaker or defibrillator,5,fin
115B,Sydämen tahdistimen tarkistaminen tai asentaminen tai defibrillaattorin vaihtaminen,Syd tahd tarkist tai asent tai defibril vaihto,115B,Revison of cardiac pacemaker or implantation or replacement of cardiac defibrillator,Revison of cardiac pacemaker or implantation or replacement,5,fin
115C,Sydämen defibrillaattorin asentaminen tai uusiminen,Sydämen defibril asent tai uusim,115C,Implantation or replacement of cardiac defibrillator,Implantation or replacement of cardiac defibrillator,5,fin
115O,"Pysyvän tahdistimen tai defibrillaattorin poisto, lyhyt hoito","Pysyvän tahdistimen tai defibril poisto, lyhyt hoito",115O,"Removal of permanent cardiac pacemaker or defibrillator, short therapy","Removal of permanent cardiac pacemaker or defibrillator, short therapy",5,fin
116O,"Sydämen defibrillaattorin asentaminen tai uusiminen, lyhyt hoito","Sydämen defibrill asentaminen tai uusiminen, lyhyt hoito",116O,"Insertion or replacement of permanent cardiac pacemaker or loop recorder, short therapy","Insertion or replacement of permanent cardiac pacemaker or loop recorder, short therapy",5,fin
117O,"Pysyvän tahdistimen asentaminen, lyhyt hoito","Pysyvän tahdistimen asentaminen, lyhyt hoito",117O,"Insertion or replacement of internal defibrillator, short therapy","Insertion or replacement of internal defibrillator, short therapy",5,fin
119,Suonikohjuleikkaus,Suonikohjuleikkaus,119X,Vein ligation and stripping,Vein ligation and stripping,5,fin
119O,"Suonikohjuleikkaus, toispuolinen, lyhyt hoito","Suonikohjuleikkaus, toispuol., lyh hoi",119O,"Vein ligation and stripping, short therapy","Vein ligation and stripping, short therapy",5,fin
119P,"Suonikohjuleikkaus, molemminpuolinen, lyhyt hoito","Suonikohjuleikkaus, mol.puol., lyh hoi",119P,"Vein ligation and stripping, bilateral, short therapy","Vein ligation and stripping, bilateral, sh. th.",5,fin
120C,"Muu verenkiertoelinten leikkaus, komplisoitunut","Muu verenkiertoelinten leikkaus, komplisoitunut",120C,"Other circulatory system OR procedures, w CC","Other circulatory system OR procedures, w CC",5,fin
120N,"Muu verenkiertoelinten leikkaus, ei komplisoitunut","Muu verenkiertoelinten leikkaus, ei komplisoitunut",120N,"Other circulatory system OR procedures, w/o CC","Other circulatory system OR procedures, w/o CC",5,fin
120O,"Muu verenkiertoelinten toimenpide, lyhyt hoito","Muu verenkiertoelinten toimenpide, lyhyt hoito",120O,"Other circulatory system OR procedures, short therapy","Other circulatory system OR procedures, short therapy",5,fin
121,"Sydäninfarkti ja kardiovaskulaarinen komplikaatio, elossa 4. hoitopäivänä","Sydäninfarkti ja kardiovaskulaarinen komplikaatio, elossa 4. hoitopäivänä",121X,"Other circulatory disorders with acute myocardial infarction and cardiovascular complication, alive at 4th day of care","Other circulatory disorders with ami, alive at 4th day of care",5,fin
122,"Sydäninfarkti ilman kardiovaskulaarista komplikaatiota, elossa 4. hoitopäivänä","Sydäninfarkti ilman kardiovaskulaarista komplikaatiota, elossa 4. hoitopäivänä",122X,"Other circulatory disorders with acute myocardial infarction without cardiovascular complication, alive at 4th day of care","Other circulatory disorders with ami w/o cardiovascular complication, alive at 4th day of care",5,fin
123,"Sydäninfarkti, potilas kuoli ensimmäisten 3 hoitopäivän aikana","Sydinf, potilas kuoli 3 hoitopv aikana",123X,"Other circulatory disorders with acute myocardial infarction, death within first 3 days of care","Other circulatory disorders with ami, death within first 3 days of care",5,fin
124,"Muu verenkiertoelinten sairaus, katetrisaatio, monimutkainen perussairaus","Muu verenkiertoelinten sairaus, katetrisaatio, monimutkainen perussairaus",124X,Diagnostic percutan cardiac procedure w circulatory complex dx,Diagnostic percutan cardiac procedure w complex dx,5,fin
125,"Muu verenkiertoelinten sairaus, katetrisaatio, ilman monimutkaista perussairautta","Muu verenkiertoelinten sairaus, katetrisaatio, ilman monimutkaista perussairautta",125X,Diagnostic percutan cardiac procedure w/o circulatory complex dx,Diagnostic percutan cardiac procedure w/o complex dx,5,fin
125O,"Sydämen diagnostinen toimenpide, lyhyt hoito","Sydämen diagnostinen toimenpide, lyhyt hoito",125O,"Diagnostic percutaneous cardiac procedures, short therapy","Diagnostic percutaneous cardiac procedures, short therapy",5,fin
126,Akuutti tai subakuutti endokardiitti,Akuutti tai subakuutti endokardiitti,126X,Acute and subacute endocarditis,Acute and subacute endocarditis,5,fin
127M,"Sydämen toiminnanvajaus tai kardiogeeninen shokki, erittäin komplisoitunut","Sydämen toiminnanvajaus tai kardiogeeninen shokki, erittäin kompl",127G,"Heart failure and shock, w MCC","Heart failure and shock, w MCC",5,fin
127N,"Sydämen toiminnanvajaus tai kardiogeeninen shokki, ei komplisoitunut","Sydämen toiminnanvajaus tai kardiogeeninen shokki, ei kompl",127H,"Heart failure and shock, w/o CC","Heart failure and shock, w/o CC",5,fin
128,Syvien laskimoiden tromboflebiitti,Syvien laskimoiden tromboflebiitti,128X,Deep vein thrombophlebitis,Deep vein thrombophlebitis,5,fin
129,"Sydänpysähdys, syy tuntematon","Sydänpysähdys,syy tuntematon",129X,"Cardiac arrest, unexplained","Cardiac arrest, unexplained",5,fin
130,"Perifeerisen verenkierron häiriö, komplisoitunut","Perifeerisen verenkierron häiriö,kompl",130X,"Peripheral vascular disorders, w CC","Peripheral vascular disorders, w CC",5,fin
131,"Perifeerisen verenkierron häiriö, ei komplisoitunut","Perifeerisen verenkierron häir,ei kompl",131X,"Peripheral vascular disorders, w/o CC","Peripheral vascular disorders, w/o CC",5,fin
132,"Ateroskleroosi, komplisoitunut","Ateroskleroosi,komplisoitunut",132X,"Atherosclerosis, w CC","Atherosclerosis, w CC",5,fin
133,"Ateroskleroosi, ei komplisoitunut","Ateroskleroosi,ei komplisoitunut",133X,"Atherosclerosis, w/o CC","Atherosclerosis, w/o CC",5,fin
134C,"Hypertensio, komplisoitunut","Hypertensio, kompl",134C,"Hypertension, w CC","Hypertension, w CC",5,fin
134M,"Hypertensio, erittäin komplisoitunut","Hypertensio, erittäin kompl",134M,"Hypertension, w MCC","Hypertension, w MCC",5,fin
134N,"Hypertensio, ei komplisoitunut","Hypertensio, ei kompl",134N,"Hypertension, w/o CC","Hypertension, w/o CC",5,fin
135,"Synnynnäinen sydän- tai läppävika, aikuinen, komplisoitunut","Synnynnäinen sydän- tai läppävika, aik, kompl",135X,"Cardiac congenital and valvular disorders age >17, w CC","Cardiac congenital and valvular disorders age >17, w CC",5,fin
136,"Synnynnäinen sydän- tai läppävika, aikuinen, ei komplisoitunut","Synnynnäinen sydän- tai läppävika, aik, ei kompl",136X,"Cardiac congenital and valvular disorders age, >17, w/o CC","Cardiac congenital and valvular disorders age, >17, w/o CC",5,fin
137,"Synnynnäinen sydän- tai läppävika, lapsi","Synnynnäinen sydän- tai läppävika, lapsi",137X,Cardiac congenital and valvular disorders age 0-17,Cardiac congenital and valvular disorders age 0-17,5,fin
138,"Sydämen rytmi- tai johtumishäiriö, komplisoitunut","Sydämen rytmi- tai johtumishäiriö, kompl",138X,"Cardiac arrhythmia and conduction disorders, w CC","Cardiac arrhythmia and conduction disorders, w CC",5,fin
139,"Sydämen rytmi- tai johtumishäiriö, ei komplisoitunut","Sydämen rytmi- tai johtumishäiriö, ei kompl",139X,"Cardiac arrhythmia and conduction disorders, w/o CC","Cardiac arrhythmia and conduction disorders, w/o CC",5,fin
140C,"Sydänperäinen rintakipu, komplisoitunut","Sydänperäinen rintakipu, komp",140C,"Angina pectoris, w CC","Angina pectoris, w CC",5,fin
140N,"Sydänperäinen rintakipu, ei komplisoitunut","Sydänperäinen rintakipu, ei kompl",140N,"Angina pectoris, w/o CC","Angina pectoris, w/o CC",5,fin
141,"Pyörtyminen, komplisoitunut","Pyörtyminen,komplisoitunut",141X,"Syncope and collapse, w CC","Syncope and collapse, w CC",5,fin
142,"Pyörtyminen, ei komplisoitunut","Pyörtyminen,ei komplisoitunut",142X,"Syncope and collapse, w/o CC","Syncope and collapse, w/o CC",5,fin
143,Epäselvä sydänperäinen rintakipu,Epäselvä sydänperäinen rintakipu,143X,Chest pain,Chest pain,5,fin
144C,"Muu verenkiertoelinten sairaus, komplisoitunut","Muu verenkiertoelinten sairaus, komplisoitunut",144C,"Other circulatory system diseases, w CC","Other circulatory system diseases, w CC",5,fin
144M,"Muu verenkiertoelinten sairaus, erittäin komplisoitunut","Muu verenkiertoelinten sairaus, erittäin komplisoitunut",144M,"Other circulatory system diseases, w MCC","Other circulatory system diseases, w MCC",5,fin
145,"Muu verenkiertoelinten sairaus, ei komplisoitunut","Muu verenkiertoelinten sairaus, ei komplisoitunut",145X,"Other circulatory system diseases, w/o CC","Other circulatory system diseases, w/o CC",5,fin
146,"Peräsuolen resektio, komplisoitunut","Peräsuolen resektio,komplisoitunut",146X,"Rectal resection, w CC","Rectal resection, w CC",6,fin
147,"Peräsuolen resektio, ei komplisoitunut","Peräsuolen resektio,ei komplisoitunut",147X,"Rectal resection, w/o CC","Rectal resection, w/o CC",6,fin
147O,"Peräsuolen resektio, lyhyt hoito","Peräsuolen resektio, lyhyt hoito",147O,"Rectal resection, short therapy","Rectal resection, short therapy",6,fin
148,"Laaja ohuen tai paksunsuolen leikkaus, komplisoitunut","Laaja ohuen tai paksunsuolen leikkaus, kompl",148X,"Major small and large bowel procedures, w CC","Major small and large bowel procedures, w CC",6,fin
149,"Laaja ohuen tai paksunsuolen leikkaus, ei komplisoitunut","Laaja ohuen tai paksunsuolen leikkaus, ei kompl",149X,"Major small and large bowel procedures, w/o CC","Major small and large bowel procedures, w/o CC",6,fin
149O,"Laaja ohuen tai paksunsuolen leikkaus, lyhyt hoito","Laaja ohuen tai paksunsuolen leikkaus, lyhyt hoito",149O,"Major small and large bowel procedures, short therapy","Major small and large bowel procedures, short therapy",6,fin
150,"Peritoneaalisten kiinnikkeiden irroittelu, komplisoitunut","Peritoneaalisten kiinnikkeiden irroittelu, kompl",150X,"Peritoneal adhesiolysis, w CC","Peritoneal adhesiolysis, w CC",6,fin
151,"Peritoneaalisten kiinnikkeiden irroittelu, ei komplisoitunut","Periton kiinn irr, ei kompl",151X,"Peritoneal adhesiolysis, w/o CC","Peritoneal adhesiolysis, w/o CC",6,fin
151O,"Peritoneaalisten kiinnikkeiden irroittelu, lyhyt hoito","Periton kiinn irr, lyh h",151O,"Peritoneal adhesiolysis, short therapy","Peritoneal adhesiolysis, short therapy",6,fin
152,"Vähäinen ohut- tai paksusuolen toimenpide, komplisoitunut","Vähäinen ohut-/paksusuolen tp,kompl",152X,"Small and large bowel procedures, w CC","Small and large bowel procedures, w CC",6,fin
153,"Vähäinen ohut- tai paksusuolen toimenpide, ei komplisoitunut","Vähäinen ohut-/paksusuolen tp,ei kompl",153X,"Small and large bowel procedures, w/o CC","Small and large bowel procedures, w/o CC",6,fin
153O,"Vähäinen ohut- tai paksusuolen toimenpide, lyhyt hoito","Vähäinen ohut- tai paksusuol tp, lyhyt hoito",153O,"Small and large bowel procedures, short therapy","Small and large bowel procedures, short therapy",6,fin
154A,"Laaja vatsan, ruokatorven tai pohjukaissuolentoimenpide, aikuinen, komplisoitunut","Laaja vats/ruokat/pohjuksuol tp, aik, kompl",154A,"Major stomach, esophageal and duodenal procedures, age >17, w CC","Major stom, esoph and duod proc, age >17, w CC",6,fin
154B,"Muu vatsan, ruokatorven tai pohjukaissuolen toimenpide, aikuinen, komplisoitunut","Muu vats/ruokat/pohjuk.suo tp, aikuin, kompl",154B,"Other stomach, esophageal and duodenal procedures, age >17, w CC","Other stom, esoph and duod proc, age >17, w CC",6,fin
155A,"Laaja vatsan, ruokatorven tai pohjukaissuolentoimenpide, aikuinen, ei komplisoitunut","Laaja vats/ruokat/pohjuksuol tp, aik, ei kompl",155A,"Major stomach, esophageal and duodenal procedures, age >17, w/o CC","Major stom, esoph and duod proc, age >17, w/o CC",6,fin
155B,"Muu vatsan, ruokatorven tai pohjukaissuolen toimenpide, aikuinen, ei komplisoitunut","Muu vats/ruokat/pohjuk.suo tp, aikuin, ei k",155B,"Other stomach, esophageal and duodenal procedures, age >17, w/o CC","Other stom, esoph and duod proc, age >17, w cc",6,fin
156,"Vatsan, ruokatorven tai pohjukaissuolen toimenpide, lapsi","Vatsan,ruokat/pohj.suol tp,lapsi",156X,"Stomach, esophageal and duodenal procedures, age 0-17","Stomach, esophageal and duodenal procedures, age 0-17",6,fin
156O,"Vatsan, ruokatorven tai pohjukaissuolen toimenpide, lyhyt hoito","Vatsan,ruokat/pohj.suol tp, lyhyt hoito",156O,"Stomach, esophageal and duodenal procedures, short therapy","Stomach, esophageal and duodenal procedures, short therapy",6,fin
157,"Peräaukon tai suoliavanteen leikkaus, komplisoitunut","Peräaukon/suoliavanteen leik,kompl",157X,"Minor intestinal procedure, w CC","Minor intestinal procedure, w CC",6,fin
158,"Peräaukon tai suoliavanteen leikkaus, ei komplisoitunut","Peräaukon/suoliavanteen leik,ei kompl",158X,"Minor intestinal procedures, w/o CC","Minor intestinal procedures, w/o CC",6,fin
158O,"Peräaukon tai suoliavanteen leikkaus, lyhyt hoito","Peräaukon tai suoliavanteen leikkaus, lyhyt h",158O,"Minor intestinal procedures, short therapy","Minor intestinal procedures, short therapy",6,fin
159,"Tyräleikkaus muu kuin nivus- ja reisityrä, aikuinen, komplisoitunut","Tyräleikk muu kuin nivus- ja reisityrä, aik, kompl",159X,"Hernia procedures except inguinal and femoral, age >17, w CC","Hernia procedures except inguinal and femoral, age >17, w CC",6,fin
160,"Tyräleikkaus muu kuin nivus- ja reisityrä, aikuinen, ei komplisoitunut","Tyräleikk muu kuin nivus- ja reisityrä, aik, ei kompl",160X,"Hernia procedures except inguinal and femoral, age >17, w/o CC","Hernia procedures except inguinal and femoral, age >17, w/o CC",6,fin
160O,"Tyräleikkaus muu kuin nivus- ja reisityrä, lyhyt hoito","Tyräleikk muu kuin nivus- ja reisityrä, lyh hoi",160O,"Hernia procedures except inguinal and femoral, short therapy","Hernia procedures except inguinal and femoral, short therapy",6,fin
161,"Nivus- ja reisityräleikkaus, aikuinen, komplisoitunut","Nivus- ja reisityräleikkaus, aik, kompl",161X,"Inguinal and femoral hernia procedures, age >17, w CC","Inguinal and femoral hernia procedures, age >17, w CC",6,fin
162,"Nivus- ja reisityräleikkaus, aikuinen, ei komplisoitunut","Nivus- ja reisityräleikkaus, aik, ei kompl",162X,"Inguinal and femoral hernia procedures, age >17, w/o CC","Inguinal and femoral hernia procedures, age >17, w/o CC",6,fin
162O,"Nivus- ja reisityräleikkaus, toispuolinen, lyhyt hoito","Nivus- ja reisityräleikkaus, toispuol., lyh hoi",162O,"Inguinal and femoral hernia procedures, short therapy","Inguinal and femoral hernia procedures, short therapy",6,fin
162P,"Nivus- tai reisityrän toimenpiteet, molemminpuolinen lyhyt hoito","Nivus- tai reisityrän toimenpit, mol puol, lyh hoi",162P,"Inguinal and femoral hernia procedures, bilateral or combined with other hernia procedure, short therapy","Inguinal and femoral hernia procedures, bilateral or combined with other hernia procedure, short therapy",6,fin
163,"Tyräleikkaus, lapsi","Tyräleikkaus,lapsi",163X,"Hernia procedures, age 0-17","Hernia procedures, age 0-17",6,fin
166N,"Umpilisäkkeen poisto, komplisoitunut","Umpilis poisto, komplisoitunut",166N,Appendectomy w complicated principal diagnosis,Appendectomy w complicated principal diag,6,fin
167,"Umpilisäkkeen poisto, ei komplisoitunut","Umpilisäkk poisto,ei komplis",167X,"Appendectomy w/o complicated principal diag, w/o CC","Appendectomy w/o complicated principal diag, w/o CC",6,fin
167O,"Umpilisäkkeen poisto, lyhyt hoito","Umpilisäkkeen poisto, lyh h",167O,"Appendectomy, short therapy","Appendectomy, short therapy",6,fin
168,"Suun alueen leikkaus, komplisoitunut","Suun alueen leikkaus,komplisoitunut",168X,"Mouth procedures, w CC","Mouth procedures, w CC",3,fin
169,"Suun alueen leikkaus, ei komplisoitunut","Suun alueen leikkaus,ei komplisoitunut",169X,"Mouth procedures, w/o CC","Mouth procedures, w/o CC",3,fin
169O,"Suun alueen leikkaus, lyhyt hoito","Suun alueen leikkaus, lyhyt hoito",169O,"Mouth procedures, short therapy","Mouth procedures, short therapy",3,fin
170,"Muu ruuansulatuskanavan leikkaus, komplisoitunut","Muu ruuansulatuskanavan leikkaus, komplisoitunut",170X,"Other digestive system OR procedures, w CC","Other digestive system OR procedures, w CC",6,fin
171,"Muu ruuansulatuskanavan leikkaus, ei komplisoitunut","Muu ruuansulatuskanavan leikkaus, ei komplisoitunut",171X,"Other digestive system OR procedures, w/o CC","Other digestive system OR procedures, w/o CC",6,fin
171O,"Muu ruuansulatuskanavan leikkaus, lyhyt hoito","Muu ruuansulatuskanavan leikkaus, lyhyt hoito",171O,"Other digestive system OR procedures, short therapy","Other digestive system OR procedures, short therapy",6,fin
172,"Ruuansulatuskanavan pahanlaatuinen kasvain, komplisoitunut","Ruuansul.kanav pahanl kasvain,kompl",172X,"Digestive malignancy, w CC","Digestive malignancy, w CC",6,fin
173A,"Ruuansulatuskanavan pahanlaatuinen kasvain, ei komplisoitunut, sädehoito","Ruuansul pahanl kasv, ei kompl, sädeh",173FA,"Digestive malignancy w/o CC, radiotherapy","Digestive malignancy w/o CC, radiotherapy",6,fin
173B,"Ruuansulatuskanavan pahanlaatuinen kasvain, ei komplisoitunut, sytostaattihoito","Ruuansul pahanl kasv, ei kompl, sytost.h",173FB,"Digestive malignancy w/o CC, cytostatic therapy","Digestive malignancy w/o CC, cytostatic therapy",6,fin
173E,"Ruuansulatuskanavan pahanlaatuinen kasvain, ei komplisoitunut","Ruuansul pahanl kasv, ei kompl",173FE,"Digestive malignancy, w/o CC","Digestive malignancy, w/o CC",6,fin
174N,Vaikea peptinen haava tai ruuansulatuskanavan verenvuoto,Vaikea peptinen haava tai ruuansulatuskanavan verenvuoto,174N,Complex peptic ulcer or GI-haemorrhage,Complex peptic ulcer or GI-haemorrhage,6,fin
175N,"Peptinen haava tai ruuansulatuskanavan verenvuoto, ongelmaton","Peptinen haava tai ruuansulatuskanavan verenvuoto, ongelmato",175N,"Peptic ulcer or GI-haemorrhage, w/o CC","Peptic ulcer or GI-haemorrhage, w/o CC",6,fin
179,Tulehduksellinen suolistotauti,Tulehduksellinen suolistotauti,179X,Inflammatory bowel disease,Inflammatory bowel disease,6,fin
180,"Suoliston tukos, komplisoitunut","Suoliston tukos,komplisoitunut",180X,"GI-obstruction, w CC","GI-obstruction, w CC",6,fin
181,"Suoliston tukos, ei komplisoitunut","Suoliston tukos,ei komplisoitunut",181X,"GI-obstruction, w/o CC","GI-obstruction, w/o CC",6,fin
182C,"Ruuansulatuskanavan tulehdussairaus, aikuinen, komplisoitunut","Ruuansulatuskanavan tulehdussairaus, aikuinen, kompl",184G,"Gastroenteritis, age >17, w CC","Gastroenteritis, age >17, w CC",6,fin
182M,"Ruuansulatuskanavan tulehdussairaus, aikuinen, erittäin komplisoitunut","Ruuansulatuskanavan tulehdussairaus, aikuinen, erittäin kompl",184J,"Gastroenteritis, age >17, w MCC","Gastroenteritis, age >17, w MCC",6,fin
182N,"Ruuansulatuskanavan tulehdussairaus, aikuinen, ei komplisoitunut","Ruuansulatuskanavan tulehdussairaus, aikuinen, ei kompl",184H,"Gastroenteritis, age >17, w/o CC","Gastroenteritis, age >17, w/o CC",6,fin
183C,"Muu ruuansulatuskanavan häiriö, aikuinen, komplisoitunut","Muu ruuansulatuskanavan häiriö, aikuinen, komplisoitunut",182G,"Miscellaneous digestive disorders, age >17, w CC","Miscellaneous digestive disorders, age >17, w CC",6,fin
183M,"Muu ruuansulatuskanavan häiriö, aikuinen, erittäin komplisoitunut","Muu ruuansulatuskanavan häiriö, aikuinen, erittäin komplisoitunut",182J,"Miscellaneous digestive disorders, age >17, w MCC","Miscellaneous digestive disorders, age >17, w MCC",6,fin
183N,"Muu ruuansulatuskanavan häiriö, aikuinen, ei komplisoitunut","Muu ruuansulatuskanavan häiriö, aikuinen, ei komplisoitunut",182H,"Miscellaneous digestive disorders, age >17, w/o CC","Miscellaneous digestive disorders, age >17, w/o CC",6,fin
184C,"Ruuansulatuskanavan tulehdussairaus, lapsi, komplisoitunut","Ruuansulatuskanavan tulehdussairaus, lapsi, kompl",184L,"Gastroenteritis, age 0-17, w CC","Gastroenteritis, age 0-17, w CC",6,fin
184N,"Ruuansulatuskanavan tulehdussairaus, lapsi, ei komplisoitunut","Ruuansulatuskanavan tulehdussairaus, lapsi, ei kompl",184K,"Gastroenteritis, age 0-17, w/o CC","Gastroenteritis, age 0-17, w/o CC",6,fin
185C,"Muu ruuansulatuskanavan häiriö, lapsi, komplisoitunut","Muu ruuansulatuskanavan häiriö, lapsi, komplisoitunut",182L,"Miscellaneous digestive disorders, age 0-17, w CC","Miscellaneous digestive disorders, age 0-17, w CC",6,fin
185N,"Muu ruuansulatuskanavan häiriö, lapsi, ei komplisoitunut","Muu ruuansulatuskanavan häiriö, lapsi, ei komplisoitunut",182K,"Miscellaneous digestive disorders, age 0-17, w/o CC","Miscellaneous digestive disorders, age 0-17, w/o CC",6,fin
188,"Muu ruuansulatusjärjestelmän sairaus, aikuinen, komplisoitunut","Muu ruuansulatusjärjestelmän sairaus, aikuinen, komplisoitunut",188X,"Other digestive system diagnoses, age >17 w CC","Other digestive system diagnoses, age >17 w CC",6,fin
189,"Muu ruuansulatusjärjestelmän sairaus, aikuinen, ei komplisoitunut","Muu ruuansulatusjärjestelmän sairaus, aikuinen, ei komplisoitunut",189X,"Other digestive system diagnoses, age >17 w/o CC","Other digestive system diagnoses, age >17 w/o CC",6,fin
190,"Muu ruuansulatusjärjestelmän sairaus, lapsi","Muu ruuansulatusjärjestelmän sairaus, lapsi",190X,"Other digestive system diagnoses, age 0-17","Other digestive system diagnoses, age 0-17",6,fin
191A,Haiman siirto munuaissiirton yhdistettynä tai ilman,Haiman siirto munuaissiirton yhd tai ilman,191A,Pancreas transplantation with our without kidney transplantation,Pancreas transplantation with our without kidney transplantation,7,fin
191B,"Haiman tai maksan leikkaus, komplisoitunut","Haiman tai maksan leikkaus, komplisoitunut",191B,"Pancreas, liver and shunt procedures, w CC","Pancreas, liver and shunt procedures, w CC",7,fin
192,"Haiman tai maksan leikkaus, ei komplisoitunut","Haiman tai maksan leik,ei kompl",192X,"Pancreas, liver and shunt procedures, w/o CC","Pancreas, liver and shunt procedures, w/o CC",7,fin
192O,"Haiman tai maksan leikkaus, lyhyt hoito","Haiman tai maksan leikkaus, lyhyt hoito",192O,"Pancreas, liver and shunt procedures, short therapy","Pancreas, liver and shunt procedures, short therapy",7,fin
193,"Sappiteiden leikkaus, ei pelkkä sappirakon poisto, komplisoitunut","Sappileik,ei sappirakon poisto,kompl",193X,"Biliary tract procedures, cholecystectomy, w CC","Biliary tract procedures, cholecystectomy, w CC",7,fin
194,"Sappiteiden leikkaus, ei pelkkä sappirakon poisto, ei komplisoitunut","Sappileik,ei sappirak poisto,ei kompl",194X,"Biliary tract procedures, cholecystectomy, w/o CC","Biliary tract procedures, cholecystectomy, w/o CC",7,fin
195,"Sappirakon poisto, sappiteiden tarkistus, komplisoitunut","Sappirakon poisto,sappiteiden tark,kompl",195X,"Cholecystectomy w c. d. e., w CC","Cholecystectomy w c. d. e., w CC",7,fin
196,"Sappirakon poisto, sappiteiden tarkistus, ei komplisoitunut","Sappir poisto,sappiteiden tark,ei kompl",196X,"Cholecystectomy with exploration of choledochus, w/o CC","Cholecystectomy with exploration of choledochus, w/o CC",7,fin
197,"Sappirakon poisto, ei sappiteiden tarkistusta, komplisoitunut","Sappir poisto,ei sappiteiden tark,kompl",197X,"Cholecystectomy except by laparoscope w/o cde, w CC","Cholecystectomy except by laparoscope w/o cde, w CC",7,fin
198,"Sappirakon poisto, ei sappiteiden tarkistusta, ei komplisoitunut","Sappir poisto,ei sappiteid tark,ei kompl",198X,"Open cholecystectomy without exploration of choledochus, w/o CC","Open cholecystectomy without exploration of choledochus, w/o CC",7,fin
199,"Maksan, sappiteiden ja haiman alueen pahanlaatuisen kasvaimen invasiivinen diagnostinen toimenpide","Maksan&sappit&haiman alueen pah kasv,invas diagn tp",199X,Hepatobiliary diagnostic procedure for malignancy,Hepatobiliary diagnostic procedure for malignancy,7,fin
200,"Maksan, sappiteiden ja haiman alueen invasiivinen diagnostinen toimenpide, ei pahanlaatuista kasvainta","Maksan&sappit&haiman al invas diagn tp,ei pah kasv",200X,Hepatobiliary diagnostic procedure for non-malignancy,Hepatobiliary diagnostic procedure for non-malignancy,7,fin
200O,"Maksan, sappiteiden ja haiman alueen invasiivinen diagnostinen toimenpide, lyhyt hoito","Maksan&sappit&haiman al invas diagn tp, lyh h",200O,"Hepatobiliary diagnostic procedures, short therapy","Hepatobiliary diagnostic procedures, short therapy",7,fin
201,Muu maksan ja haiman alueen toimenpide,Muu maksan ja haiman alueen toimenpide,201X,Other hepatobiliary or pancreas OR procedures,Other hepatobiliary or pancreas OR procedures,7,fin
201O,"Muu maksan ja haiman alueen toimenpide, lyhyt hoito","Muu maksan ja haiman alueen toimenpide, lyhyt hoito",201O,"Other hepatobiliary or pancreas OR procedures, short therapy","Other hepatobiliary or pancreas OR procedures, short therapy",7,fin
202C,"Alkoholihepatiitti tai maksakirroosi, komplisoitunut","Alkoholihepatiitti tai maksakirroosi, kompl",202C,"Cirrhosis and alcoholic hepatitis, w CC","Cirrhosis and alcoholic hepatitis, w CC",7,fin
202M,"Alkoholihepatiitti tai maksakirroosi, erittäin komplisoitunut","Alkoholihepatiitti tai maksakirroosi, erittäin kompl",202M,"Cirrhosis and alcoholic hepatitis, w MCC","Cirrhosis and alcoholic hepatitis, w MCC",7,fin
202N,"Alkoholihepatiitti tai maksakirroosi, ei komplisoitunut","Alkoholihepatiitti tai maksakirroosi, ei kompl",202N,"Cirrhosis and alcoholic hepatitis, w/o CC","Cirrhosis and alcoholic hepatitis, w/o CC",7,fin
203A,"Maksan, sappiteiden tai haiman syöpäsairaus, sädehoito","Maksan/sappit/haiman syöpäs, sädeh",203A,"Malignancy of hepatobiliary system or pancreas, radiotherapy","Malignancy of hepatobiliary system or pancreas, radiotherapy",7,fin
203B,"Maksan, sappiteiden tai haiman syöpäsairaus, sytostaattihoito","Maksan/sappit/haiman syöpäs, sytostaattih",203B,"Malignancy of hepatobiliary system or pancreas, cytostatic therapy","Malignancy of hepatobiliary system or pancreas, cytostatic t",7,fin
203E,Maksan tai haiman alueen pahanlaatuinen kasvain,Maksan tai haiman alueen pahanlaatuinen kasva,203E,Malignancy of hepatobiliary system or pancreas,Malignancy of hepatobiliary system or pancreas,7,fin
204C,"Haiman sairaus, ei pahanlaatuinen, komplisoitunut","Haiman sairaus, ei pahanlaatuinen, kompl",204C,"Disorders of pancreas except malignancy, w CC","Disorders of pancreas except malignancy, w CC",7,fin
204M,"Haiman sairaus, ei pahanlaatuinen, erittäin komplisoitunut","Haiman sairaus, ei pahanlaatuinen, erittäin kompl",204M,"Disorders of pancreas except malignancy, w MCC","Disorders of pancreas except malignancy, w MCC",7,fin
204N,"Haiman sairaus, ei pahanlaatuinen, ei komplisoitunut","Haiman sairaus, ei pahanlaatuinen, ei kompl",204N,"Diseases in the pancreas except malignancy, w/o CC","Diseases in the pancreas except malignancy, w/o CC",7,fin
205C,"Muu maksan sairaus, komplisoitunut","Muu maksan sairaus, kompl",205C,"Disorders of liver except malignancy, cirrhosis and alcohol hepatitis, w CC","Disorders of liver except malig, cirr, alc hepa, w CC",7,fin
205M,"Muu maksan sairaus, erittäin komplisoitunut","Muu maksan sairaus, erittäin kompl",205M,"Disorders of liver except malignancy, cirrhosis and alcohol hepatitis, w MCC","Disorders of liver except malig, cirr, alc hepa, w MCC",7,fin
206,"Muu maksan sairaus, ei komplisoitunut","Muu maksan sairaus,ei komplisoitunut",206X,"Diseases in the liver except malignancy, cirrhosis and alcohol hepatitis, w/o CC","Diseases in the liver except malignancy, cirrhosis and alcohol hepatitis, w/o CC",7,fin
207C,"Sappiteiden sairaus, komplisoitunut","Sappiteiden sairaus, kompl",207C,"Disorders of biliary tract, w CC","Disorders of biliary tract, w CC",7,fin
207M,"Sappiteiden sairaus, erittäin komplisoitunut","Sappiteiden sairaus, erittäin kompl",207M,"Disorders of biliary tract, w MCC","Disorders of biliary tract, w MCC",7,fin
208,"Sappiteiden sairaus, ei komplisoitunut","Sappiteiden sairaus,ei komplisoitunut",208X,"Disorders of biliary tract, w/o CC","Disorders of biliary tract, w/o CC",7,fin
209C,Lonkan tekonivelen uusintaleikkaus,Lonkan tekonivelen uusintaleikkaus,209C,Major joint secondary procedure on hip,Major joint secondary procedure on hip,8,fin
209D,"Lonkan primaari tekonivelleikkaus, komplisoitunut","Lonkan primaari tekonivelleikkaus, komplisoitunut",209D,"Major joint primary procedure on hip, w CC","Major joint primary procedure on hip, w CC",8,fin
209E,"Lonkan primaari tekonivelleikkaus, ei komplisoitunut","Lonkan primaari tekonivelleikkaus, ei komplisoitunut",209E,"Major joint primary procedure on hip, w/o CC","Major joint primary procedure on hip, w/o CC",8,fin
209F,Polven tai nilkan sekundarinen tekonivelleikkaus,Polven tai nilkan sekundarinen tekonivelleikkaus,209F,Major joint secondary procedure on knee/ankle,Major joint secondary procedure on knee/ankle,8,fin
209G,Polven tai nilkan primaari tekonivelleikkaus,Polven tai nilkan primaari tekonivelleikkaus,209G,Major joint primary procedure on knee/ankle,Major joint primary procedure on knee/ankle,8,fin
209O,"Lonkan, polven tai nilkan tekonivelleikkaus, lyhyt hoito","Lonkan, polven tai nilkan tekonivelleikkaus, lyhyt hoito",209O,"Major joint procedures of lower extremity, not reoperation, short therapy","Major joint procedures of lower extremity, not reoperation,",8,fin
210A,"Vaativa lantion, lonkan ja reiden traumaleikkaus, > 17 vuotias, komplisoitunut","Vaativa lantion, lonkan ja reiden traumaleikkaus, > 17 vuoti",210A,"Major pelvic, hip and femur procedures, except joint prostheses, age >17, w CC","Major pelvic, hip and femur procedures, except joint prostheses, age >17, w CC",8,fin
210N,"Muu lantion, lonkan ja reiden leikkaus, > 17 vuotias, komplisoitunut","Muu lantion, lonkan ja reiden leikkaus, > 17 vuotias, kompli",210N,"Pelvic, hip and femur procedures except major joint, age >17, w CC","Pelvic, hip and femur procedures except major joint, age >17, w CC",8,fin
211A,"Vaativa lantion, lonkan ja reiden traumaleikkaus, > 17 vuotias, ei komplisoitunut","Vaativa lantion, lonkan ja reiden traumaleikkaus, > 17 vuoti",211A,"Major pelvic, hip and femur procedures, age >17, w/o CC","Major pelvic, hip and femur procedures, age >17, w/o CC",8,fin
211N,"Muu lantion, lonkan ja reiden leikkaus, > 17 vuotias, ei komplisoitunut","Muu lantion, lonkan ja reiden leikkaus, > 17 vuotias, ei kom",211N,"Pelvic, hip and femur procedures except major joint, age >17, w/o CC","Pelvic, hip and femur procedures except major joint, age >17, w/o CC",8,fin
212,"Muu lonkan tai reiden leikkaus, lapsi","Muu lonkan tai reiden leikkaus, lapsi",212X,"Hip and femur procedures except major joint, age 0-17","Hip and femur procedures except major joint, age 0-17",8,fin
212O,"Muu lonkan tai reiden leikkaus, lyhyt hoito","Muu lonkan tai reiden leikkaus, lyhyt hoito",212O,"Hip and femur procedures except major joint, short therapy","Hip and femur procedures except major joint, short therapy",8,fin
213,Raaja-amputaatio tuki- ja liikuntaelinten sairauden takia,Raaja-amput tuki&liik.el sair takia,213X,Amputation for musculoskeletal system and connective tissue disorders,Amputation for musculoskeletal system and connective tissue disorders,8,fin
213O,"Raaja-amputaatio tuki- ja liikuntaelinten sairauden takia, lyhyt hoito","Raaja-amput tuki&liik.el sair, lyh h",213O,"Amputation for musculoskeletal system and connective tissue disorder, short therapy","Amputation for musculoskeletal system and connective tissue disorder, short therapy",8,fin
214C,"Selkänikamien yhdistäminen, komplisoitunut","Selkänikamien yhdistäminen, kompl",214C,"Other spinal fusion, w CC","Other spinal fusion, w CC",8,fin
214N,"Selkänikamien yhdistäminen, ei komplisoitunut","Selkänikamien yhdistäminen, ei kompl",214N,"Other spinal fusion, w/o CC","Other spinal fusion, w/o CC",8,fin
215C,"Muu selän ja niskan leikkaus, komplisoitunut","Muu selän ja niskan leikkaus, kompl",215C,"Back and neck procedures except spinal fusion, w CC","Back and neck procedures except spinal fusion, w CC",8,fin
215N,"Muu selän ja niskan leikkaus, ei komplisoitunut","Muu selän ja niskan leikkaus, ei kompl",215N,"Back and neck procedures except spinal fusion, w/o CC","Back and neck procedures except spinal fusion, w/o CC",8,fin
215O,"Selän ja niskan leikkaus, lyhyt hoito","Selän&niskan leikkaus,lyh h",215O,"Back and neck procedures, short therapy","Back and neck procedures, short therapy",8,fin
216,"Luu-, lihas- tai sidekudosbiopsia","Luu-, lihas- tai sidekudosbiopsia",216X,Biopsies of musculoskeletal system and connective tissue,Biopsies of musculoskeletal system and connective tissue,8,fin
216O,"Luu-, lihas- tai sidekudosbiopsia, lyhyt hoito","Luu-, lihas- tai sidekudosbiopsia, lyh h",216O,"Biopsies of musculoskeletal system and connective tissue, short therapy","Biopsies of musculoskeletal system and connective tissue, short therapy",8,fin
217,Haavarevisio tai ihonsiirto tuki- ja liikuntaelinten sairauden takia,Haavarev/ihons tuki&liik.el sair takia,217X,"Wnd debrid and skn grft except hand, for muscscelet and conn tissue disease","Wnd debrid and skn grft except hand, for muscscelet and conn tis",8,fin
217O,"Haavarevisio tai ihonsiirto tuki- ja liikuntaelinten sairauden takia, lyhyt hoito","Haavarev/ihons tuki&liik.el sair takia, lyh h",217O,"Wound debridement and skin graft except hand, for musculoskeletal and connective tissue diseases, short therapy","Wound debridement and skin graft except hand, for musculoskeletal and connective tissue diseases, short therapy",8,fin
218,"Säären, nilkan tai olkavarren leikkaus, aikuinen, komplisoitunut","Säär,nilk,olkavarr leik,aik,kompl",218X,"Lower extremity and humerus procedures except hip, foot, femur, age >17, w CC","Lower extrem and humer proc except hip, foot, femur age >17,",8,fin
219,"Säären, nilkan tai olkavarren leikkaus, aikuinen, ei komplisoitunut","Säär,nilk,olkavarr leik,aik,ei kompl",219X,"Lower extremity and humerus procedures except hip, foot, femur, age >17, w/o CC","Lower extremity and humerus procedures except hip, foot, femur, age >17, w/o CC",8,fin
220,"Säären, nilkan tai olkavarren leikkaus, lapsi","Säär,nilk,olkavarr leik,lapsi",220X,"Lower extremity and humerus procedures except hip, foot, femur, age 0-17","Lower extrem and humer proc except hip, foot, femur age 0-17",8,fin
220O,"Säären, nilkan tai olkavarren leikkaus, lyhyt hoito","Säär,nilk,olkavarr leik,aik,lyh h",220O,"Lower extremity and humerus procedures except hip, foot, femur, short therapy","Lower extremity and humerus procedures except hip, foot, femur, short therapy",8,fin
221,"Polvileikkaus, komplisoitunut","Polvileikkaus,kompl",221X,"Knee procedures, w CC","Knee procedures, w CC",8,fin
222,"Polvileikkaus, ei komplisoitunut","Polvileikkaus,ei kompl",222X,"Knee procedures except diagnostic arthroscopies, w/o CC","Knee procedures except diagnostic arthroscopies, w/o CC",8,fin
222O,"Polvileikkaus, lyhyt hoito","Polvileikkaus, lyh h",222O,"Other knee procedures, short therapy","Other knee procedures, short therapy",8,fin
222P,"Suuri polvileikkaus, lyhyt hoito","Suuri polvileikkaus, lyhyt hoito",222P,"Major knee procedures, short therapy","Major knee procedures, short therapy",8,fin
223,"Olka- tai kyynärpään vaativa tai muu yläraajan leikkaus, komplisoitunut","Olka/kyynärp vaat leikk / muu ylär leikk,komp",223X,"Major shoulder/elbow procedures, or other upper extremity procedures, w CC","Major shoulder/elbow proc, or other upper extremity proc w c",8,fin
223O,"Olka- tai kyynärpään vaativa leikkaus, lyhyt hoito","Olka- tai kyynärp vaat leikk, lyh h",223O,"Major shoulder/elbow procedures, or other upper extremity procedures, short therapy","Major shoulder/elbow procedures, or other upper extremity procedures, short therapy",8,fin
224,"Muu yläraajan leikkaus, ei komplisoitunut","Muu yläraajan leikkaus, ei komplisoitunut",224X,"Shoulder, elbow or forearm procedures, except major joint procedures, w/o CC","Shoulder, elbow or forearm procedures, except major joint procedures, w/o CC",8,fin
224O,"Muu yläraajan leikkaus, lyhyt hoito","Muu ylär leikk, lyh h",224O,"Shoulder, elbow or forearm procedures, except major joint procedures, short therapy","Shoulder, elbow or forearm procedures, except major joint procedures, short therapy",8,fin
225A,Jalkaterän murtumaleikkaus,Jalkaterän murtumaleikkaus,225A,Fracture surgery of foot,Fracture surgery of foot,8,fin
225B,Muu jalkaterän leikkaus,Muu jalkaterän leikkaus,225B,Other foot procedures,Other foot procedures,8,fin
225O,"Jalkaterän leikkaus, lyhyt hoito","Jalkaterän leikkaus, lyhyt hoito",225O,"Foot procedures, short therapy","Foot procedures, short therapy",8,fin
225P,"Jalkaterän murtumaleikkaus, lyhyt hoito","Jalkaterän murtumaleikkaus, lyhyt hoito",225P,"Fracture surgery of foot, short therapy","Fracture surgery of foot, short therapy",8,fin
226,"Pehmytkudosleikkaus, komplisoitunut","Pehmytkudosleikkaus,komplisoitunut",226X,"Soft tissue procedures, w CC","Soft tissue procedures, w CC",8,fin
227,"Pehmytkudosleikkaus, ei komplisoitunut","Pehmytkudosleikkaus,ei komplisoitunut",227X,"Soft tissue procedures, w/o CC","Soft tissue procedures, w/o CC",8,fin
227O,"Pehmytkudosleikkaus, lyhyt hoito","Pehmytkudosleikkaus, lyhyt hoito",227O,"Soft tissue procedures, short therapy","Soft tissue procedures, short therapy",8,fin
228,"Käden, peukalon, tai ranteen vaativa nivelleikkaus tai muu käden tai ranteen leikkaus, komplisoitunut","Käd,peuk,rant vaat nivelleik/muu leik, kompl",228X,"Major thumb or joint procedures, or other hand or wrist procedures, w CC","Major thumb or joint proc, or oth hand or wrist proc w CC",8,fin
228O,"Käden, peukalon, tai ranteen vaativa nivelleikkaus, lyhyt hoito","Käd,peuk,rant vaat nivelleik/muu leik, lyh h",228O,"Major thumb or joint procedures, or other hand or wrist procedures, short therapy","Major thumb or joint procedures, or other hand or wrist procedures, short therapy",8,fin
229,"Muu käden tai ranteen leikkaus, ei komplisoitunut","Muu käden tai ranteen leikkaus, ei komplisoitunut",229X,"Hand or wrist procedures, except major joint procedures, w/o CC","Hand or wrist proc, except major joint proc, w/o CC",8,fin
229O,"Muu käden tai ranteen leikkaus, lyhyt hoito","Muu käden tai ranteen leikkaus, lyhyt hoito",229O,"Hand or wrist procedures, except major joint procedures, short therapy","Hand or wrist procedures, except major joint procedures, short therapy",8,fin
230,Lonkan tai reiden paikallinen leikkaus tai sisäisten luun kiinnityslaitteiden poisto,Lonkan paik leik/sis kiinn.lait poisto,230X,Local excision and removal of int fix devices of hip and femur,Local excision and removal of int fix devices of hip and femur,8,fin
230O,"Lonkan tai reiden paikallinen leikkaus tai sisäisten luun kiinnityslaitteiden poisto, lyhyt hoito","Lonkan/reiden paik leik/sis kiinn.lait poisto, lyh h",230O,"Local excision and removal of internal fixing devices of hip and femur, short therapy","Local excision and removal of internal fixing devices of hip and femur, short therapy",8,fin
231,Muu ortopedinen paikallinen leikkaus tai sisäisten luun kiinnityslaitteiden poisto,Muu ort paik leik/sis kiinn.laitt pois,231X,Local excision and removal of internal fixing devices except hip and femur,Local excision and removal of internal fixing devices except hip and femur,8,fin
231O,"Muu ortopedinen paikallinen leikkaus tai sisäisten luun kiinnityslaitteiden poisto, lyhyt hoito","Muu ort paik leik/sis kiinn.laitt pois, lyh h",231O,"Local excision and removal of internal fixing devices except hip and femur, short therapy","Local excision and removal of internal fixing devices except hip and femur, short therapy",8,fin
232,Artroskopia,Artroskopia,232X,Arthroscopy,Arthroscopy,8,fin
232O,"Artroskopia, lyhyt hoito","Artroskopia, lyhyt hoito",232O,"Arthroscopy, short therapy","Arthroscopy, short therapy",8,fin
233,"Muu tuki- ja liikuntaelinten tai sidekudosten toimenpide, komplisoitunut","Muu tuki- ja liikuntaelinten tai sidekudosten toimenpide, komplisoitunut",233X,"Other musculoskeletal system and connective tissue OR procedures, w CC","Other musculoskeletal system and connective tissue OR procedures, w CC",8,fin
234,"Muu tuki- ja liikuntaelinten tai sidekudosten toimenpide, ei komplisoitunut","Muu tuki- ja liikuntaelinten tai sidekudosten toimenpide, ei komplisoitunut",234X,"Other musculoskeletal system and connective tissue OR procedures, w/o CC","Other musculoskeletal system and connective tissue OR procedures, w/o CC",8,fin
234O,"Muu tuki- ja liikuntaelinten tai sidekudosten toimenpide, lyhyt hoito","Muu tuki- ja liikuntaelinten tai sidekudosten toimenpide, lyhyt hoito",234O,"Other musculoskeletal system and connective tissue OR procedures, short therapy","Other musculoskeletal system and connective tissue OR procedures, short therapy",8,fin
235,Reisiluun murtuma,Reisiluun murtuma,235X,Fractures of femur,Fractures of femur,8,fin
236C,"Lonkan tai lantion murtuma, komplisoitunut","Lonkan tai lantion murtuma, kompl",236C,"Fractures of hip and pelvis, w CC","Fractures of hip and pelvis, w CC",8,fin
236M,"Lonkan tai lantion murtuma, erittäin komplisoitunut","Lonkan tai lantion murtuma, erittäin kompl",236M,"Fractures of hip and pelvis, w MCC","Fractures of hip and pelvis, w MCC",8,fin
236N,"Lonkan tai lantion murtuma, ei komplisoitunut","Lonkan tai lantion murtuma, ei kompl",236N,"Fractures of hip and pelvis, w/o CC","Fractures of hip and pelvis, w/o CC",8,fin
237,"Lantion, lonkan tai reiden venähdys nyrjähdys tai sijoiltaanmeno","Lantion,lonkan,reiden ven nyrj/sij",237X,"Sprains, strains, and dislocations of hip, pelvis and thigh","Sprains, strains, and dislocations of hip, pelvis and thigh",8,fin
238,Luun ja luuytimen tulehdus,Luun&luuytimen tulehdus,238X,Osteomyelitis,Osteomyelitis,8,fin
239A,"Tuki- ja liikuntaelinten tai sidekudoksen maligniteetti, sädehoito","Tuki&liik.el/sidekud mal, sädeh",239A,"Pathological fractures and musculoskeletal and connective tissue malignancy, radiotherapy","Pathological fractures and musculoskeletal and conn tiss malign, radiotherapy",8,fin
239B,"Tuki- ja liikuntaelinten tai sidekudoksen maligniteetti, sytostaattihoito","Tuki&liik.el/sidekud mal, sytost.h",239B,"Pathological fractures and musculoskeletal and connective tissue malignancy, cytostatic therapy","Pathological fractures and musculoskeletal and conn tiss malign, cytostatic therapy",8,fin
239E,Tuki- ja liikuntaelinten tai sidekudoksen maligniteetti tai patologinen murtuma,Tuki&liik.el/sidekud mal/patolog murt,239E,Pathological fractures and musculoskeletal and connective tissue malignancy,Pathological fractures and musculoskeletal and conn tiss malign,8,fin
240N,"Sidekudossairaus tai vaskulitti, komplisoitunut","Sidekudossairaus tai vaskulitti, komplisoitun",240N,"Connective tissue disorders or vasculitis, w CC","Connective tissue disorders or vasculitis, w CC",8,fin
241N,"Sidekudossairaus tai vaskulitti, ei komplisoitunut","Sidekudossairaus tai vaskulitti, ei komplisoi",241N,"Connective tissue disorders or vasculitis, w/o CC","Connective tissue disorders or vasculitis, w/o CC",8,fin
242A,Infektion aiheuttama niveltulehdus tai bursiitti,Inf artriitti/bursiitti,242A,Infectious arthritis or bursitis,Infectious arthritis or bursitis,8,fin
242B,"Määritetty tulehduksellinen nivelsairaus, komplisoitunut","Määr tulehd nivelsairaus, komplis",242B,"Specific inflammatory arthropathy, w CC","Specific inflammatory arthropathy, w CC",8,fin
242C,"Määritetty tulehduksellinen nivelsairaus, ei komplisoitunut","Määr tulehd nivelsair, ei komplis",242C,"Specific inflammatory arthropathy, w/o CC","Specific inflammatory arthropathy, w/o CC",8,fin
242D,Muu niveltulehdus,Muu niveltulehdus,242D,Other arthritis,Other arthritis,8,fin
242E,"Artroosi, komplisoitunut","Artroosi, komplisoitunut",242E,"Arthrosis, w CC","Arthrosis, w CC",8,fin
242F,"Artroosi, ei komplisoitunut","Artroosi, ei komplisoitunut",242F,"Arthrosis, w/o CC","Arthrosis, w/o CC",8,fin
243A,"Selkäsairaus, komplisoitunut","Selkäsairaus, komplisoitunut",243C,"Medical back problems, w CC","Medical back problems, w CC",8,fin
243B,"Selkäsairaus, ei komplisoitunut","Selkäsairaus, ei komplisoitunut",243N,"Medical back problems, w/o CC","Medical back problems, w/o CC",8,fin
244,"Luuston sairaus tai artropatia, komplisoitunut","Luuston sairaus/artropatia,kompl",244X,"Other bone diseases and specific arthropathies, w CC","Other bone diseases and specific arthropathies, w CC",8,fin
245,"Luuston sairaus tai artropatia, ei komplisoitunut","Luuston sairaus/artropatia,ei kompl",245X,"Other bone diseases and specific arthropathies, w/o CC","Other bone diseases and specific arthropathies, w/o CC",8,fin
247,Tuki- ja liikuntaelinsairauden tai sidekudossairauden oireet,Tuki&liikuntaelinsair/sidekudossair oir,247X,Signs and symtoms of musculoskeletal system and conn tissue,Signs and symtoms of musculoskeletal system and conn tissue,8,fin
248C,"Tendiniitti, myosiitti tai bursiitti, komplisoitunut","Tendiniitti, myosiitti tai bursiitti, kompl",248C,"Tendonitis, myositis and bursitits w CC","Tendonitis, myositis and bursitits w CC",8,fin
248N,"Tendiniitti, myosiitti tai bursiitti, ei komplisoitunut","Tendiniitti, myosiitti tai bursiitti, ei kompl",248N,"Tendonitis, myositis and bursitis, w/o CC","Tendonitis, myositis and bursitis, w/o CC",8,fin
249,Tuki- ja liikuntaelinsairauden tai sidekudossairauden jälkihoito,Tuki&liik.el.sair/sidekudossair jälkih,249X,"Aftercare, musculoskeletal system and connective tissue","Aftercare, musculoskeletal system and connective tissue",8,fin
250,"Käsivarren, käden tai jalan murtuma, nyrjähdys, venähdys tai sijoiltaanmeno, aikuinen, komplisoitunut","Käsivarren, käden tai jalan murtuma, nyrjähdys, venähdys tai",250X,"Fracture, sprain, strain or dislocation of forearm, hand or foot, age >17, w CC","Fx/sprn/strn/disl of forearm/hand/foot,age >17, w cc",8,fin
251,"Käsivarren, käden tai jalan murtuma, nyrjähdys, venähdys tai sijoiltaanmeno, aikuinen, ei komplisoitunut","Käsivarren, käden tai jalan murtuma, nyrjähdys, venähdys tai",251X,"Fracture, sprain, strain or dislocation of forearm, hand or foot, age >17 w/o CC","Fx/sprn/strn/disl of forearm/hand/foot,age >17, w/o cc",8,fin
252,"Käsivarren, käden tai jalan murtuma, nyrjähdys, venähdys tai sijoiltaanmeno, lapsi","Käsiv,käd,jalan murt,nyrj,ven,sij,lapsi",252X,"Fracture, sprain, strain or dislocation of forearm, hand or foot, age 0-17","Fx/sprn/strn/disl of forearm/hand/foot,age 0-17",8,fin
253,"Olkavarren tai alaraaj. paitsi jalan murtuma, nyrjähdys, venähdys tai sijoiltaanmeno, aikuinen, komplisoitunut","Olkavarren tai alaraaj. paitsi jalan murtuma, nyrjähdys, ven",253X,"Fracture, sprain, strain or dislocation of upper arm or lower leg excluding foot, age >17, w CC","Fracture, sprain, strain or dislocation of upper arm or lower leg excluding foot, age >17, w CC",8,fin
254,"Olkavarren tai alaraaj. paitsi jalan murtuma, nyrjähdys, venähdys tai sijoilt.meno, aikuinen, ei komplisoitunut","Olkavarren tai alaraaj. paitsi jalan murtuma, nyrjähdys, ven",254X,"Fracture, sprain, strain or dislocation of upper arm or lower leg excluding foot, age >17, w/o CC","Fracture, sprain, strain or dislocation of upper arm or lower leg excluding foot, age >17, w/o CC",8,fin
255,"Olkavarren tai alaraajan paitsi jalan murtuma, nyrjähdys, venähdys tai sijoiltaanmeno, lapsi","Olkav/alar ei jalan murt,ven, sij meno,lapsi",255X,"Fracture, sprain, strain or dislocation of upper arm or lower leg excluding foot, age 0-17","Fx/sprn/strn/disl of uparm/lowleg ex foot,age 0-17",8,fin
256,Muu tuki- ja liikuntaelinsairaus tai sidekudossairaus,Muu tuki- ja liikuntaelinsairaus tai sidekudossairaus,256X,Other musculoskeletal system and connective tissue diagnosis,Other musculoskeletal system and connective tissue diagnosis,8,fin
257,"Rintarauhasen poisto maligniteetin takia, komplisoitunut","Rintar poisto malign takia,kompl",257X,"Total mastectomy for malignancy, w CC","Total mastectomy for malignancy, w CC",30,fin
258,"Rintarauhasen poisto maligniteetin takia, ei komplisoitunut","Rintar poisto malign takia,ei kompl",258X,"Total mastectomy for malignancy, w/o CC","Total mastectomy for malignancy, w/o CC",30,fin
258O,"Rintarauhasen poisto maligniteetin takia, lyhyt hoito","Rintar poisto malign takia, lyhyt ho",258O,"Total mastectomy for malignancy, short therapy","Total mastectomy for malignancy, short therapy",30,fin
259A,Rintarauhasen osittainen poisto ja korjaus maligniteetin takia,Rintar os. poisto ja korj. malign takia,259A,"Subtotal mastectomy for malignancy, w CC","Subtotal mastectomy for malignancy, w CC",9,fin
259B,"Rintarauhasen osittainen poisto maligniteetin takia, komplisoitunut","Rintar osittainen poisto malign takia,K",259B,Subtotal mastectomy and reconstruction of breast for malignancy,Subtotal mastectomy and reconstruction for malignancy,9,fin
260,"Rintarauhasen osittainen poisto maligniteetin takia, ei komplisoitunut","Rintar ositt poisto malign takia,ei K",260X,"Subtotal mastectomy for malignancy, w/o CC","Subtotal mastectomy for malignancy, w/o CC",30,fin
260O,"Rintarauhasen osittainen poisto maligniteetin takia, lyhyt hoito","Rintar ositt poisto malign takia, lyhyt hoito",260O,"Subtotal mastectomy for malignancy, short therapy","Subtotal mastectomy for malignancy, short therapy",30,fin
261,"Rintarauhasleikkaus hyvänlaatuisen sairauden takia, ei biopsia tai ekskisio","Rintar.leik hyv sair takia,ei biops/eks",261X,Breast procedures for non-malignancy except biopsy and local excision,Breast procedures for non-malignancy except biopsy and local excision,30,fin
261O,"Rintarauhasleikkaus hyvänlaatuisen sairauden takia, ei biopsia tai ekskisio, lyhyt hoito","Rintar.leik hyv sair takia,ei biops/eks, lyhy",261O,"Breast procedures for non-malignancy except biopsy and local excision, short therapy","Breast procedures for non-malignancy except biopsy and local excision, short therapy",30,fin
262,Rintarauhasen biopsia tai paikallinen ekskisio,Rintarauhasen biopsia/paik ekskisio,262X,Breast biopsy and local excision for non-malignancy,Breast biopsy and local excision for non-malignancy,30,fin
262O,"Rintarauhasen biopsia tai paikallinen ekskisio, lyhyt hoito","Rintarauhasen biopsia/paik ekskisio, lyhyt ho",262O,"Breast biopsy and local excision for non-malignancy, short therapy","Breast biopsy and local excision for non-malignancy, short therapy",30,fin
263,"Ihon revisio tai siirto haavauman tai selluliitin hoitamiseksi, komplisoitunut","Ihon revis/siir haav/selluliitin hoit,K",263X,"Skin graft and/or debridement for skin ulcer or cellulitis, w CC","Skin graft and/or debridement for skin ulcer or cellulitis, w CC",9,fin
264,"Ihon revisio tai siirto haavauman tai selluliitin hoitamiseksi, ei komplisoitunut","Ihon rev/siir haav/selluliitin hoit,ei K",264X,"Skin graft and/or debridement for skin ulcer or cellulitis, w/o CC","Skin graft and/or debridement for skin ulcer or cellulitis, w/o CC",9,fin
265,"Ihon revisio tai siirto muun ihon ongelman hoitamiseksi, komplisoitunut","Ihon revis/siir muun iho-ong hoit,K",265X,"Skin graft and/or debridement except for skin ulcer or cellulitis, w CC","Skin graft and/or debridement except for skin ulcer or cellulitis, w CC",9,fin
266,"Ihon revisio tai siirto muun ihon ongelman hoitamiseksi, ei komplisoitunut","Ihon rev/siir muun iho-ong hoit,ei K",266X,"Skin graft and/or debridement except for skin ulcer or cellulitis, w/o CC","Skin graft and/or debridement except for skin ulcer or cellulitis, w/o CC",9,fin
266O,"Ihon revisio tai siirto muun ihon ongelman hoitamiseksi, lyhyt hoito","Ihon rev/siir muun iho-ong hoit, lyhyt hoito",266O,"Skin graft and/or debridement for skin ulcer or cellulitis, short therapy","Skin graft and/or debridement for skin ulcer or cellulitis, short therapy",9,fin
267,Perianaalinen tai perineaalinen toimenpide,Perianaalinen tai perineaalinen tp,267X,Perianal and pilonidal procedures,Perianal and pilonidal procedures,9,fin
267O,"Perianaalinen tai perineaalinen toimenpide, lyhyt hoito","Perianaalinen tai perineaalinen tp, lyhyt hoi",267O,"Perianal and pilonidal procedures, short therapy","Perianal and pilonidal procedures, short therapy",9,fin
268,Plastiikkakirurginen toimenpide,Plastiikkakirurginen toimenpide,268X,Skin and subcutaneus tissue plastic procedures,Skin and subcutaneus tissue plastic procedures,9,fin
268O,"Plastiikkakirurginen toimenpide, lyhyt hoito","Plastiikkakirurginen toimenpide, lyhyt hoito",268O,"Skin and subcutaneous tissue plastic procedures, short therapy","Skin and subcutaneous tissue plastic procedures, short therapy",9,fin
269,"Muu ihon tai ihonalaisen kudoksen toimenpide, komplisoitunut","Muu ihon tai ihonalaisen kudoksen toimenpide, komplisoitunut",269X,"Other skin and subcutaneous tissue procedures, w CC","Other skin and subcut tiss proc, w CC",9,fin
270,"Muu ihon tai ihonalaisen kudoksen toimenpide, ei komplisoitunut","Muu ihon tai ihonalaisen kudoksen toimenpide, ei komplisoitunut",270X,"Other skin and subcutaneous tissue procedures, w/o CC","Other skin and subcutaneous tissue procedures, w/o CC",9,fin
270O,"Muu ihon tai ihonalaisen kudoksen toimenpide, lyhyt hoito","Muu ihon tai ihonalaisen kudoksen toimenpide, lyhyt hoito",270O,"Other skin and subcutaneous tissue procedures, short therapy","Other skin and subcutaneous tissue procedures, short therapy",9,fin
271,Ihon haavauma,Ihon haavauma,271X,Skin ulcers,Skin ulcers,9,fin
272,"Vaikea ihosairaus, komplisoitunut","Vaikea ihosairaus,komplisoitunut",272X,"Major skin disorders, w CC","Major skin disorders, w CC",9,fin
273,"Vaikea ihosairaus, ei komplisoitunut","Vaikea ihosairaus,ei komplisoitunut",273X,"Major skin disorders including malignant melanoma, w/o CC","Major skin disorders including malignant melanoma, w/o CC",9,fin
274,"Rintasyöpä, komplisoitunut","Rintasyöpä,komplisoitunut",274X,"Malignant breast diseases, w CC","Malignant breast diseases, w CC",30,fin
275A,"Rintasyöpä, ei komplisoitunut, sädehoito","Rintasyöpä, ei kompl, sädeh",275FA,"Malignant breast disorders w/o CC, radiotherapy","Malignant breast disorders w/o CC, radiotherapy",30,fin
275B,"Rintasyöpä, ei komplisoitunut, sytostaattihoito","Rintasyöpä, ei kompl, sytost.h",275FB,"Malignant breast disorders w/o CC, cytostatic therapy","Malignant breast disorders w/o CC, cytostatic therapy",30,fin
275E,"Rintasyöpä, ei komplisoitunut","Rintasyöpä, ei kompl",275FE,"Malignant breast disorders, w/o CC","Malignant breast disorders, w/o CC",30,fin
276,Hyvänlaatuinen rintarauhasen sairaus,Hyvänlaatuinen rintarauhasen sairaus,276X,Non-malignant breast diseases,Non-malignant breast diseases,30,fin
277,"Ihon tai ihonalaisten elinten infektiosairaus, aikuinen, komplisoitunut","Ihon/ihonalaisten elinten inf.sair,aik,K",277X,"Cellulitis age >17, w CC","Cellulitis age >17, w CC",9,fin
278,"Ihon tai ihonalaisten elinten infektiosairaus, aikuinen, ei komplisoitunut","Ihon/ihonal elinten inf.sair,aik,ei K",278X,"Cellulitis age >17, w/o CC","Cellulitis age >17, w/o CC",9,fin
279,"Ihon tai ihonalaisten elinten infektiosairaus, lapsi","Ihon/ihonalaisten elinten inf.sair,lapsi",279X,Cellulitis age 0-17,Cellulitis age 0-17,9,fin
280,"Ihon tai ihonalaisen kudoksen vamma, aikuinen, komplisoitunut","Ihon/ihonal kud vamma,aik,K",280X,"Trauma to the skin and subcut tiss age >17, w CC","Trauma to the skin and subcut tiss age >17, w CC",9,fin
281,"Ihon tai ihonalaisen kudoksen vamma, aikuinen, ei komplisoitunut","Ihon/ihonal kud vamma,aik,ei K",281X,"Trauma to the skin and subcut tiss, age >17, w/o CC","Trauma to the skin and subcut tiss, age >17, w/o CC",9,fin
282,"Ihon tai ihonalaisen kudoksen vamma, lapsi","Ihon/ihonal kud vamma,lapsi",282X,"Trauma to the skin and subcutaneous tissue, age 0-17","Trauma to the skin, subcut tiss and breast, age 0-17",9,fin
283,"Muu ihon sairaus, komplisoitunut","Muu ihon sairaus, komplisoitunut",283X,"Minor skin disorders, w CC","Minor skin disorders, w CC",9,fin
284,"Muu ihon sairaus, ei komplisoitunut","Muu ihon sairaus, ei komplisoitunut",284X,"Minor skin disorders, skin tumours including squamous cell carcinoma, w/o CC","Minor skin disorders, skin tumours including squamous cell carcinoma, w/o CC",9,fin
284A,"Muu ihon sairaus, ei komplisoitunut, >=16","Muu ihon sairaus, ei komplisoitunut, >=16",284A,"Minor skin disorders w/o CC, age >16 years","Minor skin disorders w/o CC, age >16 years",9,fin
284B,"Muu ihon sairaus, ei komplisoitunut, lapsi, <16","Muu ihon sairaus, ei komplisoitunut, lapsi, <16",284B,"Minor skin disorders w/o CC, age 0-15 years","Minor skin disorders w/o CC, age 0-15 yrs",9,fin
285,"Raajan amputaatio endokriinisen, nutritionaalisen tai metabolisen sairauden takia","Raaj amput endokr,nutr,metab sair takia",285X,"Amputation of lower limb for endocrine, nutritional, and metabolic disorders","Amputat of lower limb for endocrine, nutrit, and metabol disor",10,fin
285O,"Raajan amputaatio endokriinisen, nutritionaalisen tai metabolisen sairauden takia, lyhyt hoito","Raaj amput endokr,nutr,metab sair takia, lyhy",285O,"Amputation of lower limb for endocrine, nutritional and metabolic diseases, short therapy","Amputation of lower limb for endocrine, nutritional and metabolic diseases, short therapy",10,fin
286,Lisämunuaisen ja aivolisäkkeen leikkaukset,Lisämunuaisen&aivolisäk leikkaukset,286X,Adrenal and pituitary gland procedures,Adrenal and pituitary gland procedures,10,fin
287O,"Muiden endokriinisten elinten leikkaus, lyhyt hoito","Muiden endokriinisten elinten leikkaus, lyh h",287O,"Other procedures of endocrine organ, short therapy","Other procedures of endocrine organ, short therapy",11,fin
288A,Liikalihavuuden hoito mahasuolikanavan leikkauksella,Liikalihavuuden hoito mahasuolikanavan leikk,288A,Gastroinstestinal procedure for obesity,Gastroinstestinal procedure for obesity,10,fin
288B,Muu liikalihavuuden hoitoon liittyvä leikkaus,Muu liikalihavuuden hoitoon liittyvä leikkaus,288B,Other procedures for obesity,Other procedures for obesity,10,fin
288O,"Liikalihavuuden hoito mahasuolikanavan leikkauksella, lyhyt hoito","Liikalihav hoito mahasuolikan leikk, lyh h",288O,"Gastrointestinal procedures for obesity, short therapy","Gastrointestinal procedures for obesity, short therapy",10,fin
288P,"Muu liikalihavuuden hoitoon liittyvä leikkaus, lyhyt hoito","Muu liikalihavuuden hoitoon liittyvä leikkaus, lyhyt hoito",288P,"Other procedures for obesity, short therapy","Other procedures for obesity, short therapy",10,fin
289,Lisäkilpirauhasleikkaus,Lisäkilpirauhasleikkaus,289X,Parathyroid procedures,Parathyroid procedures,10,fin
290,Kilpirauhasleikkaus,Kilpirauhasleikkaus,290X,Thyroid procedures,Thyroid procedures,10,fin
290O,"Kilpirauhasleikkaus, lyhyt hoito","Kilpirauhasleikkaus, lyhyt hoito",290O,"Thyroid procedures, short therapy","Thyroid procedures, short therapy",10,fin
291,"Diabetes, lapsi","Diabetes, lapsi",291,Diabetes age 0-17,Diabetes age 0-17,10,fin
291C,"Diabetes, > 17 vuotias, komplisoitunut","Diabetes, > 17 vuotias, kompl",291C,"Diabetes, age >17, w CC","Diabetes, age >17, w CC",10,fin
291M,"Diabetes, > 17 vuotias, erittäin komplisoitunut","Diabetes, > 17 vuotias, erittäin kompl",291M,"Diabetes, age >17, w MCC","Diabetes, age >17, w MCC",10,fin
291N,"Diabetes, > 17 vuotias, ei komplisoitunut","Diabetes, > 17 vuotias, ei kompl",291N,"Diabetes, age >17, w/o CC","Diabetes, age >17, w/o CC",10,fin
292,"Muu leikkaus endokriinisen, nutritionaalisen tai metabolisen sairauden vuoksi, komplisoitunut","Muu leikkaus endokriinisen, nutritionaalisen tai metabolisen sairauden vuoksi, komplisoitunut",292X,"Other endocrine, nutritional or metabolic disease OR procedures, w CC","Other endocrine, nutritional or metabolic disease OR procedures, w CC",10,fin
293,"Muu leikkaus endokriinisen, nutritionaalisen tai metabolisen sairauden vuoksi, ei komplisoitunut","Muu leikkaus endokriinisen, nutritionaalisen tai metabolisen sairauden vuoksi, ei komplisoitunut",293X,"Other endocrine, nutritional and metabolic disease OR procedures, w/o CC","Other endocrine, nutritional and metabolic disease OR procedures, w/o CC",10,fin
293O,"Muu leikkaus endokriinisen, nutritionaalisen tai metabolisen sairauden vuoksi, lyhyt hoito","Muu leikkaus endokriinisen, nutritionaalisen tai metabolisen sairauden vuoksi, lyhyt hoito",293O,"Other endocrine, nutritional and metabolic disease OR procedures, short therapy","Other endocrine, nutritional and metabolic disease OR procedures, short therapy",10,fin
295O,"Diabetes, lyhyt hoito","Diabetes, lyhyt hoito",295O,"Diabetes, short therapy","Diabetes, short therapy",10,fin
296C,"Ravitsemuksellinen tai muu metabolinen häiriö, aikuinen, komplisoitunut","Ravitsemus/metabolinen häir,aik,K",296C,"Nutritional and misc metabolic disorders, age >17, w CC","Nutritional and misc metabolic disorders, age >17, w CC",10,fin
296M,"Ravitsemuksellinen tai muu metabolinen häiriö, aikuinen, erittäin komplisoitunut","Ravitsemus/metabolinen häir,aik, erit K",296M,"Nutritional and misc metabolic disorders, age >17, w MCC","Nutritional and misc metabolic disorders, age >17, w MCC",10,fin
297,"Ravitsemuksellinen tai muu metabolinen häiriö, aikuinen, ei komplisoitunut","Ravitsemus/metabolinen häir,aik,ei K",297X,"Nutritional and misc metabolic disorders, age >17, w/o CC","Nutritional and misc metabolic disorders, age >17, w/o CC",10,fin
298,"Ravitsemuksellinen tai muu metabolinen häiriö, lapsi","Ravitsemus/metabolinen häir,lapsi",298X,"Nutritional and misc metabolic disorders, age 0-17","Nutritional and misc metabolic disorders, age 0-17",10,fin
299,Metabolinen sairaus,Metabolinen sairaus,299X,Inborn errors of metabolism,Inborn errors of metabolism,11,fin
300,"Muu endokriininen sairaus, komplisoitunut","Muu endokriininen sairaus, komplisoitunut",300X,"Endocrine disorders, w CC","Endocrine disorders, w CC",10,fin
301A,"Endokriininen syöpäsairaus, radiojodihoito tai ulkoinen sädehoito","Endokr syöpäs, sädeh",301A,"Endocrine malignancy w/o CC, isotope or other radiontherapy","Endocrine malignancy w/o CC, isotope or other radiontherapy",10,fin
301B,"Endokriininen syöpäsairaus, vaativa isotooppihoito","Endokr syöpäs, vaat isot.h",301B,"Endocrine malignancy w/o CC, demanding isotope therapy","Endocrine malignancy w/o CC, demanding isotope therapy",10,fin
301C,"Endokriininen syöpäsairaus, sytostaattihoito","Endokr syöpäs, sytost.h",301C,"Endocrine malignancy w/o CC, cytostatic therapy","Endocrine malignancy w/o CC, cytostatic therapy",10,fin
301F,"Muu endokriininen sairaus, ei komplisoitunut","Muu endokriininen sairaus, ei komplisoitunut",301F,"Endocrine disorders, w/o CC","Endocrine disorders, w/o CC",10,fin
302,Munuaisensiirto,Munuaisensiirto,302X,Kidney transplant,Kidney transplant,11,fin
303,"Munuaisen, virtsajohtimen tai vaativa virtsarakon leikkaus kasvaimen takia","Mun,virtsaj,vaat virtsar leik kasv takia",303X,"Kidney, ureter and major bladder procedures for neoplasm","Kidney, ureter and major bladder procedures for neoplasm",11,fin
304,"Munuaisen, virtsajohtimen tai vaativa virtsarakon leikkaus, ei kasvain, komplisoitunut","Mun,virtsaj,vaat virtsar leik,ei kasv,K",304X,"Kidney, ureter and major bladder procedures for non-neoplasms, w CC","Kidney, ureter and major bladder procedures for non-neoplasms, w CC",11,fin
305,"Munuaisen, virtsajohtimen tai vaativa virtsarakon leikkaus, ei komplisoitunut","Mun,virtsajoht,vaat virtsar leikk, ei kompl",305X,"Kidney, ureter and major bladder procedures for non-neoplasms, w/o CC","Kidney, ureter and major bladder procedures for non-neoplasms, w/o CC",11,fin
305O,"Munuaisen, virtsajohtimen tai vaativa virtsarakon leikkaus, lyhyt hoito","Mun,virtsajoht,vaat virtsar leikk, lyhyt hoi",305O,"Kidney, ureter and major bladder procedures, short therapy","Kidney, ureter and major bladder procedures, short therapy",11,fin
307N,Virtsaputken tekosulkijan toimenpiteet,Virtsaputken tekosulkijan toimenpiteet,307N,Artificial urethral sphincter procedure,Artificial urethral sphincter procedure,11,fin
307P,"Virtsaputken tekosulkijan toimenpiteet, lyhyt hoito","Virtsaputken tekosulkijan toimenpiteet, lyhyt hoito",307P,Artificial urethra sphincter procedures,Artificial urethra sphincter procedures,11,fin
308,"Muu virtsarakon toimenpide, komplisoitunut","Muu virtsarakon toimenpide, komplisoitunut",308X,"Minor bladder procedures, w CC","Minor bladder procedures, w CC",11,fin
309,"Muu virtsarakon toimenpide, ei komplisoitunut","Muu virtsarakon toimenpide, ei komplisoitunut",309X,"Minor bladder procedures, w/o CC","Minor bladder procedures, w/o CC",11,fin
309O,"Muu virtsarakon toimenpide, lyhyt hoito","Muu virtsarakon toimenpide, lyhyt hoito",309O,"Minor bladder procedures, short therapy","Minor bladder procedures, short therapy",11,fin
310,"Transuretraalinen toimenpide, ei prostatektomia, komplisoitunut","Transuretraalinen tp,ei prostatektomia, kompl",310X,"Transurethral procedures, w CC","Transurethral procedures, w CC",11,fin
311,"Transuretraalinen toimenpide, ei prostatektomia, ei komplisoitunut","Transuretraalinen tp,ei prostat,ei K",311X,"Transurethral procedures, w/o CC","Transurethral procedures, w/o CC",11,fin
311O,"Transuretraalinen toimenpide, ei prostatektomia, lyhyt hoito","Transuretraalinen tp,ei prostat, lyh hoi",311O,"Transurethral procedures, short therapy","Transurethral procedures, short therapy",11,fin
311P,"Eturauhasen aukaisu virtsaputken kautta, TUIP","Eturauhasen aukaisu virtsaputken kautta, TUIP",311P,"Transurethral incision of prostate, TIUP, short therapy",,11,fin
312,"Virtsaputken leikkaus, aikuinen, komplisoitunut","Virtsaputken leik,aik,kompl",312X,"Urethral procedures, age >17 w CC","Urethral procedures, age >17 w CC",11,fin
313,"Virtsaputken leikkaus, aikuinen, ei komplisoitunut","Virtsaputken leik,aik,ei kompl",313X,"Urethral procedures, age >17 w/o CC","Urethral procedures, age >17 w/o CC",11,fin
314,"Virtsaputken leikkaus, lapsi","Virtsaputken leikkaus,lapsi",314X,"Urethral procedures, age 0-17","Urethral procedures, age 0-17",11,fin
314O,"Virtsaputken leikkaus, lyhyt hoito","Virtsaputken leikkaus, lyhyt hoito",314O,"Urethral procedures, short therapy","Urethral procedures, short therapy",11,fin
315A,"Munuaisten ja virtsateiden vajaatoiminta, hemodialyysikatetrin asentaminen","Mun ja virtsat vajaatoim, hemodialyysikat asent",315A,Insertion of catheter for hemodialysis,Insertion of catheter for hemodialysis,11,fin
315B,Muu munuaisten tai virtsateiden toimenpide,Muu munuaisten tai virtsateiden toimenpide,315B,Other kidney and urinary tract OR procedures,Other kidney and urinary tract OR procedures,11,fin
315D,"Munuaisten ja virtsateiden vajaatoiminta, hemodialyysifistelin rakentaminen tai sulkeminen","Mun ja virtsat vajaatoim, hemodialfist rak/sulk",315D,Construction of arteriovenous fistula for hemodialysis,Construction of arteriovenous fistula for hemodialysis,11,fin
315E,"Munuaisten ja virtsateiden vajaatoiminta, peritoneaalikatetrin asentaminen","Mun ja virtsat vajaatoim, peritonkat asent",315E,Insertion of catheter for peritoneal dialysis,Insertion of catheter for peritoneal dialysis,11,fin
315O,"Muu munuaisten tai virtsateiden toimenpide, lyhyt hoito","Muu munuaisten tai virtsateiden toimenpide, lyhyt hoito",315O,"Other kidney and urinary tract OR procedures, short therapy","Other kidney and urinary tract OR procedures, short therapy",11,fin
316A,"Munuaisten toiminnanvajaus, komplisoitunut, dialyysihoito","Mun toiminnanvajaus, kompl, dial",316A,"Kidney failure and dialysis, w CC","Kidney failure and dialysis, w CC",11,fin
316B,"Munuaisten toiminnanvajaus, ei dialyysi/kompl, dialyysi/ei kompl, ei dialyysi/ei kompl","Mun toiminnanvajaus, dial/ei K tai ei dial/K",316B,"Kidney failure, other","Kidney failure, other",11,fin
317,Dialyysihoito,Dialyysihoito,317X,"Renal dialysis, including preparations","Renal dialysis, including preparations",11,fin
317O,"Dialyysihoito, lyhyt hoito","Dialyysihoito, lyhyt hoito",317O,"Renal dialysis, including preparations, short therapy","Renal dialysis, including preparations, short therapy",11,fin
318,"Munuaisten tai virtsateiden kasvain, komplisoitunut","Munuaisten/virtsateiden kasvain,kompl",318X,"Kidney and urinary tract neoplasms, w CC","Kidney and urinary tract neoplasms, w CC",11,fin
319A,"Munuaisten tai virtsateiden kasvain, ei komplisoitunut, sädehoito","Mun/virtsat kasv, ei kompl, sädeh",319A,"Kidney and urinary tract neoplasms w/o CC, radiotherapy","Kidney and urinary tract neoplasms w/o CC, radiotherapy",11,fin
319B,"Munuaisten tai virtsateiden kasvain, ei komplisoitunut, sytostaattihoito","Mun/virtsat kasv, ei kompl, sytost.h",319B,"Kidney and urinary tract neoplasms w/o CC, cytostatic therapy","Kidney and urinary tract neoplasms w/o CC, cytostatic therapy",11,fin
319E,"Munuaisten tai virtsateiden kasvain, ei komplisoitunut","Mun/virtsat kasv, ei kompl.",319E,"Kidney and urinary tract neoplasms, w/o CC","Kidney and urinary tract neoplasms, w/o CC",11,fin
320,"Munuaisten ja/tai virtsateiden infektio, aikuinen, komplisoitunut","Munuaisten/virtsateiden inf,aik,K",320X,"Kidney and urinary tract infections age >17, w CC","Kidney and urinary tract infections age >17, w CC",11,fin
321,"Munuaisten ja/tai virtsateiden infektio, aikuinen, ei komplisoitunut","Munuasten/virtsateiden inf,aik,ei K",321X,"Kidney and urinary tract infections age >17, w/o CC","Kidney and urinary tract infections age >17, w/o CC",11,fin
322,"Munuaisten ja/tai virtsateiden infektio, lapsi","Munuaisten/virtsateiden inf,lapsi",322X,Kidney and urinary tract infections age 0-17,Kidney and urinary tract infections age 0-17,11,fin
323,"Virtsatiekivi, komplisoitunut tai virtsatiekiven kehonulkoinen murskaus","Virtsatiekivi, kompl tai virtsatiekiven kehonulk mursk",323X,"Urinary stones w CC, and/or Extracorporeal Shock Wave Lithotripsy (ESWL)","Urinary stones w CC, and/or Extracorporeal Shock Wave Lithotripsy (ESWL)",11,fin
323O,"Virtsatiekiven kehonulkoinen murskaus, lyhyt hoito","Virtsatiekiven kehonulkoinen murskaus, lyhyt",323O,"Lithotripsy, short therapy","Lithotripsy, short therapy",11,fin
324,"Virtsatiekivi, ei komplisoitunut","Virtsatiekivi,ei komplisoitunut",324X,"Urinary stones, w/o CC","Urinary stones, w/o CC",11,fin
325,"Munuais- ja virtsatiesairauden oire, aikuinen, komplisoitunut","Munuais&virtsatiesair oire,aik,kompl",325X,"Kidney and urinary tract signs and symptoms age >17, w CC","Kidney and urinary tract signs and symptoms age >17, w CC",11,fin
326,"Munuais- ja virtsatiesairauden oire, aikuinen, ei komplisoitunut","Munuais&virtsatiesair oire,aik,ei kompl",326X,"Kidney and urinary tract signs and symptoms age >17, w/o CC","Kidney and urinary tract signs and symptoms age >17, w/o CC",11,fin
327,"Munuais- ja virtsatiesairauden oire, lapsi","Munuais&virtsatiesair oire,lapsi",327X,Kidney and urinary tract signs and symptoms age 0-17,Kidney and urinary tract signs and symptoms age 0-17,11,fin
329N,Virtsaputken ahtauma,Virtsaputken ahtauma,329N,Urethral stricture,Urethral stricture,11,fin
331,"Muu munuaisten tai virtsateiden sairaus, aikuinen, komplisoitunut","Muu munuaisten tai virtsateiden sairaus, aikuinen, komplisoitunut",331X,"Other kidney and urinary tract diagnoses age >17, w CC","Other kidney and urinary tract diagnoses age >17, w CC",11,fin
332,"Muu munuaisten tai virtsateiden sairaus, aikuinen, ei komplisoitunut","Muu munuaisten tai virtsateiden sairaus, aikuinen, ei komplisoitunut",332X,"Other kidney and urinary tract diagnoses, age >17, w/o CC","Other kidney and urinary tract diagnoses, age >17, w/o CC",11,fin
333,"Muu munuaisten tai virtsateiden sairaus, lapsi","Muu munuaisten tai virtsateiden sairaus, lapsi",333X,Other kidney and urinary tract diagnoses age 0-17,Other kidney and urinary tract diagnoses age 0-17,11,fin
334,"Vaativa lantionalueen leikkaus liittyen esim. eturauhasen, kiveksen, peniksen jne. sairauksiin, komplisoitunut","Vaat eturauhasen kiveksen peniksen jne. leik, kompl",334X,"Major male pelvic procedure, w CC","Major male pelvic procedure, w CC",12,fin
335,"Vaativa lantionalueen leikkaus liittyen esim. eturauhasen, kiveksen, peniksen jne. sairauksiin, ei komplisoitunut","Vaat eturauhasen kiveksen peniksen jne. leik, ei kompl",335X,"Major male pelvic procedure, w/o CC","Major male pelvic procedure, w/o CC",12,fin
335O,"Vaativa lantionalueen leikkaus liittyen esim. eturauhasen, kiveksen, peniksen jne. sairauksiin, lyhyt hoito","Vaat eturauhasen kiveksen peniksen jne. leik, lyhyt",335O,"Major male pelvic procedure, short therapy","Major male pelvic procedure, short therapy",12,fin
336,"Transuretraalinen prostatektomia, komplisoitunut","Transuretraalinen prostatektomia,kompl",336X,"Transurethral prostatectomy, w CC","Transurethral prostatectomy, w CC",12,fin
337,"Transuretraalinen prostatektomia, ei komplisoitunut","Transuretraalinen prostatektomia,ei K",337X,"Transurethral prostatectomy, w/o CC","Transurethral prostatectomy, w/o CC",12,fin
337O,"Transuretraalinen prostatektomia, lyhyt hoito","Transuretraalinen prostatektomia, lyhyt hoito",337O,"Transurethral prostatectomy, short therapy","Transurethral prostatectomy, short therapy",12,fin
338,"Kivesleikkaus, pahanlaatuisen sairauden vuoksi","Kivesleik,pahanlaatuisen sair vuoksi",338X,Testes procedures for malignancy,Testes procedures for malignancy,12,fin
339,"Kivesleikkaus, ei pahanlaatuista sairautta, aikuinen","Kivesleik,ei pahanlaatuista sair,aik",339X,"Testes procedures for non-malignancy, age >17","Testes procedures for non-malignancy, age >17",12,fin
340,"Kivesleikkaus, lapsi, ei pahanlaatuista sairautta","Kivesleikkaus,lapsi",340X,"Testes procedures for non-malignancy, age 0-17","Testes procedures for non-malignancy, age 0-17",12,fin
340O,"Kivesleikkaus, ei pahanlaatuista sairautta, lyhyt hoito","Kivesleikkaus, ei pah.laat sair, lyhyt hoito",340O,"Testes procedures, short therapy","Testes procedures, short therapy",12,fin
341,Peniksen muu kuin ympärileikkaus,Peniksen muu kuin ympärileikkaus,341X,Penis procedures,Penis procedures,12,fin
341O,"Peniksen muu kuin ympärileikkaus, lyhyt hoito","Peniksen muu kuin ympärileikkaus, lyhyt hoito",341O,"Penis procedures, short therapy","Penis procedures, short therapy",12,fin
342N,Ympärileikkaus,Ympärileikkaus,342N,Circumcision,Circumcision,12,fin
343O,"Ympärileikkaus, lyhyt hoito","Ympärileikkaus, lyhyt hoito",343O,"Circumcision, short therapy","Circumcision, short therapy",12,fin
344,"Muu eturauhasen, kiveksen, peniksen jne. leikkaus pahanlaatuisen sairauden vuoksi","Muu eturauhasen, kiveksen, peniksen jne. leikkaus pahanlaatuisen sairauden vuoksi",344X,Other male reproductive system OR procedures for malignancy,Other male reproductive system OR procedures for malignan,12,fin
345,"Muu eturauhasen, kiveksen, peniksen jne. leikkaus, ei pahanlaatuista sairautta","Muu eturauhasen, kiveksen, peniksen jne. leikkaus, ei pahanlaatuista sairautta",345X,Other male reproductive system OR procedures except for malignancy,Other male reproductive system OR procedures except for malignancy,12,fin
345O,"Muu eturauhasen, kiveksen, peniksen jne. leikkaus pahanlaatuisen sairauden vuoksi, lyhyt hoito","Muu eturauhasen, kiveksen, peniksen jne. leikkaus pahanlaatuisen sairauden vuoksi, lyhyt hoito",345O,"Other male reproductive system OR procedures, short therapy","Other male reproductive system OR procedures, short therapy",12,fin
346,"Eturauhasen, kiveksen, peniksen jne. pahanlaatuinen sairaus, komplisoitunut","Eturauhasen kiveksen peniksen jne. pahanl sair, kompl",346X,"Malignancy in the male reproductive system, w CC","Malignancy in the male reproductive system, w CC",12,fin
347A,"Eturauhasen, kiveksen, peniksen jne. pahanlaatuinen sairaus, ei komplisoitunut, sädehoito","Eturauhasen, kiveksen, peniksen jne. syöpäs, ei kompl, sädeh",347A,"Malignancy, male reprocuctive system, w/o CC, radiontherapy","Malignancy, male reprocuctive system, w/o CC, radiontherapy",12,fin
347B,"Eturauhasen, kiveksen, peniksen jne. pahanlaatuisen sairaus, ei komplisoitunut, stereotaktinen sädehoito tai vaativa isotooppihoito","Eturauhasen, kiveksen, peniksen jne. syöpäs, ei kompl, ster sädeh/isot",347B,"Malignancy, male reprocuctive system, w/o CC, demanding radiontherapy","Malignancy, male reprocuctive system, w/o CC, demanding radi",12,fin
347C,"Eturauhasen, kiveksen, peniksen jne. pahanlaatuisen sairaus, ei komplisoitunut, erityistason vaativa isotooppihoito","Eturauhasen, kiveksen, peniksen jne. syöpäs, ei kompl, erit isot",347C,"Malignancy, male reprocuctive system, w/o CC, special demanding radiontherapy","Male repr syst malign w/o CC, spec dem rad.ther",12,fin
347D,"Eturauhasen, kiveksen, peniksen jne. pahanlaatuisen sairaus, ei komplisoitunut, sytostaattihoito","Eturauhasen, kiveksen, peniksen jne. syöpäs, ei kompl, sytost.h",347D,"Malignancy, male reprocuctive system, w/o CC, cytostatic therapy","Malignancy, male reprocuctive system, w/o CC, cytostatic the",12,fin
347G,"Eturauhasen, kiveksen, peniksen jne. pahanlaatuisen sairaus, ei komplisoitunut","Eturauhasen, kiveksen, peniksen jne. pahanl sair, ei kompl",347G,"Malignancy, male reprocuctive system, w/o CC","Malignancy, male reprocuctive system, w/o CC",12,fin
349N,Prostatahyperplasia,Prostatahyperplasia,349N,"Benign prostatic hypertrophy, w/o CC","Benign prostatic hypertrophy, w/o CC",12,fin
350,"Eturauhasen, kiveksen, peniksen jne. tulehdus","Eturauhasen, kiveksen, peniksen jne. tulehdus",350X,Inflammation of the male reproductive system,Inflammation of the male reproductive system,12,fin
351,"Vasektomia, siemenjohtimien katkaisu","Vasektomia, siemenjohtimien katkaisu",351X,"Sterilization, male","Sterilization, male",12,fin
351O,"Vasektomia, siemenjohtimien katkaisu, lyhyt hoito","Vasektomia, siemenjohtimien katkaisu, lyhyt hoito",351O,"Sterilization, male , short therapy","Sterilization, male , short therapy",12,fin
352,"Muu eturauhasen, kiveksen, peniksen jne. sairaus","Muu eturauhasen, kiveksen, peniksen jne. sairaus",352X,Other male reproductive system diagnoses,Other male reproductive system diagnoses,12,fin
353,Gynekologisen syövän radikaalihoito,Gynekol. syövän radik hoito,353X,"Pelvic evisceration, radical hysterectomy and radical vulvectomy","Pelvic evisceration, radical hysterectomy and radical vulvecto",13,fin
353O,"Gynekologisen syövän radikaalileikkaus, lyhyt hoito","Gynekologisen syövän radikaalileikkaus, lyhyt",353O,"Pelvic evisceration, radical hysterectomy and radical vulvectomy, short therapy","Pelvic evisceration, radical hysterectomy and radical vulvectomy, short therapy",13,fin
354,"Kohdun ja sivuel. leikk. muun kuin munasarjojen ja sivuel. pahanlaat. kasvaimen takia, komplisoitunut",Kohdun ja sivuel. leikk. muun kuin munasarjojen ja sivuel. p,354X,"Uterine, adnexa proc for non-ovarian/adnexal malig w CC","Uterine, adnexa proc for non-ovarian/adnexal malig w CC",13,fin
355,"Kohdun ja sivuel. leikk. muun kuin munasarjojen ja sivuel. pahanlaat. kasvaimen takia, ei komplisoitunut",Kohdun ja sivuel. leikk. muun kuin munasarjojen ja sivuel. p,355X,"Uterine and adnexa procedures for non-ovarian/adnexal malignancies, w/o CC","Uterine and adnexa procedures for non-ovarian/adnexal malignancies, w/o CC",13,fin
355O,"Kohdun ja sivuel. leikk. muun kuin munasarjojen ja sivuel. pahanlaat. kasvaimen takia, lyhyt hoito","Kohd&sivuel tp ei munas&sivuel pah kas,lyhyt",355O,"Uterine and adnexal procedures for non-ovarian/adnexal malignancy, short therapy","Uterine and adnexal procedures for non-ovarian/adnexal malignancy, short therapy",13,fin
356,Gynekologinen korjausleikkaus,Gynekologinen korjausleikkaus,356X,"Reconstructive, or other female reproductive system procedures","Reconstructive, or other female reproductive system procedures",13,fin
356O,"Gynekologinen korjausleikkaus, lyhyt hoito","Gynekologinen korjausleikkaus, lyhyt hoito",356O,"Reconstructive, or other female reproductive system procedures, short therapy","Reconstructive, or other female reproductive system procedures, short therapy",13,fin
357,Kohdun ja sivuelinten leikkaus munasarjojen tai sivuelinten pahanlaatuisen kasvaimen takia,Kohdun&sivuel leik munas/sivuel pah kasv,357X,Uterine and adnexa proc for ovarian or adnexal malignancy,Uterine and adnexa proc for ovarian or adnexal malignancy,13,fin
357O,"Kohdun ja sivuelinten leikkaus munasarjojen tai sivuelinten pahanlaatuisen kasvaimen takia, lyhyt hoito","Kohd&sivuel leik munas/sivuel pah kasv,lyhyt",357O,"Uterine and adnexal procedures for ovarian or adnexal non-malignancy, short therapy","Uterine and adnexal procedures for ovarian or adnexal non-malignancy, short therapy",13,fin
358,"Kohdun ja sivuelinten leikkaus hyvänlaatuisen sairauden takia, komplisoitunut","Kohdun&sivuel leik hyvänl sair takia,K",358X,"Uterine and adnexa proc for ovarian or adnexal non-malignancy, w CC",Uterine and adnexa proc for ovarian or adnexal non-malignancy,13,fin
359,"Kohdun ja sivuelinten leikkaus hyvänlaatuisen sairauden takia, ei komplisoitunut","Kohd&sivuel leik hyvänl sair takia,ei K",359X,"Uterine and adnexa procedures for ovarian or adnexal non-malignancies, w/o CC","Uterine and adnexa procedures for ovarian or adnexal non-malignancies, w/o CC",13,fin
359P,"Kohdun ja sivuelinten laaja toimenpide hyvänlaatuisen sairauden takia, lyhyt hoito","Kohdun ja sivuelinten laaja toimenpide hyvänlaatuisen sairauden takia, lyhyt hoito",359P,"Excision or reconstructive operation on female reproductive organs, short therapy","Excision or reconstructive operation on female reproductive organs, short therapy",13,fin
359Q,"Munasolun hedelmoittäminen elimistön ulkopuolella, lyhyt hoito","Munasolun hedelmoittäminen elimistön ulkopuolella, lyhyt hoito",359Q,"Intervention on embryo or ICSI, short therapy","Intervention on embryo or ICSI, short therapy",13,fin
359R,"Muu kohdun ja sivuelinten toimenpide hyvänlaatuisen sairauden takia, lyhyt hoito","Muu kohdun ja sivuelinten toimenpide hyvänlaatuisen sairauden takia, lyhyt hoito",359R,"Other uterine and adnexal procedures for non-malignancy, short therapy","Other uterine and adnexal procedures for non-malignancy, sho",13,fin
360,"Vulvan, vaginan tai cervixin leikkaus","Vulvan, vaginan tai cervixin leikkaus",360X,"Vagina, cervix and vulva procedures","Vagina, cervix and vulva procedures",13,fin
360O,"Vulvan, vaginan tai cervixin leikkaus, lyhyt hoito","Vulvan, vaginan tai cervixin leikkaus, lyhyt",360O,"Vagina, cervix and vulva procedures, short therapy","Vagina, cervix and vulva procedures, short therapy",13,fin
361,Laparoskopia tai munajohdinten katkaisu,Laparoskopia tai munajohdinten katkaisu,361X,Gynecological laparoscopy or sterilization in laparotomy,Gynecological laparoscopy or sterilization in laparotomy,13,fin
361O,"Laparoskopia tai munajohdinten katkaisu, lyhyt hoito","Laparoskopia tai munajohdinten katkaisu, lyhy",361O,"Gynecological laparoscopy or sterilization in laparotomy, short therapy","Gynecological laparoscopy or sterilization in laparotomy, short therapy",13,fin
362,Laparoskooppinen tai muu endoskooppinen sterilisaatio,Laparoskoop/muu endoskooppinen ster,362X,Laparoscopic or other endoscopic sterilization,Laparoscopic or other endoscopic sterilization,13,fin
362O,"Laparoskooppinen tai muu endoskooppinen sterilisaatio, lyhyt hoito","Laparoskoop/muu endoskooppinen ster, lyhyt ho",362O,"Laparoscopic or other endoscopic sterilization, short therapy","Laparoscopic or other endoscopic sterilization, short therapy",13,fin
363,Kaavinta ja konisaatio tai paikallinen sädehoito pahanlaatuisen sairauden takia,Kaav&konis/paik sädeh pahanl sair takia,363X,"Dilation and curettage, conization and radio-implant, for malignancy","Dilation and curettage, conization and radio-implant, for malignancy",13,fin
364,Kaavinta ja konisaatio tai paikallinen sädehoito hyvänlaatuisen sairauden takia,Kaav&konis/paik sädeh hyvänl sair takia,364X,"Dilation and curettage, conization, for non-malignancy","Dilation and curettage, conization, for non-malignancy",13,fin
364O,"Kaavinta ja konisaatio tai paikallinen sädehoito hyvänlaatuisen sairauden takia, lyhyt hoito","Kaav&konis/paik sädeh hyvänl sair tak,lyhyt h",364O,"Dilation and curettage, conization, for non-malignancy , short therapy","Dilation and curettage, conization, for non-malignancy , short therapy",13,fin
365A,Gynekologinen vatsaontelon tutkimusleikkaus,Gynekologinen vatsaontelon tutkimusleikkaus,365A,Explorative laparotomy in gynecology,Explorative laparotomy in gynecology,13,fin
365B,Muu gynekologinen leikkaus,Muu gynekologinen leikkaus,365B,Other female reproductive system OR procedures,Other female reproductive system OR procedures,13,fin
365O,"Muu gynekologinen leikkaus, lyhyt hoito","Muu gynekologinen leikkaus, lyhyt hoito",365O,"Other female reproductive system OR procedures, short therapy","Other female reproductive system OR procedures, short therapy",13,fin
366,"Gynekologinen syöpä, komplisoitunut","Gynekol syöpä, komplis",366X,"Malignancy, female reproductive system w CC","Malignancy, female reproductive system w CC",13,fin
367A,"Gynekologinen syöpä, ei komplisoitunut, sädehoito","Gynekologinen syöpä, ei komplisoitunut, sädeh",367A,"Radiotherapy for malignancy of female reproductive system, w/o CC","Radioth for malign of fema reprod syst, w/o CC",13,fin
367B,"Gynekologinen syöpä, ei komplisoitunut, tavanomainen sytostaattihoito","Gyn syöpä, ei komplis, tav sytost.hoi",367B,"Standard cytostatic therapy for recidive of malignancy in female reproductive system, w/o CC","Stand cytost ther for recid of mal in fem repr syst, w/o CC",13,fin
367E,"Gynekologinen syöpä, ei komplisoitunut","Gynekologinen syöpä, ei komplisoitunut",367E,"Malignancy, female reproductive system w/o CC","Malignancy, female reproductive system w/o CC",13,fin
368,Gynekologinen infektio,Gynekologinen infektio,368X,"Infections, female reproductive system","Infections, female reproductive system",13,fin
369,Kuukautiskierron ongelma tai muu naisen lisääntymiselinten sairaus,Kuuk.kier ong/muu naisen lis elint sair,369X,Menstrual and other female reproductive system disorders,Menstrual and other female reproductive system disorders,13,fin
370C,"Keisarileikkaus, komplisoitunut","Keisarileikkaus, kompl",370C,"Cesarean section, w CC","Cesarean section, w CC",14,fin
370M,"Keisarileikkaus, erittäin komplisoitunut","Keisarileikkaus, erittäin kompl",370M,"Cesarean section, w MCC","Cesarean section, w MCC",14,fin
371,"Keisarileikkaus, ei komplisoitunut","Keisarileikkaus,ei komplisoitunut",371X,"Cesarean section, w/o CC","Cesarean section, w/o CC",14,fin
371O,"Keisarileikkaus, lyhyt hoito","Keisarileikkaus, lyhyt hoito",371O,"Cesarean section, short therapy","Cesarean section, short therapy",14,fin
372C,"Alatiesynnytys, komplisoitunut","Alatiesynnytys, kompl",372C,"Vaginal delivery, w CC","Vaginal delivery, w CC",14,fin
372M,"Alatiesynnytys, erittäin komplisoitunut","Alatiesynnytys, erittäin kompl",372M,"Vaginal delivery, w MCC","Vaginal delivery, w MCC",14,fin
373,"Alatiesynnytys, ongelmaton","Alatiesynnytys,ongelmaton",373X,"Vaginal delivery, w/o CC","Vaginal delivery, w/o CC",14,fin
373O,"Alatiesynnytys, lyhyt hoito","Alatiesynnytys, lyhyt hoito",373O,"Vaginal delivery, short therapy","Vaginal delivery, short therapy",14,fin
374,Alatiesynnytys ja synnytyksen jälkeinen kohdun kaavinta tai sterilisaatio,Alat.synn&synn jälk kohd kaav/sterilis,374X,Vagastrointestinalnal delivery with sterilization and/or dilation and curettage,Vagastrointestinalnal delivery with sterilization and/or dilation and curettage,14,fin
375,Alatiesynnytys ja muu synnytykseen liittyvä toimenpide,Alatiesynn&muu synnytykseen liittyvä tp,375X,Vaginal delivery with OR proc except steril and/or dilation and curettage,Vaginal delivery w OR proc except steril and/or dilation and curettage,14,fin
376,Synnytyksen tai abortin jälkeinen tilanne ilman toimenpiteitä,Synnytyksen/abortin jälk tilanne ilm tp,376X,Postpartum and post abortion diagnoses w/o OR procedure,Postpartum and post abortion diagnoses w/o OR procedure,14,fin
377N,Obstetrinen toimenpide,Obstetrinen toimenpide,377N,Obstetrical problem with other OR procedure,Obstetrical problem with other OR procedure,14,fin
377O,"Synnytyksen tai abortin jälkeinen toimenpide, lyhyt hoito","Synnytyksen tai abortin jälkeinen tp, lyh h",377O,"Obstetrical problems with other OR procedures or other procedures in general anaesthesia, short therapy","Obstetrical problems with other OR procedures or other procedures in general anaesthesia, short therapy",14,fin
378N,"Kohdunulkoinen raskaus, leikkaushoito","Kohdunulkoinen raskaus, leikkaushoito",378N,Operation for ectopic pregnancy,Operation for ectopic pregnancy,14,fin
379,Uhkaava keskenmeno,Uhkaava keskenmeno,379X,Threatened abortion,Threatened abortion,14,fin
380,Abortti ilman kaavintaa,Abortti ilman kaavintaa,380X,Abortion without dilation and curettage,Abortion w/o dilation and curettage,14,fin
381,"Abortti ja kaavinta, kohdun avaus","Abortti&kaavinta,kohdun avaus",381X,"Abortion with dilation and curettage, aspiration curettage or hysterotomy","Abortion w dilation and curettage, aspiration curettage or hysterotomy",14,fin
381O,"Abortti ja kaavinta, kohdun avaus, lyhyt hoito","Abortti ja kaavinta, kohdun avaus, lyhyt hoit",381O,"Surgery after abortion or child birth, short therapy","Surgery after abortion or child birth, short therapy",14,fin
382,Keskeytynyt synnytys tai valeraskaus,Keskeytynyt synnytys tai valeraskaus,382X,False labor,False labor,14,fin
384A,"Raskauden aikainen tila, komplisoitunut","Raskauden aikainen tila, ei kompl",384A,"Antepartum diagnoses, w CC","Antepartum diagnoses, w CC",14,fin
384B,"Raskauden aikainen tila, ei komplisoitunut","Raskauden aikainen tila, ei kompl",384B,"Antepartum diagnoses, w/o CC","Antepartum diagnoses, w/o CC",14,fin
385A,Vastasyntyneen lyhyt sairaalahoito,Vastasyntyneen lyhyt sairaalahoito,385A,"Neonate, died within 2 days or transferred to other unit within 5 days","Neonate, died within 2 days or transferred to other unit within 5 days",15,fin
385B,"Vastasyntyneen jatkohoito tai myöhään ilmenevä neonataalinen ongelma, syntymäpaino 1000 g tai enemmän",Vastasyntyneen jatkohoito tai myöhään ilmenevä neonataalinen,385B,"Follow-up care of neonatal problems or delayed neonatal problem, birth weight 1000 g or more",Follow-up care of neonatal problems or delayed neonatal prob,15,fin
385C,Alle 1000 g painavan vastasyntyneen jatkohoito,Alle 1000 g painavan vastasyntyneen jatkohoito,385C,"Neonate, arrived during first two days of life, not treated in a NICU, remitted to other hospital with duration of treatment less than 5 days","Neonate, arrived during first two days of life, not treated",15,fin
386N,"Vastasyntynyt, syntymäpaino alle 1000 g","Vastasyntynyt, syntymäpaino alle 1000 g",386N,"Neonate, birthweight under 1000 g","Neonate, birthweight under 1000 g",15,fin
387N,"Vastasyntynyt, syntymäpaino 1000-1499 g","Vastasyntynyt, syntymäpaino 1000-1499 g",387N,"Neonate, birthweight 1000-1499 g","Neonate, birthweight 1000-1499 g",15,fin
388A,"Vastasyntynyt, syntymäpaino 1500 - 2499 g, useiden elinjärjestelmien ongelmia","Vastas,sp 1500-2499, us elin ong",388A,"Neonate, birthweight 1500-2499 g or other immaturity with multiple problems","Neonate, birthweight 1500-2499 g or other immaturity with multiple problems",15,fin
388B,"Vastasyntynyt, syntymäpaino 1500 - 2499 g, ei useiden elinjärjestelmien ongelmia","Vastas,sp 1500-2499, ei us elin ong",388B,"Neonate, birthweight 1500-2499 g or other immaturity without multiple problems","Neonate, birthweight 1500-2499 g or other immaturity without multiple problems",15,fin
388C,Keskosen vakava hengitysongelma,Keskosen vakava hengitysongelma,388C,Respiratory distress syndrome of premature infant,Respiratory distress syndrome of premature infant,15,fin
389A,"Vastasyntynyt, laaja leikkaus","Vastasyntynyt, laaja leikkaus",389A,"Neonate, with major operation","Neonate, with major operation",15,fin
389B,"Vastasyntynyt, syntymäpaino 2500 g tai enemmän, useiden elinjärjestelmien ongelmia","Vastas,sp>2500,us elin ong",389B,"Neonate, birthweight 2500 g or more, with multiple problems","Neonate, birthweight 2500 g or more, with multiple problems",15,fin
389C,Täysiaikaisen vastasyntyneen vakava hengitysongelma,Täysiaikaisen vastasyntyneen vakava hengitysongelma,389C,Respiratory distress syndrome of mature infant,Respiratory distress syndrome of mature infant,15,fin
390,"Vastasyntynyt, syntymäpaino 2500 g tai enemmän, muu merkittävä ongelma","Vastas,sp>2500, muu ong",390X,"Neonate, birthweight 2500 g or more, with other significant problem","Neonate, birthweight 2500 g or more, with other significant problem",15,fin
391,Normaali vastasyntynyt,Normaali vastasyntynyt,391X,Normal newborn,Normal newborn,15,fin
392,Pernan poisto aikuinen,"Pernan poisto,aikuinen",392X,Splenectomy age >17,Splenectomy age >17,16,fin
393,"Pernan poisto, lapsi","Pernan poisto,lapsi",393X,"Splenectomy, age 0-17","Splenectomy, age 0-17",16,fin
394,Muu veren tai vertamuodostaviin elimiin vaikuttava leikkaus,Muu veren tai vertamuodostaviin elimiin vaikuttava leikkaus,394X,Other OR procedures of the blood and blood forming organs,Other OR procedures of the blood and blood forming organs,16,fin
394O,"Muu vereen tai vertamuodostaviin elimiin vaikuttava leikkaus, lyhyt hoito","Muu vereen tai vertamuodostaviin elimiin vaikuttava leikkaus, lyhyt hoito",394O,"Other OR procedures of the blood and blood forming organs, short therapy","Other OR procedures of the blood and blood forming organs, short therapy",16,fin
395,"Punasolusairaus, aikuinen","Punasolusairaus,aikuinen",395X,Red blood cell disorders > 17,Red blood cell disorders > 17,16,fin
396,"Punasolusairaus, lapsi","Punasolusairaus,lapsi",396X,"Anemia and other red blood cell disorders, age 0-17","Anemia and other red blood cell disorders, age 0-17",16,fin
397,Veren hyytymishäiriö,Veren hyytymishäiriö,397X,Coagulation disorders,Coagulation disorders,16,fin
398,"Retikuloendoteliaali- tai immuunijärjestelmän sairaus, komplisoitunut","Retikuloendoteliaali/imm.järj sair,K",398X,"Reticuloendothelial and immunity disorders, w CC","Reticuloendothelial and immunity disorders, w CC",16,fin
399,"Retikuloendoteliaali- tai immuunijärjestelmän sairaus, ei komplisoitunut","Retikuloendoteliaali/imm.järj sair,ei K",399X,"Reticuloendothelial and immunity disorders, w/o CC","Reticuloendothelial and immunity disorders, w/o CC",16,fin
400,Lymfooman tai leukemian vaativa operatiivinen hoito,Lymfooman/leukemian vaat oper hoito,400X,Lymphoma and leukemia w major OR procedure,Lymphoma and leukemia w major OR procedure,17,fin
401,"Lymfooman tai kroonisen leukemian operatiivinen hoito, komplisoitunut","Lymfooman/kroon leuk oper hoito,K",401X,"Lymphoma and non-acute leukemia with other OR procedure, w CC","Lymphoma and non-acute leukemia with other OR procedure, w CC",17,fin
402,"Lymfooman tai kroonisen leukemian operatiivinen hoito, ei komplisoitunut","Lymfooman/kroon leuk oper hoito,ei K",402X,"Lymphoma and non-acute leukemia with other OR procedure, w/o CC","Lymphoma and non-acute leukemia with other OR procedure, w/o CC",17,fin
402O,"Lymfooman tai kroonisen leukemian operatiivinen hoito, lyhyt hoito","Lymfooman/kroon leuk oper hoito,lyhyt hoito",402O,"Lymphoma and non-acute leukemia with OR procedures, short therapy","Lymphoma and non-acute leukemia with OR procedures, short therapy",17,fin
403,"Lymfooma tai krooninen leukemia, komplisoitunut","Lymfooma/krooninen leukemia,kompl",403X,"Lymphoma and non-acute leukemia, w CC","Lymphoma and non-acute leukemia, w CC",17,fin
404A,"Lymfooma tai krooninen leukemia, ei komplisoitunut, sädehoito","Lymf/kroon leuk, ei kompl, sädeh",404A,"Lymphoma and non-acute leukemia w/o CC, radationtherapy","Lymphoma and non-acute leukemia w/o CC, radationtherapy",17,fin
404B,"Lymfooma tai krooninen leukemia, ei komplisoitunut, isotooppihoito","Lymf/kroon leuk, ei kompl, isot.h",404B,"Lymphoma and non-acute leukemia w/o CC, isotope therapy","Lymphoma and non-acute leukemia w/o CC, isotope therapy",17,fin
404C,"Lymfooma tai krooninen leukemia, ei komplisoitunut, sytostaattihoito","Lymf/kroon leuk, ei kompl, sytosth",404C,"Lymphoma and non-acute leukemia w/o CC, cytostatic therapy","Lymphoma and non-acute leukemia w/o CC, cytostatic therapy",17,fin
404F,"Lymfooma tai krooninen leukemia, ei komplisoitunut","Lymf/kroon leuk, ei komp",404F,"Lymphoma and non-acute leukemia, w/o CC","Lymphoma and non-acute leukemia, w/o CC",17,fin
405,"Akuutin leukemian konservatiivinen hoito, lapsi","Akuutin leuk kons hoito,lapsi",405X,"Acute leukaemia without major OR procedure, age 0-17","Acute leukaemia w/o major OR procedure, age 0-17",17,fin
406,"Pahanlaatuisen sairauden tai erilaistumattoman kasvaimen hoito vaativalla leikkauksella, komplisoitunut","Myelopr sair/eril kasv hoito vaat tp,K",406X,"Myeloprolif disord or poorly diff neopl w major OR procedures and, w CC",Myeloprolif disord or poorly diff neopl w major OR proced,17,fin
407,"Pahanlaatuisen sairauden tai erilaistumattoman kasvaimen hoito vaativalla leikkauksella, ei komplisoitunut","Myelopr sair/eril kasv hoito vaat tp,ei K",407X,"Myeloprolif disord or poorly diff neopl w major OR proc but, w/o CC",Myeloprolif disord or poorly diff neopl w major OR proc b,17,fin
407O,"Pahanlaatuisen sairauden tai erilaistumattoman kasvaimen hoito vaativalla leikkauksella, lyhyt hoito","Myelopr sair/eril kasv hoito vaat tp, lyhyt h",407O,"Myeloproliferative diseases and unspecified neoplasms with major OR procedure, short therapy","Myeloproliferative diseases and unspecified neoplasms with major OR procedure, short therapy",17,fin
408,Pahanlaatuisen sairauden tai erilaistumattoman kasvaimen hoito muulla leikkauksella,Myelop sair/eril kasv hoito muulla leikk,408X,Myeloprolif disord or poorly diff neopl w other OR proc,Myeloprolif disord or poorly diff neopl w other OR proc,17,fin
408O,"Pahanlaatuisen sairauden tai erilaistumattoman kasvaimen hoito muulla leikkauksella, lyhyt hoito","Myelop sair/eril kasv hoito muulla leikk,lyhy",408O,"Myeloproliferative diseases and unspecified neoplasms with other OR procedure in general anaesthesia, short therapy","Myeloproliferative diseases and unspecified neoplasms with other OR procedure in general anaesthesia, short therapy",17,fin
409,Sädehoito,Sädehoito,409X,Radiotherapy,Radiotherapy,17,fin
409O,"Sädehoito, lyhyt hoitojakso","Sädehoito, lyhyt hoitojakso",409O,"Radiotherapy, short therapy","Radiotherapy, short therapy",17,fin
410,"Kemoterapia, sivudiagnoosina muu kuin akuutti leukemia","Kemoterapia, ei akuuttia leukemiaa",410X,Chemotherapy without acute leukaemia as secondary diagnosis,Chemotherapy w/o acute leukaemia as secondary diagnosis,17,fin
410O,"Kemoterapia, ei akuuttia leukemiaa, lyhyt hoito","Kemoterapia, ei akuuttia leukemiaa, lyhyt hoi",410O,"Chemotherapy without acute leukaemia as secondary diagnosis, short therapy","Chemotherapy without acute leukaemia as secondary diagnosis, short therapy",17,fin
411N,Maligniteetin seuranta,Maligniteetin seuranta,411N,"History of malignancy without endoscopy, w/o CC","History of malignancy without endoscopy, w/o CC",17,fin
413,"Muu myeloproliferatiivinen sairaus tai huonosti erilaistunut kasvain, komplisoitunut","Muu myeloproliferatiivinen sairaus tai huonosti erilaistunut kasvain, komplisoitunut",413X,"Other myeloprolif dis of poorly diff neopl diag, w CC","Other myeloprolif dis of poorly diff neopl diag, w CC",17,fin
414,"Muu myeloproliferatiivinen sairaus tai huonosti erilaistunut kasvain, ei komplisoitunut","Muu myeloproliferatiivinen sairaus tai huonosti erilaistunut kasvain, ei komplisoitunut",414X,"Myeloproliferative diseases and unspecified neoplasms, w/o CC","Myeloproliferative diseases and unspecified neoplasms, w/o CC",17,fin
415C,"Infektiosairauden operatiivinen hoito, komplisoitunut","Infektiosairauden operatiivinen hoito, kompl",415C,"Procedure for infectious and parasitic diseases, w CC","Procedure for infectious and parasitic diseases, w CC",18,fin
415M,"Infektiosairauden operatiivinen hoito, erittäin komplisoitunut","Infektiosairauden operatiivinen hoito, erittäin kompl",415M,"Procedure for infectious and parasitic diseases, w MCC","Procedure for infectious and parasitic diseases, w MCC",18,fin
415N,"Infektiosairauden operatiivinen hoito, ei komplisoitunut","Infektiosairauden operatiivinen hoito, ei kompl",415N,"Procedures for infectious and parasitic diseases, w/o CC","Procedures for infectious and parasitic diseases, w/o CC",18,fin
415O,Infektiosairauden operatiivinen lyhytkestoinen hoito,Infektiosairauden operatiivinen lyhyt hoito,415O,"Procedures for infectious and parasitic diseases, short therapy","Procedures for infectious and parasitic diseases, short therapy",18,fin
416N,"Sepsis, aikuinen","Sepsis, aikuinen",416N,"Septicemia, age >17, w/o CC","Septicemia, age >17, w/o CC",18,fin
417N,"Sepsis, lapsi","Sepsis, lapsi",417N,"Septicemia, age 0-17, w/o CC","Septicemia, age 0-17, w/o CC",18,fin
418,Postoperatiivinen tai posttraumaattinen infektio,Postoperatiivinen/posttraumaattinen inf,418X,Postoperative and post-traumatic infections,Postoperative and post-traumatic infections,18,fin
419,"Kuume, syy tuntematon, aikuinen, komplisoitunut","Kuume,syy tuntematon,aik,kompl",419X,"Fever of unknown origin age >17, w CC","Fever of unknown origin age >17, w CC",18,fin
420,"Kuume, syy tuntematon, aikuinen, ei komplisoitunut","Kuume,syy tuntematon,aik,ei kompl",420X,"Fever of unknown origin age >17, w/o CC","Fever of unknown origin age >17, w/o CC",18,fin
421,"Virussairaus, aikuinen","Virussairaus,aikuinen",421X,"Viral illness, age >17","Viral illness, age >17",18,fin
422,"Virussairaus tai tuntemattomasta syystä aiheutuva kuume, lapsi","Virussair/tunt syystä aih kuume,lapsi",422X,Viral illness and fever of unknown origin age 0-17,Viral illness and fever of unknown origin age 0-17,18,fin
423,Muu infektiosairaus,Muu infektiosairaus,423X,Other infectious and parasitic diseases diagnoses,Other infectious and parasitic diseases diagnoses,18,fin
424N,Psyykkisen sairauden hoito leikkaustoimenpiteellä,Psyykkisen sairauden hoito leikkaustoimenpiteellä,424N,OR procedures with principal diagnos of mental illness or abuse,OR procedures with principal diagnos of mental illness or abuse,19,fin
424O,"Psyykkisen sairauden hoito leikkaustoimenpiteellä, lyhyt hoito","Psyykkisen sairauden hoito leikkaustoimenpiteellä, lyh h",424O,"OR procedure with principal diagnosis of mental illness, short therapy","OR procedure with principal diagnosis of mental illness, short therapy",19,fin
432A,Syömishäiriöt,Syömishäiriöt,432A,Eating disorders,Eating disorders,19,fin
432N,Psykiatrinen pitkäaikaishoito,Psykiatrinen pitkäaikaishoito,432N,Psychiatric longterm care,Psychiatric longterm care,19,fin
432O,"Syömishäiriöt, lyhyt hoito","Syömishäiriöt, lyh h",432O,"Eating disorders, short therapy","Eating disorders, short therapy",19,fin
439,Ihonsiirto vamman hoitamiseksi,Ihonsiirto vamman hoitamiseksi,439X,Skin grafts for injuries,Skin grafts for injuries,21,fin
439O,"Ihonsiirto vamman hoitamiseksi, lyhyt hoito","Ihonsiirto vamman hoitamiseksi, lyhyt hoito",439O,"Skin grafts for injuries, short therapy","Skin grafts for injuries, short therapy",21,fin
441,Käden leikkaus vamman takia,Käden leikkaus vamman takia,441X,Hand procedures for injuries,Hand procedures for injuries,21,fin
441O,"Käden leikkaus vamman takia, lyhyt hoito","Käden leikkaus vamman takia, lyhyt hoito",441O,"Hand procedures for injuries, short therapy","Hand procedures for injuries, short therapy",21,fin
442,"Muu vamman takia tehty toimenpide, komplisoitunut","Muu vamman takia tehty toimenpide, komplisoitunut",442X,"Other OR procedures for injuries, w CC","Other OR procedures for injuries, w CC",21,fin
442O,"Hoitokomplikaatio ja leikkaus, lyhyt hoito","Hoitokomplikaatio ja leikkaus, lyhyt hoito",442O,"Other major OR procedures after injuries, short therapy","Other major OR procedures after injuries, short therapy",21,fin
443,"Muu vamman takia tehty toimenpide, ei komplisoitunut","Muu vamman takia tehty toimenpide, ei komplisoitunut",443X,"Other OR procedures for injuries, w/o CC","Other OR procedures for injuries, w/o CC",21,fin
443O,"Muu vamman takia tehty toimenpide, lyhyt hoito","Muu vamman takia tehty toimenpide, lyhyt hoito",443O,"Other major OR procedures in general anaesthesia for injuries, short therapy","Other major OR procedures in general anaesthesia for injuries, short therapy",21,fin
444,"Vamma, aikuinen, komplisoitunut","Vamma,aikuinen,komplisoitunut",444X,"Traumatic injury, age >17 w CC","Traumatic injury, age >17 w CC",21,fin
445,"Vamma, aikuinen, ei komplisoitunut","Vamma,aikuinen,ei komplisoitunut",445X,"Traumatic injury, age >17 w/o CC","Traumatic injury, age >17 w/o CC",21,fin
446,"Vamma, lapsi","Vamma,lapsi",446X,"Traumatic injury, age 0-17","Traumatic injury, age 0-17",21,fin
447,"Allerginen reaktio, aikuinen","Allerginen reaktio,aikuinen",447X,"Allergic reactions, age >17","Allergic reactions, age >17",21,fin
448,"Allerginen reaktio, lapsi","Allerginen reaktio,lapsi",448X,"Allergic reactions, age 0-17","Allergic reactions, age 0-17",21,fin
449,"Myrkytys tai lääkkeen toksinen haittavaikutus, aikuinen, komplisoitunut","Myrk/lääk toks haittav,aik,kompl.",449X,"Poisoning and toxic effects of drugs, age >17, w CC","Poisoning and toxic effects of drugs, age >17, w CC",21,fin
450,"Myrkytys tai lääkkeen toksinen haittavaikutus, aikuinen, ei komplisoitunut","Myrk/lääk toks haittav,aik,ei kompl",450X,"Poisoning and toxic effects of drugs, age >17, w/o CC","Poisoning and toxic effects of drugs, age >17, w/o CC",21,fin
451,"Myrkytys tai lääkkeen toksinen haittavaikutus, lapsi","Myrk tai lääk toksinen haittav,lapsi",451X,"Poisoning and toxic effects of drugs, age 0-17","Poisoning and toxic effects of drugs, age 0-17",21,fin
452A,"Hoitokomplikaatio ja leikkaus, komplisoitunut","Hoitokomplikaatio ja leikkaus, komplisoitunut",452A,"Complications of treatment w surgery, w CC","Complications of treatment w surgery, w CC",21,fin
452B,"Hoitokomplikaatio, ei leikkausta, komplisoitunut","Hoitokomplikaatio, ei leikkausta, komplisoitunut",452B,"Complications of treatment w/o surgery, w CC","Complications of treatment w/o surgery, w CC",21,fin
453A,"Hoitokomplikaatio ja leikkaus, ei komplisoitunut","Hoitokomplikaatio ja leikkaus, ei komplisoitunut",453A,"Complications of treatment w surgery, w/o CC","Complications of treatment w surgery, w/o CC",21,fin
453B,"Hoitokomplikaatio , ei leikkausta, ei komplisoitunut","Hoitokomplikaatio , ei leikkausta, ei komplisoitunut",453B,"Complications of treatment w/o surgery, w/o CC","Complications of treatment w/o surgery, w/o CC",21,fin
454,"Vamma, myrkytys tai lääkkeen haittavaikutus, komplisoitunut","Vamma,myrk/lääk haittav,kompl",454X,"Other injury, poisoning and toxic effect diag w CC","Other injury, poisoning and toxic effect diag w CC",21,fin
455,"Vamma, myrkytys tai lääkkeen haittavaikutus, ei komplisoitunut","Vamma,myrk/lääk haittav,ei kompl",455X,"Other diseases after injuries, poisonings and toxic effects, w/o CC","Other diseases after injuries, poisonings and toxic effects, w/o CC",21,fin
457,"Palovamma, laaja, ei ihonsiirtoa","Palovamma,laaja,ei ihonsiirtoa",457X,Extensive burns without OR procedure,Extensive burns without OR procedure,22,fin
458A,"Palovamma, ihonsiirto, yleisanestesia","Palovamma, ihonsiirto, yleisanestesia",458A,Non-extensive burns with skin graft with general anesthesia,Non-extensive burns with skin graft with general anesthesia,22,fin
458B,"Palovamma, ihonsiirto, ei yleisanestesiaa","Palovamma, ihonsiirto, ei yleisanestesiaa",458B,Non-extensive burns with skin graft without general anesthesia,Non-extensive burns with skin graft without general anesthes,22,fin
458O,"Palovamma, suppea, ihonsiirto, lyhyt hoito","Palovamma, suppea, ihonsiirto, lyhyt hoito",458O,"Non-extensive burns with skin graft, short therapy","Non-extensive burns with skin graft, short therapy",22,fin
459,"Palovamma, suppea, haavan hoito tai muu leikkaussalitoimenpide, lyhyt hoitojakso","Palovamma,suppea,revisio&ihonsiirto",459X,Non-extensive burns with wound debridement or other OR procedures,Non-extensive burns with wound debridement or other OR procedures,22,fin
459O,"Palovamma, haavan hoito tai muu leikkaussalitoimenpide, lyhyt hoitojakso","Palovamma, suppea, revis ja ihonsiir, lyh hoi",459O,"Burns with wound debridement or other OR procedures, short therapy","Burns with wound debridement or other OR procedures, short therapy",22,fin
460,"Palovamma, suppea, ei toimenpiteitä","Palovamma,suppea,ei toimenpiteitä",460X,Non-extensive burns without OR procedure,Non-extensive burns without OR procedure,22,fin
461,Muuhun terveyspalvelujen käyttöön liittyvä leikkaus,Muuhun terveyspalvelujen käyttöön liittyvä leikkaus,461X,OR procedure with diagnoses of other contact with health services,OR procedure with diagnoses of other contact with health services,23,fin
461O,"Muuhun terveyspalvelujen käyttöön liittyvä leikkaus, lyhyt hoito","Muuhun terveyspalvelujen käyttöön liittyvä leikkaus, lyhyt hoito",461O,"Other contacts with health services for other diagnoses, with OR procedures or general anaesthesia, short therapy","Other contacts with health services for other diagnoses, with OR procedures or general anaesthesia, short therapy",23,fin
462O,"Kuntoutus, lyhyt hoitojakso","Kuntoutus, lyhyt hoitojakso",462O,"Rehabilitation, short therapy","Rehabilitation, short therapy",23,fin
463,"Epämääräinen oire, diagnoosi määrittämättä, komplisoitunut","Epämäär oire,dg määrittämättä,kompl",463X,"Signs and symptoms, w CC","Signs and symptoms, w CC",23,fin
464,"Epämääräinen oire, diagnoosi määrittämättä, ei komplisoitunut","Epämäär oire,dg määrittämättä,ei K",464X,"Signs and symptoms, w/o CC","Signs and symptoms, w/o CC",23,fin
465,Pahanlaatuisen sairauden jälkihoito,Pahanlaatuisen sairauden jälkihoito,465X,Aftercare of malignant conditions,Aftercare of malignant conditions,23,fin
466,Hyvänlaatuisen sairauden jälkihoito,Hyvänlaatuisen sairauden jälkihoito,466X,Aftercare of other conditions,Aftercare of other conditions,23,fin
467C,"Muu terveydentilaan vaikuttava tekijä, komplisoitunut","Muu terveydentilaan vaikuttava tekijä, kompl",467C,"Other factors influencing health status, w CC","Other factors influencing health status, w CC",23,fin
467N,"Muu terveydentilaan vaikuttava tekijä, ei komplisoitunut","Muu terveydentilaan vaikuttava tekijä, ei kompl",467N,"Other factors influencing health status, w/o CC","Other factors influencing health status, w/o CC",23,fin
468,"Epätavallinen toimenpiteen ja diagnoosin yhdistelmä, laaja toimenpide","Epätav tp & dg yhd, laaja tp",468X,Rare or incorrect combination of diagnosis and extensive procedure,Extensive rare or wrong comb,99,fin
468O,"Epätavallinen toimenpiteen ja diagnoosin yhdistelmä, laaja toimenpide, lyhyt hoito","Epätav tp & dg yhd, laaja tp, lyhyt hoit",468O,"Rare or incorrect combination of diagnosis and procedure, short therapy","Rare or incorrect combination of diagnosis and procedure, short therapy",99,fin
470B,Potilas liian vanha diagnoosille,Potilas liian vanha diagnoosille,470B,Patient is too old for the diagnosis or the intervention,Patient is too old for the diagnosis or the intervention,99,fin
470C,Potilas liian nuori diagnoosille,Potilas liian nuori diagnoosille,470C,Patient is too young for the diagnosis or the intervention,Patient is too young for the diagnosis or the intervention,99,fin
470D,Potilaan ikä on väärin (> 125 vuotta),Potilaan ikä on väärin (> 125 vuotta),470D,Error in patient age (>125 yrs),Error in patient age (>125 yrs),99,fin
470E,Kelpaamaton päädiagnoosi,Kelpaamaton päädiagnoosi,470E,Principal diagnosis code is invalid,Principal diagnosis code is invalid,99,fin
470G,Potilaan sukupuoli puuttuu,Gender of patient is missing,470G,Information about gender is missing,Information about gender is missing,99,fin
470H,Virheellinen diagnoosin ja toimenpiteen yhdistelmä,Virheellinen diagnoosin ja toimenpiteen yhdistelmä,470H,False combination of diagnosis and intervention,False combination of diagnosis and intervention,99,fin
470I,Virheellinen diagnoosien yhdistelmä,Virheellinen diagnoosien yhdistelmä,470I,False combination of diagnoses,False combination of diagnoses,99,fin
470J,Päädiagnoosi ilman määriteltyä ryhmittelyä,Päädg ilman määriteltyä ryhmittelyä,470J,New principal diagnosis without specified grouping,New principal diagnosis without specified grouping,99,fin
470K,"Päädiagnoosi ilman määriteltyä ryhmittelyä, lyhyt hoito","Päädg ilman määriteltyä ryhmittelyä, lyh h",470K,"New principal diagnosis without specified grouping, visit","New principal diagnosis without specified grouping, visit",99,fin
470O,"Päädiagnoosi puuttuu, lyhyt hoito","Päädiagnoosi puuttuu, lyhyt hoito",470O,"Principal diagnosis is missing, visit","Principal diagnosis is missing, visit",99,fin
470Q,"Potilas liian vanha diagnoosille, lyhyt hoito","Potilas liian vanha diagnoosille, lyhyt hoito",470Q,"Patient is too old for the diagnosis or intervention, visit","Patient is too old for the diagnosis or intervention, visit",99,fin
470R,"Potilas liian nuori diagnoosille, lyhyt hoito","Potilas liian nuori diagnoosille, lyhyt hoito",470R,"Patient is too young for the diagnosis or intervention, visit","Patient is too young for the diagnosis or intervention, visit",99,fin
470S,"Potilaan ikä on väärin (> 125 vuotta), lyhyt hoito","Potilaan ikä on väärin (> 125 vuotta), lyhyt hoito",470S,"Error in patient age (>125 yrs), visit","Error in patient age (>125 yrs), visit",99,fin
470U,"Kelpaamaton päädiagnoosi, lyhyt hoito","Kelpaamaton päädiagnoosi, lyhyt hoito",470U,"Principal diagnosis code is invalid, visit","Principal diagnosis code is invalid, visit",99,fin
470V,"Potilaan sukupuoli puuttuu, lyhyt hoito","Potilaan sukupuoli puuttuu, lyhyt hoito",470V,"Information about gender is missing, short therapy","Information about gender is missing, short therapy",99,fin
470W,"Virheellinen pää- ja sivudiagnoosin yhdistelmä, lyhyt hoito","Virheellinen pää- ja sivudiagnoosin yhdistelmä, lyhyt hoito",470W,"False combination of diagnoses, visit","False combination of diagnoses, visit",99,fin
470X,Päädiagnoosi puuttuu,Päädiagnoosi puuttuu,470X,Principal diagnosis is missing,Principal diagnosis is missing,99,fin
470Y,"Virheellinen diagnoosin ja toimenpiteen yhdistelmä, lyhyt hoito","Virheellinen diagnoosin ja toimenpiteen yhdistelmä, lyhyt ho",470Y,"False combination of diagnosis and intervention, visit","False combination of diagnosis and intervention, visit",99,fin
471N,Alaraajan usean suuren nivelen tai molempien raajojen kirurginen toimenpide,Alar useaan suur niv/molem raaj kir tp,471X,Bilateral or multiple major joint procs of lower extremities,Bilateral or multiple major joint procs of lower extremit,8,fin
472,Laajan palovamman kirurginen hoito,Laajan palovamman kirurginen hoito,472X,Extensive burns with OR procedure,Extensive burns with OR procedure,22,fin
473,"Akuutin leukemian konservatiivinen hoito, aikuinen","Akuutin leuk konservatiivinen hoito,aik",473X,Acute leukaemia without major OR procedure age >17,Acute leukaemia w/o major OR procedure age >17,17,fin
475A,Henityselinsairauden hengityskonehoito,Henityselinsairauden hengityskonehoito,475A,Respiratory system diagnosis with respirator therapy,Respiratory system diagnosis with respirator therapy,4,fin
475B,Hengityselinsairauden ylipainehoito,Hengityselinsairauden ylipainehoito,475B,Respiratory system diagnosis with PEEP support,Respiratory system diagnosis with PEEP support,4,fin
475O,"Hengityselinsairauden respiraattorihoito, lyhyt hoitojakso","Hengityselinsairauden respiraattorihoito, lyh",475O,"Respiratory system diagnosis with respirator therapy, short therapy","Respiratory system diagnosis with respirator therapy, short therapy",4,fin
477,"Epätavallinen toimenpiteen ja diagnoosin yhdistelmä, suppea toimenpide","Epätav tp & dg yhd, suppea tp",477X,Rare or incorrect combination of diagnosis and other procedures,Other rare or wrong comb,99,fin
477O,"Epätavallinen toimenpiteen ja diagnoosin yhdistelmä, suppea toimenpide, lyhyt hoito","Epätav tp & dg yhd, supp tp, lyh hoito",477O,"Other rare or incorrect combination of principal diagnosis and procedure, short therapy","Other rare or incorrect combination of principal diagnosis and procedure, short therapy",99,fin
478,"Muu versisuoniston leikkaus, komplisoitunut","Muu versisuoniston leikkaus, komplisoitunut",478X,"Other vascular procedures, w CC","Other vascular procedures, w CC",5,fin
479,"Muu versisuoniston leikkaus, ei komplisoitunut","Muu versisuoniston leikkaus, ei komplisoitunut",479X,"Other vascular procedures, w/o CC","Other vascular procedures, w/o CC",5,fin
479O,"Muu versisuoniston leikkaus, lyhyt hoito","Muu versisuoniston leikkaus, lyhyt hoito",479O,"Other vascular procedures, short therapy","Other vascular procedures, short therapy",5,fin
480,Maksansiirto,Maksansiirto,480X,Liver transplantation,Liver transplantation,7,fin
481A,Muu kantasolusiirto,Muu kantasolusiirto,481A,Other stem cell transfer,Other stem cell transfer,17,fin
481B,"Allogeeninen kantasolusiirto, aikuinen","Allogeeninen kantasolusiirto, aikuinen",481B,"Allogeneic stem cell transfer, age >17, w/o CC","Allogeneic stem cell transfer, age >17, w/o CC",17,fin
481C,"Muu kantasolusiirto, komplisoitunut","Muu kantasolusiirto, komplisoitunut",481C,"Other stem cell transfer, w CC","Other stem cell transfer, w CC",17,fin
481O,"Muu kantasolusiirto, lyhyt hoito","Muu kantasolusiirto, lyhyt hoito",481O,"Other stem cell transfer, short therapy","Other stem cell transfer, short therapy",17,fin
481P,"Allogeeninen kantasolusiirto, lyhyt hoito","Allogeeninen kantasolusiirto, lyhyt hoito",481P,"Allogeneic stem cell transfer, short therapy","Allogeneic stem cell transfer, short therapy",17,fin
482,"Henkitorviavanteen vaativa kasvojen, suun tai kaulan sairauden hoito","Trakeost - kasv,suun/kaulan al sair",482X,"Tracheostomy for face, mouth and neck diagnoses","Tracheostomy for face, mouth and neck diagnoses",3,fin
483,Henkitorviavanteen vaativa tehostettu hoito tai tehohoito,Henkitorviavanteen vaativa tehostettu hoito tai tehohoito,483X,"Tracheostomy except for face, mouth and neck diagnoses","Tracheostomy except for face, mouth and neck diagnoses",23,fin
483B,Intensiivinen verenkierron tuki,Intensiivinen verenkierron tuki,483B,Intensive circulatory support without heart- or lung transplantation,Intensive circulatory support without heart- or lung transplantation,23,fin
484N,Merkittävän monivamman vuoksi tehty kraniotomia,Merkittävän monivamman vuoksi tehty kraniotomia,484N,Craniotomy for multiple significant trauma,Craniotomy for multiple significant trauma,21,fin
486A,"Monivamma, murtuma selkärangassa ja lannerangan, lantion tai reisiluun murtuman vuoksi tehty toimenpide","Moniv, murt selkärang ja lanner, lant tai reisil murt vuoksi",486A,"Multitrauma, fracture of spine, OR procedure for fracture of lumbar spine, pelvis or femur","Multitrauma, fracture of spine, OR procedure for fracture of lumbar spine, pelvis or femur",21,fin
486B,Monivamma rintakehän ja vatsan alueella ja trauman aiheuttaman vamman edellyttämä kirurginen toimenpide,Moniv rintakeh ja vatsan alueella ja trauman aih kir tp,486B,OR procedure for multitrauma in the area of thorax and abdomen,OR procedure for multitrauma in the area of thorax and abdomen,21,fin
486N,"Muu monivamma, trauman aiheuttaman vamman edellyttämä kirurginen toimenpide","Muu monivamma, trauman aih kir toimenpide",486N,OR procedure for other multitrauma,OR procedure for other multitrauma,21,fin
489,HIV:n ja sen aiheuttamien merkittävien lisäsairauksien hoito,HIV:n ja sen aih merk lisäsair hoito,489X,HIV w major related condition,HIV w major related condition,25,fin
490,"HIV:n hoito, johon voi liittyä myös vähäisiä lisäsairauksia","HIV:n hoito,voi liit myös väh lisäsair",490X,HIV w or w/o other related condition,HIV w or w/o other related condition,25,fin
491,Yläraajan suuren nivelen proteesileikkaus tai yläraajan suuri replantaatioleikkaus,Ylär suur niv prot.leik/ylär laaj repl.l,491X,Major joint and limb reattachment procedures of upper extremitates,Major joint and limb reattachment procedures of upper extremie,8,fin
491O,"Yläraajan suuren nivelen proteesileikkaus tai yläraajan suuri replantaatioleikkaus, lyhyt hoito","Ylär suur niv prot.leik/ylär laaj repl.l, lyh",491O,"Major joint and limb reattachment procedures of upper extremities, short therapy","Major joint and limb reattachment procedures of upper extremities, short therapy",8,fin
492,"Kemoterapia, sivudiagnoosina akuutti leukemia","Kemoterapia,sivudg:na akuutti leukemia",492X,Chemotherapy with acute leukaemia as secondary diagnosis,Chemotherapy with acute leukaemia as secondary diagnosis,17,fin
492O,"Kemoterapia, akuutti leukemia, lyhyt hoito","Kemoterapia, akuutti leukemia, lyhyt hoito",492O,"Chemotherapy with acute leukaemia as secondary diagnosis, short therapy","Chemotherapy with acute leukaemia as secondary diagnosis, short therapy",17,fin
493C,"Endoskooppinen tai laparoskooppinen sappirakon poisto tai sappirakon tai sappiteiden leikkaus, komplisoitunut","Endoskooppinen tai laparoskooppinen sappirakon poisto tai sappirakon tai sappiteiden leikkaus, kompl",493C,"Endoscopic or laparoscopic operation on gallbladder, w CC","Endoscopic or laparoscopic operation on gallbladder, w CC",7,fin
493M,"Endoskooppinen tai laparoskooppinen sappirakon poisto tai sappirakon tai sappiteiden leikkaus, erittäin komplisoitunut","Endoskooppinen tai laparoskooppinen sappirakon poisto tai sappirakon tai sappiteiden leikkaus, erittäin kompl",493M,"Endoscopic or laparoscopic operation on gallbladder, w MCC","Endoscopic or laparoscopic operation on gallbladder, w MCC",7,fin
494,"Endoskooppinen tai laparoskooppinen sappirakon poisto tai sappirakon tai sappiteiden leikkaus, ei komplisoitunut","Endosk tai laparosk sappirakon poisto tai sappir tai sappit leikk, ei kompl",494X,"Endoscopic or laparoscopic procedures on biliary tract, w/o CC","Endoscopic or laparoscopic procedures on biliary tract, w/o CC",7,fin
494O,"Endoskooppinen tai laparoskooppinen sappirakon poisto tai sappirakon tai sappiteiden leikkaus, lyhyt hoito","Endosk tai laparosk sappirakon poisto tai sappiteiden leikk, lyh hoi",494O,"Endoscopic or laparoscopic procedures on biliary tract, short therapy","Endoscopic or laparoscopic procedures on biliary tract, short therapy",7,fin
495,Keuhkonsiirto,Keuhkonsiirto,495X,Lung transplantation,Lung transplantation,4,fin
501O,"Rinnan rekonstruktioleikkaus, lyhyt hoito","Rinnan rekonstruktioleikkaus, lyhyt hoito",501O,"Reconstruction of breast, short therapy","Reconstruction of breast, short therapy",30,fin
502,Rinnan poisto ja muu rekonstruktioleikkaus,Rinnan poisto ja muu rekonstruktioleikkaus,502X,Mastectomy and other reconstruction of breast,Mastectomy and other reconstruction of breast,30,fin
505,Vaativa tai komplisoitunut rinnan rekonstruktioleikkaus,Vaativa tai komplisoitunut rinnan rekonstruktioleikkaus,505,Complicated reconstruction of breast with or without mastectomy,Complicated reconstruction of breast with or without mastectomy,30,fin
506,Muu rinnan rekonstruktioleikkaus,Muu rinnan rekonstruktioleikkaus,506,Other reconstruction of breast,Other reconstruction of breast,30,fin
509,Muu rinnan sairauden toimenpide,Muu rinnan sairauden toimenpide,509X,Other procedures for mammary gland diseases,Other procedures for mammary gland diseases,30,fin
509O,"Muu rinnan sairauden toimenpide, lyhyt hoito","Muu rinnan sairauden toimenpide, lyh h",509O,"Other procedures for mammary gland diseases, short therapy","Other procedures for mammary gland diseases, short therapy",30,fin
520,Obstruktiivinen uniapnea,Obstruktiivinen uniapnea,520X,Obstructive sleep apnoe syndrom,Obstructive sleep apnoe syndrom,3,fin
521,Obstruktiivisen apnean yksinkertainen korjausleikkaus,Obstruktiivisen apnean yksinkertainen korjaus,521X,Simple correction of obstructive apnoea,Simple correction of obstructive apnoea,3,fin
521O,"Obstruktiivisen apnean yksinkertainen korjausleikkaus, lyhyt hoito","Obstr apnean yksink korjausleik, lyhyt hoito",521O,Simple correction of obstructive apnoea,Simple correction of obstructive apnoea,3,fin
531,Yleisanestesia neurologisen ongelman takia,Yleisanestesia neurologisen ongelman takia,531X,General anaesthesia for neurological problem,General anaesthesia for neurological problem,1,fin
550A,"Aivohalvauksen kuntoutus, potilas kykenee kylpemään, peseytymään, liikkumaan pyörätuolilla avustettuna","Aivohalv kunt, taso 1",550A,"Stroke rehabilitation, patient able to go to tub with help, able to groom, able to wheelchair with help","Stroke rehabilitation, patient able to go to tub with help,",23,fin
550B,"Aivohalvauksen kuntoutus, potilas kykenee avustettuna kylpemään, peseytymään, ei liikkumaan pyörätuolilla","Aivohalv kunt, taso 2",550B,"Stroke rehabilitation, patient able to go to tub with help, able to groom, not able to wheelchair","Stroke rehabilitation, patient able to go to tub with help,",23,fin
550C,"Aivohalvauksen kuntoutus, potilas kykenee avustettuna kylpemään, avustettuna peseytymään, liikkumaan pyörätuolilla avustettuna",Aivohalv. kunt. taso 3,550C,"Stroke rehabilitation, patient able to go to tub with help, at least helped to groom, able to wheelchair with help","Stroke rehabilitation, patient able to go to tub with help,",23,fin
550D,"Aivohalvauksen kuntoutus, potilas kykenee avustettuna kylpemään, avustettuna peseytymään, ei liikkumaan pyörätuolilla","Aivohalv kunt, taso 4",550D,"Stroke rehabilitation, patient able to go to tub with help, at least helped to groom, not able to wheelchair","Stroke rehabilitation, patient able to go to tub with help,",23,fin
550E,"Aivohalvauksen kuntoutus, potilas ei kykene kylpemään",Aivohalv kunt taso 5,550E,"Stroke rehabilitation, patient not able to go to tub","Stroke rehabilitation, patient not able to go to tub",23,fin
551A,"Demyelinisoivan sairauden kuntoutus, potilas kykenee avustettuna liikkumaan pyörätuolilla","Demyel. sair. kunt, taso 1",551A,"Demyelization disease rehabilitation, patient wheelchair with help","Demyelization disease rehabilitation, patient wheelchair wit",23,fin
551B,"Demyelinisoivan sairauden kuntoutus, potilas ei kykene liikkumaan pyörätuolilla","Demyel sair kunt, taso 2",551B,"Demyelization disease rehabilitation, patient not able to wheelchair","Demyelization disease rehabilitation, patient not able to wh",23,fin
552A,"Selkäytimen ongelman kuntoutus, potilas kykenee liikkumaan pyörätuolilla","Selkäytimenongelman kuntoutus, taso 1",552A,"Spinal cord problem rehabilitation, patient able to wheelchair","Spinal cord problem rehabilitation, patient able to wheelcha",23,fin
552B,"Selkäytimen ongelman kuntoutus, potilas tarvitsee apua pyörätuolilla liikkuessa, kykenee avustettuna syömään","Selkäytimen ongelman kuntoutus, taso 2",552B,"Spinal cord problem rehabilitation, patient needing at least help to wheelchair, able to eat with help","Spinal cord problem rehabilitation, patient needing at least",23,fin
552C,"Selkäytimen ongelman kuntoutus, potilas tarvitsee apua pyörätuolilla liikkuessa, ei kykene syömään","Selkäytimen ongelman kuntoutus, taso 3",552C,"Spinal cord problem rehabilitation, patient needing at least help to wheelchair, not able to eat","Spinal cord problem rehabilitation, patient needing at least",23,fin
553A,"Aivovamman kuntoutus, potilas kykenee kylpemään","Aivovamman kunoutus, taso 1",553A,"Brain injury rehabilitation, patient able to go to tub","Brain injury rehabilitation, patient able to go to tub",23,fin
553B,"Aivovamman kuntoutus, potilas tarvitsee apua kylpiessä","Aivovamman kuntoutus, taso 2",553B,"Brain injury rehabilitation, patient needing at least help to go to tub","Brain injury rehabilitation, patient needing at least help t",23,fin
554A,"Aivokasvaimen kuntoutus, potilas kykenee avustettuna liikkumaan pyörtuolilla","Aivokasvaimen kuntoutus, taso 1",554A,"Brain tumour rehabilitation, patient able to wheelchair with help","Brain tumour rehabilitation, patient able to wheelchair with",23,fin
554B,"Aivokasvaimen kuntoutus, potilas ei kykene liikkumaan pyörätuolilla","Aivokasvaimen kuntoutus, taso 2",554B,"Brain tumour rehabilitation, patient not able to wheelchair","Brain tumour rehabilitation, patient not able to wheelchair",23,fin
555A,"Muu neurologinen kuntoutus, potilas kykenee avustettuna liikkumaan pyörätuolilla","Muu neurologinen kuntoutus, taso 1",555A,"Other neurological problem rehabilitation, patient able to wheelchair with help","Other neurological problem rehabilitation, patient able to w",23,fin
555B,"Muu neurologinen kuntoutus, potilas ei kykene liikkumaan pyörätyolilla.","Other neurological problem rehabilitation, pa",555B,"Other neurological problem rehabilitation, patient not able to wheelchair","Other neurological problem rehabilitation, patient not able",23,fin
556A,"Verenkierto- ja hengityselinten kuntoutus, potilas kykenee liikkumaan pyörätuolilla","Verenkierto- ja hengityselinten kuntoutus, taso 1",556A,"Circulatory or respiratory problem rehabilitation, patient able to wheelchair","Circulatory or respiratory problem rehabilitation, patient a",23,fin
556B,"Verenkierto- ja hengityselinten kuntoutus, potilas tarvitsee apua pyörätuolilla liikkumisessa","Verenkierto- ja hengityselinten kuntoutus, taso 2",556B,"Circulatory or respiratory problem rehabilitation, patient needing at least help to wheelchair","Circulatory or respiratory problem rehabilitation, patient n",23,fin
557A,"Sidekudossairauden kuntoutus, potilas kykenee avustettuna käymään wc:ssä, ei suolen toiminnan ongelmia, liikkuu pyörätuolilla avustettuna","Sidekudossairauden kuntoutus, taso 1",557A,"CTD rehabilitation, patient able to toilet at least with help, no bowel problems, wheelchair with help","CTD rehabilitation, patient able to toilet at least with hel",23,fin
557B,"Sidekudossairauden kuntoutus, potilas kykenee avustettuna käymään wc:ssä, ei suolen toiminnan ongelmia, ei liiku pyörätuolilla","Sidekudossairauden kuntoutus, taso 2",557B,"CTD rehabilitation, patient able to toilet at least with help, no bowel problems, not able to wheelchair","CTD rehabilitation, patient able to toilet at least with hel",23,fin
557C,"Sidekudossairauden kuntoutus, potilas kykenee avustettuna käymään wc:ssä, suolen toiminnan ongelmia","Sidekudossairauden kuntoutus, taso 3",557C,"CTD rehabilitation, patient able to toilet at least with help, bowel problems","CTD rehabilitation, patient able to toilet at least with hel",23,fin
557D,"Sidekudossairauden kuntoutus, potilas ei kykene käymään wc:ssä, ei suolen toiminnan ongelmia","Sidekudossairauden kuntoutus, taso 4",557D,"CTD rehabilitation, patient not able to toilet, no bowel problem","CTD rehabilitation, patient not able to toilet, no bowel pro",23,fin
557E,"Sidekudossairauden kuntoutus, potilas ei kykene käymään wc:ssä, suolen toiminnan ongelmia","Sidekudossairauden kuntoutus, taso 5",557E,"CTD rehabilitation, patient not able to toilet, bowel problems","CTD rehabilitation, patient not able to toilet, bowel proble",23,fin
558A,"Muun vamman kuntoutus, potilas kykenee käymään wc:ssä avustettuna, kävelemään","Muun vamman kunotutus, taso 1",558A,"Other trauma rehabilitation, toilet at least with help, able to walk","Other trauma reh, toilet at least with help, able to walk",23,fin
558B,"Muun vamman kuntoutus, potilas kykenee käymään wc:ssä avustettuna, tarvitsee apua kävelyyn","Muun vamman kuntoutus, taso 2",558B,"Other trauma rehabilitation, toilet at least with help, at least help to walk","Oth tr reh, toilet at least with help, at least help to walk",23,fin
558C,"Muun vamman kuntoutus, potilas ei kykene käymään wc:ssä","Muun vamman kuntoutus, taso 3",558C,"Other trauma rehabilitation, not able to toilet","Other trauma reh, not able to toilet",23,fin
559A,"Amputaatiopotilaan kuntoutus, kykenee liikkumaan pyörätuolilla avustettuna","Amputaatiopotilaan kuntoutus, taso 1",559A,"Amputation rehabilitation, able to wheelchair with help","Amputation reh, able to wheelchair with help",23,fin
559B,"Amputaatio potilaan kuntoutus, ei kykene liikkumaan pyörätuolilla","Amputaatio potilaan kuntoutus, taso 2",559B,"Amputation rehabilitation, not able to wheelchair","Amputation reh, not able to wheelchair",23,fin
560A,"Muu kuntoutus, potilas kykenee käymään wc:ssä, sosiaaliseen kanssakäymiseen, kävelee avustettuna","Muu kuntoutus, taso 1",560A,"Other rehabilitation, able to toilet, able to socialize, able to walk with help","Other rehabilitation, able to toilet, able to socialize, able to walk with help",23,fin
560B,"Muu kuntoutus, potilas kykenee käymään wc:ssä, sosiaaliseen kanssakäymiseen, ei kävele","Muu kuntoutus, taso 2",560B,"Other rehabilitation, able to toilet, able to socialize, not able to walk","Other rehabilitation, able to toilet, able to socialize, not able to walk",23,fin
560C,"Muu kuntoutus, potilas kykenee käymään wc:ssä, tarvitsee apua sosiaaliseen kanssakäymiseen","Muu kuntoutus, taso 3",560C,"Other rehabilitation, able to toilet, socialize needing at least help","Other rehabilitation, able to toilet, socialize needing at least help",23,fin
560D,"Muu kuntoutus, potilas tarvitsee apua käydäkseen wc:ssä, kykenee sosiaaliseen kanssakäymiseen","Muu kuntoutus, taso 4",560D,"Other rehabilitation, toilet needing at least help, able socialize","Other rehabilitation, toilet needing at least help, able socialize",23,fin
560E,"Muu kuntoutus, potilas tarvitsee apua käydäkseen wc:ssä ja sosiaaliseen kanssakäymiseen","Muu kuntoutus, taso 5",560E,"Other rehabilitation, toilet needing at least help, socialize needing at least help","Other rehabilitation, toilet needing at least help, socialize needing at least help",23,fin
570,"Keskushermoston stimulointilaitteen asennus tai korvaaminen, vuodeosastohoito","Keskushermoston stimulointilaitteen asennus tai korvaaminen,",570X,Insertion or replacement of nervous system central stimulation device,Insertion or replacement of nervous system central stimulation device,1,fin
570O,"Keskushermoston stimulointilaitteen asennus tai korvaaminen, lyhyt hoito",Keskushermoston stimulointilaitteen asennus tai korvaaminen,570O,"Insertion or replacement of nervous system central stimulation device, short therapy","Insertion or replacement of nervous system central stimulation device, short therapy",1,fin
571,Kallonsisäisen tai vagushermostimulaattorin asennus,Kallonsisäisen tai vagushermostimulaattorin asennus,571X,Insertion of intracranial or vagal nerve stimulator,Insertion of intracranial or vagal nerve stimulator,1,fin
580A,"Suun alueen ongelma, vuodeosastohoito","Suun alueen ongelma, vuodeosastohoito",580A,Mouth problem,Mouth problem,3,fin
580B,Suun alueen tutkimus ilman anestesiaa ja merkittävää kuvantamista,Suun alueen tutkimus ilman anestesiaa ja merkittävää kuvanta,580B,Mouth intervention without anesthesia and extensive mouth radiology,Mouth intervention without anesthesia and extensive mouth radiology,3,fin
580C,Merkittävä suun alueen kuvantaminen ilman anestesiaa,Merkittävä suun alueen kuvantaminen ilman anestesiaa,580C,Extensive mouth radiology without anesthesia,Extensive mouth radiology without anesthesia,3,fin
580D,Laaja suun alueen tutkimus ilman anestesiaa ja merkittävää kuvantamista,Laaja suun alueen tutkimus ilman anestesiaa ja merkittävää k,580D,Extensive mouth intervention without anesthesia and extensive mouth radiology,Extensive mouth intervention without anesthesia and extensive mouth radiology,3,fin
580E,Laaja suun alueen tutkimus ilman anestesiaa ja merkittävä kuvantaminen,Laaja suun alueen tutkimus ilman anestesiaa ja merkittävä ku,580E,Extensive mouth intervention without anesthesia and with extensive mouth radiology,Extensive mouth intervention without anesthesia and with extensive mouth radiology,3,fin
580F,Suun ja leuan alueen toimenpide ilman anestesiaa ja merkittävää kuvantamista,Suun ja leuan alueen toimenpide ilman anestesiaa ja merkittä,580F,Mouth and jaw surgery without anesthesia and extensive mouth radiology,Mouth and jaw surgery without anesthesia and extensive mouth radiology,3,fin
580G,Suun alueen ongelman hoito yleisanestesiassa,Suun alueen ongelman hoito yleisanestesiassa,580G,Treatment of mouth problem with general anesthesia,Treatment of mouth problem with general anesthesia,3,fin
580H,Suun ja leuan alueen toimenpide anestesiassa tai merkittävän kuvantamisen kanssa,Suun ja leuan alueen toimenpide anestesiassa tai merkittävän,580H,Mouth and jaw surgery with anesthesia or extensive mouth radiology,Mouth and jaw surgery with anesthesia or extensive mouth radiology,3,fin
580K,Laaja suun ja leuan alueen toimenpide,Laaja suun ja leuan alueen toimenpide,580K,Extensive mouth and jaw surgery,Extensive mouth and jaw surgery,3,fin
580O,"Suun alueen ongelma, lyhyt hoito","Suun alueen ongelma, lyhyt hoito",580O,"Mouth problem, short therapy","Mouth problem, short therapy",3,fin
701O,Ylähengitysteiden tähystys,Ylähengitysteiden tähystys,701O,"Endoscopy of upper respiratory tract, short therapy","Endoscopy of upper respiratory tract, short therapy",3,fin
702O,Alahengitysteiden tähystys,Alahengitysteiden tähystys,702O,"Endoscopy of lower respiratory tract, short therapy","Endoscopy of lower respiratory tract, short therapy",4,fin
703O,Stentin asennus ruoansulatuskanvaan tähystyksessä,Stentin asennus ruoansulatuskanvaan tähystykse,703O,"Endoscopic insertion of stent to gastrointestinal tract, short therapy","Endoscopic insertion of stent to gastrointestinal tract, short therapy",6,fin
704O,Ruoansulatuskanavan tähystystoimenpide,Ruoansulatuskanavan tähystystoimenpide,704O,"Therapeutic enteroscopy, short therapy","Therapeutic enteroscopy, short therapy",6,fin
705O,"Kardiologinen ultraäänitutkimus, lyhyt hoito","Kardiologinen ultraäänitutkimus, lyh h",790V,"Cardiac ultrasonography, short therapy","Cardiac ultrasonography, short therapy",5,fin
706O,Ruuansulatuskanavan yläosan tähystystoimenpide,Ruuansulatuskanavan yläosan tähystystoimenpid,706O,"Therapeutic endoscopy of upper gastrointestinal tract, short therapy","Therapeutic endoscopy of upper gastrointestinal tract, short",6,fin
707O,"Muu hoidollinen rektoskopia, lyhyt hoito","Muu hoidollinen rektoskopia, lyhyt hoito",707O,"Therapeutic rectoscopy, short therapy","Therapeutic rectoscopy, short therapy",6,fin
707P,"Peräpukaminen kovetushoito tai sitominen, lyhyt hoito","Peräpukaminen kovetushoito tai sitominen, lyhyt hoito",707P,"Sclerotherapy/ligature of haemorrhoids, short therapy","Sclerotherapy/ligature of haemorrhoids, short therapy",6,fin
709O,Ruoansulatuskanavan tähystys,Ruoansulatuskanavan tähystys,709O,"Enteroscopy, short therapy","Enteroscopy, short therapy",6,fin
710P,"Paksusuolen tähystys, anestesia","Paksusuolen tähystys, anestesia",710P,"Colonoscopy, w CC, short therapy","Colonoscopy, w CC, short therapy",6,fin
710Q,Paksusuolen tähystys ilman anestesiaa,Paksusuolen tähystys ilman anestesiaa,710Q,"Colonoscopy, w/o CC, short therapy","Colonoscopy, w/o CC, short therapy",6,fin
711P,"Ruoansulatuskanavan yläosan tähystys, anestesia","Ruoansulatuskanavan yläosan tähystys, anestesia",711P,"Endoscopy of upper gastrointestinal tract, w CC, short therapy","Endoscopy of upper gastrointestinal tract, w CC, short therapy",6,fin
711Q,Ruoansulatuskanavan yläosan tähystys ilman anestesiaa,Ruoansulatuskanavan yläosan tähystys ilman anestesiaa,711Q,"Endoscopy of upper gastrointestinal tract, w/o CC, short therapy","Endoscopy of upper gastrointestinal tract, w/o CC, short therapy",6,fin
712O,Rektosigmoideoskopia,Rektosigmoideoskopia,712O,"Rectosigmoideoscopy, short therapy","Rectosigmoideoscopy, short therapy",6,fin
713O,Stentin asentaminen sappiteihin tähystyksessä,Stentin asentaminen sappiteihin tähystyksessä,713O,"Endoscopic insertion of stent to biliary tract, short therapy","Endoscopic insertion of stent to biliary tract, short therap",7,fin
714O,Sappiteiden tähystystoimenpide,Sappiteiden tähystystoimenpide,714O,"Therapeutic endoscopy of biliary tract, short therapy","Therapeutic endoscopy of biliary tract, short therapy",7,fin
715O,Sappiteiden tähystys,Sappiteiden tähystys,715O,"Endoscopy of biliary tract, short therapy","Endoscopy of biliary tract, short therapy",7,fin
716O,Virtsateiden tähystystoimenpide,Virtsateiden tähystystoimenpide,716O,"Therapeutic endoscopy of urinary tract, short therapy","Therapeutic endoscopy of urinary tract, short therapy",11,fin
717O,Ylempien virtsateiden tähystys,Ylempien virtsateiden tähystys,717O,"Endoscopy of upper urinary tract, short therapy","Endoscopy of upper urinary tract, short therapy",11,fin
718O,Alempien virtsateiden tähystys,Alempien virtsateiden tähystys,718O,"Endoscopy of lower urinary tract, short therapy","Endoscopy of lower urinary tract, short therapy",11,fin
719O,Naisen sukuelinten tähystys,Naisen sukuelinten tähystys,719O,"Endoscopy of female genital tract, short therapy","Endoscopy of female genital tract, short therapy",11,fin
720P,"Ruoansulatuskanavan yhdistetty endoskopia, anestesia","Ruoansulatuskanavan yhdistetty endoskopia, anestesia",720P,"Combined gastrointestinal endoscopy, w CC, short therapy","Combined gastrointestinal endoscopy, w CC, short therapy",6,fin
720Q,Ruoansulatuskanavan yhdistetty endoskopia ilman anestesiaa,Ruoansulatuskanavan yhdistetty endoskopia ilman anestesiaa,720Q,"Combined gastrointestinal endoscopy, w/o CC, short therapy","Combined gastrointestinal endoscopy, w/o CC, short therapy",6,fin
801O,Neurologinen pientoimenpide,Neurologinen pientoimenpide,801O,"Non-extensive procedure of nervous system, short therapy","Non-extensive procedure of nervous system, short therapy",1,fin
802O,Silmätautien pientoimenpide,Silmätautien pientoimenpide,802O,"Non-extensive procedure of eye, short therapy","Non-extensive procedure of eye, short therapy",2,fin
802P,Lääkkeen annostelu lasiaiseen,Lääkkeen annostelu lasiaiseen,802FP,"Major diagnostic intervention of the eye, short therapy",,2,fin
803O,"Korva-, nenä- ja kurkkutautien pientoimenpide","Korva-, nenä- ja kurkkutautien pientoimenpid",803O,"Non-extensive procedure of ear, nose, mouth and throat, short therapy","Non-extensive procedure of ear, nose, mouth and throat, shor",3,fin
804O,Hengityselinsairauksien pientoimenpide,Hengityselinsairauksien pientoimenpide,804O,"Non-extensive procedure of respiratory system, short therapy","Non-extensive procedure of respiratory system, short therapy",4,fin
805O,Verenkiertoelinsairauksien pientoimenpide,Verenkiertoelinsairauksien pientoimenpide,805O,"Non-extensive procedure of circulatory system, short therapy","Non-extensive procedure of circulatory system, short therapy",5,fin
805P,"Sydämen rytminsiirto, lyhyt hoito","Sydämen rytminsiirto, lyhyt hoito",805NP,"Cardioversion, short therapy","Cardioversion, short therapy",5,fin
806O,Ruoansulatuskanavan sairauksien pientoimenpide,Ruoansulatuskanavan sairauksien pientp,806O,"Non-extensive procedure of gastrointestinal system and abdomen, short therapy",Non-extensive procedure of gastrointestinal system and abdom,6,fin
807O,"Maksan, sappiteiden ja haiman pientoimenpide","Maksan, sappiteiden ja haiman pientp",807O,"Non-extensive procedure of liver, biliary system or pancreas, short therapy","Non-extensive procedure of liver, biliary system or pancreas",7,fin
808O,Tuki- ja liikuntaelinten tai sidekudosten pientoimenpide,Tuki- ja liikuntaelinten tai sidekudosten pientp,808O,"Non-extensive procedure of musculoskeletal system and connective tissue, short therapy",Non-extensive procedure of musculoskeletal system and connecti,8,fin
809O,Ihon pientoimenpide,Ihon pientoimenpide,809O,"Non-extensive procedure of skin or subcutaneous tissue, short therapy","Non-extensive procedure of skin or subcutaneous tissue, shor",9,fin
810O,"Endokrinologia, pientoimenpide","Endokrinologia, pientoimenpide",810O,"Non-extensive procedures of endocrine, nutritional and metabolic disorders, short therapy","Non-extensive procedures of endocrine, nutritional and metabol",10,fin
811O,Urologinen pientoimenpide,Urologinen pientoimenpide,811O,"Non-extensive procedure of urinary tract, short therapy","Non-extensive procedure of urinary tract, short therapy",11,fin
812O,"Eturauhasen, kiveksen, peniksen jne. pientoimenpide","Eturauhasen, kiveksen, peniksen jne. pientoimenpide",812O,"Non-extensive procedure of male reproductive system, short therapy","Non-extensive procedure of male reproductive system, short t",12,fin
813O,"Vulvan, vaginan, cervixin, munasarjan, jne. pientoimenpide","Vulvan, vaginan, cervixin, munasarjan, jne. pientoimenpide",813O,"Non-extensive procedure of female reproductive system, short therapy","Non-extensive procedure of female reproductive system, short",13,fin
814O,Obstetrinen pientoimenpide,Obstetrinen pientoimenpide,814O,"Non-extensive obstetric procedures, short therapy","Non-extensive obstetric procedures, short therapy",14,fin
814P,Spontaani abortti,Spontaani abortti,814P,Spontaneous or drug induced abortion,Spontaneous or drug induced abortion,14,fin
814S,Kohdun tyhjennys lääkkeellä,Kohdun tyhjennys lääkkeellä,814NS,Induced abortion,Induced abortion,14,fin
815O,Neonatologinen pientoimenpide,Neonatologinen pientoimenpide,815O,"Non-extensive neonatal procedure, short therapy","Non-extensive neonatal procedure, short therapy",15,fin
816O,"Hematologia, pientoimenpide","Hematologia, pientoimenpide",816O,"Non-extensive procedure of blood and immunological disease, short therapy","Non-extensive procedure of blood and immunological disease,",16,fin
817O,"Pahanlaatuinen sairaus, pientoimenpide","Pahanlaatuinen sairaus, pientoimenpide",817O,"Non-extensive procedure of myeloproliferative disease, short therapy","Non-extensive procedure of myeloproliferative disease, short",17,fin
818O,"Infektiosairaus, pientoimenpide","Infektiosairaus, pientoimenpide",818O,"Non-extensive procedure of infectious diseases, short therapy","Non-extensive procedure of infectious diseases, short therap",18,fin
819O,"Psyykkinen sairaus, pientoimenpide","Psyykkinen sairaus, pientoimenpide",819O,"Non-extensive procedure of mental illness, short therapy","Non-extensive procedure of mental illness, short therapy",19,fin
821O,"Vamma tai komplikaatio, pientoimenpide","Vamma tai komplikaatio, pientoimenpide",821O,"Non-extensive procedure for trauma, short therapy","Non-extensive procedure for trauma, short therapy",21,fin
822O,"Palovamman hoito, pientoimenpide, lyhyt hoitojakso","Palovamman hoito, pientoimenpide, lyhyt hoito",822O,"Non-extensive procedure of burn, short therapy","Non-extensive procedure of burn, short therapy",22,fin
823O,"Muu ongelma, pientoimenpide, lyhyt hoito","Muu ongelma, pientoimenpide, lyhyt hoito",823O,"Non-extensive procedure of other problems, short therapy","Non-extensive procedure of other problems, short therapy",23,fin
823T,"Siedätyshoito, lyhyt hoito","Siedätyshoito, lyhyt hoito",823T,"Desensitization to allergens, short therapy","Desensitization to allergens, short therapy",23,fin
830O,"Rintarauhasen pientoimenpide, lyhyt hoito","Rintarauhasen pientoimenpide, lyhyt hoito",830O,"Non-extensive procedure of breast, short therapy","Non-extensive procedure of breast, short therapy",30,fin
843V,"Eturauhasen, kiveksen, peniksen jne. biopsia, lyhyt hoito","Eturauhasen, kiveksen, peniksen jne. biopsia, lyhyt hoito",843V,"Biopsy of male genital organs, short therapy","Biopsy of male genital organs, short therapy",12,fin
901A,"Neurologinen syöpäsairaus, sädehoito, lyhyt hoito","Neur. syöp, sädeh, lyh h",901FA,"Neurologic disease, radiation therapy, short therapy","Neurologic disease, radiation therapy, short therapy",1,fin
901B,"Neurologinen syöpäsairaus, stereotaktinen sädehoito tai isotooppihoito, lyhyt hoito","Neurolog syöpäsairaus, stereotakt sädeh/isot,lyh hoi",901FB,"Neurologic disease, stereotactic radiation therapy or isotope therapy, short therapy","Neurologic disease, ster radi ther or isot ther, sh th",1,fin
901D,"Neurologinen syöpäsairaus, sytostaattihoito, lyhyt hoito","Neur. syöp, sytost.hoit, lyh h",901FD,"Neurologic disease, cytostatic therapy, short therapy","Neurologic disease, cytostatic therapy, short therapy",1,fin
901G,"Neurologinen sairaus, erityislääkehoito, lyhyt hoito","Neur sair, erit.lääkeh, lyh. hoit",901FG,"Neurologic disease, special medical therapy","Neurologic disease, special medical therapy",1,fin
901O,"Neurologinen sairaus, lyhyt hoito ilman merkittävää toimenpidettä","Neurologinen sairaus, lyh h",901O,"Disease of nervous system, short therapy w/o significant procedure","Disease of nervous system, short therapy w/o significant pro",1,fin
901P,"Pään, niskan tai keskushermoston diagnostinen toimenpide","Pään, niskan tai keskushermoston dg tp",901FP,"Diagnostic procedure of central nervous system, head and neck, short therapy","Dx proc of central nervous system, head and neck, short th",1,fin
901Q,"Vaativa pään, niskan tai keskushermoston diagnostinen toimenpide","Vaativa pään, niskan tai kessk.herm dg tp",901FQ,"Demanding diagnostic procedure of central nervous system, head and neck, short therapy","Dem dx proc of centr nerv syst, head and neck, sh th",1,fin
902G,"Silmätaudit, erityislääkehoito, lyhyt hoito","Silmätaudit, erityislääkehoito, lyhyt hoito",902FG,"Disease or disorder of the eye, special medical therapy, short therapy","Disease or disorder of the eye, special medical therapy, short th",2,fin
902O,"Silmäsairaus, lyhyt hoito ilman merkittävää toimenpidettä","Silmäsairaus, lyh h",902O,"Disease or disorder of the eye, short therapy w/o significant procedure","Disease or disorder of the eye, short therapy w/o significan",2,fin
903A,"Suun, korvan, nenän tai kurkun syöpäsairaus, sädehoito, lyhyt hoito","KNK syöpäs, sädeh, lyh. hoit",903FA,"Disease or disorder of ear, nose, mouth and throat, radiation therapy, short therapy","Disease or disorder of ENMT, rad ther, sh th",3,fin
903B,"Suun, korvan, nenän tai kurkun syöpäsairaus, sytostaattihoito, lyhyt hoito","KNK syöpäs, sytost.hoit, lyh. hoit",903FB,"Malignancy of ear, nose, mouth and throat, cytostatic therapy, short therapy","Malign of ENMT, cyt ther, sh th",3,fin
903E,"Suun, korvan, nenän tai kurkun sairaus, erityislääkehoito, lyhyt hoito","KNK sair, erit.lääkeh, lyh hoito",903FE,"Special medical therapy of ear, nose, moth or throat","Special medical therapy of ear, nose, moth or throat",3,fin
903O,"Suun, korvan, nenän tai kurkun sairaus, lyhyt hoito ilman merkittävää toimenpidettä","Suun, korvan, nenän tai kurkun sairaus, lyh h",903O,"Disease or disorder of ear, nose, mouth and throat, short therapy w/o significant procedure","Disease or disorder of ear, nose, mouth and throat, sho",3,fin
904A,"Hengityselinten syöpäsairaus, sädehoito, lyhyt hoito","Heng syöpäs, sädeh, lyh hoit",904FA,"Malignancy of respiratory system, radiation therapy, short therapy","Malign of respiratory system, rad ther, sh th",4,fin
904B,"Hengityselinten syöpäsairaus, sytostaattihoito, lyhyt hoito","Heng syöpäs, sytost.hoit, lyh hoit",904FB,"Malignancy of respiratory system, cytostatic therapy, short therapy","Malign of respiratory system, cytost ther, sh th",4,fin
904E,"Keuhkosairaus, erityislääkehoito, lyhyt hoito","Keuhkosairaus, erityislääkehoito, lyhyt hoito",904FE,"Disease or disorder of respiratory system, special medical therapy, short therapy","Dis/disord of respiratory system, spec med ther, sh th",4,fin
904O,"Keuhkosairaus, lyhyt hoito ilman merkittävää toimenpidettä","Keuhkosairaus, lyh h",904O,"Disease or disorder of the respiratory system, short therapy w/o significant procedure","Disease or disorder of the respiratory system,, sho",4,fin
905G,"Verenkiertosairaus, erityislääkehoito","Verenkiertosairaus, erityislääkehoito",905FG,"Disorders of the circulatory system, special medical therapy","Disorders of the circulatory system, special medical therapy",5,fin
905O,"Sydän- ja verisuonisairaus, lyhyt hoito ilman merkittävää toimenpidettä","Sydän- ja verisuonisairaus, lyh h",905O,"Disease or disorder of the circulatory system, short therapy w/o significant procedure","Disease or disorder of the circulatory system, short therapy",5,fin
905P,"Sydän- ja verisuonisairaus, diagnostinen toimenpide","Sydän- ja verisuonisairaus, diagnostinen toim",905FP,"Diagnostic procedure of heart, large vessels and other intrathoracic organs, short therapy","Dx invest of heart, large vessels and thor org, sh th",5,fin
905Q,"Sydän- ja verisuonisairaus, vaativa diagnostinen toimenpide","Sydän- ja verisuonisairaus, vaat dg tp",905FQ,"Demanding diagnostic procedure of heart, large vessels and other intrathoracic organs, short therapy","Demand dx proc of heart, large vessels and thor org, sh th",5,fin
905R,Ääreisverenkierron diagnostinen toimenpide,Ääreisverenkierron diagnostinen toimenpide,905FR,"Diagnostic procedure of peripheral vascular system, short therapy","Dx proc of peripheral vascular system, sh th",5,fin
905S,Vaativa ääreisverenkierron diagnostinen toimenpide,Vaativa ääreisverenkierron diagnostinen toime,905FS,"Demanding diagnostic procedure of peripheral vascular system, short therapy","Demand dx proc of peripheral vascular system, sh th",5,fin
905T,Imusuoniston diagnostinen toimenpide,Imusuoniston diagnostinen toimenpide,905FT,"Diagnostic procedure of lymphatic system, short therapy","Diagnostic procedure of lymphatic system, short therapy",5,fin
906A,"Ruuansulatuskanavan syöpäsairaus, sädehoito, lyhyt hoito","Ruuansul.kan. syöpäs, sädeh, lyh. hoit",906FA,"Malignancy of digestive system, radiation therapy, short therapy","Malign of digest syst, rad ther, sh th",6,fin
906B,"Ruuansulatuskanavan syöpäsairaus, sytostaattihoito, lyhyt hoito","Ruuansul.kan syöpäs, syt.hoito, lyh. hoit",906FB,"Malignancy of digestive system, cytostatic therapy, short therapy","Malign of digest syst, cytost ther, sh th",6,fin
906G,"Ruuansulatuskanavan sairaus, eryistason vaativa lääkehoito, lyhyt hoito","Ruuansul.kan sair, erit vaat lääkeh, lyh hoit",906FG,"Disease or disorder of digestive system, special medical therapy, short therapy","Dis/disord of digest syst, spec medic ther",6,fin
906O,"Ruuansulatuskanavan sairaus, lyhyt hoito ilman merkittävää toimenpidettä","Ruuansulatuskanavan sairaus, lyh h",906O,"Disease or disorder of the digestive system, short therapy w/o significant procedure","Disease or disorder of the digestive system, short therapy",6,fin
906P,"Ruuansulatuskanavan sairaus, diagnostinen toimenpide","Ruuansulatuskanavan sairaus, diagnostinen toi",906FP,"Diagnostic procedure of abdominal, retroperitoneal and pelvic organs, short therapy","Dx proc of abd, retroperit and pelvis, sh th",6,fin
906Q,"Ruuansulatuskanavan sairaus, vaativa diagnostinen toimenpide","Ruuansulatuskanavan sairaus, vaativa dg tp",906FQ,"Demanding diagnostic procedure of abdominal, retroperitoneal and pelvic organs, short therapy","Demand dx proc of abd, retroperit and pelvis, sh th",6,fin
907A,"Maksan, sappiteiden tai haiman syöpäsairaus, sädehoito, lyhyt hoito","Maksa/sappit/haima syöpäs, sädeh, lyh hoit",907FA,"Malignancy of hepatobiliary system, radiation therapy, short therapy","Malign of hepatobil syst, rad ther, sh th",7,fin
907B,"Maksan, sappiteiden tai haiman syöpäsairaus, sytostaattihoito, lyhyt hoito","Maksa/sappit/haima syöpäs, syt.hoit, lyh hoit",907FB,"Malignancy of hepatobiliary system, cytostatic therapy, short therapy","Malign of hepatobil syst, cytost ther, sh th",7,fin
907O,"Maksan, sappiteiden tai haiman sairaus, lyhyt hoito ilman merkittävää toimenpidettä","Maksa/sappit/haima sairaus, lyh hoi, ilman merkitt tp",907O,"Disease or disorder of the hepatobiliary system, short therapy w/o significant procedure","Disease or disorder of the hepatobiliary system, short thera",7,fin
908A,"Tuki- ja liikuntaelinten syöpäsairaus, sädehoito, lyhyt hoito","Tuki&liik.el syöpäs, sädeh, lyh hoit",908FA,"Malignancy of musculoskeletal system, radiation therapy, short therapy","Malign of musculoskel syst, rad ther, sh th",8,fin
908B,"Tuki- ja liikuntaelinten syöpäsairaus, sytostaattihoito, lyhyt hoito","Tuki&liik.el syöpäs, syt.hoit, lyh hoit",908FB,"Malignancy of musculoskeletal system, cytostatic therapy, short therapy","Malign of musculoskel syst, cytostat ther, sh th",8,fin
908E,"Tuki- ja liikuntaelinten sairaus, erityislääkehoito, lyhyt hoito","Tuki&liik.el sair, erit.lääkehoit, lyh",908FE,"Disease or disorder of the musculoskeletal system, special medical therapy, short therapy","Dis/disord of musculoskel syst, spec med ther, sh th",8,fin
908O,"Tuki- ja liikuntaelinten sairaus, lyhyt hoito ilman merkittävää toimenpidettä","Tuki- ja liikuntaelinten sairaus, lyh h",908O,"Disease or disorder of the musculoskeletal system, short therapy w/o significant procedure","Disease or disorder of the musculoskeletal system, sh th",8,fin
908P,"Tuki- ja liikuntaelinten sairaus, diagnostinen toimenpide","Tuki- ja liikuntaelinten sairaus, diagnostine",908FP,"Diagnostic procedure of musculoskeletal system, short therapy","Dx proc of musculoskeletal system, short ther",8,fin
908Q,"Tuki- ja liikuntaelinten sairaus, vaativa diagnostinen toimenpide","Tuki- ja liikuntaelinten sairaus, vaat dg tp",908FQ,"Demanding diagnostic procedure of musculoskeletal system, short therapy","Dem dx proc of musculoseletal system, short ther",8,fin
909A,"Ihosyöpä, sädehoito, lyhyt hoito","Ihosyöpä, sädehoito, lyhyt hoito",909FA,"Malignancy of skin and subcutaneous tissue, radiation therapy, short therapy","Malign of skin, rad ther, sh th",9,fin
909B,"Ihosyöpä, sytostaattihoito, lyhyt hoito","Ihosyöpä, sytost.hoito, lyh hoito",909FB,"Malignancy of skin and subcutaneous tissue, cytostatic therapy, short therapy","Malign of skin, cytost ther, sh th",9,fin
909F,"Ihosairaus, vaativa lääkehoito, lyhyt hoito","Ihosairaus, vaat lääkeh, lyhyt hoito",909FF,"Disease or disorder of skin and subcutaneous tissue, demanding medical therapy, short therapy","Dis/disord of skin and sudcut, dem med ther, sh th",9,fin
909O,"Ihosairaus, lyhyt hoito ilman merkittävää toimenpidettä","Ihosairaus, lyh h",909O,"Disease or disorder of the skin and subcutaneous tissue system, short therapy w/o significant procedure","Disease or disorder of the skin and subcut tiss syst, sh th",9,fin
910A,"Endokriininen syöpäsairaus, sädehoito, lyhyt hoito","Endokriininen syöpäsairaus, sädeh, lyh hoi",910FA,"Endocrine malignancy, radiation therapy, short therapy","Endocr malign, rad ther, sh th",10,fin
910B,"Endokriininen syöpäsairaus, vaativa sädehoito, lyhyt hoito","Endokriininen syöpäsairaus, vaativa sädehoito, lyh hoi",910FB,"Endocrine malignancy, sterotactic or isotope radiation therapy, short therapy","Endocr malign, ster/isotope rad ther, sh th",10,fin
910D,"Endokriininen syöpäsairaus, sytostaattihoito, lyhyt hoito","End. syöp, sytost.h, lyh hoit",910FD,"Endocrine malignancy, cytostatic therapy, short therapy","Endocr malign, cytost ther, sh th",10,fin
910I,"Endokriininen sairaus, erityislääkehoito, lyhyt hoito","End. sair, erit lääkeh, lyh hoit",910FI,"Endocrine, nutritional and metabolic disease or disorder, special demanding medical therapy, short therapy","Enocr/nutr/metab dis/disord, spec dem med ther, sh th",10,fin
910O,"Endokriininen sairaus, lyhyt hoito ilman merkittävää toimenpidettä","Endokriininen sairaus, lyh h",910O,"Endocrine, nutritional and metabolic disease or disorder, short therapy w/o significant procedure","Endocr, nutr and metab disease or disorder, sh th",10,fin
910P,Endokriininen diagnostinen toimenpide,Endokriininen diagnostinen toimenpide,910FP,"Diagnostic investigation of endocrine system, short therapy","Diagnostic investigation of endocrine system, short therapy",10,fin
911A,"Virtsaelinten syöpäsairaus, sädehoito, lyhyt hoito","Virtsael syöpäs, sädeh, lyh hoit",911FA,"Malignancy of kidney and urinary tract, radiation therapy, short therapy","Malign of kidn and urin tract, rad ther, sh th",11,fin
911B,"Virtsaelinten syöpäsairaus, sytostaattihoito, lyhyt hoito","Virtsael syöpäs, sytost.h, lyh hoit",911FB,"Malignancy of kidney and urinary tract, cytostatic therapy, short therapy","Malign of kidn and urin tract, cyt ther, sh th",11,fin
911E,"Virtsaelinten sairaus, erityislääkehoito, lyhyt hoito","Virtsael sair, erit.lääkeh, lyh hoit",911FE,"Disease or disorder of kidney or urinary tract, special medical therapy, short therapy","Dis/disord of kidney/urin tract, spec med ther, sh th",11,fin
911G,"Virtsaelinten sairaus, erityistason vaativa lääkehoito, lyhyt hoito","Virtsael sair, erit vaat lääkeh, lyh hoit",911FG,"Disease or disorder of kidney or urinary tract, special demanding medical therapy, short therapy","Dis/disord of kidney/urin tract, spec dem med ther, sh th",11,fin
911O,"Virtsaelinten sairaus, lyhyt hoito ilman merkittävää toimenpidettä","Virtsaelinten sairaus, lyh h",911O,"Disease or disorder of the kidney and urinary tract, short therapy w/o significant procedure","Disease or disorder of the kidney and urinary tract, sh th",11,fin
912A,"Eturauhasen, kiveksen, peniksen jne. syöpäsairaus sädehoito, lyhyt hoito","Eturauhasen, kiveksen, peniksen jne. syöpäs, sädeh, lyhyt",912FA,"Malignancy of male reproductive system, radiation therapy, short therapy","Malign of male reprod syst, rad ther, sh th",12,fin
912B,"Eturauhasen, kiveksen, peniksen jne. syöpäsairaus, sytostaattihoito, lyhyt hoito","Eturauhasen, kiveksen, peniksen jne. syöpäs, sytost.h, lyhyt",912FB,"Malignancy of male reproductive system, cytostatic therapy, short therapy","Malign of male reprod syst, cytost ther, sh th",12,fin
912C,"Eturauhasen, kiveksen, peniksen jne. syöpäsairaus, stereotaktinen sädehoito tai vaativa isotooppihoito, lyhyt hoito","Eturauhasen, kiveksen, peniksen jne. syöpäs, vaat sytost.h, lyhyt",912FC,"Male reproductive system tumor, stereotactic radiotherapy or demanding isotope therapy, short therapy",,12,fin
912E,"Eturauhasen, kiveksen, peniksen jne. syöpäsairaus, erityislääkehoito, lyhyt hoito","Eturauhasen, kiveksen, peniksen jne. sair, erit.lääkeh, lyhyt",912FE,"Disease or disorder of male reproductive system, special medcial therapy, short therapy","Dis/disord of male reprod syst, spec med ther, sh th",12,fin
912F,"Eturauhasen, kiveksen, peniksen jne. syöpäsairaus, vaativa lääkehoito, lyhyt hoito","Eturauhasen, kiveksen, peniksen jne. sair, vaat lääkeh, lyhyt",912FF,"Disease or disorder of male reproductive system, demanding medcial therapy, short therapy","Dis/disord of male reprod syst, dem med ther, sh th",12,fin
912O,"Eturauhasen, kiveksen, peniksen jne. syöpäsairaus, lyhyt hoito ilman merkittävää toimenpidettä","Eturauhasen, kiveksen, peniksen jne. sair, lyhyt, ei toimpid",912O,"Disease or disorder of the male reproductive system, short therapy w/o significant procedure","Disease or disorder of the male reproductive system, sh th",12,fin
913A,"Vulvan, vaginan, cervixin, munasarjan, jne. syöpäsairaus, sädehoito, lyhyt hoito","Vulvan, vaginan, cervixin, munasarjan, jne. syöpäs, sädeh, lyhyt",913FA,"Malignancy of female reproductive system, radiation therapy, short therapy","Malign of female reprod syst, rad ther, sh th",13,fin
913B,"Vulvan, vaginan, cervixin, munasarjan, jne. syöpäsairaus, sytostaattihoito, lyhyt hoito","Vulvan, vaginan, cervixin, munasarjan, jne. syöpäs, sytost.h, lyhyt",913FB,"Malignancy of female reproductive system, cytostat therapy, short therapy","Malign of female reprod syst, cytost ther, sh th",13,fin
913O,"Vulvan, vaginan, cervixin, munasarjan, jne. sairaus, lyhyt hoito ilman merkittävää toimenpidettä","Vulvan, vaginan, cervixin, munasarjan, jne. sair, lyhyt, ei toimpid",913O,"Disease or disorder of the female reproductive system, short therapy w/o significant procedure","Disease or disorder of the female reprod syst, sh th",13,fin
914O,"Raskauden hoito, lyhyt hoito ilman merkittävää toimenpidettä","Raskauden hoito, lyh h",914O,"Pregnancy, childbirth and puerperium, short therapy w/o significant procedure","Pregnancy, childbirth and puerperium, sh th",14,fin
914P,"Raskauden hoito, diagnostinen toimenpide","Raskauden hoito, diagnostinen toimenpide",914FP,"Diagnostic obstetric investigation, short therapy","Diagnostic obstetric investigation, short therapy",14,fin
915O,Vastasyntyneen lyhyt hoito ilman merkittävää toimenpidettä,Vastasyntyneen lyh h,915O,"Newborns and other neonates with conditions originating in the perinatal period, short therapy w/o significant procedure","Newb and neon with conditions orig perin, sh th",15,fin
916E,"Hematologia, erityislääkehoito, lyhyt hoito","Hemat, erit.lääkeh, lyh hoit",916FE,"Koagulation disorder, special medical therapy, short therapy","Koag dis, spec med ther, sh th",16,fin
916O,"Hematologia, lyhyt hoito ilman merkittävää toimenpidettä","Hematologia, lyh h",916O,"Disease or disorder of blood forming organs or immunological disorder, short therapy w/o significant procedure","Disease or disorder of blood form org or immun dis, sh th",16,fin
917A,"Leukemia tai lymfooma, sädehoito, lyhyt hoito","Leuk/lymf, sädeh, lyh hoit",917FA,"Leukemia or lymphoma, radiation therapy, short therapy","Leukemia or lymphoma, radiation therapy, short therapy",17,fin
917B,"Leukemia tai lymfooma, sytostaattihoito, lyhyt hoito","Leuk/lymf, sytost.h, lyh hoit",917FB,"Leukemia or lymphoma, cytostatic therapy, short therapy","Leukemia or lymphoma, cytostatic therapy, short therapy",17,fin
917E,"Muu tai erilaistumaton syöpä, erityslääkehoito, lyhyt hoito","Muu/erilaistumaton syöpä, erit.lääkeh, lyh hoit",917FE,"Myeloproliferative disease or disorder or poorly differentietad neoplasms, special medical therapy, short therapy","Myeloprol dis / poorly diff neopl, spec med ther, sh th",17,fin
917O,Pahanlaatuisen sairauden lyhyt hoito ilman merkittävää toimenpidettä,"Pahanlaatuisen sairaus, lyh h",917O,"Myeloproliferative disease or disorder or poorly differentietad neoplasms, short therapy w/o significant procedure","Myeloprol disease or disorder or poor diff neopl, sh th",17,fin
917U,Malignin sairauden lyhyt sädehoito,Malignin sairauden lyhyt sädehoito,917FU,Radiotherapy for malignancy,Radiotherapy for malignancy,17,fin
917V,Sädehoidon annossuunnittelu magneettitutkimuksella,Sädehoidon annossuunnittelu magneettitutkimuk,917FV,"Dose design of radiotherapy with imaging, short therapy","Dose design of radiotherapy with imaging, short therapy",17,fin
917W,Sädehoidon vaativa annossuunnittelu magneettitutkimuksella,Sädehoidon vaativa annossuunnittelu magneetti,917FW,"Demanding dose design of radiotherapy with MRI, short therapy","Demanding dose design of radiotherapy with MRI, short ther",17,fin
918A,"Infektio, erityislääkehoito, lyhyt hoito","inf, erit.lääkeh, lyh hoit",918FA,"Infectious and parasitic disease, special medical therapy, short therapy","Inf and paras dis, spec med ther, sh th",18,fin
918O,"Infektio, lyhyt hoito ilman merkittävää toimenpidettä","Infektio, lyhyt hoito",918O,"Infectious and parasitic disease, short therapy w/o significant procedure","Infectious and parasitic disease, sh th",18,fin
921O,"Vamma tai myrkytys, lyhyt hoito ilman merkittävää toimenpidettä","Vamma tai myrkytys, lyh h",921O,"Injuries, poisonings and toxic effects of drugs, short therapy w/o significant procedure","Inj, pois and tox eff of drugs, sh th",21,fin
922N,"Siteenvaihto, laaja palovamma, lyhyt hoito","Siteenvaihto, laaja palovamma, lyhyt hoito",822P,"Dressing of major burn, short therapy","Dressing of major burn, short therapy",22,fin
922O,"Palovamma, lyhyt hoito ilman merkittävää toimenpidettä","Palovamma, lyh h",922O,"Burns, short therapy w/o significant procedure","Burns, sh th",22,fin
923O,"Muu tai määrittämätön ongelma, lyhyt hoito ilman merkittävää toimenpidettä","Muu ongelma, lyh h",923O,"Factors influencing health status and other contacts with health services, short therapy w/o significant procedure","Fact influenc health status and other, sh th",23,fin
928O,"Perinnöllisyysneuvonta, lyhyt hoito","Perinnöllisyysneuvonta, lyhyt hoito",928O,Genetic counselling,Genetic counselling,23,fin
930A,"Rintarauhasen syöpä, sädehoito, lyhyt hoito","Rintasyöpä, sädeh, lyh hoit",930FA,"Breast malignancy, radiation therapy, short therapy","Breast malign, rad ther, sh th",30,fin
930B,"Rintarauhasen syöpä, sytostaattihoito, lyhyt hoito","Rintasyöpä, sytost.h, lyh hoit",930FB,"Breast malignancy, cytostatic therapy, short therapy","Breast malign, cytost ther, sh th",30,fin
930O,"Rintarauhasen sairaus, lyhyt hoito ilman merkittävää toimenpidettä","Rintarauhasen sairaus, lyh h",930O,"Breast problem, short therapy w/o significant procedure","Breast problem, short therapy w/o significant procedure",30,fin
930P,Rinnan diagnostinen toimenpide,Rinnan diagnostinen toimenpide,930FP,"Diagnostic procedure of breast, short therapy","Diagnostic procedure of breast, short therapy",30,fin
930Q,Rinnan vaativa diagnostinen toimenpide,Rinnan vaativa diagnostinen toimenpide,930FQ,"Demanding diagnostic procedure of breast, short therapy","Demanding diagnostic procedure of breast, short therapy",30,fin
P01,Sukupuoli-identiteettiin liittyvä leikkaustoimenpide,Sukupuoli-identiteettiin liittyvä leikkaustoimenpide,P01,OR procedure due to gender-identity related contact,OR procedure due to gender-identity related contact,19,fin
P01O,"Sukupuoli-identiteettiin liittyvä leikkaustoimenpide, lyhyt hoito","Sukupuoli-identiteettiin liittyvä leikkaustoimenpide, lyh h",P01O,"OR procedure due to gender-identity related contact, short therapy","OR procedure due to gender-identity related contact, short therapy",19,fin
P02,Neuromodulaatiohoito,Neuromodulaatiohoito,P02,Neuromodulation,Neuromodulation,19,fin
P02O,"Neuromodulaatiohoito, lyhyt hoito","Neuromodulaatiohoito, lyh h",P02O,"Neuromodulation, short therapy","Neuromodulation, short therapy",19,fin
P03,Kaksisuuntainen mielialahäiriö,Kaksisuuntainen mielialahäiriö,P03,Bipolar disorders,Bipolar disorders,19,fin
P03O,"Kaksisuuntainen mielialahäiriö, lyhyt hoito","Kaksisuuntainen mielialahäiriö, lyh h",P03O,"Bipolar disorders, short therapy","Bipolar disorders, short therapy",19,fin
P04A,"Ahdistuneisuushäiriö, 18 tai yli","Ahdistuneisuushäiriö, 18 tai yli",P04A,"Anxiety disorders, age >=18","Anxiety disorders, age >=18",19,fin
P04B,"Ahdistuneisuushäiriö, <18","Ahdistuneisuushäiriö, <18",P04B,"Anxiety disorders, age 0-17","Anxiety disorders, age 0-17",19,fin
P04O,"Ahdistuneisuushäiriö, lyhyt hoito","Ahdistuneisuushäiriö, lyh h",P04O,"Anxiety disorders, short therapy","Anxiety disorders, short therapy",19,fin
P05,Persoonallisuushäiriö,Persoonallisuushäiriö,P05,Disorders of personality,Disorders of personality,19,fin
P05O,"Persoonallisuushäiriö, lyhyt hoito","Persoonallisuushäiriö, lyh h",P05O,"Disorders of personality, short therapy","Disorders of personality, short therapy",19,fin
P06,Skitsofrenia,Skitsofrenia,P06,Schizophrenia,Schizophrenia,19,fin
P06O,"Skitsofrenia, lyhyt hoito","Skitsofrenia, lyh h",P06O,"Schizophrenia, short therapy","Schizophrenia, short therapy",19,fin
P07C,"Päihteiden väärinkäyttö, komplisoitunut","Päihteiden väärinkäyttö, komplitoitunut",P07C,"Alcohol and drug abuse, w CC","Alcohol and drug abuse, w CC",19,fin
P07N,"Päihteiden väärinkäyttö, ei komplisoitunut","Päihteiden väärinkäyttö, ei komplisoitunut",P07N,"Alcohol and drug abuse, w/o CC","Alcohol and drug abuse, w/o CC",19,fin
P07O,"Päihteiden väärinkäyttö, lyhyt hoito","Päihteiden väärinkäyttö, lyh h",P07O,"Alcohol and drug abuse, short therapy","Alcohol and drug abuse, short therapy",19,fin
P08,Älyllinen kehitysvammaisuus,Älyllinen kehitysvammaisuus,P08,Mental retardation,Mental retardation,19,fin
P08O,"Älyllinen kehitysvammaisuus, lyhyt hoito","Älyllinen kehitysvammaisuus, lyh h",P08O,"Mental retardation, short therapy","Mental retardation, short therapy",19,fin
P09,Neuropsykiatrinen häiriö,Neuropsykiatrinen häiriö,P09,Neuropsychiatric disorders,Neuropsychiatric disorders,19,fin
P09O,"Neuropsykiatrinen häiriö, lyhyt hoito","Neuropsykiatrinen häiriö, lyh h",P09O,"Neuropsychiatric disorders, short therapy","Neuropsychiatric disorders, short therapy",19,fin
P10C,"Alkoholiriippuvuus, komplisoitunut","Alkoholiriippuvuus, komplisoitunut",P10C,"Alchohol addiction, w CC","Alchohol addiction, w CC",19,fin
P10N,"Alkoholiriippuvuus, ei komplisoitunut","Alkoholiriippuvuus, ei komplisoitunut",P10N,"Alchohol addiction, w/o CC","Alchohol addiction, w/o CC",19,fin
P10O,"Alkoholiriippuvuus, lyhyt hoito","Alkoholiriippuvuus, lyh h",P10O,"Alchohol addiction, short therapy","Alchohol addiction, short therapy",19,fin
P11,Psykiatrinen arviointi ja tarkkailu,Psykiatrinen arviointi ja tarkkailu,P11,Psychatric examination and observation,Psychatric examination and observation,19,fin
P11O,"Psykiatrinen arviointi ja tarkkailu, lyhyt hoito","Psykiatrinen arviointi ja tarkkailu, lyh h",P11O,"Psychatric examination and observation, short therapy","Psychatric examination and observation, short therapy",19,fin
P12,Delirium,Delirium,P12,Delirium,Delirium,19,fin
P12O,"Delirium, lyhyt hoito","Delirium, lyh h",P12O,"Delirium, short therapy","Delirium, short therapy",19,fin
P13,Dementia,Dementia,P13,Dementia,Dementia,19,fin
P13O,"Dementia, lyhyt hoito","Dementia, lyh h",P13O,"Dementia, short therapy","Dementia, short therapy",19,fin
P14A,"Masennus, 18 tai yli","Masennus, 18 tai yli",P14A,"Depression, age >=18","Depression, age >=18",19,fin
P14B,"Masennus, <18","Masennus, <18",P14B,"Depression, age 0-17","Depression, age 0-17",19,fin
P14O,"Masennus, lyhyt hoito","Masennus, lyh h",P14O,"Depression, short therapy","Depression, short therapy",19,fin
P15,Muu riippuvuus,Muu riippuvuus,P15,Other addiction,Other addiction,19,fin
P15O,"Muu riippuvuus, lyhyt hoito","Muu riippuvuus, lyh h",P15O,"Other addiction, short therapy","Other addiction, short therapy",19,fin
P16,Muu elimellinen aivo-oireyhtymä,Muu elimellinen aivo-oireyhtymä,P16,Organic brain disorders,Organic brain disorders,19,fin
P16O,"Muu elimellinen aivo-oireyhtymä, lyhyt hoito","Muu elimellinen aivo-oireyhtymä, lyhyt hoito",P16O,"Organic brain disorders, short therapy","Organic brain disorders, short therapy",19,fin
P17A,"Neurokognitiivinen häiriö, 25 tai yli","Neurokognitiivinen häiriö, 25 tai yli",P17A,"Neurocognitive disorders, age >=25","Neurocognitive disorders, age >=25",19,fin
P17B,"Neurokognitiivinen häiriö, <25","Neurokognitiivinen häiriö, <25",P17B,"Neurocognitive disorders, age <25","Neurocognitive disorders, age <25",19,fin
P17O,"Neurokognitiivinen häiriö, lyhyt hoito","Neurokognitiivinen häiriö, lyh h",P17O,"Neurocognitive disorders, short therapy","Neurocognitive disorders, short therapy",19,fin
P18,Opioidiriippuvuus,Opioidiriippuvuus,P18,Opiod addiction,Opiod addiction,19,fin
P18O,"Opioidiriippuvuus, lyhyt hoito","Opioidiriippuvuus, lyh h",P18O,"Opiod addiction, short therapy","Opiod addiction, short therapy",19,fin
P19,Pakko-oireinen häiriö,Pakko-oireinen häiriö,P19,Neurotic disorders,Neurotic disorders,19,fin
P19O,"Pakko-oireinen häiriö, lyhyt hoito","Pakko-oireinen häiriö, lyh h",P19O,"Neurotic disorders, short therapy","Neurotic disorders, short therapy",19,fin
P20A,"Psykoosi, 18 tai yli","Psykoosi, 18 tai yli",P20A,"Psychosis, age >=18","Psychosis, age >=18",19,fin
P20B,"Psykoosi, <18","Psykoosi, <18",P20B,"Psychosis, age 0-17","Psychosis, age 0-17",19,fin
P20O,"Psykoosi, lyhyt hoito","Psykoosi, lyh h",P20O,"Psychosis, short therapy","Psychosis, short therapy",19,fin
P21,Päihdepsykoosi,Päihdepsykoosi,P21,Abuse psychosis,Abuse psychosis,19,fin
P21O,"Päihdepsykoosi, lyhyt hoito","Päihdepsykoosi, lyh h",P21O,"Abuse psychosis, short therapy","Abuse psychosis, short therapy",19,fin
P22O,"Sukupuoli-identiteettiin liittyvät käynnit, lyhyt hoito","Sukupuoli-identiteettiin liittyvät käynnit, lyh h",P22O,"Gender-identity related contacts, short therapy","Gender-identity related contacts, short therapy",19,fin
P23,Tunnesäätelyn häiriöt,Tunnesäätelyn häiriöt,P23,Behavioural and emotional disorders,Behavioural and emotional disorders,19,fin
P23O,"Tunnesäätelyn häiriöt, lyhyt hoito","Tunnesäätelyn häiriöt, lyh h",P23O,"Behavioural and emotional disorders, short therapy","Behavioural and emotional disorders, short therapy",19,fin
P24O,"Vaikeat elimellisoireiset häiriöt, lyhyt hoito","Vaikeat elimellisoireiset häiriöt, lyh h",P24O,"Severe organic disturbances, short therapy","Severe organic disturbances, short therapy",19,fin
P25,Muu psyykkinen sairaus,Muu psyykkinen sairaus,432C,Other unspecific mental disorders,Other unspecific mental disorders,19,fin
P25O,"Muu psyykkinen sairaus, lyhyt hoito","Muu psyykkinen sairaus, lyhyt hoito",P25O,"Other mental disorder diagnoses, short therapy","Other mental disorder diagnoses, short therapy",19,fin
P26O,"Ketamiinihoito, lyhyt hoito","Ketamiinihoito, lyh h",P26O,"Ketamine therapy, short therapy","Ketamine therapy, short therapy",19,fin
P27O,"Elimellisoireiset häiriöt, lyhyt hoito","Elimellisoireiset häiriöt, lyh h",P27O,"Organic disturbances, short therapy","Organic disturbances, short therapy",19,fin
P28O,"Liikehäiriö, lyhyt hoito","Liikehäiriö, lyh h",P28O,"Tic disorder, short therapy","Tic disorder, short therapy",19,fin
P29O,"Synnynnäinen häiriö, lyhyt hoito","Synnynnäinen häiriö, lyh h",P29O,"Congenital disorder, short therapy","Congenital disorder, short therapy",19,fin
P30O,"Unihäiriöt, lyhyt hoito","Unihäiriöt, lyh h",P30O,"Sleeping disorders, short therapy","Sleeping disorders, short therapy",19,fin
P31O,"Älyllisten toimintojen häiriö, lyhyt hoito","Älyllisten toimintojen häiriö, lyh h",P31O,"Impairment of mental functions, short therapy","Impairment of mental functions, short therapy",19,fin
