ord,id,drg_nat,drg_text_nat,drg_comb,rtc,icd,mdc,dgcat,pdgprop,compl,or_proc,procpro,secpro,dgprop1,dgprop2,dgprop3,dgprop4,agelim,sex,dur,disch,nat_ver
10000000040,000D000004,470O,"Päädiagnoosi puuttuu, lyhyt hoito",470O,0,-,,,,,,99V35,,,,,,,,<2,N,fin
10000000050,000D000005,470O,"Päädiagnoosi puuttuu, lyhyt hoito",470O,0,-,,,,,,99V22,,,,,,,,<2,N,fin
10000000101,000D0000101,470X,Päädiagnoosi puuttuu,470X,1,-,,,,,,,,,,,,,,>1,,fin/ice/est
10000000300,000D000030,470X,Päädiagnoosi puuttuu,470X,1,-,,,,,,,,,,,,,,,E,fin/swe
10000010001,000D0010001,470Q,"Potilas liian vanha diagnoosille, lyhyt hoito",470Q,5,+,,,00P02,,,,,,,,,>6574,,<2,,fin/ice/est
10000011000,000D001100,470B,Potilas liian vanha diagnoosille,470B,5,+,,,00P02,,,,,,,,,>6574,,,,fin/ice/swe/est
10000020001,000D0020001,470R,"Potilas liian nuori diagnoosille, lyhyt hoito",470R,4,+,,,00P01,,,,,,,,,<5114,,<2,,fin/ice/est
10000021000,000D002100,470C,Potilas liian nuori diagnoosille,470C,4,+,,,00P01,,,,,,,,,<5114,,,,fin/ice/swe/est
10000030001,000D0030001,470S,"Potilaan ikä on väärin (> 125 vuotta), lyhyt hoito",470S,6,+,,,,,,,,,,,,>45654,,<2,,fin/ice/est
10000031000,000D003100,470D,Potilaan ikä on väärin (> 125 vuotta),470D,6,+,,,,,,,,,,,,>45654,,,,fin/ice/swe/est
10000040001,000D0040001,470U,"Kelpaamaton päädiagnoosi, lyhyt hoito",470U,8,+,,99M00,,,,99V35,,,,,,,,<2,,fin/ice
10000041000,000D004100,470E,Kelpaamaton päädiagnoosi,470E,8,+,,99M00,,,,,,,,,,,,,,fin/ice/est
10000050000,000D005000,470K,"Päädiagnoosi ilman määriteltyä ryhmittelyä, lyhyt hoito",470K,0,+,,99M01,,,,,,,,,,,,<2,,ice/fin
10000051000,000D005100,470J,Päädiagnoosi ilman määriteltyä ryhmittelyä,470J,0,+,99.0,99M01,,,,,,,,,,,,,,ice/swe/lat/fin
10007000201,000D7000201,470R,"Potilas liian nuori diagnoosille, lyhyt hoito",470R,4,+,14.0,,,,,,,,,,,<4018,,<2,,fin/ice/nor/est
10007000210,000D700021,470C,Potilas liian nuori diagnoosille,470C,4,+,14.0,,,,,,,,,,,<4018,,,,fin/ice/swe/est
10007000301,000D7000301,470Q,"Potilas liian vanha diagnoosille, lyhyt hoito",470Q,5,+,14.0,,,,,,,,,,,>21915,,<2,,fin/ice/est
10007000310,000D700031,470B,Potilas liian vanha diagnoosille,470B,5,+,14.0,,,,,,,,,,,>21915,,,,fin/ice/swe/est
10007000601,000D7000601,470R,"Potilas liian nuori diagnoosille, lyhyt hoito",470R,4,+,,,,,,,,14X03,,,,<4018,,<2,,fin/ice/est
10007000610,000D700061,470C,Potilas liian nuori diagnoosille,470C,4,+,,,,,,,,14X03,,,,<4018,,,,fin/ice/swe/est
10007000701,000D7000701,470Q,"Potilas liian vanha diagnoosille, lyhyt hoito",470Q,5,+,,,,,,,,14X03,,,,>21915,,<2,,fin/est
10007000710,000D700071,470B,Potilas liian vanha diagnoosille,470B,5,+,,,,,,,,14X03,,,,>21915,,,,fin/swe/est
10007001001,000D7001001,470R,"Potilas liian nuori diagnoosille, lyhyt hoito",470R,4,+,,,,,S,14S01,,,,,,<4018,,<2,,fin/ice/est
10007001010,000D700101,470C,Potilas liian nuori diagnoosille,470C,4,+,,,,,S,14S01,,,,,,<4018,,,,fin/ice/swe/est
10007001101,000D7001101,470Q,"Potilas liian vanha diagnoosille, lyhyt hoito",470Q,5,+,,,,,S,14S01,,,,,,>21915,,<2,,fin/est
10007001110,000D700111,470B,Potilas liian vanha diagnoosille,470B,5,+,,,,,S,14S01,,,,,,>21915,,,,fin/swe/est
10007002201,000D7002201,470R,"Potilas liian nuori diagnoosille, lyhyt hoito",470R,4,+,13.0,,,,,,,14X01,,,,<4018,,<2,,fin/ice/est
10007002210,000D700221,470C,Potilas liian nuori diagnoosille,470C,4,+,13.0,,,,,,,14X01,,,,<4018,,,,fin/ice/swe/est
10007002301,000D7002301,470Q,"Potilas liian vanha diagnoosille, lyhyt hoito",470Q,5,+,13.0,,,,,,,14X01,,,,>21915,,<2,,fin/est
10007002310,000D700231,470B,Potilas liian vanha diagnoosille,470B,5,+,13.0,,,,,,,14X01,,,,>21915,,,,fin/swe/est
11407030001,014D7030001,470W,"Virheellinen pää- ja sivudiagnoosin yhdistelmä, lyhyt hoito",470W,8,+,14.0,,,,,,,14X04,14X01,,,,,<2,,fin/ice/est
11407030100,014D703010,470I,Virheellinen diagnoosien yhdistelmä,470I,9,+,14.0,,,,,,,14X04,14X01,,,,,,,fin/ice/swe/est
11407031001,014D7031001,470W,"Virheellinen pää- ja sivudiagnoosin yhdistelmä, lyhyt hoito",470W,8,+,14.0,,,,,,,14X05,14X01,,,,,<2,,fin/ice/est
11407031100,014D703110,470I,Virheellinen diagnoosien yhdistelmä,470I,9,+,14.0,,,,,,,14X05,14X01,,,,,,,fin/ice/swe/est
11407032001,014D7032001,470W,"Virheellinen pää- ja sivudiagnoosin yhdistelmä, lyhyt hoito",470W,8,+,13.0,,,,,,,14X04,14X01,,,,,<2,,fin/ice/est
11407032100,014D703210,470I,Virheellinen diagnoosien yhdistelmä,470I,9,+,13.0,,,,,,,14X04,14X01,,,,,,,fin/ice/swe/est
11407033001,014D7033001,470W,"Virheellinen pää- ja sivudiagnoosin yhdistelmä, lyhyt hoito",470W,8,+,13.0,,,,,,,14X05,14X01,,,,,<2,,fin/ice/est
11407033100,014D703310,470I,Virheellinen diagnoosien yhdistelmä,470I,9,+,13.0,,,,,,,14X05,14X01,,,,,,,fin/ice/swe/est
11407090001,014D7090001,470U,"Kelpaamaton päädiagnoosi, lyhyt hoito",470U,8,+,,,23P01,,S,,,,,,,,,<2,,fin/ice/est
11407090100,014D709010,470U,"Kelpaamaton päädiagnoosi, lyhyt hoito",470U,8,+,,,23P01,,,,,00X10,,,,,,<2,,fin/ice/est
11407091001,014D7091001,470E,Kelpaamaton päädiagnoosi,470E,8,+,,,23P01,,S,,,,,,,,,,,fin/ice/est
11407091100,014D709110,470E,Kelpaamaton päädiagnoosi,470E,8,+,,,23P01,,,,,00X10,,,,,,,,fin/ice/est
11508000001,015D8000001,470Q,"Potilas liian vanha diagnoosille, lyhyt hoito",470Q,5,+,15.0,,,,,,,,,,,>365,,<2,,fin/ice/est
11508000010,015D800001,470B,Potilas liian vanha diagnoosille,470B,5,+,15.0,,,,,,,,,,,>365,,,,fin/ice/swe/est
11508000101,015D8000101,470U,"Kelpaamaton päädiagnoosi, lyhyt hoito",470U,8,+,,15M01,,,,,,,,,,,,<2,,fin/ice/est
11508000110,015D800011,470E,Kelpaamaton päädiagnoosi,470E,8,+,15.0,15M01,,,,,,,,,,,,,,fin/swe/est
11508000201,015D8000201,470Y,"Virheellinen diagnoosin ja toimenpiteen yhdistelmä, lyhyt hoito",470Y,9,+,,15M02,,,,15S02,,,,,,,,<2,,fin/ice/est
11508000269,015D800021,470H,Virheellinen diagnoosin ja toimenpiteen yhdistelmä,470H,9,+,15.0,15M02,,,,15S02,,,,,,,,,,fin/ice/swe/est
11508000301,015D8000301,470W,"Virheellinen pää- ja sivudiagnoosin yhdistelmä, lyhyt hoito",470W,9,+,,15M02,,,,,,15X40,,,,,,<2,,fin/ice/est
11508000310,015D800031,470I,Virheellinen diagnoosien yhdistelmä,470I,9,+,15.0,15M02,,,,,,15X40,,,,,,,,fin/ice/swe/est
11508002000,015D800200,901Q,"Vaativa pään, niskan tai keskushermoston diagnostinen toimenpide",901FQ,0,+,15.0,,,,N,01D02,-15S02,,,,,,,<2,N,fin
11508002100,015D800210,901Q,"Vaativa pään, niskan tai keskushermoston diagnostinen toimenpide",901FQ,0,+,,,,,N,01D02,-15S02,,,,,<29,,<2,N,fin
11508002200,015D800220,905Q,"Sydän- ja verisuonisairaus, vaativa diagnostinen toimenpide",905FQ,0,+,15.0,,,,N,05D22,-15S02,,,,,,,<2,N,fin
11508002300,015D800230,905Q,"Sydän- ja verisuonisairaus, vaativa diagnostinen toimenpide",905FQ,0,+,,,,,N,05D22,-15S02,,,,,<29,,<2,N,fin
11508002400,015D800240,906Q,"Ruuansulatuskanavan sairaus, vaativa diagnostinen toimenpide",906FQ,0,+,15.0,,,,N,06D32,-15S02,,,,,,,<2,N,fin
11508002500,015D800250,906Q,"Ruuansulatuskanavan sairaus, vaativa diagnostinen toimenpide",906FQ,0,+,,,,,N,06D32,-15S02,,,,,<29,,<2,N,fin
11508002600,015D800260,908Q,"Tuki- ja liikuntaelinten sairaus, vaativa diagnostinen toimenpide",908FQ,0,+,15.0,,,,N,08D42,-15S02,,,,,,,<2,N,fin
11508002700,015D800270,908Q,"Tuki- ja liikuntaelinten sairaus, vaativa diagnostinen toimenpide",908FQ,0,+,,,,,N,08D42,-15S02,,,,,<29,,<2,N,fin
11508002800,015D800280,905S,Vaativa ääreisverenkierron diagnostinen toimenpide,905FS,0,+,15.0,,,,N,05D62,-15S02,,,,,,,<2,N,fin
11508002900,015D800290,905S,Vaativa ääreisverenkierron diagnostinen toimenpide,905FS,0,+,,,,,N,05D62,-15S02,,,,,<29,,<2,N,fin
11508003000,015D800300,905T,Imusuoniston diagnostinen toimenpide,905FT,0,+,15.0,,,,N,05D64,-15S02,,,,,,,<2,N,fin
11508003100,015D800310,905T,Imusuoniston diagnostinen toimenpide,905FT,0,+,,,,,N,05D64,-15S02,,,,,<29,,<2,N,fin
11508004000,015D800400,901P,"Pään, niskan tai keskushermoston diagnostinen toimenpide",901FP,0,+,15.0,,,,N,01D01,-15S02,,,,,,,<2,N,fin
11508004100,015D800410,901P,"Pään, niskan tai keskushermoston diagnostinen toimenpide",901FP,0,+,,,,,N,01D01,-15S02,,,,,<29,,<2,N,fin
11508004200,015D800420,905P,"Sydän- ja verisuonisairaus, diagnostinen toimenpide",905FP,0,+,15.0,,,,N,05D21,-15S02,,,,,,,<2,N,fin
11508004300,015D800430,905P,"Sydän- ja verisuonisairaus, diagnostinen toimenpide",905FP,0,+,,,,,N,05D21,-15S02,,,,,<29,,<2,N,fin
11508004400,015D800440,906P,"Ruuansulatuskanavan sairaus, diagnostinen toimenpide",906FP,0,+,15.0,,,,N,06D31,-15S02,,,,,,,<2,N,fin
11508004500,015D800450,906P,"Ruuansulatuskanavan sairaus, diagnostinen toimenpide",906FP,0,+,,,,,N,06D31,-15S02,,,,,<29,,<2,N,fin
11508004600,015D800460,908P,"Tuki- ja liikuntaelinten sairaus, diagnostinen toimenpide",908FP,0,+,15.0,,,,N,08D41,-15S02,,,,,,,<2,N,fin
11508004700,015D800470,908P,"Tuki- ja liikuntaelinten sairaus, diagnostinen toimenpide",908FP,0,+,,,,,N,08D41,-15S02,,,,,<29,,<2,N,fin
11508004800,015D800480,910P,Endokriininen diagnostinen toimenpide,910FP,0,+,15.0,,,,N,10D11,-15S02,,,,,,,<2,N,fin
11508004900,015D800490,910P,Endokriininen diagnostinen toimenpide,910FP,0,+,,,,,N,10D11,-15S02,,,,,<29,,<2,N,fin
11508005000,015D800500,905R,Ääreisverenkierron diagnostinen toimenpide,905FR,0,+,15.0,,,,N,05D61,-15S02,,,,,,,<2,N,fin
11508005100,015D800510,905R,Ääreisverenkierron diagnostinen toimenpide,905FR,0,+,,,,,N,05D61,-15S02,,,,,<29,,<2,N,fin
11508009400,015D800940,915O,Vastasyntyneen lyhyt hoito ilman merkittävää toimenpidettä,915O,0,+,15.0,,,,Z,,-15S02,,,,,,,<2,N,den/est/fin/ice/lat
11508009500,015D800950,915O,Vastasyntyneen lyhyt hoito ilman merkittävää toimenpidettä,915O,0,+,,,,,Z,,-15S02,,,,,<29,,<2,N,den/est/fin/ice/lat
11508009800,015D800980,815O,Neonatologinen pientoimenpide,815O,0,+,15.0,,,,N,,-15S02,,,,,,,<2,N,den/est/fin/lat
11508009900,015D800990,815O,Neonatologinen pientoimenpide,815O,0,+,,,,,N,,-15S02,,,,,<29,,<2,N,den/est/fin/lat
11508009934,015D8009750,385C,Alle 1000 g painavan vastasyntyneen jatkohoito,385C,0,+,,,10P05,,N,,,15X23,,,,>28,,>0,,swe/est/fin/ice/lat/nor
11508010000,015D801000,385C,Alle 1000 g painavan vastasyntyneen jatkohoito,385C,0,+,15.0,,,,N,,,15X23,,,,>28,,,,den/est/fin/lat/nor
11508010034,015D8009952,385C,Alle 1000 g painavan vastasyntyneen jatkohoito,385C,0,+,,,10P05,,N,,-15S02,15X23,,,,>7,,>0,,swe/est/fin/ice/lat/nor
11508010100,015D801010,385C,Alle 1000 g painavan vastasyntyneen jatkohoito,385C,0,+,15.0,,,,N,,-15S02,15X23,,,,>7,,,,den/est/fin/lat/nor
11508031000,015D803100,385A,Vastasyntyneen lyhyt sairaalahoito,385A,0,+,,,,,,,,,,,,<8,,<3,E,den/est/fin/ice/lat/swe
11508032000,015D803200,385A,Vastasyntyneen lyhyt sairaalahoito,385A,0,+,,,,,,15S02,,,,,,<29,,<3,E,den/est/fin/lat/swe
11508067000,015D8034003,385A,Vastasyntyneen lyhyt sairaalahoito,385A,0,+,,,,,,15S03,,,,,,<8,,<6,,fin
11508072500,015D8034004,385A,Vastasyntyneen lyhyt sairaalahoito,385A,0,+,,,,,,15S03,15S02,,,,,<29,,<6,,fin
11508075250,015D8034005,385A,Vastasyntyneen lyhyt sairaalahoito,385A,0,+,,,,,N,,,15X31,,,,<8,,<6,,fin
11508076625,015D8034006,385A,Vastasyntyneen lyhyt sairaalahoito,385A,0,+,,,,,N,,,15X32,,,,<8,,<6,,fin
11508077312,015D8034007,385A,Vastasyntyneen lyhyt sairaalahoito,385A,0,+,,,,,N,,,15X33,,,,<8,,<6,,fin
11508077656,015D8034008,385A,Vastasyntyneen lyhyt sairaalahoito,385A,0,+,,,,,N,,,15X34,,,,<8,,<6,,fin
11508077828,015D8034009,385A,Vastasyntyneen lyhyt sairaalahoito,385A,0,+,,,,,N,,,15X35,,,,<8,,<6,,fin
11508077914,015D8034010,385A,Vastasyntyneen lyhyt sairaalahoito,385A,0,+,,,,,N,,,15X36,,,,<8,,<6,,fin
11508077957,015D8034011,385A,Vastasyntyneen lyhyt sairaalahoito,385A,0,+,,,,,N,,,15X37,,,,<8,,<6,,fin
11508077978,015D8034012,385A,Vastasyntyneen lyhyt sairaalahoito,385A,0,+,,,,,N,,,03X04,,,,<8,,<6,,fin
11508077989,015D8034013,385A,Vastasyntyneen lyhyt sairaalahoito,385A,0,+,,,,,N,,,15X98,,,,<8,,<6,,fin
11508077994,015D8034014,385A,Vastasyntyneen lyhyt sairaalahoito,385A,0,+,,,,,N,15S02,,15X31,,,,<29,,<6,,fin
11508077997,015D8034015,385A,Vastasyntyneen lyhyt sairaalahoito,385A,0,+,,,,,N,15S02,,15X32,,,,<29,,<6,,fin
11508077998,015D8034016,385A,Vastasyntyneen lyhyt sairaalahoito,385A,0,+,,,,,N,15S02,,15X33,,,,<29,,<6,,fin
11508077999,015D8034017,385A,Vastasyntyneen lyhyt sairaalahoito,385A,0,+,,,,,N,15S02,,15X34,,,,<29,,<6,,fin
11508085332,015D8034018,385A,Vastasyntyneen lyhyt sairaalahoito,385A,0,+,,,,,N,15S02,,15X35,,,,<29,,<6,,fin
11508088999,015D8034019,385A,Vastasyntyneen lyhyt sairaalahoito,385A,0,+,,,,,N,15S02,,15X36,,,,<29,,<6,,fin
11508090832,015D8034020,385A,Vastasyntyneen lyhyt sairaalahoito,385A,0,+,,,,,N,15S02,,15X37,,,,<29,,<6,,fin
11508091749,015D8034021,385A,Vastasyntyneen lyhyt sairaalahoito,385A,0,+,,,,,N,15S02,,03X04,,,,<29,,<6,,fin
11508092207,015D8034022,385A,Vastasyntyneen lyhyt sairaalahoito,385A,0,+,,,,,N,15S02,,15X98,,,,<29,,<6,,fin
11508100000,015D810000,386N,"Vastasyntynyt, syntymäpaino alle 1000 g",386N,0,+,,,,,,,,15X23,,,,<8,,,,den/est/fin/ice/lat/nor
11508101000,015D810100,386N,"Vastasyntynyt, syntymäpaino alle 1000 g",386N,0,+,,,,,,15S02,,15X23,,,,<29,,,,den/est/fin/ice/lat/nor
11508110001,015D8110001,387N,"Vastasyntynyt, syntymäpaino 1000-1499 g",387N,0,+,,,,,,,,15X24,,,,<8,,,,fin
11508111001,015D8111001,387N,"Vastasyntynyt, syntymäpaino 1000-1499 g",387N,0,+,,,,,,15S02,,15X24,,,,<29,,,,fin
11508121000,015D812100,388C,Keskosen vakava hengitysongelma,388C,0,+,,,,,,,-15S01,15X25,15X40,,,<8,,,,den/est/fin/ice/lat/nor
11508123000,015D812300,388C,Keskosen vakava hengitysongelma,388C,0,+,,,,,,15S02,-15S01,15X25,15X40,,,<29,,,,den/est/fin/ice/lat/nor
11508160000,015D816000,388A,"Vastasyntynyt, syntymäpaino 1500 - 2499 g, useiden elinjärjestelmien ongelmia",388A,0,+,,,,,,,,15X25,15X31,15X32,,<8,,,,den/est/fin/ice/lat/nor
11508160100,015D816010,388A,"Vastasyntynyt, syntymäpaino 1500 - 2499 g, useiden elinjärjestelmien ongelmia",388A,0,+,,,,,,15S02,,15X25,15X31,15X32,,<29,,,,den/est/fin/ice/lat/nor
11508160200,015D816020,388A,"Vastasyntynyt, syntymäpaino 1500 - 2499 g, useiden elinjärjestelmien ongelmia",388A,0,+,,,,,,,,15X25,15X31,15X33,,<8,,,,den/est/fin/ice/lat/nor
11508160300,015D816030,388A,"Vastasyntynyt, syntymäpaino 1500 - 2499 g, useiden elinjärjestelmien ongelmia",388A,0,+,,,,,,15S02,,15X25,15X31,15X33,,<29,,,,den/est/fin/ice/lat/nor
11508160400,015D816040,388A,"Vastasyntynyt, syntymäpaino 1500 - 2499 g, useiden elinjärjestelmien ongelmia",388A,0,+,,,,,,,,15X25,15X31,15X34,,<8,,,,den/est/fin/ice/lat/nor
11508160500,015D816050,388A,"Vastasyntynyt, syntymäpaino 1500 - 2499 g, useiden elinjärjestelmien ongelmia",388A,0,+,,,,,,15S02,,15X25,15X31,15X34,,<29,,,,den/est/fin/ice/lat/nor
11508160600,015D816060,388A,"Vastasyntynyt, syntymäpaino 1500 - 2499 g, useiden elinjärjestelmien ongelmia",388A,0,+,,,,,,,,15X25,15X31,15X35,,<8,,,,den/est/fin/ice/lat/nor
11508160700,015D816070,388A,"Vastasyntynyt, syntymäpaino 1500 - 2499 g, useiden elinjärjestelmien ongelmia",388A,0,+,,,,,,15S02,,15X25,15X31,15X35,,<29,,,,den/est/fin/ice/lat/nor
11508160800,015D816080,388A,"Vastasyntynyt, syntymäpaino 1500 - 2499 g, useiden elinjärjestelmien ongelmia",388A,0,+,,,,,,,,15X25,15X31,15X36,,<8,,,,den/est/fin/ice/lat/nor
11508160900,015D816090,388A,"Vastasyntynyt, syntymäpaino 1500 - 2499 g, useiden elinjärjestelmien ongelmia",388A,0,+,,,,,,15S02,,15X25,15X31,15X36,,<29,,,,den/est/fin/ice/lat/nor
11508161000,015D816100,388A,"Vastasyntynyt, syntymäpaino 1500 - 2499 g, useiden elinjärjestelmien ongelmia",388A,0,+,,,,,,,,15X25,15X31,15X37,,<8,,,,den/est/fin/ice/lat/nor
11508161100,015D816110,388A,"Vastasyntynyt, syntymäpaino 1500 - 2499 g, useiden elinjärjestelmien ongelmia",388A,0,+,,,,,,15S02,,15X25,15X31,15X37,,<29,,,,den/est/fin/ice/lat/nor
11508161200,015D816120,388A,"Vastasyntynyt, syntymäpaino 1500 - 2499 g, useiden elinjärjestelmien ongelmia",388A,0,+,,,,,,,,15X25,15X31,03X04,,<8,,,,den/est/fin/ice/lat/nor
11508161300,015D816130,388A,"Vastasyntynyt, syntymäpaino 1500 - 2499 g, useiden elinjärjestelmien ongelmia",388A,0,+,,,,,,15S02,,15X25,15X31,03X04,,<29,,,,den/est/fin/ice/lat/nor
11508161400,015D816140,388A,"Vastasyntynyt, syntymäpaino 1500 - 2499 g, useiden elinjärjestelmien ongelmia",388A,0,+,,,,,,,,15X25,15X32,15X33,,<8,,,,den/est/fin/ice/lat/nor
11508161500,015D816150,388A,"Vastasyntynyt, syntymäpaino 1500 - 2499 g, useiden elinjärjestelmien ongelmia",388A,0,+,,,,,,15S02,,15X25,15X32,15X33,,<29,,,,den/est/fin/ice/lat/nor
11508161600,015D816160,388A,"Vastasyntynyt, syntymäpaino 1500 - 2499 g, useiden elinjärjestelmien ongelmia",388A,0,+,,,,,,,,15X25,15X32,15X34,,<8,,,,den/est/fin/ice/lat/nor
11508161700,015D816170,388A,"Vastasyntynyt, syntymäpaino 1500 - 2499 g, useiden elinjärjestelmien ongelmia",388A,0,+,,,,,,15S02,,15X25,15X32,15X34,,<29,,,,den/est/fin/ice/lat/nor
11508161800,015D816180,388A,"Vastasyntynyt, syntymäpaino 1500 - 2499 g, useiden elinjärjestelmien ongelmia",388A,0,+,,,,,,,,15X25,15X32,15X35,,<8,,,,den/est/fin/ice/lat/nor
11508161900,015D816190,388A,"Vastasyntynyt, syntymäpaino 1500 - 2499 g, useiden elinjärjestelmien ongelmia",388A,0,+,,,,,,15S02,,15X25,15X32,15X35,,<29,,,,den/est/fin/ice/lat/nor
11508162000,015D816200,388A,"Vastasyntynyt, syntymäpaino 1500 - 2499 g, useiden elinjärjestelmien ongelmia",388A,0,+,,,,,,,,15X25,15X32,15X36,,<8,,,,den/est/fin/ice/lat/nor
11508162100,015D816210,388A,"Vastasyntynyt, syntymäpaino 1500 - 2499 g, useiden elinjärjestelmien ongelmia",388A,0,+,,,,,,15S02,,15X25,15X32,15X36,,<29,,,,den/est/fin/ice/lat/nor
11508162200,015D816220,388A,"Vastasyntynyt, syntymäpaino 1500 - 2499 g, useiden elinjärjestelmien ongelmia",388A,0,+,,,,,,,,15X25,15X32,15X37,,<8,,,,den/est/fin/ice/lat/nor
11508162300,015D816230,388A,"Vastasyntynyt, syntymäpaino 1500 - 2499 g, useiden elinjärjestelmien ongelmia",388A,0,+,,,,,,15S02,,15X25,15X32,15X37,,<29,,,,den/est/fin/ice/lat/nor
11508162400,015D816240,388A,"Vastasyntynyt, syntymäpaino 1500 - 2499 g, useiden elinjärjestelmien ongelmia",388A,0,+,,,,,,,,15X25,15X32,03X04,,<8,,,,den/est/fin/ice/lat/nor
11508162500,015D816250,388A,"Vastasyntynyt, syntymäpaino 1500 - 2499 g, useiden elinjärjestelmien ongelmia",388A,0,+,,,,,,15S02,,15X25,15X32,03X04,,<29,,,,den/est/fin/ice/lat/nor
11508162600,015D816260,388A,"Vastasyntynyt, syntymäpaino 1500 - 2499 g, useiden elinjärjestelmien ongelmia",388A,0,+,,,,,,,,15X25,15X33,15X34,,<8,,,,den/est/fin/ice/lat/nor
11508162700,015D816270,388A,"Vastasyntynyt, syntymäpaino 1500 - 2499 g, useiden elinjärjestelmien ongelmia",388A,0,+,,,,,,15S02,,15X25,15X33,15X34,,<29,,,,den/est/fin/ice/lat/nor
11508162800,015D816280,388A,"Vastasyntynyt, syntymäpaino 1500 - 2499 g, useiden elinjärjestelmien ongelmia",388A,0,+,,,,,,,,15X25,15X33,15X35,,<8,,,,den/est/fin/ice/lat/nor
11508162900,015D816290,388A,"Vastasyntynyt, syntymäpaino 1500 - 2499 g, useiden elinjärjestelmien ongelmia",388A,0,+,,,,,,15S02,,15X25,15X33,15X35,,<29,,,,den/est/fin/ice/lat/nor
11508163000,015D816300,388A,"Vastasyntynyt, syntymäpaino 1500 - 2499 g, useiden elinjärjestelmien ongelmia",388A,0,+,,,,,,,,15X25,15X33,15X36,,<8,,,,den/est/fin/ice/lat/nor
11508163100,015D816310,388A,"Vastasyntynyt, syntymäpaino 1500 - 2499 g, useiden elinjärjestelmien ongelmia",388A,0,+,,,,,,15S02,,15X25,15X33,15X36,,<29,,,,den/est/fin/ice/lat/nor
11508163200,015D816320,388A,"Vastasyntynyt, syntymäpaino 1500 - 2499 g, useiden elinjärjestelmien ongelmia",388A,0,+,,,,,,,,15X25,15X33,15X37,,<8,,,,den/est/fin/ice/lat/nor
11508163300,015D816330,388A,"Vastasyntynyt, syntymäpaino 1500 - 2499 g, useiden elinjärjestelmien ongelmia",388A,0,+,,,,,,15S02,,15X25,15X33,15X37,,<29,,,,den/est/fin/ice/lat/nor
11508163400,015D816340,388A,"Vastasyntynyt, syntymäpaino 1500 - 2499 g, useiden elinjärjestelmien ongelmia",388A,0,+,,,,,,,,15X25,15X33,03X04,,<8,,,,den/est/fin/ice/lat/nor
11508163500,015D816350,388A,"Vastasyntynyt, syntymäpaino 1500 - 2499 g, useiden elinjärjestelmien ongelmia",388A,0,+,,,,,,15S02,,15X25,15X33,03X04,,<29,,,,den/est/fin/ice/lat/nor
11508163600,015D816360,388A,"Vastasyntynyt, syntymäpaino 1500 - 2499 g, useiden elinjärjestelmien ongelmia",388A,0,+,,,,,,,,15X25,15X34,15X35,,<8,,,,den/est/fin/ice/lat/nor
11508163700,015D816370,388A,"Vastasyntynyt, syntymäpaino 1500 - 2499 g, useiden elinjärjestelmien ongelmia",388A,0,+,,,,,,15S02,,15X25,15X34,15X35,,<29,,,,den/est/fin/ice/lat/nor
11508163800,015D816380,388A,"Vastasyntynyt, syntymäpaino 1500 - 2499 g, useiden elinjärjestelmien ongelmia",388A,0,+,,,,,,,,15X25,15X34,15X36,,<8,,,,den/est/fin/ice/lat/nor
11508163900,015D816390,388A,"Vastasyntynyt, syntymäpaino 1500 - 2499 g, useiden elinjärjestelmien ongelmia",388A,0,+,,,,,,15S02,,15X25,15X34,15X36,,<29,,,,den/est/fin/ice/lat/nor
11508164000,015D816400,388A,"Vastasyntynyt, syntymäpaino 1500 - 2499 g, useiden elinjärjestelmien ongelmia",388A,0,+,,,,,,,,15X25,15X34,15X37,,<8,,,,den/est/fin/ice/lat/nor
11508164100,015D816410,388A,"Vastasyntynyt, syntymäpaino 1500 - 2499 g, useiden elinjärjestelmien ongelmia",388A,0,+,,,,,,15S02,,15X25,15X34,15X37,,<29,,,,den/est/fin/ice/lat/nor
11508164200,015D816420,388A,"Vastasyntynyt, syntymäpaino 1500 - 2499 g, useiden elinjärjestelmien ongelmia",388A,0,+,,,,,,,,15X25,15X34,03X04,,<8,,,,den/est/fin/ice/lat/nor
11508164300,015D816430,388A,"Vastasyntynyt, syntymäpaino 1500 - 2499 g, useiden elinjärjestelmien ongelmia",388A,0,+,,,,,,15S02,,15X25,15X34,03X04,,<29,,,,den/est/fin/ice/lat/nor
11508164400,015D816440,388A,"Vastasyntynyt, syntymäpaino 1500 - 2499 g, useiden elinjärjestelmien ongelmia",388A,0,+,,,,,,,,15X25,15X35,15X36,,<8,,,,den/est/fin/ice/lat/nor
11508164500,015D816450,388A,"Vastasyntynyt, syntymäpaino 1500 - 2499 g, useiden elinjärjestelmien ongelmia",388A,0,+,,,,,,15S02,,15X25,15X35,15X36,,<29,,,,den/est/fin/ice/lat/nor
11508164600,015D816460,388A,"Vastasyntynyt, syntymäpaino 1500 - 2499 g, useiden elinjärjestelmien ongelmia",388A,0,+,,,,,,,,15X25,15X35,15X37,,<8,,,,den/est/fin/ice/lat/nor
11508164700,015D816470,388A,"Vastasyntynyt, syntymäpaino 1500 - 2499 g, useiden elinjärjestelmien ongelmia",388A,0,+,,,,,,15S02,,15X25,15X35,15X37,,<29,,,,den/est/fin/ice/lat/nor
11508164800,015D816480,388A,"Vastasyntynyt, syntymäpaino 1500 - 2499 g, useiden elinjärjestelmien ongelmia",388A,0,+,,,,,,,,15X25,15X35,03X04,,<8,,,,den/est/fin/ice/lat/nor
11508164900,015D816490,388A,"Vastasyntynyt, syntymäpaino 1500 - 2499 g, useiden elinjärjestelmien ongelmia",388A,0,+,,,,,,15S02,,15X25,15X35,03X04,,<29,,,,den/est/fin/ice/lat/nor
11508165000,015D816500,388A,"Vastasyntynyt, syntymäpaino 1500 - 2499 g, useiden elinjärjestelmien ongelmia",388A,0,+,,,,,,,,15X25,15X36,15X37,,<8,,,,den/est/fin/ice/lat/nor
11508165100,015D816510,388A,"Vastasyntynyt, syntymäpaino 1500 - 2499 g, useiden elinjärjestelmien ongelmia",388A,0,+,,,,,,15S02,,15X25,15X36,15X37,,<29,,,,den/est/fin/ice/lat/nor
11508165200,015D816520,388A,"Vastasyntynyt, syntymäpaino 1500 - 2499 g, useiden elinjärjestelmien ongelmia",388A,0,+,,,,,,,,15X25,15X36,03X04,,<8,,,,den/est/fin/ice/lat/nor
11508165300,015D816530,388A,"Vastasyntynyt, syntymäpaino 1500 - 2499 g, useiden elinjärjestelmien ongelmia",388A,0,+,,,,,,15S02,,15X25,15X36,03X04,,<29,,,,den/est/fin/ice/lat/nor
11508165400,015D816540,388A,"Vastasyntynyt, syntymäpaino 1500 - 2499 g, useiden elinjärjestelmien ongelmia",388A,0,+,,,,,,,,15X25,15X37,03X04,,<8,,,,den/est/fin/ice/lat/nor
11508165500,015D816550,388A,"Vastasyntynyt, syntymäpaino 1500 - 2499 g, useiden elinjärjestelmien ongelmia",388A,0,+,,,,,,15S02,,15X25,15X37,03X04,,<29,,,,den/est/fin/ice/lat/nor
11508170000,015D817000,389A,"Vastasyntynyt, laaja leikkaus",389A,0,+,,,,,S,15S01,,,,,,<29,,,,den/est/fin/ice/lat/nor
11508170500,015D817050,389A,"Vastasyntynyt, laaja leikkaus",389A,0,+,,,,,S,15S01,,15X23,,,,<100,,>0,,den/est/fin/ice/lat/nor/swe
11508170600,015D817060,389A,"Vastasyntynyt, laaja leikkaus",389A,0,+,,,,,S,15S01,,15X24,,,,<100,,>0,,den/est/fin/lat/nor/swe
11508170700,015D817070,389A,"Vastasyntynyt, laaja leikkaus",389A,0,+,,,,,S,15S01,,15X25,,,,<100,,>0,,den/est/fin/ice/lat/nor/swe
11508180000,015D818000,389C,Täysiaikaisen vastasyntyneen vakava hengitysongelma,389C,0,+,,,,,,,,15X40,,,,<8,,,,den/est/fin/ice/lat/nor
11508180100,015D818010,389C,Täysiaikaisen vastasyntyneen vakava hengitysongelma,389C,0,+,,,,,,15S02,,15X40,,,,<29,,,,den/est/fin/ice/lat/nor
11508190000,015D819000,389B,"Vastasyntynyt, syntymäpaino 2500 g tai enemmän, useiden elinjärjestelmien ongelmia",389B,0,+,,,,,,,,15X31,15X32,,,<8,,,,den/est/fin/ice/lat/nor
11508190100,015D819010,389B,"Vastasyntynyt, syntymäpaino 2500 g tai enemmän, useiden elinjärjestelmien ongelmia",389B,0,+,,,,,,15S02,,15X31,15X32,,,<29,,,,den/est/fin/ice/lat/nor
11508190200,015D819020,389B,"Vastasyntynyt, syntymäpaino 2500 g tai enemmän, useiden elinjärjestelmien ongelmia",389B,0,+,,,,,,,,15X31,15X33,,,<8,,,,den/est/fin/ice/lat/nor
11508190300,015D819030,389B,"Vastasyntynyt, syntymäpaino 2500 g tai enemmän, useiden elinjärjestelmien ongelmia",389B,0,+,,,,,,15S02,,15X31,15X33,,,<29,,,,den/est/fin/ice/lat/nor
11508190400,015D819040,389B,"Vastasyntynyt, syntymäpaino 2500 g tai enemmän, useiden elinjärjestelmien ongelmia",389B,0,+,,,,,,,,15X31,15X34,,,<8,,,,den/est/fin/ice/lat/nor
11508190500,015D819050,389B,"Vastasyntynyt, syntymäpaino 2500 g tai enemmän, useiden elinjärjestelmien ongelmia",389B,0,+,,,,,,15S02,,15X31,15X34,,,<29,,,,den/est/fin/ice/lat/nor
11508190600,015D819060,389B,"Vastasyntynyt, syntymäpaino 2500 g tai enemmän, useiden elinjärjestelmien ongelmia",389B,0,+,,,,,,,,15X31,15X35,,,<8,,,,den/est/fin/ice/lat/nor
11508190700,015D819070,389B,"Vastasyntynyt, syntymäpaino 2500 g tai enemmän, useiden elinjärjestelmien ongelmia",389B,0,+,,,,,,15S02,,15X31,15X35,,,<29,,,,den/est/fin/ice/lat/nor
11508190800,015D819080,389B,"Vastasyntynyt, syntymäpaino 2500 g tai enemmän, useiden elinjärjestelmien ongelmia",389B,0,+,,,,,,,,15X31,15X36,,,<8,,,,den/est/fin/ice/lat/nor
11508190900,015D819090,389B,"Vastasyntynyt, syntymäpaino 2500 g tai enemmän, useiden elinjärjestelmien ongelmia",389B,0,+,,,,,,15S02,,15X31,15X36,,,<29,,,,den/est/fin/ice/lat/nor
11508191000,015D819100,389B,"Vastasyntynyt, syntymäpaino 2500 g tai enemmän, useiden elinjärjestelmien ongelmia",389B,0,+,,,,,,,,15X31,15X37,,,<8,,,,den/est/fin/ice/lat/nor
11508191100,015D819110,389B,"Vastasyntynyt, syntymäpaino 2500 g tai enemmän, useiden elinjärjestelmien ongelmia",389B,0,+,,,,,,15S02,,15X31,15X37,,,<29,,,,den/est/fin/ice/lat/nor
11508191200,015D819120,389B,"Vastasyntynyt, syntymäpaino 2500 g tai enemmän, useiden elinjärjestelmien ongelmia",389B,0,+,,,,,,,,15X31,03X04,,,<8,,,,den/est/fin/ice/lat/nor
11508191300,015D819130,389B,"Vastasyntynyt, syntymäpaino 2500 g tai enemmän, useiden elinjärjestelmien ongelmia",389B,0,+,,,,,,15S02,,15X31,03X04,,,<29,,,,den/est/fin/ice/lat/nor
11508191400,015D819140,389B,"Vastasyntynyt, syntymäpaino 2500 g tai enemmän, useiden elinjärjestelmien ongelmia",389B,0,+,,,,,,,,15X32,15X33,,,<8,,,,den/est/fin/ice/lat/nor
11508191500,015D819150,389B,"Vastasyntynyt, syntymäpaino 2500 g tai enemmän, useiden elinjärjestelmien ongelmia",389B,0,+,,,,,,15S02,,15X32,15X33,,,<29,,,,den/est/fin/ice/lat/nor
11508191600,015D819160,389B,"Vastasyntynyt, syntymäpaino 2500 g tai enemmän, useiden elinjärjestelmien ongelmia",389B,0,+,,,,,,,,15X32,15X34,,,<8,,,,den/est/fin/ice/lat/nor
11508191700,015D819170,389B,"Vastasyntynyt, syntymäpaino 2500 g tai enemmän, useiden elinjärjestelmien ongelmia",389B,0,+,,,,,,15S02,,15X32,15X34,,,<29,,,,den/est/fin/ice/lat/nor
11508191800,015D819180,389B,"Vastasyntynyt, syntymäpaino 2500 g tai enemmän, useiden elinjärjestelmien ongelmia",389B,0,+,,,,,,,,15X32,15X35,,,<8,,,,den/est/fin/ice/lat/nor
11508191900,015D819190,389B,"Vastasyntynyt, syntymäpaino 2500 g tai enemmän, useiden elinjärjestelmien ongelmia",389B,0,+,,,,,,15S02,,15X32,15X35,,,<29,,,,den/est/fin/ice/lat/nor
11508192000,015D819200,389B,"Vastasyntynyt, syntymäpaino 2500 g tai enemmän, useiden elinjärjestelmien ongelmia",389B,0,+,,,,,,,,15X32,15X36,,,<8,,,,den/est/fin/ice/lat/nor
11508192100,015D819210,389B,"Vastasyntynyt, syntymäpaino 2500 g tai enemmän, useiden elinjärjestelmien ongelmia",389B,0,+,,,,,,15S02,,15X32,15X36,,,<29,,,,den/est/fin/ice/lat/nor
11508192200,015D819220,389B,"Vastasyntynyt, syntymäpaino 2500 g tai enemmän, useiden elinjärjestelmien ongelmia",389B,0,+,,,,,,,,15X32,15X37,,,<8,,,,den/est/fin/ice/lat/nor
11508192300,015D819230,389B,"Vastasyntynyt, syntymäpaino 2500 g tai enemmän, useiden elinjärjestelmien ongelmia",389B,0,+,,,,,,15S02,,15X32,15X37,,,<29,,,,den/est/fin/ice/lat/nor
11508192400,015D819240,389B,"Vastasyntynyt, syntymäpaino 2500 g tai enemmän, useiden elinjärjestelmien ongelmia",389B,0,+,,,,,,,,15X32,03X04,,,<8,,,,den/est/fin/ice/lat/nor
11508192500,015D819250,389B,"Vastasyntynyt, syntymäpaino 2500 g tai enemmän, useiden elinjärjestelmien ongelmia",389B,0,+,,,,,,15S02,,15X32,03X04,,,<29,,,,den/est/fin/ice/lat/nor
11508192600,015D819260,389B,"Vastasyntynyt, syntymäpaino 2500 g tai enemmän, useiden elinjärjestelmien ongelmia",389B,0,+,,,,,,,,15X33,15X34,,,<8,,,,den/est/fin/ice/lat/nor
11508192700,015D819270,389B,"Vastasyntynyt, syntymäpaino 2500 g tai enemmän, useiden elinjärjestelmien ongelmia",389B,0,+,,,,,,15S02,,15X33,15X34,,,<29,,,,den/est/fin/ice/lat/nor
11508192800,015D819280,389B,"Vastasyntynyt, syntymäpaino 2500 g tai enemmän, useiden elinjärjestelmien ongelmia",389B,0,+,,,,,,,,15X33,15X35,,,<8,,,,den/est/fin/ice/lat/nor
11508192900,015D819290,389B,"Vastasyntynyt, syntymäpaino 2500 g tai enemmän, useiden elinjärjestelmien ongelmia",389B,0,+,,,,,,15S02,,15X33,15X35,,,<29,,,,den/est/fin/ice/lat/nor
11508193000,015D819300,389B,"Vastasyntynyt, syntymäpaino 2500 g tai enemmän, useiden elinjärjestelmien ongelmia",389B,0,+,,,,,,,,15X33,15X36,,,<8,,,,den/est/fin/ice/lat/nor
11508193100,015D819310,389B,"Vastasyntynyt, syntymäpaino 2500 g tai enemmän, useiden elinjärjestelmien ongelmia",389B,0,+,,,,,,15S02,,15X33,15X36,,,<29,,,,den/est/fin/ice/lat/nor
11508193200,015D819320,389B,"Vastasyntynyt, syntymäpaino 2500 g tai enemmän, useiden elinjärjestelmien ongelmia",389B,0,+,,,,,,,,15X33,15X37,,,<8,,,,den/est/fin/ice/lat/nor
11508193300,015D819330,389B,"Vastasyntynyt, syntymäpaino 2500 g tai enemmän, useiden elinjärjestelmien ongelmia",389B,0,+,,,,,,15S02,,15X33,15X37,,,<29,,,,den/est/fin/ice/lat/nor
11508193400,015D819340,389B,"Vastasyntynyt, syntymäpaino 2500 g tai enemmän, useiden elinjärjestelmien ongelmia",389B,0,+,,,,,,,,15X33,03X04,,,<8,,,,den/est/fin/ice/lat/nor
11508193500,015D819350,389B,"Vastasyntynyt, syntymäpaino 2500 g tai enemmän, useiden elinjärjestelmien ongelmia",389B,0,+,,,,,,15S02,,15X33,03X04,,,<29,,,,den/est/fin/ice/lat/nor
11508193600,015D819360,389B,"Vastasyntynyt, syntymäpaino 2500 g tai enemmän, useiden elinjärjestelmien ongelmia",389B,0,+,,,,,,,,15X34,15X35,,,<8,,,,den/est/fin/ice/lat/nor
11508193700,015D819370,389B,"Vastasyntynyt, syntymäpaino 2500 g tai enemmän, useiden elinjärjestelmien ongelmia",389B,0,+,,,,,,15S02,,15X34,15X35,,,<29,,,,den/est/fin/ice/lat/nor
11508193800,015D819380,389B,"Vastasyntynyt, syntymäpaino 2500 g tai enemmän, useiden elinjärjestelmien ongelmia",389B,0,+,,,,,,,,15X34,15X36,,,<8,,,,den/est/fin/ice/lat/nor
11508193900,015D819390,389B,"Vastasyntynyt, syntymäpaino 2500 g tai enemmän, useiden elinjärjestelmien ongelmia",389B,0,+,,,,,,15S02,,15X34,15X36,,,<29,,,,den/est/fin/ice/lat/nor
11508194000,015D819400,389B,"Vastasyntynyt, syntymäpaino 2500 g tai enemmän, useiden elinjärjestelmien ongelmia",389B,0,+,,,,,,,,15X34,15X37,,,<8,,,,den/est/fin/ice/lat/nor
11508194100,015D819410,389B,"Vastasyntynyt, syntymäpaino 2500 g tai enemmän, useiden elinjärjestelmien ongelmia",389B,0,+,,,,,,15S02,,15X34,15X37,,,<29,,,,den/est/fin/ice/lat/nor
11508194200,015D819420,389B,"Vastasyntynyt, syntymäpaino 2500 g tai enemmän, useiden elinjärjestelmien ongelmia",389B,0,+,,,,,,,,15X34,03X04,,,<8,,,,den/est/fin/ice/lat/nor
11508194300,015D819430,389B,"Vastasyntynyt, syntymäpaino 2500 g tai enemmän, useiden elinjärjestelmien ongelmia",389B,0,+,,,,,,15S02,,15X34,03X04,,,<29,,,,den/est/fin/ice/lat/nor
11508194400,015D819440,389B,"Vastasyntynyt, syntymäpaino 2500 g tai enemmän, useiden elinjärjestelmien ongelmia",389B,0,+,,,,,,,,15X35,15X36,,,<8,,,,den/est/fin/ice/lat/nor
11508194500,015D819450,389B,"Vastasyntynyt, syntymäpaino 2500 g tai enemmän, useiden elinjärjestelmien ongelmia",389B,0,+,,,,,,15S02,,15X35,15X36,,,<29,,,,den/est/fin/ice/lat/nor
11508194600,015D819460,389B,"Vastasyntynyt, syntymäpaino 2500 g tai enemmän, useiden elinjärjestelmien ongelmia",389B,0,+,,,,,,,,15X35,15X37,,,<8,,,,den/est/fin/ice/lat/nor
11508194700,015D819470,389B,"Vastasyntynyt, syntymäpaino 2500 g tai enemmän, useiden elinjärjestelmien ongelmia",389B,0,+,,,,,,15S02,,15X35,15X37,,,<29,,,,den/est/fin/ice/lat/nor
11508194800,015D819480,389B,"Vastasyntynyt, syntymäpaino 2500 g tai enemmän, useiden elinjärjestelmien ongelmia",389B,0,+,,,,,,,,15X35,03X04,,,<8,,,,den/est/fin/ice/lat/nor
11508194900,015D819490,389B,"Vastasyntynyt, syntymäpaino 2500 g tai enemmän, useiden elinjärjestelmien ongelmia",389B,0,+,,,,,,15S02,,15X35,03X04,,,<29,,,,den/est/fin/ice/lat/nor
11508195000,015D819500,389B,"Vastasyntynyt, syntymäpaino 2500 g tai enemmän, useiden elinjärjestelmien ongelmia",389B,0,+,,,,,,,,15X36,15X37,,,<8,,,,den/est/fin/ice/lat/nor
11508195100,015D819510,389B,"Vastasyntynyt, syntymäpaino 2500 g tai enemmän, useiden elinjärjestelmien ongelmia",389B,0,+,,,,,,15S02,,15X36,15X37,,,<29,,,,den/est/fin/ice/lat/nor
11508195200,015D819520,389B,"Vastasyntynyt, syntymäpaino 2500 g tai enemmän, useiden elinjärjestelmien ongelmia",389B,0,+,,,,,,,,15X36,03X04,,,<8,,,,den/est/fin/ice/lat/nor
11508195300,015D819530,389B,"Vastasyntynyt, syntymäpaino 2500 g tai enemmän, useiden elinjärjestelmien ongelmia",389B,0,+,,,,,,15S02,,15X36,03X04,,,<29,,,,den/est/fin/ice/lat/nor
11508195400,015D819540,389B,"Vastasyntynyt, syntymäpaino 2500 g tai enemmän, useiden elinjärjestelmien ongelmia",389B,0,+,,,,,,,,15X37,03X04,,,<8,,,,den/est/fin/ice/lat/nor
11508195500,015D819550,389B,"Vastasyntynyt, syntymäpaino 2500 g tai enemmän, useiden elinjärjestelmien ongelmia",389B,0,+,,,,,,15S02,,15X37,03X04,,,<29,,,,den/est/fin/ice/lat/nor
11508220000,015D822000,388B,"Vastasyntynyt, syntymäpaino 1500 - 2499 g, ei useiden elinjärjestelmien ongelmia",388B,0,+,,,,,,,,15X25,,,,<8,,,,den/est/fin/ice/lat/nor
11508221000,015D822100,388B,"Vastasyntynyt, syntymäpaino 1500 - 2499 g, ei useiden elinjärjestelmien ongelmia",388B,0,+,,,,,,15S02,,15X25,,,,<29,,,,den/est/fin/ice/lat/nor
11508222000,015D822200,385B,"Vastasyntyneen jatkohoito tai myöhään ilmenevä neonataalinen ongelma, syntymäpaino 1000 g tai enemmän",385B,0,+,15.0,,,,N,,,,,,,>7,,,,den/est/fin/ice/lat/nor
11508222005,015D8222005,385B,"Vastasyntyneen jatkohoito tai myöhään ilmenevä neonataalinen ongelma, syntymäpaino 1000 g tai enemmän",385B,0,+,,,10P05,,N,,,,,,,>7,,>0,,swe/est/fin/ice/lat/nor
11508250000,015D825000,390,"Vastasyntynyt, syntymäpaino 2500 g tai enemmän, muu merkittävä ongelma",390X,0,+,,,,,,15S03,,,,,,<8,,,,den/est/ice/lat/nor/fin
11508251000,015D825100,390,"Vastasyntynyt, syntymäpaino 2500 g tai enemmän, muu merkittävä ongelma",390X,0,+,,,,,,15S03,15S02,,,,,<29,,,,den/est/ice/lat/nor/fin
11508270000,015D827000,390,"Vastasyntynyt, syntymäpaino 2500 g tai enemmän, muu merkittävä ongelma",390X,0,+,,,,,N,,,15X31,,,,<8,,,,den/est/ice/lat/nor/fin
11508270100,015D827010,390,"Vastasyntynyt, syntymäpaino 2500 g tai enemmän, muu merkittävä ongelma",390X,0,+,,,,,N,,,15X32,,,,<8,,,,den/est/ice/lat/nor/fin
11508270200,015D827020,390,"Vastasyntynyt, syntymäpaino 2500 g tai enemmän, muu merkittävä ongelma",390X,0,+,,,,,N,,,15X33,,,,<8,,,,den/est/ice/lat/nor/fin
11508270300,015D827030,390,"Vastasyntynyt, syntymäpaino 2500 g tai enemmän, muu merkittävä ongelma",390X,0,+,,,,,N,,,15X34,,,,<8,,,,den/est/ice/lat/nor/fin
11508270400,015D827040,390,"Vastasyntynyt, syntymäpaino 2500 g tai enemmän, muu merkittävä ongelma",390X,0,+,,,,,N,,,15X35,,,,<8,,,,den/est/ice/lat/nor/fin
11508270500,015D827050,390,"Vastasyntynyt, syntymäpaino 2500 g tai enemmän, muu merkittävä ongelma",390X,0,+,,,,,N,,,15X36,,,,<8,,,,den/est/ice/lat/nor/fin
11508270600,015D827060,390,"Vastasyntynyt, syntymäpaino 2500 g tai enemmän, muu merkittävä ongelma",390X,0,+,,,,,N,,,15X37,,,,<8,,,,den/est/ice/lat/nor/fin
11508270700,015D827070,390,"Vastasyntynyt, syntymäpaino 2500 g tai enemmän, muu merkittävä ongelma",390X,0,+,,,,,N,,,03X04,,,,<8,,,,den/est/ice/lat/nor/fin
11508270800,015D827080,390,"Vastasyntynyt, syntymäpaino 2500 g tai enemmän, muu merkittävä ongelma",390X,0,+,,,,,N,,,15X98,,,,<8,,,,den/est/ice/lat/nor/fin
11508270900,015D827090,390,"Vastasyntynyt, syntymäpaino 2500 g tai enemmän, muu merkittävä ongelma",390X,0,+,,,,,N,15S02,,15X31,,,,<29,,,,den/est/ice/lat/nor/fin
11508271000,015D827100,390,"Vastasyntynyt, syntymäpaino 2500 g tai enemmän, muu merkittävä ongelma",390X,0,+,,,,,N,15S02,,15X32,,,,<29,,,,den/est/ice/lat/nor/fin
11508271100,015D827110,390,"Vastasyntynyt, syntymäpaino 2500 g tai enemmän, muu merkittävä ongelma",390X,0,+,,,,,N,15S02,,15X33,,,,<29,,,,den/est/ice/lat/nor/fin
11508271200,015D827120,390,"Vastasyntynyt, syntymäpaino 2500 g tai enemmän, muu merkittävä ongelma",390X,0,+,,,,,N,15S02,,15X34,,,,<29,,,,den/est/ice/lat/nor/fin
11508271300,015D827130,390,"Vastasyntynyt, syntymäpaino 2500 g tai enemmän, muu merkittävä ongelma",390X,0,+,,,,,N,15S02,,15X35,,,,<29,,,,den/est/ice/lat/nor/fin
11508271400,015D827140,390,"Vastasyntynyt, syntymäpaino 2500 g tai enemmän, muu merkittävä ongelma",390X,0,+,,,,,N,15S02,,15X36,,,,<29,,,,den/est/ice/lat/nor/fin
11508271500,015D827150,390,"Vastasyntynyt, syntymäpaino 2500 g tai enemmän, muu merkittävä ongelma",390X,0,+,,,,,N,15S02,,15X37,,,,<29,,,,den/est/ice/lat/nor/fin
11508271600,015D827160,390,"Vastasyntynyt, syntymäpaino 2500 g tai enemmän, muu merkittävä ongelma",390X,0,+,,,,,N,15S02,,03X04,,,,<29,,,,den/est/ice/lat/nor/fin
11508271700,015D827170,390,"Vastasyntynyt, syntymäpaino 2500 g tai enemmän, muu merkittävä ongelma",390X,0,+,,,,,N,15S02,,15X98,,,,<29,,,,den/est/ice/lat/nor/fin
11508280000,015D828000,391,Normaali vastasyntynyt,391X,0,+,,,,,N,,,15X91,,,,<29,,,,den/est/fin/ice/lat/nor
11508281000,015D828100,391,Normaali vastasyntynyt,391X,0,+,15.0,,,,N,,,,,,,,,,,den/est/fin/ice/lat/nor
30002000000,100D200000,481P,"Allogeeninen kantasolusiirto, lyhyt hoito",481P,0,+,,,,,,17S03,,,,,,,,<2,N,den/fin/ice/lat/nor
30002000100,100D200010,481O,"Muu kantasolusiirto, lyhyt hoito",481O,0,+,,,,,,17S04,,,,,,,,<2,N,den/fin/ice/lat/nor
30004000000,100D400000,063O,"Muu korvan, nenän tai kurkun alueen toimenpide, lyhyt hoito",063O,0,+,,,00P11,,S,00S03,,,,,,,,<2,N,est/fin/ice/lat/nor
30004001000,100D400100,063O,"Muu korvan, nenän tai kurkun alueen toimenpide, lyhyt hoito",063O,0,+,,,,,S,00S03,00S05,,,,,,,<2,N,est/fin/ice/lat/nor
30005001110,100D500111,003O,"Kallonsisäinen toimenpide, lyhyt hoito",003O,0,+,,,24P01,,S,21S04,,24X11,24X21,,,,,<2,N,fin
30005001210,100D500121,003O,"Kallonsisäinen toimenpide, lyhyt hoito",003O,0,+,,,24P01,,S,21S04,,24X11,24X22,,,,,<2,N,fin
30005001310,100D500131,003O,"Kallonsisäinen toimenpide, lyhyt hoito",003O,0,+,,,24P01,,S,21S04,,24X11,24X31,,,,,<2,N,fin
30005001410,100D500141,003O,"Kallonsisäinen toimenpide, lyhyt hoito",003O,0,+,,,24P01,,S,21S04,,24X11,24X41,,,,,<2,N,fin
30005001510,100D500151,003O,"Kallonsisäinen toimenpide, lyhyt hoito",003O,0,+,,,24P01,,S,21S04,,24X11,24X61,,,,,<2,N,fin
30005002110,100D500211,003O,"Kallonsisäinen toimenpide, lyhyt hoito",003O,0,+,,,24P01,,S,21S04,,24X21,24X22,,,,,<2,N,fin
30005002210,100D500221,003O,"Kallonsisäinen toimenpide, lyhyt hoito",003O,0,+,,,24P01,,S,21S04,,24X21,24X31,,,,,<2,N,fin
30005002310,100D500231,003O,"Kallonsisäinen toimenpide, lyhyt hoito",003O,0,+,,,24P01,,S,21S04,,24X21,24X41,,,,,<2,N,fin
30005003110,100D500311,003O,"Kallonsisäinen toimenpide, lyhyt hoito",003O,0,+,,,24P01,,S,21S04,,24X21,24X61,,,,,<2,N,fin
30005003310,100D500331,003O,"Kallonsisäinen toimenpide, lyhyt hoito",003O,0,+,,,24P01,,S,21S04,,24X22,24X31,,,,,<2,N,fin
30005004110,100D500411,003O,"Kallonsisäinen toimenpide, lyhyt hoito",003O,0,+,,,24P01,,S,21S04,,24X22,24X41,,,,,<2,N,fin
30005004210,100D500421,003O,"Kallonsisäinen toimenpide, lyhyt hoito",003O,0,+,,,24P01,,S,21S04,,24X22,24X61,,,,,<2,N,fin
30005005110,100D500511,003O,"Kallonsisäinen toimenpide, lyhyt hoito",003O,0,+,,,24P01,,S,21S04,,24X31,24X41,,,,,<2,N,fin
30005005210,100D500521,003O,"Kallonsisäinen toimenpide, lyhyt hoito",003O,0,+,,,24P01,,S,21S04,,24X31,24X61,,,,,<2,N,fin
30005006110,100D500611,003O,"Kallonsisäinen toimenpide, lyhyt hoito",003O,0,+,,,24P01,,S,21S04,,24X41,24X61,,,,,<2,N,fin
30005011111,100D5011111,468O,"Epätavallinen toimenpiteen ja diagnoosin yhdistelmä, laaja toimenpide, lyhyt hoito",468O,0,+,,,24P01,,S,21S10,,24X11,24X21,,,,,<2,N,fin
30005011211,100D5011211,468O,"Epätavallinen toimenpiteen ja diagnoosin yhdistelmä, laaja toimenpide, lyhyt hoito",468O,0,+,,,24P01,,S,21S10,,24X11,24X22,,,,,<2,N,fin
30005011311,100D5011311,468O,"Epätavallinen toimenpiteen ja diagnoosin yhdistelmä, laaja toimenpide, lyhyt hoito",468O,0,+,,,24P01,,S,21S10,,24X11,24X31,,,,,<2,N,fin
30005011411,100D5011411,468O,"Epätavallinen toimenpiteen ja diagnoosin yhdistelmä, laaja toimenpide, lyhyt hoito",468O,0,+,,,24P01,,S,21S10,,24X11,24X41,,,,,<2,N,fin
30005011511,100D5011511,468O,"Epätavallinen toimenpiteen ja diagnoosin yhdistelmä, laaja toimenpide, lyhyt hoito",468O,0,+,,,24P01,,S,21S10,,24X11,24X61,,,,,<2,N,fin
30005012111,100D5012111,468O,"Epätavallinen toimenpiteen ja diagnoosin yhdistelmä, laaja toimenpide, lyhyt hoito",468O,0,+,,,24P01,,S,21S10,,24X21,24X22,,,,,<2,N,fin
30005012211,100D5012211,468O,"Epätavallinen toimenpiteen ja diagnoosin yhdistelmä, laaja toimenpide, lyhyt hoito",468O,0,+,,,24P01,,S,21S10,,24X21,24X31,,,,,<2,N,fin
30005012311,100D5012311,468O,"Epätavallinen toimenpiteen ja diagnoosin yhdistelmä, laaja toimenpide, lyhyt hoito",468O,0,+,,,24P01,,S,21S10,,24X21,24X41,,,,,<2,N,fin
30005013111,100D5013111,468O,"Epätavallinen toimenpiteen ja diagnoosin yhdistelmä, laaja toimenpide, lyhyt hoito",468O,0,+,,,24P01,,S,21S10,,24X21,24X61,,,,,<2,N,fin
30005013311,100D5013311,468O,"Epätavallinen toimenpiteen ja diagnoosin yhdistelmä, laaja toimenpide, lyhyt hoito",468O,0,+,,,24P01,,S,21S10,,24X22,24X31,,,,,<2,N,fin
30005014111,100D5014111,468O,"Epätavallinen toimenpiteen ja diagnoosin yhdistelmä, laaja toimenpide, lyhyt hoito",468O,0,+,,,24P01,,S,21S10,,24X22,24X41,,,,,<2,N,fin
30005014211,100D5014211,468O,"Epätavallinen toimenpiteen ja diagnoosin yhdistelmä, laaja toimenpide, lyhyt hoito",468O,0,+,,,24P01,,S,21S10,,24X22,24X61,,,,,<2,N,fin
30005015111,100D5015111,468O,"Epätavallinen toimenpiteen ja diagnoosin yhdistelmä, laaja toimenpide, lyhyt hoito",468O,0,+,,,24P01,,S,21S10,,24X31,24X41,,,,,<2,N,fin
30005015210,100D501521,468O,"Epätavallinen toimenpiteen ja diagnoosin yhdistelmä, laaja toimenpide, lyhyt hoito",468O,0,+,,,24P01,,S,21S10,,24X31,24X61,,,,,<2,N,fin
30005016110,100D501611,468O,"Epätavallinen toimenpiteen ja diagnoosin yhdistelmä, laaja toimenpide, lyhyt hoito",468O,0,+,,,24P01,,S,21S10,,24X41,24X61,,,,,<2,N,fin
30006000000,100D600000,415O,Infektiosairauden operatiivinen lyhytkestoinen hoito,415O,0,+,,,18P01,,S,,,18X01,,,,,,<2,N,den/est/fin/ice/lat/nor
30006000010,100D600001,415O,Infektiosairauden operatiivinen lyhytkestoinen hoito,415O,0,+,,,18P01,,,,,18X01,00X10,,,,,<2,N,fin
30006020000,100D602000,901Q,"Vaativa pään, niskan tai keskushermoston diagnostinen toimenpide",901FQ,0,+,,,18P01,,N,01D02,,18X01,,,,,,<2,N,fin
30006020200,100D602020,905Q,"Sydän- ja verisuonisairaus, vaativa diagnostinen toimenpide",905FQ,0,+,,,18P01,,N,05D22,,18X01,,,,,,<2,N,fin
30006020400,100D602040,905S,Vaativa ääreisverenkierron diagnostinen toimenpide,905FS,0,+,,,18P01,,N,05D62,,18X01,,,,,,<2,N,fin
30006020600,100D602060,905T,Imusuoniston diagnostinen toimenpide,905FT,0,+,,,18P01,,N,05D64,,18X01,,,,,,<2,N,fin
30006020800,100D602080,906Q,"Ruuansulatuskanavan sairaus, vaativa diagnostinen toimenpide",906FQ,0,+,,,18P01,,N,06D32,,18X01,,,,,,<2,N,fin
30006021000,100D602100,908Q,"Tuki- ja liikuntaelinten sairaus, vaativa diagnostinen toimenpide",908FQ,0,+,,,18P01,,N,08D42,,18X01,,,,,,<2,N,fin
30006021200,100D602120,930Q,Rinnan vaativa diagnostinen toimenpide,930FQ,0,+,,,18P01,,N,30D72,,18X01,,,,,,<2,N,fin
30006021400,100D602140,917W,Sädehoidon vaativa annossuunnittelu magneettitutkimuksella,917FW,0,+,,,18P01,,N,90D92,,18X01,90X01,,,,,<2,N,fin
30006022000,100D602200,901P,"Pään, niskan tai keskushermoston diagnostinen toimenpide",901FP,0,+,,,18P01,,N,01D01,,18X01,,,,,,<2,N,fin
30006022200,100D602220,905P,"Sydän- ja verisuonisairaus, diagnostinen toimenpide",905FP,0,+,,,18P01,,N,05D21,,18X01,,,,,,<2,N,fin
30006022400,100D602240,906P,"Ruuansulatuskanavan sairaus, diagnostinen toimenpide",906FP,0,+,,,18P01,,N,06D31,,18X01,,,,,,<2,N,fin
30006022600,100D602260,908P,"Tuki- ja liikuntaelinten sairaus, diagnostinen toimenpide",908FP,0,+,,,18P01,,N,08D41,,18X01,,,,,,<2,N,fin
30006022800,100D602280,910P,Endokriininen diagnostinen toimenpide,910FP,0,+,,,18P01,,N,10D11,,18X01,,,,,,<2,N,fin
30006023000,100D602300,930P,Rinnan diagnostinen toimenpide,930FP,0,+,,,18P01,,N,30D71,,18X01,,,,,,<2,N,fin
30006023200,100D602320,917V,Sädehoidon annossuunnittelu magneettitutkimuksella,917FV,0,+,,,18P01,,N,90D91,,18X01,90X01,,,,,<2,N,fin
30006080000,100D608000,918A,"Infektio, erityislääkehoito, lyhyt hoito",918FA,0,+,,,18P01,,N,99T00,90S02,18X01,,,,,,<2,N,fin
30006080010,100D608001,918A,"Infektio, erityislääkehoito, lyhyt hoito",918FA,0,+,,,18P01,,N,99T00,,18X01,99X20,,,,,<2,N,fin
30006080300,100D608030,918A,"Infektio, erityislääkehoito, lyhyt hoito",918FA,0,+,,,18P01,,N,99T00,90S04,18X01,,,,,,<2,N,fin
30006099700,100D609970,918O,"Infektio, lyhyt hoito ilman merkittävää toimenpidettä",918O,0,+,,,18P01,,Z,,,18X01,,,,,,<2,N,den/est/fin/lat
30006099900,100D609990,818O,"Infektiosairaus, pientoimenpide",818O,0,+,,,18P01,,N,,,18X01,,,,,,<2,N,den/est/fin/lat
30007000000,100D700000,470Y,"Virheellinen diagnoosin ja toimenpiteen yhdistelmä, lyhyt hoito",470Y,0,+,,,,,S,14S01,,14X31,,,,,,<2,N,fin/ice/est
30007000100,100D700010,371O,"Keisarileikkaus, lyhyt hoito",371O,0,+,,,,,S,14S01,,,,,,,,<2,N,den/est/fin/ice/lat/nor
30007000201,100D7000201,365O,"Muu gynekologinen leikkaus, lyhyt hoito",365O,0,+,14.0,14M03,,,,14S11,,00X10,,,,,,<2,N,est/fin
30007000310,100D700031,373O,"Alatiesynnytys, lyhyt hoito",373O,0,+,,,14P01,,,,,,,,,,,<2,N,den/est/fin/ice/lat
30007010100,100D701010,381O,"Abortti ja kaavinta, kohdun avaus, lyhyt hoito",381O,0,+,14.0,,,,S,14S05,,,,,,,,<2,N,den/est/fin/ice/lat/nor
30007010300,100D701030,814S,Kohdun tyhjennys lääkkeellä,814NS,0,+,14.0,,,,,14O03,,,,,,,,,,fin
30007010401,100D7010401,814P,Spontaani abortti,814P,0,+,14.0,,,,,,,14X31,,,,,,<2,N,fin/ice/nor
30007011884,100D701631,711P,"Ruoansulatuskanavan yläosan tähystys, anestesia",711P,0,+,13.0,,,,P,14E11,,14X01,00X10,,,,,<2,N,fin
30007013366,100D701632,711Q,Ruoansulatuskanavan yläosan tähystys ilman anestesiaa,711Q,0,+,13.0,,,,P,14E11,,14X01,,,,,,<2,N,fin
30007017100,100D701710,901Q,"Vaativa pään, niskan tai keskushermoston diagnostinen toimenpide",901FQ,0,+,13.0,,,,N,14D02,,14X01,,,,,,<2,N,fin
30007018100,100D701810,930Q,Rinnan vaativa diagnostinen toimenpide,930FQ,0,+,13.0,,,,N,14D72,,14X01,,,,,,<2,N,fin
30007024100,100D702410,901Q,"Vaativa pään, niskan tai keskushermoston diagnostinen toimenpide",901FQ,0,+,13.0,,,,N,90D02,,90X01,14X01,,,,,<2,N,fin
30007024300,100D702430,905Q,"Sydän- ja verisuonisairaus, vaativa diagnostinen toimenpide",905FQ,0,+,13.0,,,,N,90D22,,90X01,14X01,,,,,<2,N,fin
30007024500,100D702450,906Q,"Ruuansulatuskanavan sairaus, vaativa diagnostinen toimenpide",906FQ,0,+,13.0,,,,N,90D32,,90X01,14X01,,,,,<2,N,fin
30007024700,100D702470,908Q,"Tuki- ja liikuntaelinten sairaus, vaativa diagnostinen toimenpide",908FQ,0,+,13.0,,,,N,90D42,,90X01,14X01,,,,,<2,N,fin
30007024900,100D702490,905S,Vaativa ääreisverenkierron diagnostinen toimenpide,905FS,0,+,13.0,,,,N,90D62,,90X01,14X01,,,,,<2,N,fin
30007025100,100D702510,905T,Imusuoniston diagnostinen toimenpide,905FT,0,+,13.0,,,,N,90D64,,90X01,14X01,,,,,<2,N,fin
30007025300,100D702530,917W,Sädehoidon vaativa annossuunnittelu magneettitutkimuksella,917FW,0,+,13.0,,,,N,90D92,,90X01,14X01,,,,,<2,N,fin
30007026010,100D702601,901P,"Pään, niskan tai keskushermoston diagnostinen toimenpide",901FP,0,+,13.0,,,,N,14D01,,14X01,,,,,,<2,N,fin
30007026110,100D702611,910P,Endokriininen diagnostinen toimenpide,910FP,0,+,13.0,,,,N,14D11,,14X01,,,,,,<2,N,fin
30007026210,100D702621,914P,"Raskauden hoito, diagnostinen toimenpide",914FP,0,+,13.0,,,,N,14D51,,14X01,,,,,,<2,N,fin/ice
30007026310,100D702631,930P,Rinnan diagnostinen toimenpide,930FP,0,+,13.0,,,,N,14D71,,14X01,,,,,,<2,N,fin
30007026500,100D702650,901P,"Pään, niskan tai keskushermoston diagnostinen toimenpide",901FP,0,+,13.0,,,,N,90D01,,90X01,14X01,,,,,<2,N,fin
30007026700,100D702670,905P,"Sydän- ja verisuonisairaus, diagnostinen toimenpide",905FP,0,+,13.0,,,,N,90D21,,90X01,14X01,,,,,<2,N,fin
30007026900,100D702690,906P,"Ruuansulatuskanavan sairaus, diagnostinen toimenpide",906FP,0,+,13.0,,,,N,90D31,,90X01,14X01,,,,,<2,N,fin
30007027100,100D702710,908P,"Tuki- ja liikuntaelinten sairaus, diagnostinen toimenpide",908FP,0,+,13.0,,,,N,90D41,,90X01,14X01,,,,,<2,N,fin
30007027500,100D702750,905R,Ääreisverenkierron diagnostinen toimenpide,905FR,0,+,13.0,,,,N,90D61,,90X01,14X01,,,,,<2,N,fin
30007027700,100D702770,917V,Sädehoidon annossuunnittelu magneettitutkimuksella,917FV,0,+,13.0,,,,N,90D91,,90X01,14X01,,,,,<2,N,fin
30007043625,100D709048,711P,"Ruoansulatuskanavan yläosan tähystys, anestesia",711P,0,+,14.0,14M03,,,P,14E11,,00X10,,,,,,<2,N,fin
30007059250,100D709049,711Q,Ruoansulatuskanavan yläosan tähystys ilman anestesiaa,711Q,0,+,14.0,14M03,,,P,14E11,,,,,,,,<2,N,fin
30007998000,100D799800,914O,"Raskauden hoito, lyhyt hoito ilman merkittävää toimenpidettä",914O,0,+,13.0,,,,Z,,,14X01,,,,,,<2,N,den/est/fin/lat
30007999000,100D799900,814O,Obstetrinen pientoimenpide,814O,0,+,13.0,,,,N,,,14X01,,,,,,<2,N,den/est/fin/lat
30100100000,101D0100000,003P,"Aivojen stereotaktinen sädehoito, lyhyt hoito",003P,0,+,1.0,,,,S,01S50,,,,,,,,<2,N,den/est/fin/ice/lat/nor
30100110000,101D0110000,003O,"Kallonsisäinen toimenpide, lyhyt hoito",003O,0,+,1.0,,,,S,01S01,,,,,,,,<2,N,den/est/fin/ice/lat/nor
30100120000,101D012000,003O,"Kallonsisäinen toimenpide, lyhyt hoito",003O,0,+,1.0,,,,S,01S29,,,,,,,,<2,N,den/est/fin/ice/lat/nor
30100130000,101D013000,003O,"Kallonsisäinen toimenpide, lyhyt hoito",003O,0,+,1.0,,,,S,01S27,,,,,,,,<2,N,den/est/fin/lat
30100400000,101D040000,004O,"Selkäydinleikkaus, lyhyt hoito",004O,0,+,1.0,,,,S,01S02,,,,,,,,<2,N,den/est/fin/ice/lat/nor
30100500000,101D050000,005O,"Kallonulkoinen aivoverenkiertoon vaikuttava verisuonten leikkaus, lyhyt hoito",005O,0,+,1.0,,,,S,01S03,,,,,,,,<2,N,den/est/fin/ice/lat/nor
30100500010,101D050001,005O,"Kallonulkoinen aivoverenkiertoon vaikuttava verisuonten leikkaus, lyhyt hoito",005O,0,+,1.0,,,,,01S03,,00X10,,,,,,<2,N,fin
30100510000,101D051000,005O,"Kallonulkoinen aivoverenkiertoon vaikuttava verisuonten leikkaus, lyhyt hoito",005O,0,+,,,01P05,,S,01S03,,,,,,,,<2,N,den/est/fin/ice/lat/nor
30100510010,101D051001,005O,"Kallonulkoinen aivoverenkiertoon vaikuttava verisuonten leikkaus, lyhyt hoito",005O,0,+,,,01P05,,,01S03,,00X10,,,,,,<2,N,fin
30100590000,101D059000,570O,"Keskushermoston stimulointilaitteen asennus tai korvaaminen, lyhyt hoito",570O,0,+,1.0,,,,S,01S51,,,,,,,,<2,N,den/est/fin/ice/lat/nor
30100600000,101D060000,006O,"Rannekanavaoireyhtymän leikkaus, lyhyt hoito",006O,0,+,,,01P04,,S,01S04,,,,,,,,<2,N,den/est/fin/ice/lat/nor
30100701000,101D070100,008O,"Ääreishermojen, aivohermojen tai muun hermoston toimenpide, lyhyt hoito",008O,0,+,1.0,,,,S,01S04,,,,,,,,<2,N,den/est/fin/ice/lat/nor
30100702000,101D070200,008O,"Ääreishermojen, aivohermojen tai muun hermoston toimenpide, lyhyt hoito",008O,0,+,1.0,,,,S,01S05,,,,,,,,<2,N,den/est/fin/ice/lat/nor
30100702010,101D070201,008O,"Ääreishermojen, aivohermojen tai muun hermoston toimenpide, lyhyt hoito",008O,0,+,1.0,,,,,01S05,,00X10,,,,,,<2,N,fin
30100703000,101D070300,008O,"Ääreishermojen, aivohermojen tai muun hermoston toimenpide, lyhyt hoito",008O,0,+,,,01P05,,S,01S05,,,,,,,,<2,N,den/est/fin/ice/lat/nor
30100703010,101D070301,008O,"Ääreishermojen, aivohermojen tai muun hermoston toimenpide, lyhyt hoito",008O,0,+,,,01P05,,,01S05,,00X10,,,,,,<2,N,fin
30100703110,190D010000,008O,"Ääreishermojen, aivohermojen tai muun hermoston toimenpide, lyhyt hoito",008O,0,+,,,01P21,,S,01S21,,,,,,,,<2,N,den/est/fin/ice/lat/nor
30100810000,101D081000,901Q,"Vaativa pään, niskan tai keskushermoston diagnostinen toimenpide",901FQ,0,+,1.0,,,,N,01D02,,,,,,,,<2,N,fin
30100810100,101D081010,905Q,"Sydän- ja verisuonisairaus, vaativa diagnostinen toimenpide",905FQ,0,+,1.0,,,,N,01D22,,,,,,,,<2,N,fin
30100820100,101D082010,905Q,"Sydän- ja verisuonisairaus, vaativa diagnostinen toimenpide",905FQ,0,+,1.0,,,,N,90D22,,90X01,,,,,,<2,N,fin
30100820200,101D082020,906Q,"Ruuansulatuskanavan sairaus, vaativa diagnostinen toimenpide",906FQ,0,+,1.0,,,,N,90D32,,90X01,,,,,,<2,N,fin
30100820300,101D082030,908Q,"Tuki- ja liikuntaelinten sairaus, vaativa diagnostinen toimenpide",908FQ,0,+,1.0,,,,N,90D42,,90X01,,,,,,<2,N,fin
30100820400,101D082040,905S,Vaativa ääreisverenkierron diagnostinen toimenpide,905FS,0,+,1.0,,,,N,90D62,,90X01,,,,,,<2,N,fin
30100820500,101D082050,905T,Imusuoniston diagnostinen toimenpide,905FT,0,+,1.0,,,,N,90D64,,90X01,,,,,,<2,N,fin
30100820600,101D082060,917W,Sädehoidon vaativa annossuunnittelu magneettitutkimuksella,917FW,0,+,1.0,,,,N,90D92,,90X01,,,,,,<2,N,fin
30100830000,101D083000,901P,"Pään, niskan tai keskushermoston diagnostinen toimenpide",901FP,0,+,1.0,,,,N,01D01,,,,,,,,<2,N,fin
30100830100,101D083010,905P,"Sydän- ja verisuonisairaus, diagnostinen toimenpide",905FP,0,+,1.0,,,,N,01D21,,,,,,,,<2,N,fin
30100840100,101D084010,905P,"Sydän- ja verisuonisairaus, diagnostinen toimenpide",905FP,0,+,1.0,,,,N,90D21,,90X01,,,,,,<2,N,fin
30100840200,101D084020,906P,"Ruuansulatuskanavan sairaus, diagnostinen toimenpide",906FP,0,+,1.0,,,,N,90D31,,90X01,,,,,,<2,N,fin
30100840300,101D084030,908P,"Tuki- ja liikuntaelinten sairaus, diagnostinen toimenpide",908FP,0,+,1.0,,,,N,90D41,,90X01,,,,,,<2,N,fin
30100840400,101D084040,910P,Endokriininen diagnostinen toimenpide,910FP,0,+,1.0,,,,N,90D11,,90X01,,,,,,<2,N,fin
30100840500,101D084050,905R,Ääreisverenkierron diagnostinen toimenpide,905FR,0,+,1.0,,,,N,90D61,,90X01,,,,,,<2,N,fin
30100850000,101D085000,917V,Sädehoidon annossuunnittelu magneettitutkimuksella,917FV,0,+,1.0,,,,N,90D91,,90X01,,,,,,<2,N,fin
30100851200,101D085120,901D,"Neurologinen syöpäsairaus, sytostaattihoito, lyhyt hoito",901FD,0,+,1.0,,,,N,90T01,90S01,90X01,,,,,,<2,N,fin
30100851210,101D085121,901D,"Neurologinen syöpäsairaus, sytostaattihoito, lyhyt hoito",901FD,0,+,1.0,,,,N,99S80,,90X01,,,,,,<2,N,fin
30100851300,101D085130,901B,"Neurologinen syöpäsairaus, stereotaktinen sädehoito tai isotooppihoito, lyhyt hoito",901FB,0,+,1.0,,,,N,90T08,,90X01,,,,,,<2,N,fin
30100851400,101D085140,901B,"Neurologinen syöpäsairaus, stereotaktinen sädehoito tai isotooppihoito, lyhyt hoito",901FB,0,+,1.0,,,,N,90T07,,90X01,,,,,,<2,N,fin
30100851500,101D085150,901A,"Neurologinen syöpäsairaus, sädehoito, lyhyt hoito",901FA,0,+,1.0,,,,N,90T06,,90X01,,,,,,<2,N,fin
30100851510,101D085151,901A,"Neurologinen syöpäsairaus, sädehoito, lyhyt hoito",901FA,0,+,1.0,,,,N,90T05,,90X01,,,,,,<2,N,fin
30100851800,101D085180,901G,"Neurologinen sairaus, erityislääkehoito, lyhyt hoito",901FG,0,+,1.0,,,,N,99T00,90S04,,,,,,,<2,N,fin
30100851820,101D085182,901G,"Neurologinen sairaus, erityislääkehoito, lyhyt hoito",901FG,0,+,1.0,,,,N,99T00,90S01,,,,,,,<2,N,fin
30100898900,101D089890,901O,"Neurologinen sairaus, lyhyt hoito ilman merkittävää toimenpidettä",901O,0,+,1.0,,,,Z,,,,,,,,,<2,N,den/est/fin/lat
30100898950,105D2300001,125O,"Sydämen diagnostinen toimenpide, lyhyt hoito",125O,0,+,,,05P05,,,05S05,,,,,,,,<2,N,fin
30100899000,101D089900,801O,Neurologinen pientoimenpide,801O,0,+,1.0,,,,N,,,,,,,,,<2,N,den/est/fin/lat
30200015000,102D001500,036P,"Sarveiskalvon siirto, lyhyt hoito",036P,0,+,2.0,,,,S,02S33,,,,,,,,<2,N,den/est/fin/ice/lat/nor
30200100000,102D010000,037O,"Silmämunan ja silmäkuopan leikkaukset, lyhyt hoito",037O,0,+,2.0,,,,S,02S01,,,,,,,,<2,N,den/est/fin/ice/lat/nor
30200100010,102D010001,037O,"Silmämunan ja silmäkuopan leikkaukset, lyhyt hoito",037O,0,+,2.0,,,,,02S01,,00X10,,,,,,<2,N,fin
30200180000,102D018000,036S,"Silmänpaineleikkaukset, lyhyt hoito",036S,0,+,2.0,,,,S,02S31,,,,,,,,<2,N,den/est/fin/ice/lat/nor
30200190000,102D019000,036R,"Värikalvon ja kammiokulmalasertoimenpiteet, lyhyt hoito",036R,0,+,2.0,,,,S,02S30,,,,,,,,<2,N,den/est/fin/ice/lat/nor
30200200000,102D020000,042P,"Muu silmänsisäinen toimenpide, lyhyt hoito",042P,0,+,2.0,,,,S,02S04,,02X02,,,,,,<2,N,den/est/fin/ice/lat/nor
30200201000,102D020100,042P,"Muu silmänsisäinen toimenpide, lyhyt hoito",042P,0,+,2.0,,,,,02S04,,02X02,00X10,,,,,<2,N,den/est/fin/ice/lat
30200300000,102D030000,036O,"Verkkokalvon toimenpiteet, lyhyt hoito",036O,0,+,2.0,,,,S,02S02,,,,,,,,<2,N,den/est/fin/ice/lat/nor
30200300010,102D030001,036O,"Verkkokalvon toimenpiteet, lyhyt hoito",036O,0,+,2.0,,,,,02S02,,00X10,,,,,,<2,N,fin
30200310000,102D031000,036O,"Verkkokalvon toimenpiteet, lyhyt hoito",036O,0,+,2.0,,,,S,02S07,,02X03,,,,,,<2,N,den/est/fin/ice/lat/nor
30200400000,102D040000,042P,"Muu silmänsisäinen toimenpide, lyhyt hoito",042P,0,+,2.0,,,,S,02S04,,,,,,,,<2,N,den/est/fin/ice/lat/nor
30200401000,102D040100,042P,"Muu silmänsisäinen toimenpide, lyhyt hoito",042P,0,+,2.0,,,,,02S04,,00X10,,,,,,<2,N,den/est/fin/ice/lat
30200410000,102D041000,042P,"Muu silmänsisäinen toimenpide, lyhyt hoito",042P,0,+,2.0,,,,S,02S07,,,,,,,,<2,N,den/est/fin/ice/lat/nor
30200500001,102D0500001,039P,"Mykiön leikkaus, molemminpuolinen, lyhyt hoito",039FP,0,+,2.0,,,,S,02S05,,99X04,,,,,,<2,N,fin/nor
30200500011,102D0500011,039P,"Mykiön leikkaus, molemminpuolinen, lyhyt hoito",039FP,0,+,2.0,,,,,02S05,,99X04,00X10,,,,,<2,N,fin
30200500021,102D0500021,039P,"Mykiön leikkaus, molemminpuolinen, lyhyt hoito",039FP,0,+,,,02P02,,S,02S05,,99X04,,,,,,<2,N,fin
30200500031,102D0500031,039P,"Mykiön leikkaus, molemminpuolinen, lyhyt hoito",039FP,0,+,,,02P02,,,02S05,,99X04,00X10,,,,,<2,N,fin
30200501001,102D0501001,039P,"Mykiön leikkaus, molemminpuolinen, lyhyt hoito",039FP,0,+,2.0,,,,S,02S05,,99X00,99X02,,,,,<2,N,fin/ice/nor
30200501011,102D0501011,039P,"Mykiön leikkaus, molemminpuolinen, lyhyt hoito",039FP,0,+,2.0,,,,,02S05,,99X00,99X02,00X10,,,,<2,N,fin/ice
30200501021,102D0501021,039P,"Mykiön leikkaus, molemminpuolinen, lyhyt hoito",039FP,0,+,,,02P02,,S,02S05,,99X00,99X02,,,,,<2,N,fin/ice
30200501031,102D0501031,039P,"Mykiön leikkaus, molemminpuolinen, lyhyt hoito",039FP,0,+,,,02P02,,,02S05,,99X00,99X02,00X10,,,,<2,N,fin/ice
30200509001,102D0509001,039O,"Mykiön leikkaus, toispuolinen, lyhyt hoito",039FO,0,+,2.0,,,,S,02S05,,,,,,,,<2,N,fin
30200509011,102D0509011,039O,"Mykiön leikkaus, toispuolinen, lyhyt hoito",039FO,0,+,2.0,,,,,02S05,,00X10,,,,,,<2,N,fin
30200509021,102D0509021,039O,"Mykiön leikkaus, toispuolinen, lyhyt hoito",039FO,0,+,,,02P02,,S,02S05,,,,,,,,<2,N,fin
30200509031,102D0509031,039O,"Mykiön leikkaus, toispuolinen, lyhyt hoito",039FO,0,+,,,02P02,,,02S05,,00X10,,,,,,<2,N,fin
30200600000,102D060000,042P,"Muu silmänsisäinen toimenpide, lyhyt hoito",042P,0,+,2.0,,,,S,02S06,,,,,,,,<2,N,den/est/fin/ice/lat/nor
30200601000,102D060100,042P,"Muu silmänsisäinen toimenpide, lyhyt hoito",042P,0,+,2.0,,,,,02S06,,00X10,,,,,,<2,N,den/est/fin/ice/lat
30200710101,102D0710101,041P,"Karsastustoimenpide, lyhyt hoito",041P,0,+,2.0,,,,S,02S14,,,,,,,,<2,N,den/est/fin/ice/lat/nor
30200710200,102D0710200,041Q,"Muu silmän alueen toimenpide, anestesia, lyhyt hoito",041Q,0,+,2.0,,,,,02S03,,02X10,,,,,,<2,N,fin
30200710210,102D0710210,041Q,"Muu silmän alueen toimenpide, anestesia, lyhyt hoito",041Q,0,+,,,,,,02S03,,08X30,02X10,,,,,<2,N,fin
30200710220,102D0710220,041R,"Muu silmän alueen toimenpide ilman anestesiaa, lyhyt hoito",041R,0,+,,,,,S,02S03,,08X30,,,,,,<2,N,fin
30200710230,102D0710230,041R,"Muu silmän alueen toimenpide ilman anestesiaa, lyhyt hoito",041R,0,+,2.0,,,,S,02S03,,,,,,,,<2,N,fin
30200810000,102D081000,901Q,"Vaativa pään, niskan tai keskushermoston diagnostinen toimenpide",901FQ,0,+,2.0,,,,N,02D02,,,,,,,,<2,N,fin
30200820000,102D082000,901Q,"Vaativa pään, niskan tai keskushermoston diagnostinen toimenpide",901FQ,0,+,2.0,,,,N,90D02,,90X01,,,,,,<2,N,fin
30200820100,102D082010,905Q,"Sydän- ja verisuonisairaus, vaativa diagnostinen toimenpide",905FQ,0,+,2.0,,,,N,90D22,,90X01,,,,,,<2,N,fin
30200820200,102D082020,906Q,"Ruuansulatuskanavan sairaus, vaativa diagnostinen toimenpide",906FQ,0,+,2.0,,,,N,90D32,,90X01,,,,,,<2,N,fin
30200820300,102D082030,908Q,"Tuki- ja liikuntaelinten sairaus, vaativa diagnostinen toimenpide",908FQ,0,+,2.0,,,,N,90D42,,90X01,,,,,,<2,N,fin
30200820400,102D082040,905S,Vaativa ääreisverenkierron diagnostinen toimenpide,905FS,0,+,2.0,,,,N,90D62,,90X01,,,,,,<2,N,fin
30200820500,102D082050,905T,Imusuoniston diagnostinen toimenpide,905FT,0,+,2.0,,,,N,90D64,,90X01,,,,,,<2,N,fin
30200820600,102D082060,917W,Sädehoidon vaativa annossuunnittelu magneettitutkimuksella,917FW,0,+,2.0,,,,N,90D92,,90X01,,,,,,<2,N,fin
30200830000,102D083000,901P,"Pään, niskan tai keskushermoston diagnostinen toimenpide",901FP,0,+,2.0,,,,N,02D01,,,,,,,,<2,N,fin
30200840000,102D084000,901P,"Pään, niskan tai keskushermoston diagnostinen toimenpide",901FP,0,+,2.0,,,,N,90D01,,90X01,,,,,,<2,N,fin
30200840100,102D084010,905P,"Sydän- ja verisuonisairaus, diagnostinen toimenpide",905FP,0,+,2.0,,,,N,90D21,,90X01,,,,,,<2,N,fin
30200840200,102D084020,906P,"Ruuansulatuskanavan sairaus, diagnostinen toimenpide",906FP,0,+,2.0,,,,N,90D31,,90X01,,,,,,<2,N,fin
30200840300,102D084030,908P,"Tuki- ja liikuntaelinten sairaus, diagnostinen toimenpide",908FP,0,+,2.0,,,,N,90D41,,90X01,,,,,,<2,N,fin
30200840400,102D084040,910P,Endokriininen diagnostinen toimenpide,910FP,0,+,2.0,,,,N,90D11,,90X01,,,,,,<2,N,fin
30200840500,102D084050,905R,Ääreisverenkierron diagnostinen toimenpide,905FR,0,+,2.0,,,,N,90D61,,90X01,,,,,,<2,N,fin
30200850000,102D085000,917V,Sädehoidon annossuunnittelu magneettitutkimuksella,917FV,0,+,2.0,,,,N,90D91,,90X01,,,,,,<2,N,fin
30200860400,102D086040,917E,"Muu tai erilaistumaton syöpä, erityslääkehoito, lyhyt hoito",917FE,0,+,2.0,,,,N,90T01,90S01,90X01,,,,,,<2,N,fin
30200860500,102D086050,917E,"Muu tai erilaistumaton syöpä, erityslääkehoito, lyhyt hoito",917FE,0,+,2.0,,,,N,99S80,90S01,90X01,,,,,,<2,N,fin
30200861000,102D086100,917U,Malignin sairauden lyhyt sädehoito,917FU,0,+,2.0,,,,N,90T05,,90X01,,,,,,<2,N,fin
30200870000,102D087000,902G,"Silmätaudit, erityislääkehoito, lyhyt hoito",902FG,0,+,2.0,,,,Z,99T00,90S04,,,,,,,<2,N,fin
30200870120,102D087012,902G,"Silmätaudit, erityislääkehoito, lyhyt hoito",902FG,0,+,2.0,,,,N,99T00,90S01,,,,,,,<2,N,fin
30200899500,102D089950,802P,Lääkkeen annostelu lasiaiseen,802FP,0,+,2.0,,,,,02S25,,,,,,,,<2,N,fin
30200899800,102D089980,902O,"Silmäsairaus, lyhyt hoito ilman merkittävää toimenpidettä",902O,0,+,2.0,,,,Z,,,,,,,,,<2,N,den/est/fin/lat
30200899900,102D089990,802O,Silmätautien pientoimenpide,802O,0,+,2.0,,,,N,,,,,,,,,<2,N,den/est/fin/lat
30300000000,103D000000,049B,Sisäkorvaistutteen asentaminen,049B,0,+,3.0,,,,S,03S24,,,,,,,,,,den/est/fin/ice/lat
30300001000,103D0001000,521O,"Obstruktiivisen apnean yksinkertainen korjausleikkaus, lyhyt hoito",521O,0,+,3.0,03M10,,,S,03S23,,,,,,,,<2,N,den/est/fin/ice/lat/nor
30300009000,103D010000,580K,Laaja suun ja leuan alueen toimenpide,580K,0,+,,,03P01,,S,03S40,,,,,,,,<2,N,fin
30300009100,103D010010,580H,Suun ja leuan alueen toimenpide anestesiassa tai merkittävän kuvantamisen kanssa,580H,0,+,,,03P01,,,03S41,,03X10,,,,,,<2,N,fin
30300009120,103D010011,580H,Suun ja leuan alueen toimenpide anestesiassa tai merkittävän kuvantamisen kanssa,580H,0,+,,,03P01,,,03S41,03D11,,,,,,,<2,N,fin
30300009200,103D010015,580G,Suun alueen ongelman hoito yleisanestesiassa,580G,0,+,,,03P01,,,,,03X10,,,,,,<2,N,fin
30300009300,103D010020,580F,Suun ja leuan alueen toimenpide ilman anestesiaa ja merkittävää kuvantamista,580F,0,+,,,03P01,,,03S41,,,,,,,,<2,N,fin
30300009320,103D010030,580E,Laaja suun alueen tutkimus ilman anestesiaa ja merkittävä kuvantaminen,580E,0,+,,,03P01,,,03S42,03D11,,,,,,,<2,N,fin
30300009340,103D010040,580D,Laaja suun alueen tutkimus ilman anestesiaa ja merkittävää kuvantamista,580D,0,+,,,03P01,,,03S42,,,,,,,,<2,N,fin
30300009500,103D010050,580C,Merkittävä suun alueen kuvantaminen ilman anestesiaa,580C,0,+,,,03P01,,,03D11,,,,,,,,<2,N,fin
30300009900,103D010060,580B,Suun alueen tutkimus ilman anestesiaa ja merkittävää kuvantamista,580B,0,+,,,03P01,,,03S43,,,,,,,,<2,N,fin
30300010000,103D001000,055O,"Muu vaikea korvan nenän tai kurkun leikkaus, lyhyt hoito",055O,0,+,3.0,,,,S,03S01,,,,,,,,<2,N,den/est/fin/ice/lat/nor
30300031000,103D003100,055O,"Muu vaikea korvan nenän tai kurkun leikkaus, lyhyt hoito",055O,0,+,3.0,,,,S,03S14,,03X04,,,,,,<2,N,den/est/fin/ice/lat/nor
30300040000,103D004000,055O,"Muu vaikea korvan nenän tai kurkun leikkaus, lyhyt hoito",055O,0,+,3.0,,,,S,03S04,,,,,,,,<2,N,fin
30300040200,103D004020,055O,"Muu vaikea korvan nenän tai kurkun leikkaus, lyhyt hoito",055O,0,+,3.0,,,,S,03S10,,,,,,,,<2,N,fin
30300040300,103D004030,054P,"Kartiolisäkkeen leikkaus, lyhyt hoito",054P,0,+,3.0,,,,S,03S22,,,,,,,,<2,N,fin
30300040400,103D004040,054O,"Nenänsivuontelon leikkaus, lyhyt hoito",054O,0,+,3.0,,,,S,03S06,,,,,,,,<2,N,fin
30300040500,103D004050,056O,"Nenän muovausleikkaus, lyhyt hoito",056O,0,+,3.0,,,,S,03S07,,,,,,,,<2,N,fin
30300040600,103D004060,055O,"Muu vaikea korvan nenän tai kurkun leikkaus, lyhyt hoito",055O,0,+,3.0,,,,S,03S08,,,,,,,,<2,N,fin
30300040700,103D004070,051O,"Sylkirauhastoimenpide, lyhyt hoito",051O,0,+,3.0,,,,S,03S09,,,,,,,,<2,N,fin
30300040710,103D004071,051O,"Sylkirauhastoimenpide, lyhyt hoito",051O,0,+,3.0,,,,,03S09,,00X10,,,,,,<2,N,fin
30300200000,103D020000,063O,"Muu korvan, nenän tai kurkun alueen toimenpide, lyhyt hoito",063O,0,+,3.0,,,,S,03S12,,,,,,,,<2,N,den/est/fin/ice/lat/nor
30300200100,103D020010,063O,"Muu korvan, nenän tai kurkun alueen toimenpide, lyhyt hoito",063O,0,+,3.0,,,,,03S12,,00X10,,,,,,<2,N,fin
30301201000,103D120100,060O,"Risaleikkaus, ei muita toimenpiteitä, lyhyt hoito",060O,0,+,3.0,,,,S,03S03,,,,,,,,<2,N,den/est/fin/ice/lat
30301211000,103D121100,060O,"Risaleikkaus, ei muita toimenpiteitä, lyhyt hoito",060O,0,+,3.0,,,,S,03S11,,,,,,,,<2,N,den/est/fin/ice/lat
30301211010,103D121101,060O,"Risaleikkaus, ei muita toimenpiteitä, lyhyt hoito",060O,0,+,3.0,,,,,03S11,,00X10,,,,,,<2,N,fin
30301590002,103D1590002,580H,Suun ja leuan alueen toimenpide anestesiassa tai merkittävän kuvantamisen kanssa,580H,0,+,3.0,,,,S,03S05,,,,,,,,<2,N,fin
30301590012,103D1590012,580H,Suun ja leuan alueen toimenpide anestesiassa tai merkittävän kuvantamisen kanssa,580H,0,+,3.0,,,,,03S05,,00X10,,,,,,<2,N,den/fin
30301630000,103D163000,055P,"Muu korvan, nenän tai kurkun leikkaus, llyhyt hoito",055P,0,+,3.0,,,,S,03S99,,,,,,,,<2,N,den/est/fin/ice/lat/nor
30301631010,103D163101,055P,"Muu korvan, nenän tai kurkun leikkaus, llyhyt hoito",055P,0,+,3.0,,,,,03S99,,00X10,,,,,,<2,N,fin
30301700100,103D170010,703O,Stentin asennus ruoansulatuskanvaan tähystyksessä,703O,0,+,3.0,,,,P,03E03,,,,,,,,<2,N,den/est/fin/ice/lat/nor
30301700200,103D170020,063O,"Muu korvan, nenän tai kurkun alueen toimenpide, lyhyt hoito",063O,0,+,3.0,,,,P,03E20,,,,,,,,<2,N,den/est/fin/ice/lat/nor
30301701000,103D170100,706O,Ruuansulatuskanavan yläosan tähystystoimenpide,706O,0,+,3.0,,,,P,03E06,,,,,,,,<2,N,den/est/fin/ice/lat/nor
30301702000,103D170200,702O,Alahengitysteiden tähystys,702O,0,+,3.0,,,,P,03E02,,,,,,,,<2,N,den/est/fin/ice/lat/nor
30301702050,103D170209,711Q,Ruoansulatuskanavan yläosan tähystys ilman anestesiaa,711Q,0,+,3.0,,,,P,03E11,,,,,,,,<2,N,fin
30301702200,103D170220,701O,Ylähengitysteiden tähystys,701O,0,+,3.0,,,,P,03E01,,,,,,,,<2,N,den/est/fin/ice/lat/nor
30301730000,103D173000,901Q,"Vaativa pään, niskan tai keskushermoston diagnostinen toimenpide",901FQ,0,+,3.0,,,,N,03D02,,,,,,,,<2,N,fin
30301730200,103D173020,901Q,"Vaativa pään, niskan tai keskushermoston diagnostinen toimenpide",901FQ,0,+,3.0,,,,N,90D02,,90X01,,,,,,<2,N,fin
30301730400,103D173040,905Q,"Sydän- ja verisuonisairaus, vaativa diagnostinen toimenpide",905FQ,0,+,3.0,,,,N,90D22,,90X01,,,,,,<2,N,fin
30301730600,103D173060,906Q,"Ruuansulatuskanavan sairaus, vaativa diagnostinen toimenpide",906FQ,0,+,3.0,,,,N,90D32,,90X01,,,,,,<2,N,fin
30301730800,103D173080,908Q,"Tuki- ja liikuntaelinten sairaus, vaativa diagnostinen toimenpide",908FQ,0,+,3.0,,,,N,90D42,,90X01,,,,,,<2,N,fin
30301731000,103D173100,905S,Vaativa ääreisverenkierron diagnostinen toimenpide,905FS,0,+,3.0,,,,N,90D62,,90X01,,,,,,<2,N,fin
30301731200,103D173120,917W,Sädehoidon vaativa annossuunnittelu magneettitutkimuksella,917FW,0,+,3.0,,,,N,90D92,,90X01,,,,,,<2,N,fin
30301732000,103D173200,901P,"Pään, niskan tai keskushermoston diagnostinen toimenpide",901FP,0,+,3.0,,,,N,03D01,,,,,,,,<2,N,fin
30301732100,103D173210,901P,"Pään, niskan tai keskushermoston diagnostinen toimenpide",901FP,0,+,3.0,,,,N,90D01,,90X01,,,,,,<2,N,fin
30301732200,103D173220,905P,"Sydän- ja verisuonisairaus, diagnostinen toimenpide",905FP,0,+,3.0,,,,N,90D21,,90X01,,,,,,<2,N,fin
30301732300,103D173230,906P,"Ruuansulatuskanavan sairaus, diagnostinen toimenpide",906FP,0,+,3.0,,,,N,90D31,,90X01,,,,,,<2,N,fin
30301732400,103D173240,908P,"Tuki- ja liikuntaelinten sairaus, diagnostinen toimenpide",908FP,0,+,3.0,,,,N,90D41,,90X01,,,,,,<2,N,fin
30301732500,103D173250,910P,Endokriininen diagnostinen toimenpide,910FP,0,+,3.0,,,,N,90D11,,90X01,,,,,,<2,N,fin
30301732600,103D173260,905R,Ääreisverenkierron diagnostinen toimenpide,905FR,0,+,3.0,,,,N,90D61,,90X01,,,,,,<2,N,fin
30301732700,103D173270,917V,Sädehoidon annossuunnittelu magneettitutkimuksella,917FV,0,+,3.0,,,,N,90D91,,90X01,,,,,,<2,N,fin
30301740200,103D174020,903B,"Suun, korvan, nenän tai kurkun syöpäsairaus, sytostaattihoito, lyhyt hoito",903FB,0,+,3.0,,,,N,90T01,90S01,90X01,,,,,,<2,N,fin
30301740210,103D174021,903B,"Suun, korvan, nenän tai kurkun syöpäsairaus, sytostaattihoito, lyhyt hoito",903FB,0,+,3.0,,,,N,99S80,,90X01,,,,,,<2,N,fin
30301740500,103D174050,903A,"Suun, korvan, nenän tai kurkun syöpäsairaus, sädehoito, lyhyt hoito",903FA,0,+,3.0,,,,N,90T06,,90X01,,,,,,<2,N,fin
30301740510,103D174051,903A,"Suun, korvan, nenän tai kurkun syöpäsairaus, sädehoito, lyhyt hoito",903FA,0,+,3.0,,,,N,90T07,,90X01,,,,,,<2,N,fin
30301740520,103D174052,903A,"Suun, korvan, nenän tai kurkun syöpäsairaus, sädehoito, lyhyt hoito",903FA,0,+,3.0,,,,N,90T08,,90X01,,,,,,<2,N,fin
30301740530,103D174053,903A,"Suun, korvan, nenän tai kurkun syöpäsairaus, sädehoito, lyhyt hoito",903FA,0,+,3.0,,,,N,90T05,,90X01,,,,,,<2,N,fin
30301740600,103D174060,903E,"Suun, korvan, nenän tai kurkun sairaus, erityislääkehoito, lyhyt hoito",903FE,0,+,3.0,,,,N,99T00,90S01,,,,,,,<2,N,fin
30301740620,103D174062,903E,"Suun, korvan, nenän tai kurkun sairaus, erityislääkehoito, lyhyt hoito",903FE,0,+,3.0,,,,N,99T00,90S04,,,,,,,<2,N,fin
30301750990,103D175099,580O,"Suun alueen ongelma, lyhyt hoito",580O,0,+,3.0,03M99,,,,,,,,,,,,<2,N,fin
30301799960,103D179996,903O,"Suun, korvan, nenän tai kurkun sairaus, lyhyt hoito ilman merkittävää toimenpidettä",903O,0,+,3.0,,,,Z,,,,,,,,,<2,N,den/est/fin/lat
30301799990,103D179999,803O,"Korva-, nenä- ja kurkkutautien pientoimenpide",803O,0,+,3.0,,,,N,,,,,,,,,<2,N,den/est/fin/lat
30400100000,104D010000,075O,"Laaja rintaontelon muu kuin sydänleikkaus, lyhyt hoito",075O,0,+,4.0,,,,S,04S01,,,,,,,,<2,N,den/est/fin/ice/lat/nor
30400100003,104D0100002,075O,"Laaja rintaontelon muu kuin sydänleikkaus, lyhyt hoito",075O,0,+,,,04P05,,S,04S01,,,,,,,,<2,N,est/fin/ice/lat/nor
30400200000,104D020000,077O,"Suppea hengityselinten toimenpide, lyhyt hoito",077O,0,+,4.0,,,,S,04S02,,,,,,,,<2,N,den/est/fin/ice/lat/nor
30400210000,104D021000,077O,"Suppea hengityselinten toimenpide, lyhyt hoito",077O,0,+,4.0,,,,,04S02,,00X10,,,,,,<2,N,fin
30400277500,104D0402005,702O,Alahengitysteiden tähystys,702O,0,+,4.0,,,,P,04E02,,,,,,,,<2,N,fin/nor
30400300000,104D030000,475O,"Hengityselinsairauden respiraattorihoito, lyhyt hoitojakso",475O,0,+,4.0,,,,,04S03,,,,,,,,<2,N,den/fin/ice/lat/nor
30400403250,104D040398,711P,"Ruoansulatuskanavan yläosan tähystys, anestesia",711P,0,+,4.0,,,,P,04E11,,00X10,,,,,,<2,N,fin
30400403500,104D040399,711Q,Ruoansulatuskanavan yläosan tähystys ilman anestesiaa,711Q,0,+,4.0,,,,P,04E11,,,,,,,,<2,N,fin
30400481000,104D048100,905Q,"Sydän- ja verisuonisairaus, vaativa diagnostinen toimenpide",905FQ,0,+,4.0,,,,N,04D22,,,,,,,,<2,N,fin
30400482000,104D048200,901Q,"Vaativa pään, niskan tai keskushermoston diagnostinen toimenpide",901FQ,0,+,4.0,,,,N,90D02,,90X01,,,,,,<2,N,fin
30400482400,104D048240,906Q,"Ruuansulatuskanavan sairaus, vaativa diagnostinen toimenpide",906FQ,0,+,4.0,,,,N,90D32,,90X01,,,,,,<2,N,fin
30400482600,104D048260,908Q,"Tuki- ja liikuntaelinten sairaus, vaativa diagnostinen toimenpide",908FQ,0,+,4.0,,,,N,90D42,,90X01,,,,,,<2,N,fin
30400482800,104D048280,905S,Vaativa ääreisverenkierron diagnostinen toimenpide,905FS,0,+,4.0,,,,N,90D62,,90X01,,,,,,<2,N,fin
30400483000,104D048300,905T,Imusuoniston diagnostinen toimenpide,905FT,0,+,4.0,,,,N,90D64,,90X01,,,,,,<2,N,fin
30400483200,104D048320,917W,Sädehoidon vaativa annossuunnittelu magneettitutkimuksella,917FW,0,+,4.0,,,,N,90D92,,90X01,,,,,,<2,N,fin
30400485000,104D048500,905P,"Sydän- ja verisuonisairaus, diagnostinen toimenpide",905FP,0,+,4.0,,,,N,04D21,,,,,,,,<2,N,fin
30400485200,104D048520,901P,"Pään, niskan tai keskushermoston diagnostinen toimenpide",901FP,0,+,4.0,,,,N,90D01,,90X01,,,,,,<2,N,fin
30400485800,104D048580,906P,"Ruuansulatuskanavan sairaus, diagnostinen toimenpide",906FP,0,+,4.0,,,,N,90D31,,90X01,,,,,,<2,N,fin
30400486000,104D048600,908P,"Tuki- ja liikuntaelinten sairaus, diagnostinen toimenpide",908FP,0,+,4.0,,,,N,90D41,,90X01,,,,,,<2,N,fin
30400486100,104D048610,910P,Endokriininen diagnostinen toimenpide,910FP,0,+,4.0,,,,N,90D11,,90X01,,,,,,<2,N,fin
30400486200,104D048620,905R,Ääreisverenkierron diagnostinen toimenpide,905FR,0,+,4.0,,,,N,90D61,,90X01,,,,,,<2,N,fin
30400486400,104D048640,917V,Sädehoidon annossuunnittelu magneettitutkimuksella,917FV,0,+,4.0,,,,N,90D91,,90X01,,,,,,<2,N,fin
30400487200,104D048720,904B,"Hengityselinten syöpäsairaus, sytostaattihoito, lyhyt hoito",904FB,0,+,4.0,,,,N,90T01,90S01,90X01,,,,,,<2,N,fin
30400487210,104D048721,904B,"Hengityselinten syöpäsairaus, sytostaattihoito, lyhyt hoito",904FB,0,+,4.0,,,,N,99S80,,90X01,,,,,,<2,N,fin
30400487300,104D048730,904A,"Hengityselinten syöpäsairaus, sädehoito, lyhyt hoito",904FA,0,+,4.0,,,,N,90T06,,90X01,,,,,,<2,N,fin
30400487310,104D048731,904A,"Hengityselinten syöpäsairaus, sädehoito, lyhyt hoito",904FA,0,+,4.0,,,,N,90T07,,90X01,,,,,,<2,N,fin
30400487320,104D048732,904A,"Hengityselinten syöpäsairaus, sädehoito, lyhyt hoito",904FA,0,+,4.0,,,,N,90T08,,90X01,,,,,,<2,N,fin
30400487330,104D048733,904A,"Hengityselinten syöpäsairaus, sädehoito, lyhyt hoito",904FA,0,+,4.0,,,,N,90T05,,90X01,,,,,,<2,N,fin
30400487520,104D048752,904E,"Keuhkosairaus, erityislääkehoito, lyhyt hoito",904FE,0,+,4.0,,,,N,99T00,90S01,,,,,,,<2,N,fin
30400499600,104D049960,904O,"Keuhkosairaus, lyhyt hoito ilman merkittävää toimenpidettä",904O,0,+,4.0,,,,Z,,,,,,,,,<2,N,den/est/fin/lat
30400499900,104D049990,804O,Hengityselinsairauksien pientoimenpide,804O,0,+,4.0,,,,N,,,,,,,,,<2,N,den/est/fin/lat
30500210000,105D021000,104O,"Sydänläpän avosydän korjausleikkaus ja katetrisaatio, lyhyt hoito",104O,0,+,5.0,,,,S,05S02,,,,,,,,<2,N,den/est/fin/ice/lat/nor
30500210100,105D021010,104O,"Sydänläpän avosydän korjausleikkaus ja katetrisaatio, lyhyt hoito",104O,0,+,5.0,,,,,05S80,,00X10,,,,,,<2,N,den/est/fin/ice/lat
30500211000,105D0211000,104O,"Sydänläpän avosydän korjausleikkaus ja katetrisaatio, lyhyt hoito",104O,0,+,5.0,,,,S,05S80,,,,,,,,<2,N,den/est/fin/ice/lat/nor
30500410000,105D041000,108O,"Muu rintakehän avosydän- tai verisuonileikkaus, lyhyt hoito",108O,0,+,5.0,,,,S,05S06,,,,,,,,<2,N,den/est/fin/ice/lat/nor
30500411000,105D041100,108O,"Muu rintakehän avosydän- tai verisuonileikkaus, lyhyt hoito",108O,0,+,5.0,,,,S,05S07,05S08,,,,,,,<2,N,den/est/fin/ice/lat/nor
30500413000,105D041300,108O,"Muu rintakehän avosydän- tai verisuonileikkaus, lyhyt hoito",108O,0,+,5.0,,,,S,05S22,05S21,,,,,,,<2,N,den/est/fin/ice/lat/nor
30500600000,105D060000,107O,"Sydämen ohitusleikkaus ilman katetrisaatiota, lyhyt hoito",107O,0,+,5.0,,,,S,05S09,,,,,,,,<2,N,den/est/fin/ice/lat/nor
30500701001,105D0701001,111O,"Vaativa verisuonirekonstruktioleikkaus, ei avosydän, lyhyt hoito",110O,0,+,5.0,,,,S,05S07,,,,,,,,<2,N,fin
30500702001,105D0702001,111O,"Vaativa verisuonirekonstruktioleikkaus, ei avosydän, lyhyt hoito",110O,0,+,5.0,,,,S,05S08,,,,,,,,<2,N,fin
30500703001,105D0703001,111O,"Vaativa verisuonirekonstruktioleikkaus, ei avosydän, lyhyt hoito",110O,0,+,5.0,,,,S,05S11,,,,,,,,<2,N,fin
30500704001,105D0704001,111O,"Vaativa verisuonirekonstruktioleikkaus, ei avosydän, lyhyt hoito",110O,0,+,5.0,,,,S,05S22,,,,,,,,<2,N,fin
30500900000,105D090000,113O,"Suuri raajan amputaatio verenkierrollisista syistä, ei yläraaja tai varvas, lyhyt hoito",113O,0,+,5.0,,,,S,05S12,,,,,,,,<2,N,den/est/fin/ice/lat/nor
30500910000,105D091000,113O,"Suuri raajan amputaatio verenkierrollisista syistä, ei yläraaja tai varvas, lyhyt hoito",113O,0,+,5.0,,,,,05S12,,00X10,,,,,,<2,N,fin
30501101001,105D1101001,117O,"Pysyvän tahdistimen asentaminen, lyhyt hoito",117O,0,+,5.0,,,,S,05S40,,,,,,,,<2,N,den/est/fin/ice/lat/nor
30501101011,105D1101011,117O,"Pysyvän tahdistimen asentaminen, lyhyt hoito",117O,0,+,5.0,,,,,05S40,,00X10,,,,,,<2,N,den/est/fin/ice/lat
30501101101,105D1101101,116O,"Sydämen defibrillaattorin asentaminen tai uusiminen, lyhyt hoito",116O,0,+,5.0,,,,S,05S41,,,,,,,,<2,N,est/fin/ice/nor/lat
30501112001,105D1112001,115O,"Pysyvän tahdistimen tai defibrillaattorin poisto, lyhyt hoito",115O,0,+,5.0,,,,S,05S42,,,,,,,,<2,N,den/est/fin/ice/lat
30501112011,105D1112011,115O,"Pysyvän tahdistimen tai defibrillaattorin poisto, lyhyt hoito",115O,0,+,5.0,,,,,05S42,,00X10,,,,,,<2,N,den/est/fin/ice/lat
30501200003,105D1200102,112P,"Rytmihäiriölähteen hävittäminen katetrisaatiossa, lyhyt hoito",112P,0,+,5.0,,,,,05S20,,,,,,,,<2,N,fin/ice/nor/est/lat
30501200005,105D1200005,112Q,"Muu kardiovaskulaarinen katetrisaatio, lyhyt hoito",112Q,0,+,5.0,,,,,05S25,,,,,,,,<2,N,fin/ice/nor/est/lat
30501200207,105D1200202,112Q,"Muu kardiovaskulaarinen katetrisaatio, lyhyt hoito",112Q,0,+,5.0,,,,,05S16,,,,,,,,<2,N,fin/ice/nor/est/lat
30501255000,105D1300002,119P,"Suonikohjuleikkaus, molemminpuolinen, lyhyt hoito",119P,0,+,,,05P21,,S,05S15,,99X04,,,,,,<2,N,fin
30501277500,105D13000111,119P,"Suonikohjuleikkaus, molemminpuolinen, lyhyt hoito",119P,0,+,,,05P21,,,05S15,,00X10,99X04,,,,,<2,N,fin
30501300000,105D130000,119O,"Suonikohjuleikkaus, toispuolinen, lyhyt hoito",119O,0,+,,,05P21,,S,05S15,,,,,,,,<2,N,den/est/fin/ice/lat/nor
30501300011,105D1300011,119O,"Suonikohjuleikkaus, toispuolinen, lyhyt hoito",119O,0,+,,,05P21,,,05S15,,00X10,,,,,,<2,N,fin
30501301000,105D130100,479O,"Muu versisuoniston leikkaus, lyhyt hoito",479O,0,+,5.0,,,,S,05S15,,,,,,,,<2,N,den/est/fin/ice/lat/nor
30501301100,105D130110,479O,"Muu versisuoniston leikkaus, lyhyt hoito",479O,0,+,5.0,,,,,05S15,,00X10,,,,,,<2,N,fin
30501302000,105D130200,479O,"Muu versisuoniston leikkaus, lyhyt hoito",479O,0,+,,,05P02,,S,05S15,,,,,,,,<2,N,den/est/fin/ice/lat/nor
30501302100,105D130210,479O,"Muu versisuoniston leikkaus, lyhyt hoito",479O,0,+,,,05P02,,,05S15,,00X10,,,,,,<2,N,fin
30501500000,105D150000,114O,"Yläraajan tai varpaan amputaatio verenkierrollisista syistä, lyhyt hoito",114O,0,+,5.0,,,,S,05S17,,,,,,,,<2,N,den/est/fin/ice/lat/nor
30501510000,105D151000,114O,"Yläraajan tai varpaan amputaatio verenkierrollisista syistä, lyhyt hoito",114O,0,+,5.0,,,,,05S17,,00X10,,,,,,<2,N,fin
30501655000,105D1800002,119P,"Suonikohjuleikkaus, molemminpuolinen, lyhyt hoito",119P,0,+,5.0,,,,S,05S18,,99X04,,,,,,<2,N,fin
30501800000,105D180000,119O,"Suonikohjuleikkaus, toispuolinen, lyhyt hoito",119O,0,+,5.0,,,,S,05S18,,,,,,,,<2,N,den/est/fin/ice/lat/nor
30501910001,105D1910001,111O,"Vaativa verisuonirekonstruktioleikkaus, ei avosydän, lyhyt hoito",110O,0,+,5.0,,,,S,05S21,,,,,,,,<2,N,fin
30501949000,105D230000,125O,"Sydämen diagnostinen toimenpide, lyhyt hoito",125O,0,+,5.0,,,,,05S05,,,,,,,,<2,N,den/est/fin/ice/lat
30501950000,105D195000,120O,"Muu verenkiertoelinten toimenpide, lyhyt hoito",120O,0,+,5.0,,,,P,05S19,,,,,,,,<2,N,den/est/fin/ice/lat/nor
30501951000,105D195100,120O,"Muu verenkiertoelinten toimenpide, lyhyt hoito",120O,0,+,5.0,,,,,05S19,,00X10,,,,,,<2,N,den/est/fin/ice/lat
30501955530,105D2180001,805P,"Sydämen rytminsiirto, lyhyt hoito",805NP,0,+,5.0,,,,N,05O02,,,,,,,,<2,N,fin/est/lat
30502120000,105D212000,901Q,"Vaativa pään, niskan tai keskushermoston diagnostinen toimenpide",901FQ,0,+,5.0,,,,N,05D02,,,,,,,,<2,N,fin
30502120200,105D212020,905Q,"Sydän- ja verisuonisairaus, vaativa diagnostinen toimenpide",905FQ,0,+,5.0,,,,N,05D22,,,,,,,,<2,N,fin
30502120400,105D212040,905S,Vaativa ääreisverenkierron diagnostinen toimenpide,905FS,0,+,5.0,,,,N,05D62,,,,,,,,<2,N,fin
30502120600,105D212060,905T,Imusuoniston diagnostinen toimenpide,905FT,0,+,5.0,,,,N,05D64,,,,,,,,<2,N,fin
30502121000,105D212100,901Q,"Vaativa pään, niskan tai keskushermoston diagnostinen toimenpide",901FQ,0,+,5.0,,,,N,90D02,,90X01,,,,,,<2,N,fin
30502121400,105D212140,906Q,"Ruuansulatuskanavan sairaus, vaativa diagnostinen toimenpide",906FQ,0,+,5.0,,,,N,90D32,,90X01,,,,,,<2,N,fin
30502121600,105D212160,908Q,"Tuki- ja liikuntaelinten sairaus, vaativa diagnostinen toimenpide",908FQ,0,+,5.0,,,,N,90D42,,90X01,,,,,,<2,N,fin
30502121800,105D212180,905S,Vaativa ääreisverenkierron diagnostinen toimenpide,905FS,0,+,5.0,,,,N,90D62,,90X01,,,,,,<2,N,fin
30502121900,105D212190,917W,Sädehoidon vaativa annossuunnittelu magneettitutkimuksella,917FW,0,+,5.0,,,,N,90D92,,90X01,,,,,,<2,N,fin
30502123000,105D212300,901P,"Pään, niskan tai keskushermoston diagnostinen toimenpide",901FP,0,+,5.0,,,,N,05D01,,,,,,,,<2,N,fin
30502123200,105D212320,905P,"Sydän- ja verisuonisairaus, diagnostinen toimenpide",905FP,0,+,5.0,,,,N,05D21,,,,,,,,<2,N,fin
30502123400,105D212340,906P,"Ruuansulatuskanavan sairaus, diagnostinen toimenpide",906FP,0,+,5.0,,,,N,05D31,,,,,,,,<2,N,fin
30502123600,105D212360,905R,Ääreisverenkierron diagnostinen toimenpide,905FR,0,+,5.0,,,,N,05D61,,,,,,,,<2,N,fin
30502123800,105D212380,910P,Endokriininen diagnostinen toimenpide,910FP,0,+,5.0,,,,N,05D11,,,,,,,,<2,N,fin
30502124000,105D212400,901P,"Pään, niskan tai keskushermoston diagnostinen toimenpide",901FP,0,+,5.0,,,,N,90D01,,90X01,,,,,,<2,N,fin
30502124200,105D212420,905P,"Sydän- ja verisuonisairaus, diagnostinen toimenpide",905FP,0,+,5.0,,,,N,90D21,,90X01,,,,,,<2,N,fin
30502124400,105D212440,906P,"Ruuansulatuskanavan sairaus, diagnostinen toimenpide",906FP,0,+,5.0,,,,N,90D31,,90X01,,,,,,<2,N,fin
30502124600,105D212460,908P,"Tuki- ja liikuntaelinten sairaus, diagnostinen toimenpide",908FP,0,+,5.0,,,,N,90D41,,90X01,,,,,,<2,N,fin
30502125200,105D212520,917V,Sädehoidon annossuunnittelu magneettitutkimuksella,917FV,0,+,5.0,,,,N,90D91,,90X01,,,,,,<2,N,fin
30502130300,105D213030,905G,"Verenkiertosairaus, erityislääkehoito",905FG,0,+,5.0,,,,N,90T01,,05X07,,,,,,<2,N,fin
30502130400,105D213040,917E,"Muu tai erilaistumaton syöpä, erityslääkehoito, lyhyt hoito",917FE,0,+,5.0,,,,N,90T01,90S01,90X01,,,,,,<2,N,fin
30502131000,105D213100,917U,Malignin sairauden lyhyt sädehoito,917FU,0,+,5.0,,,,N,90T05,,90X01,,,,,,<2,N,fin
30502140020,105D214002,905G,"Verenkiertosairaus, erityislääkehoito",905FG,0,+,5.0,,,,N,99T00,90S01,,,,,,,<2,N,fin
30502499600,105D249960,905O,"Sydän- ja verisuonisairaus, lyhyt hoito ilman merkittävää toimenpidettä",905O,0,+,5.0,,,,Z,,,,,,,,,<2,N,den/est/fin/lat
30502499900,105D249990,805O,Verenkiertoelinsairauksien pientoimenpide,805O,0,+,5.0,,,,N,,,,,,,,,<2,N,den/est/fin/lat
30600110000,106D011000,156O,"Vatsan, ruokatorven tai pohjukaissuolen toimenpide, lyhyt hoito",156O,0,+,6.0,,,,S,06S01,,,,,,,,<2,N,den/est/fin/ice/lat/nor
30600210000,106D021000,147O,"Peräsuolen resektio, lyhyt hoito",147O,0,+,6.0,,,,S,06S03,,,,,,,,<2,N,den/est/fin/ice/lat/nor
30600310000,106D031000,149O,"Laaja ohuen tai paksunsuolen leikkaus, lyhyt hoito",149O,0,+,6.0,,,,S,06S02,,,,,,,,<2,N,den/est/fin/ice/lat/nor
30600410000,106D041000,151O,"Peritoneaalisten kiinnikkeiden irroittelu, lyhyt hoito",151O,0,+,6.0,,,,S,06S04,,,,,,,,<2,N,den/est/fin/ice/lat/nor
30600510900,106D051090,153O,"Vähäinen ohut- tai paksusuolen toimenpide, lyhyt hoito",153O,0,+,6.0,,,,S,06S06,,,,,,,,<2,N,den/est/fin/ice/lat/nor
30600510910,106D051091,153O,"Vähäinen ohut- tai paksusuolen toimenpide, lyhyt hoito",153O,0,+,6.0,,,,,06S06,,00X10,,,,,,<2,N,den/est/fin/ice/lat
30600511000,106D051100,167O,"Umpilisäkkeen poisto, lyhyt hoito",167O,0,+,6.0,,,,S,06S05,,,,,,,,<2,N,den/est/fin/ice/lat/nor
30600710000,106D071000,158O,"Peräaukon tai suoliavanteen leikkaus, lyhyt hoito",158O,0,+,6.0,,,,S,06S07,,,,,,,,<2,N,den/est/fin/ice/lat/nor
30600710010,106D071001,158O,"Peräaukon tai suoliavanteen leikkaus, lyhyt hoito",158O,0,+,6.0,,,,,06S07,,00X10,,,,,,<2,N,den/est/fin/ice/lat
30600800000,106D080000,160O,"Tyräleikkaus muu kuin nivus- ja reisityrä, lyhyt hoito",160O,0,+,6.0,,,,S,06S09,,,,,,,,<2,N,fin
30600900000,106D090000,162P,"Nivus- tai reisityrän toimenpiteet, molemminpuolinen lyhyt hoito",162P,0,+,6.0,,,,S,06S08,,99X04,,,,,,<2,N,den/est/fin/ice/lat/nor
30600910000,106D091000,162O,"Nivus- ja reisityräleikkaus, toispuolinen, lyhyt hoito",162O,0,+,6.0,,,,S,06S08,,,,,,,,<2,N,den/est/fin/ice/lat/nor
30601100000,106D110000,171O,"Muu ruuansulatuskanavan leikkaus, lyhyt hoito",171O,0,+,6.0,,,,S,06S10,,,,,,,,<2,N,den/est/fin/ice/lat/nor
30601100010,106D110001,171O,"Muu ruuansulatuskanavan leikkaus, lyhyt hoito",171O,0,+,6.0,,,,,06S10,,00X10,,,,,,<2,N,fin
30601101000,106D110100,171O,"Muu ruuansulatuskanavan leikkaus, lyhyt hoito",171O,0,+,6.0,,,,S,06S20,,06X06,,,,,,<2,N,den/est/fin/ice/lat/nor
30601200000,106D120000,703O,Stentin asennus ruoansulatuskanvaan tähystyksessä,703O,0,+,6.0,,,,P,06E03,,,,,,,,<2,N,den/est/fin/ice/lat/nor
30601200100,106D120010,713O,Stentin asentaminen sappiteihin tähystyksessä,713O,0,+,6.0,,,,P,06E13,,,,,,,,<2,N,den/est/fin/ice/lat/nor
30601201000,106D120100,706O,Ruuansulatuskanavan yläosan tähystystoimenpide,706O,0,+,6.0,,,,P,06E06,,,,,,,,<2,N,den/est/fin/ice/lat/nor
30601201100,106D120110,704O,Ruoansulatuskanavan tähystystoimenpide,704O,0,+,6.0,,,,P,06E04,,,,,,,,<2,N,den/est/fin/ice/lat/nor
30601201300,106D120130,707O,"Muu hoidollinen rektoskopia, lyhyt hoito",707O,0,+,6.0,,,,P,06E07,,,,,,,,<2,N,den/est/fin/ice/lat/nor
30601201311,106D1201311,707P,"Peräpukaminen kovetushoito tai sitominen, lyhyt hoito",707P,0,+,6.0,,,,,06E08,,,,,,,,<2,N,fin/est/lat
30601201400,106D120140,714O,Sappiteiden tähystystoimenpide,714O,0,+,6.0,,,,P,06E14,,,,,,,,<2,N,den/est/fin/ice/lat/nor
30601205000,106D120500,709O,Ruoansulatuskanavan tähystys,709O,0,+,6.0,,,,P,06E09,,,,,,,,<2,N,den/est/fin/ice/lat/nor
30601205003,106D120498,720P,"Ruoansulatuskanavan yhdistetty endoskopia, anestesia",720P,0,+,6.0,,,,P,06E20,,00X10,,,,,,<2,N,fin
30601205005,106D120499,720Q,Ruoansulatuskanavan yhdistetty endoskopia ilman anestesiaa,720Q,0,+,6.0,,,,P,06E20,,,,,,,,<2,N,fin
30601205077,106D120508,720P,"Ruoansulatuskanavan yhdistetty endoskopia, anestesia",720P,0,+,6.0,,,,P,06E10,06E11,00X10,,,,,,<2,N,fin
30601205085,106D120509,720Q,Ruoansulatuskanavan yhdistetty endoskopia ilman anestesiaa,720Q,0,+,6.0,,,,P,06E10,06E11,,,,,,,<2,N,fin
30601205174,106D120518,710P,"Paksusuolen tähystys, anestesia",710P,0,+,6.0,,,,P,06E10,,00X10,,,,,,<2,N,fin
30601205183,106D120519,710Q,Paksusuolen tähystys ilman anestesiaa,710Q,0,+,6.0,,,,P,06E10,,,,,,,,<2,N,fin
30601205274,106D120528,711P,"Ruoansulatuskanavan yläosan tähystys, anestesia",711P,0,+,6.0,,,,P,06E11,,00X10,,,,,,<2,N,fin
30601205283,106D120529,711Q,Ruoansulatuskanavan yläosan tähystys ilman anestesiaa,711Q,0,+,6.0,,,,P,06E11,,,,,,,,<2,N,fin
30601205400,106D120540,712O,Rektosigmoideoskopia,712O,0,+,6.0,,,,P,06E12,,,,,,,,<2,N,den/est/fin/ice/lat/nor
30601220000,106D122000,906Q,"Ruuansulatuskanavan sairaus, vaativa diagnostinen toimenpide",906FQ,0,+,6.0,,,,N,06D32,,,,,,,,<2,N,fin
30601220200,106D122020,905S,Vaativa ääreisverenkierron diagnostinen toimenpide,905FS,0,+,6.0,,,,N,06D62,,,,,,,,<2,N,fin
30601221000,106D122100,901Q,"Vaativa pään, niskan tai keskushermoston diagnostinen toimenpide",901FQ,0,+,6.0,,,,N,90D02,,90X01,,,,,,<2,N,fin
30601221200,106D122120,905Q,"Sydän- ja verisuonisairaus, vaativa diagnostinen toimenpide",905FQ,0,+,6.0,,,,N,90D22,,90X01,,,,,,<2,N,fin
30601221400,106D122140,906Q,"Ruuansulatuskanavan sairaus, vaativa diagnostinen toimenpide",906FQ,0,+,6.0,,,,N,90D32,,90X01,,,,,,<2,N,fin
30601221600,106D122160,908Q,"Tuki- ja liikuntaelinten sairaus, vaativa diagnostinen toimenpide",908FQ,0,+,6.0,,,,N,90D42,,90X01,,,,,,<2,N,fin
30601221800,106D122180,905S,Vaativa ääreisverenkierron diagnostinen toimenpide,905FS,0,+,6.0,,,,N,90D62,,90X01,,,,,,<2,N,fin
30601222000,106D122200,905T,Imusuoniston diagnostinen toimenpide,905FT,0,+,6.0,,,,N,90D64,,90X01,,,,,,<2,,fin
30601222200,106D122220,917W,Sädehoidon vaativa annossuunnittelu magneettitutkimuksella,917FW,0,+,6.0,,,,N,90D92,,90X01,,,,,,<2,N,fin
30601223000,106D122300,906P,"Ruuansulatuskanavan sairaus, diagnostinen toimenpide",906FP,0,+,6.0,,,,N,06D31,,,,,,,,<2,N,fin
30601223200,106D122320,908P,"Tuki- ja liikuntaelinten sairaus, diagnostinen toimenpide",908FP,0,+,6.0,,,,N,06D41,,,,,,,,<2,N,fin
30601223400,106D122340,905R,Ääreisverenkierron diagnostinen toimenpide,905FR,0,+,6.0,,,,N,06D61,,,,,,,,<2,N,fin
30601224000,106D122400,901P,"Pään, niskan tai keskushermoston diagnostinen toimenpide",901FP,0,+,6.0,,,,N,90D01,,90X01,,,,,,<2,N,fin
30601224200,106D122420,905P,"Sydän- ja verisuonisairaus, diagnostinen toimenpide",905FP,0,+,6.0,,,,N,90D21,,90X01,,,,,,<2,N,fin
30601224400,106D122440,906P,"Ruuansulatuskanavan sairaus, diagnostinen toimenpide",906FP,0,+,6.0,,,,N,90D31,,90X01,,,,,,<2,N,fin
30601224600,106D122460,908P,"Tuki- ja liikuntaelinten sairaus, diagnostinen toimenpide",908FP,0,+,6.0,,,,N,90D41,,90X01,,,,,,<2,N,fin
30601224800,106D122480,910P,Endokriininen diagnostinen toimenpide,910FP,0,+,6.0,,,,N,90D11,,90X01,,,,,,<2,N,fin
30601225000,106D122500,905R,Ääreisverenkierron diagnostinen toimenpide,905FR,0,+,6.0,,,,N,90D61,,90X01,,,,,,<2,N,fin
30601225200,106D122520,917V,Sädehoidon annossuunnittelu magneettitutkimuksella,917FV,0,+,6.0,,,,N,90D91,,90X01,,,,,,<2,N,fin
30601230200,106D123020,906B,"Ruuansulatuskanavan syöpäsairaus, sytostaattihoito, lyhyt hoito",906FB,0,+,6.0,,,,N,90T01,90S01,90X01,,,,,,<2,N,fin
30601230210,106D123021,906B,"Ruuansulatuskanavan syöpäsairaus, sytostaattihoito, lyhyt hoito",906FB,0,+,6.0,,,,N,99S80,,90X01,,,,,,<2,N,fin
30601230400,106D123040,906A,"Ruuansulatuskanavan syöpäsairaus, sädehoito, lyhyt hoito",906FA,0,+,6.0,,,,N,90T06,,90X01,,,,,,<2,N,fin
30601230410,106D123041,906A,"Ruuansulatuskanavan syöpäsairaus, sädehoito, lyhyt hoito",906FA,0,+,6.0,,,,N,90T07,,90X01,,,,,,<2,N,fin
30601230420,106D123042,906A,"Ruuansulatuskanavan syöpäsairaus, sädehoito, lyhyt hoito",906FA,0,+,6.0,,,,N,90T08,,90X01,,,,,,<2,N,fin
30601230430,106D123043,906A,"Ruuansulatuskanavan syöpäsairaus, sädehoito, lyhyt hoito",906FA,0,+,6.0,,,,N,90T05,,90X01,,,,,,<2,N,fin
30601299240,106D129924,906G,"Ruuansulatuskanavan sairaus, eryistason vaativa lääkehoito, lyhyt hoito",906FG,0,+,6.0,,,,N,99T00,90S01,,,,,,,<2,N,fin
30601299600,106D129960,906O,"Ruuansulatuskanavan sairaus, lyhyt hoito ilman merkittävää toimenpidettä",906O,0,+,6.0,,,,Z,,,,,,,,,<2,N,den/est/fin/lat
30609999990,106D999999,806O,Ruoansulatuskanavan sairauksien pientoimenpide,806O,0,+,6.0,,,,N,,,,,,,,,<2,N,den/est/fin/lat
30700100000,107D010000,192O,"Haiman tai maksan leikkaus, lyhyt hoito",192O,0,+,7.0,,,,S,07S01,,,,,,,,<2,N,den/est/fin/ice/lat/nor
30700200000,107D020000,494O,"Endoskooppinen tai laparoskooppinen sappirakon poisto tai sappirakon tai sappiteiden leikkaus, lyhyt hoito",494O,0,+,7.0,,,,S,07S05,,,,,,,,<2,N,den/est/fin/ice/lat/nor
30700201000,107D020100,494O,"Endoskooppinen tai laparoskooppinen sappirakon poisto tai sappirakon tai sappiteiden leikkaus, lyhyt hoito",494O,0,+,7.0,,,,,07S05,,00X10,,,,,,<2,N,fin
30700202000,107D020200,494O,"Endoskooppinen tai laparoskooppinen sappirakon poisto tai sappirakon tai sappiteiden leikkaus, lyhyt hoito",494O,0,+,,,07P14,,S,07S05,,,,,,,,<2,N,fin
30700510000,107D051000,494O,"Endoskooppinen tai laparoskooppinen sappirakon poisto tai sappirakon tai sappiteiden leikkaus, lyhyt hoito",494O,0,+,7.0,,,,S,07S02,,,,,,,,<2,N,den/est/fin/ice/lat/nor
30700511000,107D051100,494O,"Endoskooppinen tai laparoskooppinen sappirakon poisto tai sappirakon tai sappiteiden leikkaus, lyhyt hoito",494O,0,+,7.0,,,,,07S02,,00X10,,,,,,<2,N,fin
30700512000,107D051200,494O,"Endoskooppinen tai laparoskooppinen sappirakon poisto tai sappirakon tai sappiteiden leikkaus, lyhyt hoito",494O,0,+,,,07P14,,S,07S02,,,,,,,,<2,N,fin
30700610000,107D061000,494O,"Endoskooppinen tai laparoskooppinen sappirakon poisto tai sappirakon tai sappiteiden leikkaus, lyhyt hoito",494O,0,+,7.0,,,,S,07S03,,,,,,,,<2,N,den/est/fin/ice/lat/nor
30700611000,107D061100,494O,"Endoskooppinen tai laparoskooppinen sappirakon poisto tai sappirakon tai sappiteiden leikkaus, lyhyt hoito",494O,0,+,,,07P14,,S,07S03,,,,,,,,<2,N,fin
30700710000,107D071000,494O,"Endoskooppinen tai laparoskooppinen sappirakon poisto tai sappirakon tai sappiteiden leikkaus, lyhyt hoito",494O,0,+,7.0,,,,S,07S04,,,,,,,,<2,N,den/est/fin/ice/lat/nor
30700711000,107D071100,494O,"Endoskooppinen tai laparoskooppinen sappirakon poisto tai sappirakon tai sappiteiden leikkaus, lyhyt hoito",494O,0,+,,,07P14,,S,07S04,,,,,,,,<2,N,fin
30701000000,107D100000,200O,"Maksan, sappiteiden ja haiman alueen invasiivinen diagnostinen toimenpide, lyhyt hoito",200O,0,+,7.0,,,,S,07S06,,,,,,,,<2,N,den/est/fin/ice/lat/nor
30701010000,107D101000,200O,"Maksan, sappiteiden ja haiman alueen invasiivinen diagnostinen toimenpide, lyhyt hoito",200O,0,+,7.0,,,,,07S06,,00X10,,,,,,<2,N,fin
30701300000,107D130000,201O,"Muu maksan ja haiman alueen toimenpide, lyhyt hoito",201O,0,+,7.0,,,,S,07S07,,,,,,,,<2,N,den/est/fin/ice/lat/nor
30701301000,107D130100,201O,"Muu maksan ja haiman alueen toimenpide, lyhyt hoito",201O,0,+,7.0,,,,,07S07,,00X10,,,,,,<2,N,fin
30701302000,107D130200,201O,"Muu maksan ja haiman alueen toimenpide, lyhyt hoito",201O,0,+,,,07P14,,S,07S07,,,,,,,,<2,N,fin
30701310000,107D131000,494O,"Endoskooppinen tai laparoskooppinen sappirakon poisto tai sappirakon tai sappiteiden leikkaus, lyhyt hoito",494O,0,+,7.0,,,,S,07S08,,,,,,,,<2,N,den/est/fin/ice/lat/nor
30701311000,107D131100,494O,"Endoskooppinen tai laparoskooppinen sappirakon poisto tai sappirakon tai sappiteiden leikkaus, lyhyt hoito",494O,0,+,7.0,,,,,07S08,,00X10,,,,,,<2,N,fin
30701312000,107D131200,494O,"Endoskooppinen tai laparoskooppinen sappirakon poisto tai sappirakon tai sappiteiden leikkaus, lyhyt hoito",494O,0,+,,,07P14,,S,07S08,,,,,,,,<2,N,fin
30701400000,107D140000,713O,Stentin asentaminen sappiteihin tähystyksessä,713O,0,+,7.0,,,,P,07E13,,,,,,,,<2,N,den/est/fin/ice/lat/nor
30701401000,107D140100,714O,Sappiteiden tähystystoimenpide,714O,0,+,7.0,,,,P,07E14,,,,,,,,<2,N,den/est/fin/ice/lat/nor
30701401200,107D140120,706O,Ruuansulatuskanavan yläosan tähystystoimenpide,706O,0,+,7.0,,,,P,07E06,,,,,,,,<2,N,den/est/fin/ice/lat/nor
30701406000,107D140600,715O,Sappiteiden tähystys,715O,0,+,7.0,,,,P,07E15,,,,,,,,<2,N,den/est/fin/ice/lat/nor
30701406250,107D140698,711P,"Ruoansulatuskanavan yläosan tähystys, anestesia",711P,0,+,7.0,,,,P,06E11,,00X10,,,,,,<2,N,fin
30701406500,107D140699,711Q,Ruoansulatuskanavan yläosan tähystys ilman anestesiaa,711Q,0,+,7.0,,,,P,06E11,,,,,,,,<2,N,fin
30701491000,107D149100,906Q,"Ruuansulatuskanavan sairaus, vaativa diagnostinen toimenpide",906FQ,0,+,7.0,,,,N,07D32,,,,,,,,<2,N,fin
30701491200,107D149120,905S,Vaativa ääreisverenkierron diagnostinen toimenpide,905FS,0,+,7.0,,,,N,07D62,,,,,,,,<2,N,fin
30701492000,107D149200,901Q,"Vaativa pään, niskan tai keskushermoston diagnostinen toimenpide",901FQ,0,+,7.0,,,,N,90D02,,90X01,,,,,,<2,N,fin
30701492200,107D149220,905Q,"Sydän- ja verisuonisairaus, vaativa diagnostinen toimenpide",905FQ,0,+,7.0,,,,N,90D22,,90X01,,,,,,<2,N,fin
30701492400,107D149240,906Q,"Ruuansulatuskanavan sairaus, vaativa diagnostinen toimenpide",906FQ,0,+,7.0,,,,N,90D32,,90X01,,,,,,<2,N,fin
30701492600,107D149260,908Q,"Tuki- ja liikuntaelinten sairaus, vaativa diagnostinen toimenpide",908FQ,0,+,7.0,,,,N,90D42,,90X01,,,,,,<2,N,fin
30701492800,107D149280,905S,Vaativa ääreisverenkierron diagnostinen toimenpide,905FS,0,+,7.0,,,,N,90D62,,90X01,,,,,,<2,N,fin
30701493000,107D149300,905T,Imusuoniston diagnostinen toimenpide,905FT,0,+,7.0,,,,N,90D64,,90X01,,,,,,<2,N,fin
30701493200,107D149320,917W,Sädehoidon vaativa annossuunnittelu magneettitutkimuksella,917FW,0,+,7.0,,,,N,90D92,,90X01,,,,,,<2,N,fin
30701494000,107D149400,906P,"Ruuansulatuskanavan sairaus, diagnostinen toimenpide",906FP,0,+,7.0,,,,N,07D31,,,,,,,,<2,N,fin
30701494200,107D149420,905R,Ääreisverenkierron diagnostinen toimenpide,905FR,0,+,7.0,,,,N,07D61,,,,,,,,<2,N,fin
30701494400,107D149440,901P,"Pään, niskan tai keskushermoston diagnostinen toimenpide",901FP,0,+,7.0,,,,N,90D01,,90X01,,,,,,<2,N,fin
30701494600,107D149460,905P,"Sydän- ja verisuonisairaus, diagnostinen toimenpide",905FP,0,+,7.0,,,,N,90D21,,90X01,,,,,,<2,N,fin
30701494800,107D149480,906P,"Ruuansulatuskanavan sairaus, diagnostinen toimenpide",906FP,0,+,7.0,,,,N,90D31,,90X01,,,,,,<2,N,fin
30701495000,107D149500,908P,"Tuki- ja liikuntaelinten sairaus, diagnostinen toimenpide",908FP,0,+,7.0,,,,N,90D41,,90X01,,,,,,<2,N,fin
30701495200,107D149520,910P,Endokriininen diagnostinen toimenpide,910FP,0,+,7.0,,,,N,90D11,,90X01,,,,,,<2,N,fin
30701495400,107D149540,905R,Ääreisverenkierron diagnostinen toimenpide,905FR,0,+,7.0,,,,N,90D61,,90X01,,,,,,<2,N,fin
30701495600,107D149560,917V,Sädehoidon annossuunnittelu magneettitutkimuksella,917FV,0,+,7.0,,,,N,90D91,,90X01,,,,,,<2,N,fin
30701496200,107D149620,907B,"Maksan, sappiteiden tai haiman syöpäsairaus, sytostaattihoito, lyhyt hoito",907FB,0,+,7.0,,,,N,90T01,90S01,90X01,,,,,,<2,N,fin
30701496210,107D149621,907B,"Maksan, sappiteiden tai haiman syöpäsairaus, sytostaattihoito, lyhyt hoito",907FB,0,+,7.0,,,,N,99S80,,90X01,,,,,,<2,N,fin
30701496300,107D149630,907A,"Maksan, sappiteiden tai haiman syöpäsairaus, sädehoito, lyhyt hoito",907FA,0,+,7.0,,,,N,90T06,,90X01,,,,,,<2,N,fin
30701496310,107D149631,907A,"Maksan, sappiteiden tai haiman syöpäsairaus, sädehoito, lyhyt hoito",907FA,0,+,7.0,,,,N,90T07,,90X01,,,,,,<2,N,fin
30701496320,107D149632,907A,"Maksan, sappiteiden tai haiman syöpäsairaus, sädehoito, lyhyt hoito",907FA,0,+,7.0,,,,N,90T08,,90X01,,,,,,<2,N,fin
30701496330,107D149633,907A,"Maksan, sappiteiden tai haiman syöpäsairaus, sädehoito, lyhyt hoito",907FA,0,+,7.0,,,,N,90T05,,90X01,,,,,,<2,N,fin
30701499600,107D149960,907O,"Maksan, sappiteiden tai haiman sairaus, lyhyt hoito ilman merkittävää toimenpidettä",907O,0,+,7.0,,,,Z,,,,,,,,,<2,N,den/est/fin/lat
30701499900,107D149990,807O,"Maksan, sappiteiden ja haiman pientoimenpide",807O,0,+,7.0,,,,N,,,,,,,,,<2,N,den/est/fin/lat
30800300000,108D030000,209O,"Lonkan, polven tai nilkan tekonivelleikkaus, lyhyt hoito",209O,0,+,8.0,,,,S,08S92,,,,,,,,<2,N,den/est/fin/ice/lat/nor
30800300101,108D0300101,209O,"Lonkan, polven tai nilkan tekonivelleikkaus, lyhyt hoito",209O,0,+,8.0,,,,S,08S79,,,,,,,,<2,N,fin
30800301000,108D030100,209O,"Lonkan, polven tai nilkan tekonivelleikkaus, lyhyt hoito",209O,0,+,8.0,,,,S,08S81,,,,,,,,<2,N,den/est/fin/ice/lat/nor
30800302000,108D030200,209O,"Lonkan, polven tai nilkan tekonivelleikkaus, lyhyt hoito",209O,0,+,8.0,,,,S,08S82,,,,,,,,<2,N,den/est/fin/ice/lat/nor
30800303000,108D030300,209O,"Lonkan, polven tai nilkan tekonivelleikkaus, lyhyt hoito",209O,0,+,8.0,,,,S,08S83,,,,,,,,<2,N,den/est/fin/ice/lat/nor
30800400000,108D040000,217O,"Haavarevisio tai ihonsiirto tuki- ja liikuntaelinten sairauden takia, lyhyt hoito",217O,0,+,8.0,,,,S,08S02,,-08X14,,,,,,<2,N,den/est/fin/ice/lat/nor
30800410000,108D041000,216O,"Luu-, lihas- tai sidekudosbiopsia, lyhyt hoito",216O,0,+,8.0,,,,S,08S04,,,,,,,,<2,N,den/est/fin/ice/lat
30800411000,108D041100,216O,"Luu-, lihas- tai sidekudosbiopsia, lyhyt hoito",216O,0,+,8.0,,,,,08S04,,00X10,,,,,,<2,N,fin
30800510000,108D051000,212O,"Muu lonkan tai reiden leikkaus, lyhyt hoito",212O,0,+,8.0,,,,S,08S71,,,,,,,,<2,N,fin
30800511001,108D0511001,212O,"Muu lonkan tai reiden leikkaus, lyhyt hoito",212O,0,+,8.0,,,,,08S71,,00X10,,,,,,<2,N,fin
30800512000,108D051200,212O,"Muu lonkan tai reiden leikkaus, lyhyt hoito",212O,0,+,8.0,,,,S,08S43,,08X20,,,,,,<2,N,den/est/fin/ice/lat/nor
30800800000,108D080000,213O,"Raaja-amputaatio tuki- ja liikuntaelinten sairauden takia, lyhyt hoito",213O,0,+,8.0,,,,S,08S06,,,,,,,,<2,N,den/est/fin/ice/lat/nor
30800810000,108D081000,213O,"Raaja-amputaatio tuki- ja liikuntaelinten sairauden takia, lyhyt hoito",213O,0,+,8.0,,,,,08S06,,00X10,,,,,,<2,N,fin
30800900000,108D090000,491O,"Yläraajan suuren nivelen proteesileikkaus tai yläraajan suuri replantaatioleikkaus, lyhyt hoito",491O,0,+,8.0,,,,S,08S60,,,,,,,,<2,N,den/est/fin/ice/lat/nor
30801000000,108D100000,215O,"Selän ja niskan leikkaus, lyhyt hoito",215O,0,+,8.0,,,,S,08S08,,,,,,,,<2,N,den/est/fin/ice/lat/nor
30801010000,108D101000,215O,"Selän ja niskan leikkaus, lyhyt hoito",215O,0,+,8.0,,,,,08S08,,00X10,,,,,,<2,N,fin
30801100000,108D110000,222P,"Suuri polvileikkaus, lyhyt hoito",222P,0,+,8.0,,,,S,08S70,,,,,,,,<2,N,den/est/fin/ice/lat/nor
30801200000,108D120000,222O,"Polvileikkaus, lyhyt hoito",222O,0,+,8.0,,,,S,08S72,,,,,,,,<2,N,den/est/fin/ice/lat/nor
30801200010,108D120001,222O,"Polvileikkaus, lyhyt hoito",222O,0,+,8.0,,,,,08S72,,00X10,,,,,,<2,N,fin
30801201000,108D120100,222O,"Polvileikkaus, lyhyt hoito",222O,0,+,8.0,,,,S,08S75,,08X10,,,,,,<2,N,den/est/fin/ice/lat/nor
30801201010,108D120101,222O,"Polvileikkaus, lyhyt hoito",222O,0,+,8.0,,,,,08S75,,08X10,00X10,,,,,<2,N,fin
30801500100,108D150010,220O,"Säären, nilkan tai olkavarren leikkaus, lyhyt hoito",220O,0,+,8.0,,,,S,08S53,,,,,,,,<2,N,den/est/fin/ice/lat/nor
30801500200,108D150020,220O,"Säären, nilkan tai olkavarren leikkaus, lyhyt hoito",220O,0,+,8.0,,,,S,08S73,,,,,,,,<2,N,den/est/fin/ice/lat/nor
30801500300,108D150030,220O,"Säären, nilkan tai olkavarren leikkaus, lyhyt hoito",220O,0,+,8.0,,,,S,08S75,,,,,,,,<2,N,den/est/fin/ice/lat/nor
30801500310,108D150031,220O,"Säären, nilkan tai olkavarren leikkaus, lyhyt hoito",220O,0,+,8.0,,,,,08S75,,00X10,,,,,,<2,N,den/est/fin/ice/lat
30801500500,108D150050,220O,"Säären, nilkan tai olkavarren leikkaus, lyhyt hoito",220O,0,+,8.0,,,,S,08S76,,-08X12,,,,,,<2,N,den/est/fin/ice/lat/nor
30801500510,108D150051,220O,"Säären, nilkan tai olkavarren leikkaus, lyhyt hoito",220O,0,+,8.0,,,,,08S76,,-08X12,00X10,,,,,<2,N,den/est/fin/ice/lat
30801500600,108D150060,220O,"Säären, nilkan tai olkavarren leikkaus, lyhyt hoito",220O,0,+,8.0,,,,S,08S76,,08X15,,,,,,<2,N,den/est/fin/ice/lat/nor
30801500610,108D150061,220O,"Säären, nilkan tai olkavarren leikkaus, lyhyt hoito",220O,0,+,8.0,,,,,08S76,,08X15,00X10,,,,,<2,N,den/est/fin/ice/lat
30801500700,108D150070,220O,"Säären, nilkan tai olkavarren leikkaus, lyhyt hoito",220O,0,+,8.0,,,,S,08S45,,-08X12,08X20,,,,,<2,N,den/est/fin/ice/lat/nor
30801500800,108D150080,220O,"Säären, nilkan tai olkavarren leikkaus, lyhyt hoito",220O,0,+,8.0,,,,S,08S45,,08X15,08X20,,,,,<2,N,den/est/fin/ice/lat/nor
30801500900,108D150090,220O,"Säären, nilkan tai olkavarren leikkaus, lyhyt hoito",220O,0,+,8.0,,,,S,08S50,,-08X13,,,,,,<2,N,den/est/fin/ice/lat/nor
30801501000,108D150100,220O,"Säären, nilkan tai olkavarren leikkaus, lyhyt hoito",220O,0,+,8.0,,,,S,08S50,,08X11,,,,,,<2,N,den/est/fin/ice/lat/nor
30801501100,108D150110,220O,"Säären, nilkan tai olkavarren leikkaus, lyhyt hoito",220O,0,+,8.0,,,,S,08S40,,-08X13,08X20,,,,,<2,N,den/est/fin/ice/lat/nor
30801501200,108D150120,220O,"Säären, nilkan tai olkavarren leikkaus, lyhyt hoito",220O,0,+,8.0,,,,S,08S40,,08X11,08X20,,,,,<2,N,den/est/fin/ice/lat/nor
30802300000,108D230000,225P,"Jalkaterän murtumaleikkaus, lyhyt hoito",225P,0,+,8.0,,,,S,08S77,,,,,,,,<2,N,fin
30802300100,108D230010,225P,"Jalkaterän murtumaleikkaus, lyhyt hoito",225P,0,+,8.0,,,,,08S77,,00X10,,,,,,<2,N,fin
30802301000,108D230100,225O,"Jalkaterän leikkaus, lyhyt hoito",225O,0,+,8.0,,,,S,08S74,,,,,,,,<2,N,den/est/fin/ice/lat/nor
30802301100,108D230110,225O,"Jalkaterän leikkaus, lyhyt hoito",225O,0,+,8.0,,,,,08S74,,00X10,,,,,,<2,N,fin
30802301200,108D230120,225O,"Jalkaterän leikkaus, lyhyt hoito",225O,0,+,8.0,,,,S,08S76,,,,,,,,<2,N,den/est/fin/ice/lat/nor
30802301300,108D230130,225O,"Jalkaterän leikkaus, lyhyt hoito",225O,0,+,8.0,,,,,08S76,,00X10,,,,,,<2,N,fin
30802301400,108D230140,225O,"Jalkaterän leikkaus, lyhyt hoito",225O,0,+,8.0,,,,S,08S45,,08X20,,,,,,<2,N,den/est/fin/ice/lat/nor
30802301600,108D230160,225O,"Jalkaterän leikkaus, lyhyt hoito",225O,0,+,8.0,,,,S,08S47,,08X21,,,,,,<2,N,den/est/fin/ice/lat/nor
30802301700,108D230170,225O,"Jalkaterän leikkaus, lyhyt hoito",225O,0,+,8.0,,,,,08S47,,08X21,00X10,,,,,<2,N,fin
30802400000,108D240000,224O,"Muu yläraajan leikkaus, lyhyt hoito",224O,0,+,,,08P01,,S,08S98,-,,,,,,,<2,N,den/est/fin/ice/lat
30802401000,108D240100,228O,"Käden, peukalon, tai ranteen vaativa nivelleikkaus, lyhyt hoito",228O,0,+,8.0,,,,S,08S57,,,,,,,,<2,N,den/est/fin/ice/lat/nor
30802401010,108D240101,234O,"Muu tuki- ja liikuntaelinten tai sidekudosten toimenpide, lyhyt hoito",234O,0,+,8.0,,,,S,08S20,,,,,,,,<2,N,den/est/fin/ice/lat/nor
30802401011,108D2401011,234O,"Muu tuki- ja liikuntaelinten tai sidekudosten toimenpide, lyhyt hoito",234O,0,+,8.0,,,,,08S20,,00X10,,,,,,<2,N,est/fin/ice/lat
30802401100,108D240110,229O,"Muu käden tai ranteen leikkaus, lyhyt hoito",229O,0,+,8.0,,,,S,08S58,,,,,,,,<2,N,den/est/fin/ice/lat/nor
30802401110,108D240111,229O,"Muu käden tai ranteen leikkaus, lyhyt hoito",229O,0,+,8.0,,,,,08S58,,00X10,,,,,,<2,N,den/est/fin/ice/lat
30802401200,108D240120,229O,"Muu käden tai ranteen leikkaus, lyhyt hoito",229O,0,+,8.0,,,,S,08S02,,08X14,,,,,,<2,N,den/est/fin/ice/lat/nor
30802401300,108D240130,229O,"Muu käden tai ranteen leikkaus, lyhyt hoito",229O,0,+,8.0,,,,S,08S42,,08X20,,,,,,<2,N,den/est/fin/ice/lat/nor
30802510000,108D251000,223O,"Olka- tai kyynärpään vaativa leikkaus, lyhyt hoito",223O,0,+,8.0,,,,S,08S51,,,,,,,,<2,N,den/est/fin/ice/lat/nor
30802510100,108D251010,223O,"Olka- tai kyynärpään vaativa leikkaus, lyhyt hoito",223O,0,+,8.0,,,,S,08S55,,,,,,,,<2,N,den/est/fin/ice/lat/nor
30802520000,108D252000,224O,"Muu yläraajan leikkaus, lyhyt hoito",224O,0,+,8.0,,,,S,08S52,,,,,,,,<2,N,den/est/fin/ice/lat
30802520010,108D252001,224O,"Muu yläraajan leikkaus, lyhyt hoito",224O,0,+,8.0,,,,,08S52,,00X10,,,,,,<2,N,den/est/fin/ice/lat
30802520100,108D252010,224O,"Muu yläraajan leikkaus, lyhyt hoito",224O,0,+,8.0,,,,S,08S40,,08X20,,,,,,<2,N,den/est/fin/ice/lat
30802520200,108D252020,224O,"Muu yläraajan leikkaus, lyhyt hoito",224O,0,+,8.0,,,,S,08S41,,08X20,,,,,,<2,N,den/est/fin/ice/lat
30802520300,108D252030,224O,"Muu yläraajan leikkaus, lyhyt hoito",224O,0,+,8.0,,,,S,08S50,,,,,,,,<2,N,den/est/fin/ice/lat
30802520400,108D252040,224O,"Muu yläraajan leikkaus, lyhyt hoito",224O,0,+,8.0,,,,S,08S56,,,,,,,,<2,N,den/est/fin/ice/lat
30802520410,108D252041,224O,"Muu yläraajan leikkaus, lyhyt hoito",224O,0,+,8.0,,,,,08S56,,00X10,,,,,,<2,N,den/est/fin/ice/lat
30802710000,108D271000,227O,"Pehmytkudosleikkaus, lyhyt hoito",227O,0,+,8.0,,,,S,08S12,,,,,,,,<2,N,den/est/fin/ice/lat/nor
30802710010,108D271001,227O,"Pehmytkudosleikkaus, lyhyt hoito",227O,0,+,8.0,,,,,08S12,,00X10,,,,,,<2,N,den/est/fin/ice/lat
30802710100,108D271010,227O,"Pehmytkudosleikkaus, lyhyt hoito",227O,0,+,8.0,,,,S,08S40,,,,,,,,<2,N,den/est/fin/ice/lat/nor
30802710200,108D271020,227O,"Pehmytkudosleikkaus, lyhyt hoito",227O,0,+,8.0,,,,S,08S41,,,,,,,,<2,N,den/est/fin/ice/lat/nor
30802710300,108D271030,227O,"Pehmytkudosleikkaus, lyhyt hoito",227O,0,+,8.0,,,,S,08S42,,,,,,,,<2,N,den/est/fin/ice/lat/nor
30802710400,108D271040,227O,"Pehmytkudosleikkaus, lyhyt hoito",227O,0,+,8.0,,,,S,08S43,,,,,,,,<2,N,den/est/fin/ice/lat/nor
30802710600,108D271060,227O,"Pehmytkudosleikkaus, lyhyt hoito",227O,0,+,8.0,,,,S,08S45,,,,,,,,<2,N,den/est/fin/ice/lat/nor
30802810000,108D281000,230O,"Lonkan tai reiden paikallinen leikkaus tai sisäisten luun kiinnityslaitteiden poisto, lyhyt hoito",230O,0,+,8.0,,,,S,08S13,,,,,,,,<2,N,den/est/fin/ice/lat/nor
30802810100,108D281010,230O,"Lonkan tai reiden paikallinen leikkaus tai sisäisten luun kiinnityslaitteiden poisto, lyhyt hoito",230O,0,+,8.0,,,,,08S91,,,,,,,,<2,N,den/est/fin/ice/lat/nor
30802830000,108D283000,231O,"Muu ortopedinen paikallinen leikkaus tai sisäisten luun kiinnityslaitteiden poisto, lyhyt hoito",231O,0,+,8.0,,,,S,08S11,,,,,,,,<2,N,den/est/fin/ice/lat/nor
30802830010,108D283001,231O,"Muu ortopedinen paikallinen leikkaus tai sisäisten luun kiinnityslaitteiden poisto, lyhyt hoito",231O,0,+,8.0,,,,,08S11,,00X10,,,,,,<2,N,den/est/fin/ice/lat
30803000000,108D300000,232O,"Artroskopia, lyhyt hoito",232O,0,+,8.0,,,,S,08S19,,,,,,,,<2,N,den/est/fin/ice/lat/nor
30803000010,108D300001,232O,"Artroskopia, lyhyt hoito",232O,0,+,8.0,,,,,08S19,,00X10,,,,,,<2,N,den/est/fin/ice/lat
30803000100,108D300010,077O,"Suppea hengityselinten toimenpide, lyhyt hoito",077O,0,+,8.0,,,,S,04S02,,,,,,,,<2,N,den/est/fin/ice/lat/nor
30803000110,108D300011,077O,"Suppea hengityselinten toimenpide, lyhyt hoito",077O,0,+,8.0,,,,,04S02,,00X10,,,,,,<2,N,den/est/fin/ice/lat
30803210000,108D321000,901Q,"Vaativa pään, niskan tai keskushermoston diagnostinen toimenpide",901FQ,0,+,8.0,,,,N,08D02,,,,,,,,<2,N,fin
30803210400,108D321040,908Q,"Tuki- ja liikuntaelinten sairaus, vaativa diagnostinen toimenpide",908FQ,0,+,8.0,,,,N,08D42,,,,,,,,<2,N,fin
30803211000,108D321100,901Q,"Vaativa pään, niskan tai keskushermoston diagnostinen toimenpide",901FQ,0,+,8.0,,,,N,90D02,,90X01,,,,,,<2,N,fin
30803211200,108D321120,905Q,"Sydän- ja verisuonisairaus, vaativa diagnostinen toimenpide",905FQ,0,+,8.0,,,,N,90D22,,90X01,,,,,,<2,N,fin
30803211400,108D321140,906Q,"Ruuansulatuskanavan sairaus, vaativa diagnostinen toimenpide",906FQ,0,+,8.0,,,,N,90D32,,90X01,,,,,,<2,N,fin
30803211600,108D321160,905S,Vaativa ääreisverenkierron diagnostinen toimenpide,905FS,0,+,8.0,,,,N,90D62,,90X01,,,,,,<2,N,fin
30803211800,108D321180,905T,Imusuoniston diagnostinen toimenpide,905FT,0,+,8.0,,,,N,90D64,,90X01,,,,,,<2,N,fin
30803212000,108D321200,917W,Sädehoidon vaativa annossuunnittelu magneettitutkimuksella,917FW,0,+,8.0,,,,N,90D92,,90X01,,,,,,<2,N,fin
30803213000,108D321300,908P,"Tuki- ja liikuntaelinten sairaus, diagnostinen toimenpide",908FP,0,+,8.0,,,,N,08D41,,,,,,,,<2,N,fin
30803213200,108D321320,905R,Ääreisverenkierron diagnostinen toimenpide,905FR,0,+,8.0,,,,N,08D61,,,,,,,,<2,N,fin
30803213400,108D321340,901P,"Pään, niskan tai keskushermoston diagnostinen toimenpide",901FP,0,+,8.0,,,,N,90D01,,90X01,,,,,,<2,N,fin
30803213600,108D321360,905P,"Sydän- ja verisuonisairaus, diagnostinen toimenpide",905FP,0,+,8.0,,,,N,90D21,,90X01,,,,,,<2,N,fin
30803213800,108D321380,906P,"Ruuansulatuskanavan sairaus, diagnostinen toimenpide",906FP,0,+,8.0,,,,N,90D31,,90X01,,,,,,<2,N,fin
30803214200,108D321420,910P,Endokriininen diagnostinen toimenpide,910FP,0,+,8.0,,,,N,90D11,,90X01,,,,,,<2,N,fin
30803214400,108D321440,905R,Ääreisverenkierron diagnostinen toimenpide,905FR,0,+,8.0,,,,N,90D61,,90X01,,,,,,<2,N,fin
30803214600,108D321460,917V,Sädehoidon annossuunnittelu magneettitutkimuksella,917FV,0,+,8.0,,,,N,90D91,,90X01,,,,,,<2,N,fin
30803215200,108D321520,908B,"Tuki- ja liikuntaelinten syöpäsairaus, sytostaattihoito, lyhyt hoito",908FB,0,+,8.0,,,,N,90T01,90S01,90X01,,,,,,<2,N,fin
30803215210,108D321521,908B,"Tuki- ja liikuntaelinten syöpäsairaus, sytostaattihoito, lyhyt hoito",908FB,0,+,8.0,,,,N,99S80,,90X01,,,,,,<2,N,fin
30803216400,108D321640,908A,"Tuki- ja liikuntaelinten syöpäsairaus, sädehoito, lyhyt hoito",908FA,0,+,8.0,,,,N,90T06,,90X01,,,,,,<2,N,fin
30803216410,108D321641,908A,"Tuki- ja liikuntaelinten syöpäsairaus, sädehoito, lyhyt hoito",908FA,0,+,8.0,,,,N,90T07,,90X01,,,,,,<2,N,fin
30803216420,108D321642,908A,"Tuki- ja liikuntaelinten syöpäsairaus, sädehoito, lyhyt hoito",908FA,0,+,8.0,,,,N,90T08,,90X01,,,,,,<2,N,fin
30803216430,108D321643,908A,"Tuki- ja liikuntaelinten syöpäsairaus, sädehoito, lyhyt hoito",908FA,0,+,8.0,,,,N,90T05,,90X01,,,,,,<2,N,fin
30803216500,108D321650,908E,"Tuki- ja liikuntaelinten sairaus, erityislääkehoito, lyhyt hoito",908FE,0,+,8.0,,,,N,99T00,90S01,,,,,,,<2,N,fin
30803216700,108D321670,908E,"Tuki- ja liikuntaelinten sairaus, erityislääkehoito, lyhyt hoito",908FE,0,+,8.0,,,,N,99T00,90S04,,,,,,,<2,N,fin
30803299600,108D329960,908O,"Tuki- ja liikuntaelinten sairaus, lyhyt hoito ilman merkittävää toimenpidettä",908O,0,+,8.0,,,,Z,,,,,,,,,<2,N,den/est/fin/lat
30803299900,108D329990,808O,Tuki- ja liikuntaelinten tai sidekudosten pientoimenpide,808O,0,+,8.0,,,,N,,,,,,,,,<2,N,den/est/fin/lat
30900300000,109D030000,268O,"Plastiikkakirurginen toimenpide, lyhyt hoito",268O,0,+,9.0,,,,S,09S02,,,,,,,,<2,N,den/est/fin/ice/lat/nor
30900301000,109D030100,268O,"Plastiikkakirurginen toimenpide, lyhyt hoito",268O,0,+,9.0,,,,,09S02,,00X10,,,,,,<2,N,fin
30900401000,109D040100,266O,"Ihon revisio tai siirto muun ihon ongelman hoitamiseksi, lyhyt hoito",266O,0,+,9.0,,,,S,09S01,,,,,,,,<2,N,den/est/fin/ice/lat/nor
30900402000,109D040200,266O,"Ihon revisio tai siirto muun ihon ongelman hoitamiseksi, lyhyt hoito",266O,0,+,9.0,,,,,09S01,,00X10,,,,,,<2,N,fin
30901200000,109D120000,267O,"Perianaalinen tai perineaalinen toimenpide, lyhyt hoito",267O,0,+,9.0,,,,S,09S06,,,,,,,,<2,N,den/est/fin/ice/lat/nor
30901200010,109D120001,267O,"Perianaalinen tai perineaalinen toimenpide, lyhyt hoito",267O,0,+,9.0,,,,,09S06,,00X10,,,,,,<2,N,fin
30901201000,109D120100,267O,"Perianaalinen tai perineaalinen toimenpide, lyhyt hoito",267O,0,+,9.0,,,,,09S20,,09X06,,,,,,<2,N,den/est/fin/ice/lat/nor
30901301000,109D130100,270O,"Muu ihon tai ihonalaisen kudoksen toimenpide, lyhyt hoito",270O,0,+,9.0,,,,S,09S07,,,,,,,,<2,N,den/est/fin/ice/lat/nor
30901302000,109D130200,270O,"Muu ihon tai ihonalaisen kudoksen toimenpide, lyhyt hoito",270O,0,+,9.0,,,,,09S08,,,,,,,,<2,N,den/est/fin/lat
30901490000,109D149000,901Q,"Vaativa pään, niskan tai keskushermoston diagnostinen toimenpide",901FQ,0,+,9.0,,,,N,90D02,,90X01,,,,,,<2,N,fin
30901490200,109D149020,905Q,"Sydän- ja verisuonisairaus, vaativa diagnostinen toimenpide",905FQ,0,+,9.0,,,,N,90D22,,90X01,,,,,,<2,N,fin
30901490400,109D149040,906Q,"Ruuansulatuskanavan sairaus, vaativa diagnostinen toimenpide",906FQ,0,+,9.0,,,,N,90D32,,90X01,,,,,,<2,N,fin
30901490600,109D149060,908Q,"Tuki- ja liikuntaelinten sairaus, vaativa diagnostinen toimenpide",908FQ,0,+,9.0,,,,N,90D42,,90X01,,,,,,<2,N,fin
30901490800,109D149080,905S,Vaativa ääreisverenkierron diagnostinen toimenpide,905FS,0,+,9.0,,,,N,90D62,,90X01,,,,,,<2,N,fin
30901491000,109D149100,905T,Imusuoniston diagnostinen toimenpide,905FT,0,+,9.0,,,,N,90D64,,90X01,,,,,,<2,N,fin
30901491200,109D149120,917W,Sädehoidon vaativa annossuunnittelu magneettitutkimuksella,917FW,0,+,9.0,,,,N,90D92,,90X01,,,,,,<2,N,fin
30901492000,109D149200,901P,"Pään, niskan tai keskushermoston diagnostinen toimenpide",901FP,0,+,9.0,,,,N,90D01,,90X01,,,,,,<2,N,fin
30901492200,109D149220,905P,"Sydän- ja verisuonisairaus, diagnostinen toimenpide",905FP,0,+,9.0,,,,N,90D21,,90X01,,,,,,<2,N,fin
30901492400,109D149240,906P,"Ruuansulatuskanavan sairaus, diagnostinen toimenpide",906FP,0,+,9.0,,,,N,90D31,,90X01,,,,,,<2,N,fin
30901492600,109D149260,908P,"Tuki- ja liikuntaelinten sairaus, diagnostinen toimenpide",908FP,0,+,9.0,,,,N,90D41,,90X01,,,,,,<2,N,fin
30901492800,109D149280,910P,Endokriininen diagnostinen toimenpide,910FP,0,+,9.0,,,,N,90D11,,90X01,,,,,,<2,N,fin
30901493000,109D149300,905R,Ääreisverenkierron diagnostinen toimenpide,905FR,0,+,9.0,,,,N,90D61,,90X01,,,,,,<2,N,fin
30901493200,109D149320,917V,Sädehoidon annossuunnittelu magneettitutkimuksella,917FV,0,+,9.0,,,,N,90D91,,90X01,,,,,,<2,N,fin
30901494200,109D149420,909B,"Ihosyöpä, sytostaattihoito, lyhyt hoito",909FB,0,+,9.0,,,,N,90T01,90S01,90X01,,,,,,<2,N,fin
30901494210,109D149421,909B,"Ihosyöpä, sytostaattihoito, lyhyt hoito",909FB,0,+,9.0,,,,N,99S80,,90X01,,,,,,<2,N,fin
30901494300,109D149430,909A,"Ihosyöpä, sädehoito, lyhyt hoito",909FA,0,+,9.0,,,,N,90T06,,90X01,,,,,,<2,N,fin
30901494310,109D149431,909A,"Ihosyöpä, sädehoito, lyhyt hoito",909FA,0,+,9.0,,,,N,90T07,,90X01,,,,,,<2,N,fin
30901494320,109D149432,909A,"Ihosyöpä, sädehoito, lyhyt hoito",909FA,0,+,9.0,,,,N,90T08,,90X01,,,,,,<2,N,fin
30901494330,109D149433,909A,"Ihosyöpä, sädehoito, lyhyt hoito",909FA,0,+,9.0,,,,N,90T05,,90X01,,,,,,<2,N,fin
30901494500,109D149450,909F,"Ihosairaus, vaativa lääkehoito, lyhyt hoito",909FF,0,+,9.0,,,,N,99T00,90S01,,,,,,,<2,N,fin
30901499600,109D149960,909O,"Ihosairaus, lyhyt hoito ilman merkittävää toimenpidettä",909O,0,+,9.0,,,,Z,,,,,,,,,<2,N,den/est/fin/lat
30901499900,109D149990,809O,Ihon pientoimenpide,809O,0,+,9.0,,,,N,,,,,,,,,<2,N,den/est/fin/lat
30905000000,109D500000,501O,"Rinnan rekonstruktioleikkaus, lyhyt hoito",501O,0,+,30.0,,,,S,30S03,30S11,30X01,,,,,,<2,N,den/est/fin/ice/lat/nor
30905001000,109D500100,501O,"Rinnan rekonstruktioleikkaus, lyhyt hoito",501O,0,+,30.0,,,,S,30S11,,,,,,,,<2,N,den/est/fin/ice/lat/nor
30905011000,109D501100,258O,"Rintarauhasen poisto maligniteetin takia, lyhyt hoito",258O,0,+,30.0,,,,S,30S03,,30X01,,,,,,<2,N,den/est/fin/ice/lat/nor
30905020100,109D502010,260O,"Rintarauhasen osittainen poisto maligniteetin takia, lyhyt hoito",260O,0,+,30.0,,,,S,30S04,,30X01,,,,,,<2,N,den/est/fin/ice/lat/nor
30905020200,109D502020,260O,"Rintarauhasen osittainen poisto maligniteetin takia, lyhyt hoito",260O,0,+,30.0,,,,S,30S05,,30X01,,,,,,<2,N,den/est/fin/ice/lat/nor
30905020210,109D502021,260O,"Rintarauhasen osittainen poisto maligniteetin takia, lyhyt hoito",260O,0,+,30.0,,,,,30S05,,30X01,00X10,,,,,<2,N,den/est/fin/ice/lat
30905023000,109D502300,261O,"Rintarauhasleikkaus hyvänlaatuisen sairauden takia, ei biopsia tai ekskisio, lyhyt hoito",261O,0,+,30.0,,,,S,30S03,,,,,,,,<2,N,den/est/fin/ice/lat/nor
30905023100,109D502310,261O,"Rintarauhasleikkaus hyvänlaatuisen sairauden takia, ei biopsia tai ekskisio, lyhyt hoito",261O,0,+,30.0,,,,S,30S04,,,,,,,,<2,N,den/est/fin/ice/lat/nor
30905023200,109D502320,261O,"Rintarauhasleikkaus hyvänlaatuisen sairauden takia, ei biopsia tai ekskisio, lyhyt hoito",261O,0,+,,,30P01,,S,30S03,,,,,,,,<2,N,den/est/fin/ice/lat/nor
30905110000,109D511000,262O,"Rintarauhasen biopsia tai paikallinen ekskisio, lyhyt hoito",262O,0,+,30.0,,,,S,30S05,,,,,,,,<2,N,den/est/fin/ice/lat/nor
30905110010,109D511001,262O,"Rintarauhasen biopsia tai paikallinen ekskisio, lyhyt hoito",262O,0,+,30.0,,,,,30S05,,00X10,,,,,,<2,N,fin
30905120000,109D512000,509O,"Muu rinnan sairauden toimenpide, lyhyt hoito",509O,0,+,30.0,,,,S,30S99,,,,,,,,<2,N,den/est/fin/ice/lat/nor
30905120100,109D512010,509O,"Muu rinnan sairauden toimenpide, lyhyt hoito",509O,0,+,30.0,,,,,30S99,,00X10,,,,,,<2,N,fin
30905141000,109D514100,930Q,Rinnan vaativa diagnostinen toimenpide,930FQ,0,+,30.0,,,,N,30D72,,,,,,,,<2,N,fin
30905142000,109D514200,901Q,"Vaativa pään, niskan tai keskushermoston diagnostinen toimenpide",901FQ,0,+,30.0,,,,N,90D02,,90X01,,,,,,<2,N,fin
30905142200,109D514220,905Q,"Sydän- ja verisuonisairaus, vaativa diagnostinen toimenpide",905FQ,0,+,30.0,,,,N,90D22,,90X01,,,,,,<2,N,fin
30905142400,109D514240,906Q,"Ruuansulatuskanavan sairaus, vaativa diagnostinen toimenpide",906FQ,0,+,30.0,,,,N,90D32,,90X01,,,,,,<2,N,fin
30905142600,109D514260,908Q,"Tuki- ja liikuntaelinten sairaus, vaativa diagnostinen toimenpide",908FQ,0,+,30.0,,,,N,90D42,,90X01,,,,,,<2,N,fin
30905142800,109D514280,905S,Vaativa ääreisverenkierron diagnostinen toimenpide,905FS,0,+,30.0,,,,N,90D62,,90X01,,,,,,<2,N,fin
30905143000,109D514300,905T,Imusuoniston diagnostinen toimenpide,905FT,0,+,30.0,,,,N,90D64,,90X01,,,,,,<2,N,fin
30905143200,109D514320,917W,Sädehoidon vaativa annossuunnittelu magneettitutkimuksella,917FW,0,+,30.0,,,,N,90D92,,90X01,,,,,,<2,N,fin
30905144000,109D514400,930P,Rinnan diagnostinen toimenpide,930FP,0,+,30.0,,,,N,30D71,,,,,,,,<2,N,fin
30905144200,109D514420,901P,"Pään, niskan tai keskushermoston diagnostinen toimenpide",901FP,0,+,30.0,,,,N,90D01,,90X01,,,,,,<2,N,fin
30905144400,109D514440,905P,"Sydän- ja verisuonisairaus, diagnostinen toimenpide",905FP,0,+,30.0,,,,N,90D21,,90X01,,,,,,<2,N,fin
30905144600,109D514460,906P,"Ruuansulatuskanavan sairaus, diagnostinen toimenpide",906FP,0,+,30.0,,,,N,90D31,,90X01,,,,,,<2,N,fin
30905144800,109D514480,908P,"Tuki- ja liikuntaelinten sairaus, diagnostinen toimenpide",908FP,0,+,30.0,,,,N,90D41,,90X01,,,,,,<2,N,fin
30905145000,109D514500,910P,Endokriininen diagnostinen toimenpide,910FP,0,+,30.0,,,,N,90D11,,90X01,,,,,,<2,N,fin
30905145200,109D514520,905R,Ääreisverenkierron diagnostinen toimenpide,905FR,0,+,30.0,,,,N,90D61,,90X01,,,,,,<2,N,fin
30905145400,109D514540,917V,Sädehoidon annossuunnittelu magneettitutkimuksella,917FV,0,+,30.0,,,,N,90D91,,90X01,,,,,,<2,N,fin
30905146300,109D514630,930B,"Rintarauhasen syöpä, sytostaattihoito, lyhyt hoito",930FB,0,+,30.0,,,,N,90T01,90S01,90X01,,,,,,<2,N,fin
30905146310,109D514631,930B,"Rintarauhasen syöpä, sytostaattihoito, lyhyt hoito",930FB,0,+,30.0,,,,N,99S80,,90X01,,,,,,<2,N,fin
30905146400,109D514640,930A,"Rintarauhasen syöpä, sädehoito, lyhyt hoito",930FA,0,+,30.0,,,,N,90T06,,90X01,,,,,,<2,N,fin
30905146410,109D514641,930A,"Rintarauhasen syöpä, sädehoito, lyhyt hoito",930FA,0,+,30.0,,,,N,90T07,,90X01,,,,,,<2,N,fin
30905146420,109D514642,930A,"Rintarauhasen syöpä, sädehoito, lyhyt hoito",930FA,0,+,30.0,,,,N,90T08,,90X01,,,,,,<2,N,fin
30905146430,109D514643,930A,"Rintarauhasen syöpä, sädehoito, lyhyt hoito",930FA,0,+,30.0,,,,N,90T05,,90X01,,,,,,<2,N,fin
30905149600,109D514960,930O,"Rintarauhasen sairaus, lyhyt hoito ilman merkittävää toimenpidettä",930O,0,+,30.0,,,,Z,,,,,,,,,<2,N,den/est/fin/lat
30905149900,109D514990,830O,"Rintarauhasen pientoimenpide, lyhyt hoito",830O,0,+,30.0,,,,N,,,,,,,,,<2,N,den/est/fin/lat
31000100000,110D010000,285O,"Raajan amputaatio endokriinisen, nutritionaalisen tai metabolisen sairauden takia, lyhyt hoito",285O,0,+,10.0,,,,S,10S01,,,,,,,,<2,N,den/est/fin/ice/lat/nor
31000210004,110D0210002,287O,"Muiden endokriinisten elinten leikkaus, lyhyt hoito",287O,0,+,10.0,,,,S,10S02,,,,,,,,<2,N,est/fin/nor/ice/lat
31000210010,110D021001,287O,"Muiden endokriinisten elinten leikkaus, lyhyt hoito",287O,0,+,10.0,,,,,10S02,,00X10,,,,,,<2,N,fin
31000211004,110D0211002,287O,"Muiden endokriinisten elinten leikkaus, lyhyt hoito",287O,0,+,10.0,,,,S,10S09,,10X02,,,,,,<2,N,est/fin/nor/ice/lat
31000400000,110D040000,288O,"Liikalihavuuden hoito mahasuolikanavan leikkauksella, lyhyt hoito",288O,0,+,10.0,,,,S,10S20,,,,,,,,<2,N,den/est/fin/ice/lat/nor
31000400100,110D040010,288P,"Muu liikalihavuuden hoitoon liittyvä leikkaus, lyhyt hoito",288P,0,+,10.0,,,,S,10S04,,,,,,,,<2,N,den/est/fin/ice/lat/nor
31000400110,110D040011,288P,"Muu liikalihavuuden hoitoon liittyvä leikkaus, lyhyt hoito",288P,0,+,10.0,,,,,10S04,,00X10,,,,,,<2,N,den/est/fin/ice/lat
31000510050,110D0510001,287O,"Muiden endokriinisten elinten leikkaus, lyhyt hoito",287O,0,+,10.0,,,,S,10S05,,,,,,,,<3,N,fin
31000511000,110D051100,287O,"Muiden endokriinisten elinten leikkaus, lyhyt hoito",287O,0,+,10.0,,,,,10S05,,00X10,,,,,,<3,N,fin
31000520050,110D0520001,287O,"Muiden endokriinisten elinten leikkaus, lyhyt hoito",287O,0,+,,,10P01,,S,10S05,,,,,,,,<3,N,fin
31000521000,110D052100,287O,"Muiden endokriinisten elinten leikkaus, lyhyt hoito",287O,0,+,,,10P01,,,10S05,,00X10,,,,,,<3,N,fin
31000600001,110D0600001,290O,"Kilpirauhasleikkaus, lyhyt hoito",290O,0,+,10.0,,,,S,10S06,,,,,,,,<3,N,fin
31000610000,110D061000,290O,"Kilpirauhasleikkaus, lyhyt hoito",290O,0,+,10.0,,,,,10S06,,00X10,,,,,,<3,N,fin
31000810000,110D081000,293O,"Muu leikkaus endokriinisen, nutritionaalisen tai metabolisen sairauden vuoksi, lyhyt hoito",293O,0,+,10.0,,,,S,10S08,,,,,,,,<2,N,den/est/fin/ice/lat/nor
31000810100,110D081010,293O,"Muu leikkaus endokriinisen, nutritionaalisen tai metabolisen sairauden vuoksi, lyhyt hoito",293O,0,+,10.0,,,,,10S08,,00X10,,,,,,<2,N,fin
31000910000,110D091000,340O,"Kivesleikkaus, ei pahanlaatuista sairautta, lyhyt hoito",340O,0,+,10.0,,,,S,12S03,,10X01,,,,,,<2,N,den/est/fin/ice/lat/nor
31000911000,110D091100,340O,"Kivesleikkaus, ei pahanlaatuista sairautta, lyhyt hoito",340O,0,+,10.0,,,,,12S03,,10X01,00X10,,,>6574,,<2,N,fin
31000928302,110D097998,720P,"Ruoansulatuskanavan yhdistetty endoskopia, anestesia",720P,0,+,10.0,,,,P,17E10,17E11,00X10,,,,,,<2,N,fin
31000945535,110D097999,720Q,Ruoansulatuskanavan yhdistetty endoskopia ilman anestesiaa,720Q,0,+,10.0,,,,P,17E10,17E11,,,,,,,<2,N,fin
31000980749,110D098098,710P,"Paksusuolen tähystys, anestesia",710P,0,+,10.0,,,,P,17E10,,00X10,,,,,,<2,N,fin
31000980833,110D098099,710Q,Paksusuolen tähystys ilman anestesiaa,710Q,0,+,10.0,,,,P,17E10,,,,,,,,<2,N,fin
31000981749,110D098198,711P,"Ruoansulatuskanavan yläosan tähystys, anestesia",711P,0,+,10.0,,,,P,17E11,,00X10,,,,,,<2,N,fin
31000981833,110D098199,711Q,Ruoansulatuskanavan yläosan tähystys ilman anestesiaa,711Q,0,+,10.0,,,,P,17E11,,,,,,,,<2,N,fin
31000983000,110D098300,712O,Rektosigmoideoskopia,712O,0,+,10.0,,,,P,06E12,,,,,,,,<2,N,fin
31001010000,110D101000,901Q,"Vaativa pään, niskan tai keskushermoston diagnostinen toimenpide",901FQ,0,+,10.0,,,,N,10D02,,,,,,,,<2,N,fin
31001010100,110D101010,905S,Vaativa ääreisverenkierron diagnostinen toimenpide,905FS,0,+,10.0,,,,N,10D62,,,,,,,,<2,N,fin
31001010200,110D101020,901Q,"Vaativa pään, niskan tai keskushermoston diagnostinen toimenpide",901FQ,0,+,10.0,,,,N,90D02,,90X01,,,,,,<2,N,fin
31001010300,110D101030,905Q,"Sydän- ja verisuonisairaus, vaativa diagnostinen toimenpide",905FQ,0,+,10.0,,,,N,90D22,,90X01,,,,,,<2,N,fin
31001010400,110D101040,906Q,"Ruuansulatuskanavan sairaus, vaativa diagnostinen toimenpide",906FQ,0,+,10.0,,,,N,90D32,,90X01,,,,,,<2,N,fin
31001010600,110D101060,908Q,"Tuki- ja liikuntaelinten sairaus, vaativa diagnostinen toimenpide",908FQ,0,+,10.0,,,,N,90D42,,90X01,,,,,,<2,N,fin
31001010800,110D101080,905S,Vaativa ääreisverenkierron diagnostinen toimenpide,905FS,0,+,10.0,,,,N,90D62,,90X01,,,,,,<2,N,fin
31001011000,110D101100,905T,Imusuoniston diagnostinen toimenpide,905FT,0,+,10.0,,,,N,90D64,,90X01,,,,,,<2,N,fin
31001011200,110D101120,917W,Sädehoidon vaativa annossuunnittelu magneettitutkimuksella,917FW,0,+,10.0,,,,N,90D92,,90X01,,,,,,<2,N,fin
31001012000,110D101200,901P,"Pään, niskan tai keskushermoston diagnostinen toimenpide",901FP,0,+,10.0,,,,N,10D01,,,,,,,,<2,N,fin
31001012200,110D101220,905P,"Sydän- ja verisuonisairaus, diagnostinen toimenpide",905FP,0,+,10.0,,,,N,10D21,,,,,,,,<2,N,fin
31001012600,110D101260,908P,"Tuki- ja liikuntaelinten sairaus, diagnostinen toimenpide",908FP,0,+,10.0,,,,N,10D41,,,,,,,,<2,N,fin
31001012800,110D101280,910P,Endokriininen diagnostinen toimenpide,910FP,0,+,10.0,,,,N,10D11,,,,,,,,<2,N,fin
31001013000,110D101300,901P,"Pään, niskan tai keskushermoston diagnostinen toimenpide",901FP,0,+,10.0,,,,N,90D01,,90X01,,,,,,<2,N,fin
31001013200,110D101320,905P,"Sydän- ja verisuonisairaus, diagnostinen toimenpide",905FP,0,+,10.0,,,,N,90D21,,90X01,,,,,,<2,N,fin
31001013400,110D101340,906P,"Ruuansulatuskanavan sairaus, diagnostinen toimenpide",906FP,0,+,10.0,,,,N,90D31,,90X01,,,,,,<2,N,fin
31001013600,110D101360,908P,"Tuki- ja liikuntaelinten sairaus, diagnostinen toimenpide",908FP,0,+,10.0,,,,N,90D41,,90X01,,,,,,<2,N,fin
31001014000,110D101400,905R,Ääreisverenkierron diagnostinen toimenpide,905FR,0,+,10.0,,,,N,90D61,,90X01,,,,,,<2,N,fin
31001014200,110D101420,917V,Sädehoidon annossuunnittelu magneettitutkimuksella,917FV,0,+,10.0,,,,N,90D91,,90X01,,,,,,<2,N,fin
31001020200,110D102020,910D,"Endokriininen syöpäsairaus, sytostaattihoito, lyhyt hoito",910FD,0,+,10.0,,,,N,90T01,90S01,90X01,,,,,,<2,N,fin
31001020210,110D102021,910D,"Endokriininen syöpäsairaus, sytostaattihoito, lyhyt hoito",910FD,0,+,10.0,,,,N,99S80,,90X01,,,,,,<2,N,fin
31001020300,110D102030,910B,"Endokriininen syöpäsairaus, vaativa sädehoito, lyhyt hoito",910FB,0,+,10.0,,,,N,90T08,,90X01,,,,,,<2,N,fin
31001020400,110D102040,910B,"Endokriininen syöpäsairaus, vaativa sädehoito, lyhyt hoito",910FB,0,+,10.0,,,,N,90T07,,90X01,,,,,,<2,N,fin
31001020500,110D102050,910A,"Endokriininen syöpäsairaus, sädehoito, lyhyt hoito",910FA,0,+,10.0,,,,N,90T06,,90X01,,,,,,<2,N,fin
31001020510,110D102051,910A,"Endokriininen syöpäsairaus, sädehoito, lyhyt hoito",910FA,0,+,10.0,,,,N,90T05,,90X01,,,,,,<2,N,fin
31001020600,110D102060,910I,"Endokriininen sairaus, erityislääkehoito, lyhyt hoito",910FI,0,+,10.0,,,,N,99T00,90S01,,,,,,,<2,N,fin
31001066300,124D2010002,295O,"Diabetes, lyhyt hoito",295O,0,+,,10M01,,,Z,,,,,,,,,<2,N,fin/ice
31001099600,110D109960,910O,"Endokriininen sairaus, lyhyt hoito ilman merkittävää toimenpidettä",910O,0,+,10.0,,,,Z,,,,,,,,,<2,N,den/est/fin/lat
31001099750,110D109992,317O,"Dialyysihoito, lyhyt hoito",317O,0,+,,,11P01,,,11S09,,,,,,,,<2,N,fin/est/lat/ice
31001099900,110D109990,810O,"Endokrinologia, pientoimenpide",810O,0,+,10.0,,,,N,,,,,,,,,<2,N,den/est/fin/lat
31100300000,111D030000,305O,"Munuaisen, virtsajohtimen tai vaativa virtsarakon leikkaus, lyhyt hoito",305O,0,+,11.0,,,,S,11S02,,,,,,,,<2,N,den/est/fin/ice/lat/nor
31100500000,111D050000,309O,"Muu virtsarakon toimenpide, lyhyt hoito",309O,0,+,11.0,,,,S,11S03,,,,,,,,<2,N,den/est/fin/ice/lat/nor
31100510000,111D051000,309O,"Muu virtsarakon toimenpide, lyhyt hoito",309O,0,+,11.0,,,,,11S03,,00X10,,,,,,<2,N,fin
31100890000,111D089000,311P,"Eturauhasen aukaisu virtsaputken kautta, TUIP",311P,0,+,11.0,,,,S,11S20,,,,,,,,<2,N,fin
31100900000,111D090000,311O,"Transuretraalinen toimenpide, ei prostatektomia, lyhyt hoito",311O,0,+,11.0,,,,S,11S05,,,,,,,,<2,N,den/est/fin/ice/lat/nor
31100910000,111D091000,311O,"Transuretraalinen toimenpide, ei prostatektomia, lyhyt hoito",311O,0,+,11.0,,,,,11S05,,00X10,,,,,,<2,N,fin
31101010000,111D101000,307P,"Virtsaputken tekosulkijan toimenpiteet, lyhyt hoito",307P,0,+,11.0,,,,S,11S11,,,,,,,,<2,N,fin/nor
31101110000,111D111000,314O,"Virtsaputken leikkaus, lyhyt hoito",314O,0,+,11.0,,,,S,11S06,,,,,,,,<2,N,den/est/fin/ice/lat/nor
31101111000,111D111100,314O,"Virtsaputken leikkaus, lyhyt hoito",314O,0,+,11.0,,,,,11S06,,00X10,,,,,,<2,N,fin
31101399000,111D139900,315O,"Muu munuaisten tai virtsateiden toimenpide, lyhyt hoito",315O,0,+,11.0,,,,S,11S07,,,,,,,,<2,N,den/fin/ice/lat/nor/est
31101400010,111D140001,315O,"Muu munuaisten tai virtsateiden toimenpide, lyhyt hoito",315O,0,+,11.0,,,,,11S07,,00X10,,,,,,<2,N,den/est/fin/ice/lat
31101400101,111D1400101,315O,"Muu munuaisten tai virtsateiden toimenpide, lyhyt hoito",315O,0,+,,,11P01,,S,11S07,,,,,,,,<2,N,den/est/fin/ice/lat/nor
31101401000,111D140100,315O,"Muu munuaisten tai virtsateiden toimenpide, lyhyt hoito",315O,0,+,11.0,,,,S,11S90,,11X01,,,,,,<2,N,den/est/fin/ice/lat/nor
31101401100,111D140110,315O,"Muu munuaisten tai virtsateiden toimenpide, lyhyt hoito",315O,0,+,11.0,,,,,11S90,,11X01,00X10,,,,,<2,N,den/est/fin/ice/lat
31101510000,111D151000,317O,"Dialyysihoito, lyhyt hoito",317O,0,+,11.0,11M02,,,,,,,,,,,,<2,N,den/est/fin/ice/lat/nor
31101520000,111D152000,317O,"Dialyysihoito, lyhyt hoito",317O,0,+,11.0,,,,,11S09,,,,,,,,<2,N,den/est/fin/ice/lat/nor
31101601000,111D160100,716O,Virtsateiden tähystystoimenpide,716O,0,+,11.0,,,,P,11E16,,,,,,,,<2,N,den/est/fin/ice/lat/nor
31101602000,111D160200,717O,Ylempien virtsateiden tähystys,717O,0,+,11.0,,,,P,11E17,,,,,,,,<2,N,den/est/fin/ice/lat/nor
31101603000,111D160300,718O,Alempien virtsateiden tähystys,718O,0,+,11.0,,,,P,11E18,,,,,,,,<2,N,den/est/fin/ice/lat/nor
31101611000,111D161100,906Q,"Ruuansulatuskanavan sairaus, vaativa diagnostinen toimenpide",906FQ,0,+,11.0,,,,N,11D32,,,,,,,,<2,N,fin
31101611200,111D161120,905S,Vaativa ääreisverenkierron diagnostinen toimenpide,905FS,0,+,11.0,,,,N,11D62,,,,,,,,<2,N,fin
31101611400,111D161140,901Q,"Vaativa pään, niskan tai keskushermoston diagnostinen toimenpide",901FQ,0,+,11.0,,,,N,90D02,,90X01,,,,,,<2,N,fin
31101611600,111D161160,905Q,"Sydän- ja verisuonisairaus, vaativa diagnostinen toimenpide",905FQ,0,+,11.0,,,,N,90D22,,90X01,,,,,,<2,N,fin
31101611800,111D161180,906Q,"Ruuansulatuskanavan sairaus, vaativa diagnostinen toimenpide",906FQ,0,+,11.0,,,,N,90D32,,90X01,,,,,,<2,N,fin
31101612000,111D161200,908Q,"Tuki- ja liikuntaelinten sairaus, vaativa diagnostinen toimenpide",908FQ,0,+,11.0,,,,N,90D42,,90X01,,,,,,<2,N,fin
31101612200,111D161220,905S,Vaativa ääreisverenkierron diagnostinen toimenpide,905FS,0,+,11.0,,,,N,90D62,,90X01,,,,,,<2,N,fin
31101612400,111D161240,905T,Imusuoniston diagnostinen toimenpide,905FT,0,+,11.0,,,,N,90D64,,90X01,,,,,,<2,N,fin
31101612600,111D161260,917W,Sädehoidon vaativa annossuunnittelu magneettitutkimuksella,917FW,0,+,11.0,,,,N,90D92,,90X01,,,,,,<2,N,fin
31101613000,111D161300,905P,"Sydän- ja verisuonisairaus, diagnostinen toimenpide",905FP,0,+,11.0,,,,N,11D21,,,,,,,,<2,N,fin
31101613200,111D161320,906P,"Ruuansulatuskanavan sairaus, diagnostinen toimenpide",906FP,0,+,11.0,,,,N,11D31,,,,,,,,<2,N,fin
31101613600,111D161360,901P,"Pään, niskan tai keskushermoston diagnostinen toimenpide",901FP,0,+,11.0,,,,N,90D01,,90X01,,,,,,<2,N,fin
31101613800,111D161380,905P,"Sydän- ja verisuonisairaus, diagnostinen toimenpide",905FP,0,+,11.0,,,,N,90D21,,90X01,,,,,,<2,N,fin
31101614000,111D161400,906P,"Ruuansulatuskanavan sairaus, diagnostinen toimenpide",906FP,0,+,11.0,,,,N,90D31,,90X01,,,,,,<2,N,fin
31101614200,111D161420,908P,"Tuki- ja liikuntaelinten sairaus, diagnostinen toimenpide",908FP,0,+,11.0,,,,N,90D41,,90X01,,,,,,<2,N,fin
31101614400,111D161440,910P,Endokriininen diagnostinen toimenpide,910FP,0,+,11.0,,,,N,90D11,,90X01,,,,,,<2,N,fin
31101614600,111D161460,905R,Ääreisverenkierron diagnostinen toimenpide,905FR,0,+,11.0,,,,N,90D61,,90X01,,,,,,<2,N,fin
31101614800,111D161480,917V,Sädehoidon annossuunnittelu magneettitutkimuksella,917FV,0,+,11.0,,,,N,90D91,,90X01,,,,,,<2,N,fin
31101620200,111D162020,911B,"Virtsaelinten syöpäsairaus, sytostaattihoito, lyhyt hoito",911FB,0,+,11.0,,,,N,90T01,90S01,90X01,,,,,,<2,N,fin
31101620210,111D162021,911B,"Virtsaelinten syöpäsairaus, sytostaattihoito, lyhyt hoito",911FB,0,+,11.0,,,,N,99S80,,90X01,,,,,,<2,N,fin
31101620300,111D162030,911A,"Virtsaelinten syöpäsairaus, sädehoito, lyhyt hoito",911FA,0,+,11.0,,,,N,90T06,,90X01,,,,,,<2,N,fin
31101620310,111D162031,911A,"Virtsaelinten syöpäsairaus, sädehoito, lyhyt hoito",911FA,0,+,11.0,,,,N,90T05,,90X01,,,,,,<2,N,fin
31101620400,111D162040,911E,"Virtsaelinten sairaus, erityislääkehoito, lyhyt hoito",911FE,0,+,11.0,,,,N,99T00,90S03,,,,,,,<2,N,fin
31101620500,111D162050,911G,"Virtsaelinten sairaus, erityistason vaativa lääkehoito, lyhyt hoito",911FG,0,+,11.0,,,,N,99T00,90S01,,,,,,,<2,N,fin
31101690000,111D169000,323O,"Virtsatiekiven kehonulkoinen murskaus, lyhyt hoito",323O,0,+,11.0,,,,,11S08,,,,,,,,<2,N,den/est/fin/ice/lat/nor
31101696000,111D169600,335O,"Vaativa lantionalueen leikkaus liittyen esim. eturauhasen, kiveksen, peniksen jne. sairauksiin, lyhyt hoito",335O,0,+,11.0,,,,S,12S01,,,,,,,,<2,N,den/est/fin/ice/lat/nor
31101697000,111D169700,337O,"Transuretraalinen prostatektomia, lyhyt hoito",337O,0,+,11.0,,,,S,12S04,,,,,,,,<2,N,den/est/fin/ice/lat/nor
31101699600,111D169960,911O,"Virtsaelinten sairaus, lyhyt hoito ilman merkittävää toimenpidettä",911O,0,+,11.0,,,,Z,,,,,,,,,<2,N,den/est/fin/lat
31101699900,111D169990,811O,Urologinen pientoimenpide,811O,0,+,11.0,,,,N,,,,,,,,,<2,N,den/est/fin/lat
31200100000,112D010000,335O,"Vaativa lantionalueen leikkaus liittyen esim. eturauhasen, kiveksen, peniksen jne. sairauksiin, lyhyt hoito",335O,0,+,12.0,,,,S,12S01,,,,,,,,<2,N,den/est/fin/ice/lat/nor
31200300000,112D030000,341O,"Peniksen muu kuin ympärileikkaus, lyhyt hoito",341O,0,+,12.0,,,,S,12S02,,,,,,,,<2,N,den/est/fin/ice/lat/nor
31200310000,112D031000,341O,"Peniksen muu kuin ympärileikkaus, lyhyt hoito",341O,0,+,12.0,,,,,12S02,,00X10,,,,,,<2,N,fin
31200620000,112D062000,340O,"Kivesleikkaus, ei pahanlaatuista sairautta, lyhyt hoito",340O,0,+,12.0,,,,S,12S03,,,,,,,,<2,N,den/est/fin/ice/lat/nor
31200621000,112D062100,340O,"Kivesleikkaus, ei pahanlaatuista sairautta, lyhyt hoito",340O,0,+,12.0,,,,,12S03,,00X10,,,,,,<2,N,fin
31200800000,112D080000,337O,"Transuretraalinen prostatektomia, lyhyt hoito",337O,0,+,12.0,,,,S,12S04,,,,,,,,<2,N,den/est/fin/ice/lat/nor
31200801000,112D080100,337O,"Transuretraalinen prostatektomia, lyhyt hoito",337O,0,+,12.0,,,,,12S04,,00X10,,,,,,<2,N,fin
31200910000,112D091000,343O,"Ympärileikkaus, lyhyt hoito",343O,0,+,12.0,,,,S,12S05,,,,,,,,<2,N,den/est/fin/ice/lat/nor
31201090000,112D109000,311P,"Eturauhasen aukaisu virtsaputken kautta, TUIP",311P,0,+,12.0,,,,S,11S20,,,,,,,,<2,N,fin
31201100000,112D110000,345O,"Muu eturauhasen, kiveksen, peniksen jne. leikkaus pahanlaatuisen sairauden vuoksi, lyhyt hoito",345O,0,+,12.0,12M01,,,S,12S08,,,,,,,,<2,N,den/est/fin/ice/lat/nor
31201100010,112D110001,345O,"Muu eturauhasen, kiveksen, peniksen jne. leikkaus pahanlaatuisen sairauden vuoksi, lyhyt hoito",345O,0,+,12.0,12M01,,,,12S08,,00X10,,,,,,<2,N,fin
31201101000,112D110100,345O,"Muu eturauhasen, kiveksen, peniksen jne. leikkaus pahanlaatuisen sairauden vuoksi, lyhyt hoito",345O,0,+,12.0,12M01,,,S,12S07,,,,,,,,<2,N,den/est/fin/ice/lat/nor
31201101010,112D110101,345O,"Muu eturauhasen, kiveksen, peniksen jne. leikkaus pahanlaatuisen sairauden vuoksi, lyhyt hoito",345O,0,+,12.0,12M01,,,,12S07,,00X10,,,,,,<2,N,fin
31201120000,112D112000,345O,"Muu eturauhasen, kiveksen, peniksen jne. leikkaus pahanlaatuisen sairauden vuoksi, lyhyt hoito",345O,0,+,12.0,,,,S,12S08,,,,,,,,<2,N,den/est/fin/ice/lat/nor
31201120010,112D112001,345O,"Muu eturauhasen, kiveksen, peniksen jne. leikkaus pahanlaatuisen sairauden vuoksi, lyhyt hoito",345O,0,+,12.0,,,,,12S08,,00X10,,,,,,<2,N,fin
31201212000,112D121200,716O,Virtsateiden tähystystoimenpide,716O,0,+,12.0,,,,P,12E16,,,,,,,,<2,N,den/est/fin/ice/lat/nor
31201252000,112D125200,718O,Alempien virtsateiden tähystys,718O,0,+,12.0,,,,P,12E18,,,,,,,,<2,N,den/est/fin/ice/lat/nor
31201280000,112D128000,351O,"Vasektomia, siemenjohtimien katkaisu, lyhyt hoito",351O,0,+,12.0,,,,,12S07,,,,,,,,<2,N,den/est/fin/ice/lat/nor
31201280400,112D128040,314O,"Virtsaputken leikkaus, lyhyt hoito",314O,0,+,12.0,,,,S,11S06,,,,,,,,<2,N,den/est/fin/ice/lat/nor
31201280410,112D128041,314O,"Virtsaputken leikkaus, lyhyt hoito",314O,0,+,12.0,,,,,11S06,,00X10,,,,,,<2,N,den/est/fin/ice/lat
31201291000,112D129100,906Q,"Ruuansulatuskanavan sairaus, vaativa diagnostinen toimenpide",906FQ,0,+,12.0,,,,N,12D32,,,,,,,,<2,N,fin
31201291200,112D129120,905S,Vaativa ääreisverenkierron diagnostinen toimenpide,905FS,0,+,12.0,,,,N,12D62,,,,,,,,<2,N,fin
31201291400,112D129140,901Q,"Vaativa pään, niskan tai keskushermoston diagnostinen toimenpide",901FQ,0,+,12.0,,,,N,90D02,,90X01,,,,,,<2,N,fin
31201291600,112D129160,905Q,"Sydän- ja verisuonisairaus, vaativa diagnostinen toimenpide",905FQ,0,+,12.0,,,,N,90D22,,90X01,,,,,,<2,N,fin
31201291800,112D129180,906Q,"Ruuansulatuskanavan sairaus, vaativa diagnostinen toimenpide",906FQ,0,+,12.0,,,,N,90D32,,90X01,,,,,,<2,N,fin
31201292000,112D129200,908Q,"Tuki- ja liikuntaelinten sairaus, vaativa diagnostinen toimenpide",908FQ,0,+,12.0,,,,N,90D42,,90X01,,,,,,<2,N,fin
31201292200,112D129220,905S,Vaativa ääreisverenkierron diagnostinen toimenpide,905FS,0,+,12.0,,,,N,90D62,,90X01,,,,,,<2,N,fin
31201292400,112D129240,905T,Imusuoniston diagnostinen toimenpide,905FT,0,+,12.0,,,,N,90D64,,90X01,,,,,,<2,N,fin
31201292600,112D129260,917W,Sädehoidon vaativa annossuunnittelu magneettitutkimuksella,917FW,0,+,12.0,,,,N,90D92,,90X01,,,,,,<2,N,fin
31201293000,112D129300,906P,"Ruuansulatuskanavan sairaus, diagnostinen toimenpide",906FP,0,+,12.0,,,,N,12D31,,,,,,,,<2,N,fin
31201293200,112D129320,905R,Ääreisverenkierron diagnostinen toimenpide,905FR,0,+,12.0,,,,N,12D61,,,,,,,,<2,N,fin
31201293400,112D129340,901P,"Pään, niskan tai keskushermoston diagnostinen toimenpide",901FP,0,+,12.0,,,,N,90D01,,90X01,,,,,,<2,N,fin
31201293600,112D129360,905P,"Sydän- ja verisuonisairaus, diagnostinen toimenpide",905FP,0,+,12.0,,,,N,90D21,,90X01,,,,,,<2,N,fin
31201293700,112D129370,906P,"Ruuansulatuskanavan sairaus, diagnostinen toimenpide",906FP,0,+,12.0,,,,N,90D31,,90X01,,,,,,<2,N,fin
31201293800,112D129380,908P,"Tuki- ja liikuntaelinten sairaus, diagnostinen toimenpide",908FP,0,+,12.0,,,,N,90D41,,90X01,,,,,,<2,N,fin
31201293900,112D129390,910P,Endokriininen diagnostinen toimenpide,910FP,0,+,12.0,,,,N,90D11,,90X01,,,,,,<2,N,fin
31201294000,112D129400,905R,Ääreisverenkierron diagnostinen toimenpide,905FR,0,+,12.0,,,,N,90D61,,90X01,,,,,,<2,N,fin
31201294200,112D129420,917V,Sädehoidon annossuunnittelu magneettitutkimuksella,917FV,0,+,12.0,,,,N,90D91,,90X01,,,,,,<2,N,fin
31201295200,112D129520,912B,"Eturauhasen, kiveksen, peniksen jne. syöpäsairaus, sytostaattihoito, lyhyt hoito",912FB,0,+,12.0,,,,N,90T01,90S01,90X01,,,,,,<2,N,fin
31201295210,112D129521,912B,"Eturauhasen, kiveksen, peniksen jne. syöpäsairaus, sytostaattihoito, lyhyt hoito",912FB,0,+,12.0,,,,N,99S80,,90X01,,,,,,<2,N,fin
31201295290,112D129529,912C,"Eturauhasen, kiveksen, peniksen jne. syöpäsairaus, stereotaktinen sädehoito tai vaativa isotooppihoito, lyhyt hoito",912FC,0,+,12.0,,,,N,90T07,,90X01,,,,,,<2,N,fin
31201295300,112D129530,912A,"Eturauhasen, kiveksen, peniksen jne. syöpäsairaus sädehoito, lyhyt hoito",912FA,0,+,12.0,,,,N,90T06,,90X01,,,,,,<2,N,fin
31201295320,112D129532,912A,"Eturauhasen, kiveksen, peniksen jne. syöpäsairaus sädehoito, lyhyt hoito",912FA,0,+,12.0,,,,N,90T08,,90X01,,,,,,<2,N,fin
31201295330,112D129533,912A,"Eturauhasen, kiveksen, peniksen jne. syöpäsairaus sädehoito, lyhyt hoito",912FA,0,+,12.0,,,,N,90T05,,90X01,,,,,,<2,N,fin
31201295400,112D129540,912E,"Eturauhasen, kiveksen, peniksen jne. syöpäsairaus, erityislääkehoito, lyhyt hoito",912FE,0,+,12.0,,,,N,99T00,90S02,,,,,,,<2,N,fin
31201295500,112D129550,912F,"Eturauhasen, kiveksen, peniksen jne. syöpäsairaus, vaativa lääkehoito, lyhyt hoito",912FF,0,+,12.0,,,,N,99S61,,,,,,,,<2,N,fin
31201295600,112D129560,912E,"Eturauhasen, kiveksen, peniksen jne. syöpäsairaus, erityislääkehoito, lyhyt hoito",912FE,0,+,12.0,,,,N,99T00,90S04,,,,,,,<2,N,fin
31201298850,112D129959,843V,"Eturauhasen, kiveksen, peniksen jne. biopsia, lyhyt hoito",843V,0,,,,,,,12V02,,,,,,,,<2,,fin
31201299600,112D129960,912O,"Eturauhasen, kiveksen, peniksen jne. syöpäsairaus, lyhyt hoito ilman merkittävää toimenpidettä",912O,0,+,12.0,,,,Z,,,,,,,,,<2,N,den/est/fin/lat
31201299900,112D129990,812O,"Eturauhasen, kiveksen, peniksen jne. pientoimenpide",812O,0,+,12.0,,,,N,,,,,,,,,<2,N,den/est/fin/lat
31300100000,113D010000,353O,"Gynekologisen syövän radikaalileikkaus, lyhyt hoito",353O,0,+,13.0,,,,S,13S01,,,,,,,,<2,N,den/est/fin/ice/lat/nor
31300200000,113D020000,357O,"Kohdun ja sivuelinten leikkaus munasarjojen tai sivuelinten pahanlaatuisen kasvaimen takia, lyhyt hoito",357O,0,+,,,13P01,,P,13S02,,,,,,,,<2,N,den/est/fin/ice/lat/nor
31300300000,113D030000,355O,"Kohdun ja sivuel. leikk. muun kuin munasarjojen ja sivuel. pahanlaat. kasvaimen takia, lyhyt hoito",355O,0,+,,,13P02,,P,13S02,,,,,,,,<2,N,den/est/fin/ice/lat/nor
31300500002,113D0500002,359P,"Kohdun ja sivuelinten laaja toimenpide hyvänlaatuisen sairauden takia, lyhyt hoito",359P,0,+,13.0,,,,P,13S21,,,,,,,,<2,N,fin/ice
31300500004,113D0500004,359R,"Muu kohdun ja sivuelinten toimenpide hyvänlaatuisen sairauden takia, lyhyt hoito",359R,0,+,13.0,,,,P,13S22,,,,,,,,<2,N,fin/ice
31300500006,113D0500006,359Q,"Munasolun hedelmoittäminen elimistön ulkopuolella, lyhyt hoito",359Q,0,+,13.0,,,,P,13S09,,,,,,,,<2,N,fin/ice
31300700000,113D070000,356O,"Gynekologinen korjausleikkaus, lyhyt hoito",356O,0,+,13.0,,,,S,13S05,,,,,,,,<2,N,den/est/fin/ice/lat/nor
31300800000,113D080000,361O,"Laparoskopia tai munajohdinten katkaisu, lyhyt hoito",361O,0,+,13.0,,,,S,13S03,,,,,,,,<2,N,den/est/fin/ice/lat/nor
31301000000,113D100000,364O,"Kaavinta ja konisaatio tai paikallinen sädehoito hyvänlaatuisen sairauden takia, lyhyt hoito",364O,0,+,13.0,,,,S,13S06,,,,,,,,<2,N,den/est/fin/ice/lat/nor
31301000010,113D100001,364O,"Kaavinta ja konisaatio tai paikallinen sädehoito hyvänlaatuisen sairauden takia, lyhyt hoito",364O,0,+,13.0,,,,,13S06,,00X10,,,,,,<2,N,fin
31301010000,113D101000,360O,"Vulvan, vaginan tai cervixin leikkaus, lyhyt hoito",360O,0,+,13.0,,,,S,13S04,,,,,,,,<2,N,den/est/fin/ice/lat/nor
31301010010,113D101001,360O,"Vulvan, vaginan tai cervixin leikkaus, lyhyt hoito",360O,0,+,13.0,,,,,13S04,,00X10,,,,,,<2,N,fin
31301200000,113D120000,362O,"Laparoskooppinen tai muu endoskooppinen sterilisaatio, lyhyt hoito",362O,0,+,13.0,,,,S,13S07,,,,,,,,<2,N,den/est/fin/ice/lat/nor
31301300000,113D130000,365O,"Muu gynekologinen leikkaus, lyhyt hoito",365O,0,+,13.0,,,,S,13S08,,,,,,,,<2,N,den/est/fin/ice/lat/nor
31301301000,113D130100,365O,"Muu gynekologinen leikkaus, lyhyt hoito",365O,0,+,13.0,,,,,13S08,,00X10,,,,,,<2,N,fin
31301302052,113D130498,710P,"Paksusuolen tähystys, anestesia",710P,0,+,13.0,,,,P,13E10,,00X10,,,,,,<2,N,fin
31301303035,113D130499,710Q,Paksusuolen tähystys ilman anestesiaa,710Q,0,+,13.0,,,,P,13E10,,,,,,,,<2,N,fin
31301310000,113D131000,719O,Naisen sukuelinten tähystys,719O,0,+,13.0,,,,P,13E19,,,,,,,,<2,N,den/est/fin/ice/lat/nor
31301311000,113D131100,718O,Alempien virtsateiden tähystys,718O,0,+,13.0,,,,P,13E18,,,,,,,,<2,N,den/est/fin/ice/lat/nor
31301401200,113D140120,905S,Vaativa ääreisverenkierron diagnostinen toimenpide,905FS,0,+,13.0,,,,N,13D62,,,,,,,,<2,N,fin
31301401400,113D140140,901Q,"Vaativa pään, niskan tai keskushermoston diagnostinen toimenpide",901FQ,0,+,13.0,,,,N,90D02,,90X01,,,,,,<2,N,fin
31301401600,113D140160,905Q,"Sydän- ja verisuonisairaus, vaativa diagnostinen toimenpide",905FQ,0,+,13.0,,,,N,90D22,,90X01,,,,,,<2,N,fin
31301401800,113D140180,906Q,"Ruuansulatuskanavan sairaus, vaativa diagnostinen toimenpide",906FQ,0,+,13.0,,,,N,90D32,,90X01,,,,,,<2,N,fin
31301402000,113D140200,908Q,"Tuki- ja liikuntaelinten sairaus, vaativa diagnostinen toimenpide",908FQ,0,+,13.0,,,,N,90D42,,90X01,,,,,,<2,N,fin
31301402200,113D140220,905S,Vaativa ääreisverenkierron diagnostinen toimenpide,905FS,0,+,13.0,,,,N,90D62,,90X01,,,,,,<2,N,fin
31301402400,113D140240,905T,Imusuoniston diagnostinen toimenpide,905FT,0,+,13.0,,,,N,90D64,,90X01,,,,,,<2,N,fin
31301402600,113D140260,917W,Sädehoidon vaativa annossuunnittelu magneettitutkimuksella,917FW,0,+,13.0,,,,N,90D92,,90X01,,,,,,<2,N,fin
31301403000,113D140300,906P,"Ruuansulatuskanavan sairaus, diagnostinen toimenpide",906FP,0,+,13.0,,,,N,13D31,,,,,,,,<2,N,fin
31301403100,113D140310,905R,Ääreisverenkierron diagnostinen toimenpide,905FR,0,+,13.0,,,,N,13D61,,,,,,,,<2,N,fin
31301403200,113D140320,901P,"Pään, niskan tai keskushermoston diagnostinen toimenpide",901FP,0,+,13.0,,,,N,90D01,,90X01,,,,,,<2,N,fin
31301403400,113D140340,905P,"Sydän- ja verisuonisairaus, diagnostinen toimenpide",905FP,0,+,13.0,,,,N,90D21,,90X01,,,,,,<2,N,fin
31301403600,113D140360,906P,"Ruuansulatuskanavan sairaus, diagnostinen toimenpide",906FP,0,+,13.0,,,,N,90D31,,90X01,,,,,,<2,N,fin
31301403800,113D140380,908P,"Tuki- ja liikuntaelinten sairaus, diagnostinen toimenpide",908FP,0,+,13.0,,,,N,90D41,,90X01,,,,,,<2,N,fin
31301404000,113D140400,910P,Endokriininen diagnostinen toimenpide,910FP,0,+,13.0,,,,N,90D11,,90X01,,,,,,<2,N,fin
31301404200,113D140420,905R,Ääreisverenkierron diagnostinen toimenpide,905FR,0,+,13.0,,,,N,90D61,,90X01,,,,,,<2,N,fin
31301404400,113D140440,917V,Sädehoidon annossuunnittelu magneettitutkimuksella,917FV,0,+,13.0,,,,N,90D91,,90X01,,,,,,<2,N,fin
31301405200,113D140520,913B,"Vulvan, vaginan, cervixin, munasarjan, jne. syöpäsairaus, sytostaattihoito, lyhyt hoito",913FB,0,+,13.0,,,,N,90T01,90S01,90X01,,,,,,<2,N,fin
31301405210,113D140521,913B,"Vulvan, vaginan, cervixin, munasarjan, jne. syöpäsairaus, sytostaattihoito, lyhyt hoito",913FB,0,+,13.0,,,,N,99S80,,90X01,,,,,,<2,N,fin
31301405300,113D140530,913A,"Vulvan, vaginan, cervixin, munasarjan, jne. syöpäsairaus, sädehoito, lyhyt hoito",913FA,0,+,13.0,,,,N,90T06,,90X01,,,,,,<2,N,fin
31301405310,113D140531,913A,"Vulvan, vaginan, cervixin, munasarjan, jne. syöpäsairaus, sädehoito, lyhyt hoito",913FA,0,+,13.0,,,,N,90T07,,90X01,,,,,,<2,N,fin
31301405320,113D140532,913A,"Vulvan, vaginan, cervixin, munasarjan, jne. syöpäsairaus, sädehoito, lyhyt hoito",913FA,0,+,13.0,,,,N,90T08,,90X01,,,,,,<2,N,fin
31301405330,113D140533,913A,"Vulvan, vaginan, cervixin, munasarjan, jne. syöpäsairaus, sädehoito, lyhyt hoito",913FA,0,+,13.0,,,,N,90T05,,90X01,,,,,,<2,N,fin
31301499600,113D149960,913O,"Vulvan, vaginan, cervixin, munasarjan, jne. sairaus, lyhyt hoito ilman merkittävää toimenpidettä",913O,0,+,13.0,,,,Z,,,,,,,,,<2,N,est/fin
31301499900,113D149990,813O,"Vulvan, vaginan, cervixin, munasarjan, jne. pientoimenpide",813O,0,+,13.0,,,,N,,,,,,,,,<2,N,den/est/fin/lat
31400390000,114D039000,377O,"Synnytyksen tai abortin jälkeinen toimenpide, lyhyt hoito",377O,0,+,14.0,,,,S,,,,,,,,,<2,N,den/est/fin/ice/lat/nor
31400390100,114D039010,377O,"Synnytyksen tai abortin jälkeinen toimenpide, lyhyt hoito",377O,0,+,14.0,,,,,,,00X10,,,,,,<2,N,fin
31400392325,114D039898,711P,"Ruoansulatuskanavan yläosan tähystys, anestesia",711P,0,+,14.0,,,,P,14E11,,00X10,,,,,,<2,N,fin
31400394550,114D039899,711Q,Ruoansulatuskanavan yläosan tähystys ilman anestesiaa,711Q,0,+,14.0,,,,P,14E11,,,,,,,,<2,N,fin
31400399100,114D039910,719O,Naisen sukuelinten tähystys,719O,0,+,14.0,,,,P,14E19,,,,,,,,<2,N,den/est/fin/ice/lat/nor
31404017000,114D401700,901Q,"Vaativa pään, niskan tai keskushermoston diagnostinen toimenpide",901FQ,0,+,14.0,,,,N,14D02,,,,,,,,<2,N,fin
31404018000,114D401800,930Q,Rinnan vaativa diagnostinen toimenpide,930FQ,0,+,14.0,,,,N,14D72,,,,,,,,<2,N,fin
31404024000,114D402400,901Q,"Vaativa pään, niskan tai keskushermoston diagnostinen toimenpide",901FQ,0,+,14.0,,,,N,90D02,,90X01,,,,,,<2,N,fin
31404024200,114D402420,905Q,"Sydän- ja verisuonisairaus, vaativa diagnostinen toimenpide",905FQ,0,+,14.0,,,,N,90D22,,90X01,,,,,,<2,N,fin
31404024400,114D402440,906Q,"Ruuansulatuskanavan sairaus, vaativa diagnostinen toimenpide",906FQ,0,+,14.0,,,,N,90D32,,90X01,,,,,,<2,N,fin
31404024600,114D402460,908Q,"Tuki- ja liikuntaelinten sairaus, vaativa diagnostinen toimenpide",908FQ,0,+,14.0,,,,N,90D42,,90X01,,,,,,<2,N,fin
31404024800,114D402480,905S,Vaativa ääreisverenkierron diagnostinen toimenpide,905FS,0,+,14.0,,,,N,90D62,,90X01,,,,,,<2,N,fin
31404025000,114D402500,905T,Imusuoniston diagnostinen toimenpide,905FT,0,+,14.0,,,,N,90D64,,90X01,,,,,,<2,N,fin
31404025200,114D402520,917W,Sädehoidon vaativa annossuunnittelu magneettitutkimuksella,917FW,0,+,14.0,,,,N,90D92,,90X01,,,,,,<2,N,fin
31404026000,114D402600,901P,"Pään, niskan tai keskushermoston diagnostinen toimenpide",901FP,0,+,14.0,,,,N,14D01,,,,,,,,<2,N,fin
31404026100,114D402610,910P,Endokriininen diagnostinen toimenpide,910FP,0,+,14.0,,,,N,14D11,,,,,,,,<2,N,fin
31404026200,114D402620,914P,"Raskauden hoito, diagnostinen toimenpide",914FP,0,+,14.0,,,,N,14D51,,,,,,,,<2,N,fin/ice
31404026300,114D402630,930P,Rinnan diagnostinen toimenpide,930FP,0,+,14.0,,,,N,14D71,,,,,,,,<2,N,fin
31404026400,114D402640,901P,"Pään, niskan tai keskushermoston diagnostinen toimenpide",901FP,0,+,14.0,,,,N,90D01,,90X01,,,,,,<2,N,fin
31404026600,114D402660,905P,"Sydän- ja verisuonisairaus, diagnostinen toimenpide",905FP,0,+,14.0,,,,N,90D21,,90X01,,,,,,<2,N,fin
31404026800,114D402680,906P,"Ruuansulatuskanavan sairaus, diagnostinen toimenpide",906FP,0,+,14.0,,,,N,90D31,,90X01,,,,,,<2,N,fin
31404027000,114D402700,908P,"Tuki- ja liikuntaelinten sairaus, diagnostinen toimenpide",908FP,0,+,14.0,,,,N,90D41,,90X01,,,,,,<2,N,fin
31404027400,114D402740,905R,Ääreisverenkierron diagnostinen toimenpide,905FR,0,+,14.0,,,,N,90D61,,90X01,,,,,,<2,N,fin
31404027600,114D402760,917V,Sädehoidon annossuunnittelu magneettitutkimuksella,917FV,0,+,14.0,,,,N,90D91,,90X01,,,,,,<2,N,fin
31409998000,114D999800,914O,"Raskauden hoito, lyhyt hoito ilman merkittävää toimenpidettä",914O,0,+,14.0,,,,Z,,,,,,,,,<2,N,den/est/fin/lat
31409999000,114D999900,814O,Obstetrinen pientoimenpide,814O,0,+,14.0,,,,N,,,,,,,,,<2,N,den/est/fin/lat
31600300000,116D030000,394O,"Muu vereen tai vertamuodostaviin elimiin vaikuttava leikkaus, lyhyt hoito",394O,0,+,16.0,,,,S,16S02,,,,,,,,<2,N,den/est/fin/ice/lat/nor
31600310000,116D031000,394O,"Muu vereen tai vertamuodostaviin elimiin vaikuttava leikkaus, lyhyt hoito",394O,0,+,16.0,,,,,16S02,,00X10,,,,,,<2,N,fin
31600335052,116D040998,720P,"Ruoansulatuskanavan yhdistetty endoskopia, anestesia",720P,0,+,16.0,,,,P,17E10,17E11,00X10,,,,,,<2,N,fin
31600360035,116D040999,720Q,Ruoansulatuskanavan yhdistetty endoskopia ilman anestesiaa,720Q,0,+,16.0,,,,P,17E10,17E11,,,,,,,<2,N,fin
31600410749,116D041098,710P,"Paksusuolen tähystys, anestesia",710P,0,+,16.0,,,,P,17E10,,00X10,,,,,,<2,N,fin
31600410833,116D041099,710Q,Paksusuolen tähystys ilman anestesiaa,710Q,0,+,16.0,,,,P,17E10,,,,,,,,<2,N,fin
31600411749,116D041198,711P,"Ruoansulatuskanavan yläosan tähystys, anestesia",711P,0,+,16.0,,,,P,17E11,,00X10,,,,,,<2,N,fin
31600411833,116D041199,711Q,Ruoansulatuskanavan yläosan tähystys ilman anestesiaa,711Q,0,+,16.0,,,,P,17E11,,,,,,,,<2,N,fin
31600420000,116D042000,905S,Vaativa ääreisverenkierron diagnostinen toimenpide,905FS,0,+,16.0,,,,N,16D62,,,,,,,,<2,N,fin
31600421000,116D042100,901Q,"Vaativa pään, niskan tai keskushermoston diagnostinen toimenpide",901FQ,0,+,16.0,,,,N,90D02,,90X01,,,,,,<2,N,fin
31600421200,116D042120,905Q,"Sydän- ja verisuonisairaus, vaativa diagnostinen toimenpide",905FQ,0,+,16.0,,,,N,90D22,,90X01,,,,,,<2,N,fin
31600421400,116D042140,906Q,"Ruuansulatuskanavan sairaus, vaativa diagnostinen toimenpide",906FQ,0,+,16.0,,,,N,90D32,,90X01,,,,,,<2,N,fin
31600421600,116D042160,908Q,"Tuki- ja liikuntaelinten sairaus, vaativa diagnostinen toimenpide",908FQ,0,+,16.0,,,,N,90D42,,90X01,,,,,,<2,N,fin
31600421800,116D042180,905S,Vaativa ääreisverenkierron diagnostinen toimenpide,905FS,0,+,16.0,,,,N,90D62,,90X01,,,,,,<2,N,fin
31600422000,116D042200,905T,Imusuoniston diagnostinen toimenpide,905FT,0,+,16.0,,,,N,90D64,,90X01,,,,,,<2,N,fin
31600422200,116D042220,917W,Sädehoidon vaativa annossuunnittelu magneettitutkimuksella,917FW,0,+,16.0,,,,N,90D92,,90X01,,,,,,<2,N,fin
31600423000,116D042300,906P,"Ruuansulatuskanavan sairaus, diagnostinen toimenpide",906FP,0,+,16.0,,,,N,16D31,,,,,,,,<2,N,fin
31600423200,116D042320,901P,"Pään, niskan tai keskushermoston diagnostinen toimenpide",901FP,0,+,16.0,,,,N,90D01,,90X01,,,,,,<2,N,fin
31600423400,116D042340,910P,Endokriininen diagnostinen toimenpide,910FP,0,+,16.0,,,,N,90D11,,90X01,,,,,,<2,N,fin
31600423600,116D042360,905P,"Sydän- ja verisuonisairaus, diagnostinen toimenpide",905FP,0,+,16.0,,,,N,90D21,,90X01,,,,,,<2,N,fin
31600423800,116D042380,906P,"Ruuansulatuskanavan sairaus, diagnostinen toimenpide",906FP,0,+,16.0,,,,N,90D31,,90X01,,,,,,<2,N,fin
31600424000,116D042400,908P,"Tuki- ja liikuntaelinten sairaus, diagnostinen toimenpide",908FP,0,+,16.0,,,,N,90D41,,90X01,,,,,,<2,N,fin
31600424200,116D042420,905R,Ääreisverenkierron diagnostinen toimenpide,905FR,0,+,16.0,,,,N,90D61,,90X01,,,,,,<2,N,fin
31600424400,116D042440,917V,Sädehoidon annossuunnittelu magneettitutkimuksella,917FV,0,+,16.0,,,,N,90D91,,90X01,,,,,,<2,N,fin
31600430020,116D043002,916E,"Hematologia, erityislääkehoito, lyhyt hoito",916FE,0,+,16.0,,,,N,99T00,90S01,,,,,,,<2,N,fin
31600499600,116D049960,916O,"Hematologia, lyhyt hoito ilman merkittävää toimenpidettä",916O,0,+,16.0,,,,Z,,,,,,,,,<2,N,den/est/fin/lat
31600499900,116D049990,816O,"Hematologia, pientoimenpide",816O,0,+,16.0,,,,N,,,,,,,,,<2,N,den/est/fin/lat
31700109200,117D010920,917B,"Leukemia tai lymfooma, sytostaattihoito, lyhyt hoito",917FB,0,+,17.0,17M01,,,N,90T01,90S01,,,,,,,<2,N,fin
31700109210,117D010921,917B,"Leukemia tai lymfooma, sytostaattihoito, lyhyt hoito",917FB,0,+,17.0,17M01,,,N,99S80,,,,,,,,<2,N,fin
31700109220,117D010922,917B,"Leukemia tai lymfooma, sytostaattihoito, lyhyt hoito",917FB,0,+,17.0,17M02,,,N,90T01,90S01,,,,,,,<2,N,fin
31700109230,117D010923,917B,"Leukemia tai lymfooma, sytostaattihoito, lyhyt hoito",917FB,0,+,17.0,17M02,,,N,99S80,,,,,,,,<2,N,fin
31700109300,117D010930,917A,"Leukemia tai lymfooma, sädehoito, lyhyt hoito",917FA,0,+,17.0,17M01,,,N,90T06,,,,,,,,<2,N,fin
31700109310,117D010931,917A,"Leukemia tai lymfooma, sädehoito, lyhyt hoito",917FA,0,+,17.0,17M01,,,N,90T07,,,,,,,,<2,N,fin
31700109320,117D010932,917A,"Leukemia tai lymfooma, sädehoito, lyhyt hoito",917FA,0,+,17.0,17M01,,,N,90T08,,,,,,,,<2,N,fin
31700109330,117D010933,917A,"Leukemia tai lymfooma, sädehoito, lyhyt hoito",917FA,0,+,17.0,17M02,,,N,90T06,,,,,,,,<2,N,fin
31700109340,117D010934,917A,"Leukemia tai lymfooma, sädehoito, lyhyt hoito",917FA,0,+,17.0,17M02,,,N,90T07,,,,,,,,<2,N,fin
31700109350,117D010935,917A,"Leukemia tai lymfooma, sädehoito, lyhyt hoito",917FA,0,+,17.0,17M02,,,N,90T08,,,,,,,,<2,N,fin
31700109360,117D010936,917A,"Leukemia tai lymfooma, sädehoito, lyhyt hoito",917FA,0,+,17.0,17M01,,,N,90T05,,,,,,,,<2,N,fin
31700109370,117D010937,917A,"Leukemia tai lymfooma, sädehoito, lyhyt hoito",917FA,0,+,17.0,17M02,,,N,90T05,,,,,,,,<2,N,fin
31700109990,117D010999,917O,Pahanlaatuisen sairauden lyhyt hoito ilman merkittävää toimenpidettä,917O,0,+,17.0,17M01,,,Z,,,,,,,,,<2,N,den/est/fin/lat
31700110000,117D011000,402O,"Lymfooman tai kroonisen leukemian operatiivinen hoito, lyhyt hoito",402O,0,+,17.0,17M01,,,S,17S01,,,,,,,,<2,N,den/est/fin/ice/lat/nor
31700111000,117D011100,402O,"Lymfooman tai kroonisen leukemian operatiivinen hoito, lyhyt hoito",402O,0,+,17.0,17M01,,,,17S01,,00X10,,,,,,<2,N,fin
31700200000,117D020000,402O,"Lymfooman tai kroonisen leukemian operatiivinen hoito, lyhyt hoito",402O,0,+,17.0,17M02,,,S,,,,,,,,,<2,N,den/est/fin/ice/lat/nor
31700200100,117D020010,402O,"Lymfooman tai kroonisen leukemian operatiivinen hoito, lyhyt hoito",402O,0,+,17.0,17M02,,,,,,00X10,,,,,,<2,N,fin
31700210000,117D021000,407O,"Pahanlaatuisen sairauden tai erilaistumattoman kasvaimen hoito vaativalla leikkauksella, lyhyt hoito",407O,0,+,17.0,17M05,,,S,17S01,,,,,,,,<2,N,den/est/fin/ice/lat/nor
31700210010,117D021001,407O,"Pahanlaatuisen sairauden tai erilaistumattoman kasvaimen hoito vaativalla leikkauksella, lyhyt hoito",407O,0,+,17.0,17M05,,,,17S01,,00X10,,,,,,<2,N,den/est/fin/ice/lat
31700210100,117D021010,407O,"Pahanlaatuisen sairauden tai erilaistumattoman kasvaimen hoito vaativalla leikkauksella, lyhyt hoito",407O,0,+,17.0,17M06,,,S,17S01,,,,,,,,<2,N,den/est/fin/ice/lat/nor
31700210110,117D021011,407O,"Pahanlaatuisen sairauden tai erilaistumattoman kasvaimen hoito vaativalla leikkauksella, lyhyt hoito",407O,0,+,17.0,17M06,,,,17S01,,00X10,,,,,,<2,N,den/est/fin/ice/lat
31700220000,117D022000,408O,"Pahanlaatuisen sairauden tai erilaistumattoman kasvaimen hoito muulla leikkauksella, lyhyt hoito",408O,0,+,17.0,17M05,,,S,,,,,,,,,<2,N,den/est/fin/ice/lat/nor
31700220010,117D022001,408O,"Pahanlaatuisen sairauden tai erilaistumattoman kasvaimen hoito muulla leikkauksella, lyhyt hoito",408O,0,+,17.0,17M05,,,,,,00X10,,,,,,<2,N,den/est/fin/ice/lat
31700220100,117D022010,408O,"Pahanlaatuisen sairauden tai erilaistumattoman kasvaimen hoito muulla leikkauksella, lyhyt hoito",408O,0,+,17.0,17M06,,,S,,,,,,,,,<2,N,den/est/fin/ice/lat/nor
31700220110,117D022011,408O,"Pahanlaatuisen sairauden tai erilaistumattoman kasvaimen hoito muulla leikkauksella, lyhyt hoito",408O,0,+,17.0,17M06,,,,,,00X10,,,,,,<2,N,den/est/fin/ice/lat
31700229980,117D022998,003P,"Aivojen stereotaktinen sädehoito, lyhyt hoito",003P,0,+,17.0,,,,S,01S50,,,,,,,,<2,N,den/est/fin/lat
31700230000,117D023000,409O,"Sädehoito, lyhyt hoitojakso",409O,0,+,17.0,17M10,,,,,,,,,,,,<2,N,den/est/fin/ice/lat
31700240000,117D024000,492O,"Kemoterapia, akuutti leukemia, lyhyt hoito",492O,0,+,17.0,17M11,,,,,,17X01,,,,,,<2,N,den/est/fin/ice/lat
31700250000,117D025000,410O,"Kemoterapia, ei akuuttia leukemiaa, lyhyt hoito",410O,0,+,17.0,17M11,,,,,,,,,,,,<2,N,fin/ice
31700260100,117D026010,713O,Stentin asentaminen sappiteihin tähystyksessä,713O,0,+,17.0,,,,P,17E13,,,,,,,,<2,N,den/est/fin/ice/lat/nor
31700260300,117D026030,716O,Virtsateiden tähystystoimenpide,716O,0,+,17.0,,,,P,17E16,,,,,,,,<2,N,den/est/fin/ice/lat/nor
31700260400,117D026040,714O,Sappiteiden tähystystoimenpide,714O,0,+,17.0,,,,P,17E14,,,,,,,,<2,N,den/est/fin/ice/lat/nor
31700260500,117D026050,704O,Ruoansulatuskanavan tähystystoimenpide,704O,0,+,17.0,,,,P,17E04,,,,,,,,<2,N,den/est/fin/ice/lat/nor
31700260600,117D026060,706O,Ruuansulatuskanavan yläosan tähystystoimenpide,706O,0,+,17.0,,,,P,17E06,,,,,,,,<2,N,den/est/fin/ice/lat/nor
31700260800,117D026080,707O,"Muu hoidollinen rektoskopia, lyhyt hoito",707O,0,+,17.0,,,,P,17E07,,,,,,,,<2,N,den/est/fin/ice/lat/nor
31700261000,117D026100,715O,Sappiteiden tähystys,715O,0,+,17.0,,,,P,17E15,,,,,,,,<2,N,den/est/fin/ice/lat/nor
31700261100,117D026110,702O,Alahengitysteiden tähystys,702O,0,+,17.0,,,,P,17E02,,,,,,,,<2,N,den/est/fin/ice/lat/nor
31700261200,117D026120,717O,Ylempien virtsateiden tähystys,717O,0,+,17.0,,,,P,17E17,,,,,,,,<2,N,den/est/fin/ice/lat/nor
31700261300,117D026130,709O,Ruoansulatuskanavan tähystys,709O,0,+,17.0,,,,P,17E09,,,,,,,,<2,N,den/est/fin/ice/lat/nor
31700261325,117D026138,720P,"Ruoansulatuskanavan yhdistetty endoskopia, anestesia",720P,0,+,17.0,,,,P,17E10,17E11,00X10,,,,,,<2,N,fin
31700261350,117D026139,720Q,Ruoansulatuskanavan yhdistetty endoskopia ilman anestesiaa,720Q,0,+,17.0,,,,P,17E10,17E11,,,,,,,<2,N,fin
31700261474,117D026148,710P,"Paksusuolen tähystys, anestesia",710P,0,+,17.0,,,,P,17E10,,00X10,,,,,,<2,N,fin
31700261483,117D026149,710Q,Paksusuolen tähystys ilman anestesiaa,710Q,0,+,17.0,,,,P,17E10,,,,,,,,<2,N,fin
31700261574,117D026158,711P,"Ruoansulatuskanavan yläosan tähystys, anestesia",711P,0,+,17.0,,,,P,17E11,,00X10,,,,,,<2,N,fin
31700261583,117D026159,711Q,Ruoansulatuskanavan yläosan tähystys ilman anestesiaa,711Q,0,+,17.0,,,,P,17E11,,,,,,,,<2,N,fin
31700261700,117D026170,701O,Ylähengitysteiden tähystys,701O,0,+,17.0,,,,P,17E01,,,,,,,,<2,N,den/est/fin/ice/lat/nor
31700261800,117D026180,718O,Alempien virtsateiden tähystys,718O,0,+,17.0,,,,P,17E18,,,,,,,,<2,N,den/est/fin/ice/lat/nor
31700261900,117D026190,712O,Rektosigmoideoskopia,712O,0,+,17.0,,,,P,17E12,,,,,,,,<2,N,den/est/fin/ice/lat/nor
31700262000,117D026200,719O,Naisen sukuelinten tähystys,719O,0,+,17.0,,,,P,17E19,,,,,,,,<2,N,den/est/fin/ice/lat/nor
31700280000,117D028000,901Q,"Vaativa pään, niskan tai keskushermoston diagnostinen toimenpide",901FQ,0,+,17.0,,,,N,90D02,,,,,,,,<2,N,fin
31700280200,117D028020,905Q,"Sydän- ja verisuonisairaus, vaativa diagnostinen toimenpide",905FQ,0,+,17.0,,,,N,90D22,,,,,,,,<2,N,fin
31700280400,117D028040,906Q,"Ruuansulatuskanavan sairaus, vaativa diagnostinen toimenpide",906FQ,0,+,17.0,,,,N,90D32,,,,,,,,<2,N,fin
31700280600,117D028060,908Q,"Tuki- ja liikuntaelinten sairaus, vaativa diagnostinen toimenpide",908FQ,0,+,17.0,,,,N,90D42,,,,,,,,<2,N,fin
31700280800,117D028080,905S,Vaativa ääreisverenkierron diagnostinen toimenpide,905FS,0,+,17.0,,,,N,90D62,,,,,,,,<2,N,fin
31700281000,117D028100,905T,Imusuoniston diagnostinen toimenpide,905FT,0,+,17.0,,,,N,90D64,,,,,,,,<2,N,fin
31700281200,117D028120,917W,Sädehoidon vaativa annossuunnittelu magneettitutkimuksella,917FW,0,+,17.0,,,,N,90D92,,,,,,,,<2,N,fin
31700282000,117D028200,901P,"Pään, niskan tai keskushermoston diagnostinen toimenpide",901FP,0,+,17.0,,,,N,90D01,,,,,,,,<2,N,fin
31700282200,117D028220,910P,Endokriininen diagnostinen toimenpide,910FP,0,+,17.0,,,,N,90D11,,,,,,,,<2,N,fin
31700282400,117D028240,905P,"Sydän- ja verisuonisairaus, diagnostinen toimenpide",905FP,0,+,17.0,,,,N,90D21,,,,,,,,<2,N,fin
31700282600,117D028260,906P,"Ruuansulatuskanavan sairaus, diagnostinen toimenpide",906FP,0,+,17.0,,,,N,90D31,,,,,,,,<2,N,fin
31700282800,117D028280,908P,"Tuki- ja liikuntaelinten sairaus, diagnostinen toimenpide",908FP,0,+,17.0,,,,N,90D41,,,,,,,,<2,N,fin
31700283000,117D028300,905R,Ääreisverenkierron diagnostinen toimenpide,905FR,0,+,17.0,,,,N,90D61,,,,,,,,<2,N,fin
31700283200,117D028320,917V,Sädehoidon annossuunnittelu magneettitutkimuksella,917FV,0,+,17.0,,,,N,90D91,,,,,,,,<2,N,fin
31700286000,117D028600,917E,"Muu tai erilaistumaton syöpä, erityslääkehoito, lyhyt hoito",917FE,0,+,17.0,,,,N,90T01,90S01,,,,,,,<2,N,fin
31700286100,117D028610,917E,"Muu tai erilaistumaton syöpä, erityslääkehoito, lyhyt hoito",917FE,0,+,17.0,,,,N,90T01,,99X20,,,,,,<2,N,fin
31700286200,117D028620,917E,"Muu tai erilaistumaton syöpä, erityslääkehoito, lyhyt hoito",917FE,0,+,17.0,,,,N,99S80,90S01,90X01,,,,,,<2,N,fin
31700287000,117D028700,917U,Malignin sairauden lyhyt sädehoito,917FU,0,+,17.0,,,,N,90T05,,,,,,,,<2,N,fin
31700299800,117D029980,917O,Pahanlaatuisen sairauden lyhyt hoito ilman merkittävää toimenpidettä,917O,0,+,17.0,,,,Z,,,,,,,,,<2,N,den/est/fin/lat
31700299900,117D029990,817O,"Pahanlaatuinen sairaus, pientoimenpide",817O,0,+,17.0,,,,N,,,,,,,,,<2,N,den/est/fin/lat
31800000001,118D0000001,415O,Infektiosairauden operatiivinen lyhytkestoinen hoito,415O,0,+,18.0,,,,S,,,,,,,,,<2,N,fin
31800000010,118D000001,415O,Infektiosairauden operatiivinen lyhytkestoinen hoito,415O,0,+,18.0,,,,,,,00X10,,,,,,<2,N,fin
31800010000,118D001000,901Q,"Vaativa pään, niskan tai keskushermoston diagnostinen toimenpide",901FQ,0,+,18.0,,,,N,01D02,,,,,,,,<2,N,fin
31800010200,118D001020,905Q,"Sydän- ja verisuonisairaus, vaativa diagnostinen toimenpide",905FQ,0,+,18.0,,,,N,05D22,,,,,,,,<2,N,fin
31800010400,118D001040,906Q,"Ruuansulatuskanavan sairaus, vaativa diagnostinen toimenpide",906FQ,0,+,18.0,,,,N,06D32,,,,,,,,<2,N,fin
31800010600,118D001060,905S,Vaativa ääreisverenkierron diagnostinen toimenpide,905FS,0,+,18.0,,,,N,05D62,,,,,,,,<2,N,fin
31800010800,118D001080,905T,Imusuoniston diagnostinen toimenpide,905FT,0,+,18.0,,,,N,05D64,,,,,,,,<2,N,fin
31800011000,118D001100,908Q,"Tuki- ja liikuntaelinten sairaus, vaativa diagnostinen toimenpide",908FQ,0,+,18.0,,,,N,08D42,,,,,,,,<2,N,fin
31800011200,118D001120,930Q,Rinnan vaativa diagnostinen toimenpide,930FQ,0,+,18.0,,,,N,30D72,,,,,,,,<2,N,fin
31800011400,118D001140,917W,Sädehoidon vaativa annossuunnittelu magneettitutkimuksella,917FW,0,+,18.0,,,,N,90D92,,90X01,,,,,,<2,N,fin
31800012000,118D001200,901P,"Pään, niskan tai keskushermoston diagnostinen toimenpide",901FP,0,+,18.0,,,,N,01D01,,,,,,,,<2,N,fin
31800012200,118D001220,905P,"Sydän- ja verisuonisairaus, diagnostinen toimenpide",905FP,0,+,18.0,,,,N,05D21,,,,,,,,<2,N,fin
31800012400,118D001240,906P,"Ruuansulatuskanavan sairaus, diagnostinen toimenpide",906FP,0,+,18.0,,,,N,06D31,,,,,,,,<2,N,fin
31800012600,118D001260,908P,"Tuki- ja liikuntaelinten sairaus, diagnostinen toimenpide",908FP,0,+,18.0,,,,N,08D41,,,,,,,,<2,N,fin
31800012800,118D001280,910P,Endokriininen diagnostinen toimenpide,910FP,0,+,18.0,,,,N,10D11,,,,,,,,<2,N,fin
31800013000,118D001300,930P,Rinnan diagnostinen toimenpide,930FP,0,+,18.0,,,,N,30D71,,,,,,,,<2,N,fin
31800013200,118D001320,917V,Sädehoidon annossuunnittelu magneettitutkimuksella,917FV,0,+,18.0,,,,N,90D91,,90X01,,,,,,<2,N,fin
31800014400,118D001440,917E,"Muu tai erilaistumaton syöpä, erityslääkehoito, lyhyt hoito",917FE,0,+,18.0,,,,N,90T01,90S01,90X01,,,,,,<2,N,fin
31800015000,118D001500,917U,Malignin sairauden lyhyt sädehoito,917FU,0,+,18.0,,,,N,90T05,,90X01,,,,,,<2,N,fin
31800098100,118D009810,918A,"Infektio, erityislääkehoito, lyhyt hoito",918FA,0,+,18.0,,,,N,99T00,90S01,,,,,,,<2,N,fin
31800098200,118D009820,918A,"Infektio, erityislääkehoito, lyhyt hoito",918FA,0,+,18.0,,,,N,99T00,90S04,,,,,,,<2,N,fin
31800099800,118D009980,918O,"Infektio, lyhyt hoito ilman merkittävää toimenpidettä",918O,0,+,18.0,,,,Z,,,,,,,,,<2,N,den/est/fin/lat
31800099900,118D009990,818O,"Infektiosairaus, pientoimenpide",818O,0,+,18.0,,,,N,,,,,,,,,<2,N,den/est/fin/lat
31900000003,119D00000020,570O,"Keskushermoston stimulointilaitteen asennus tai korvaaminen, lyhyt hoito",570O,0,+,19.0,,,,S,01S51,,,,,,,,<3,N,fin
31900000005,P19000P02O,P02O,"Neuromodulaatiohoito, lyhyt hoito",P02O,0,+,19.0,,,,,19V15,,,,,,,,<3,N,fin
31900000009,P19000P26O,P26O,"Ketamiinihoito, lyhyt hoito",P26O,0,+,19.0,,,,,19V14,,,,,,,,<3,N,fin
31900000019,P19000P01O,P01O,"Sukupuoli-identiteettiin liittyvä leikkaustoimenpide, lyhyt hoito",P01O,0,+,19.0,19M53,,,S,,,,,,,,,<3,,fin
31900000046,119D0000001,424O,"Psyykkisen sairauden hoito leikkaustoimenpiteellä, lyhyt hoito",424O,0,+,19.0,,,,S,,,,,,,,,<3,N,fin
31900000100,119D000010,424O,"Psyykkisen sairauden hoito leikkaustoimenpiteellä, lyhyt hoito",424O,0,+,19.0,,,,,,,00X10,,,,,,<3,N,fin
31900010000,119D001000,901Q,"Vaativa pään, niskan tai keskushermoston diagnostinen toimenpide",901FQ,0,+,19.0,,,,N,01D02,,,,,,,,<2,N,fin
31900010200,119D001020,905Q,"Sydän- ja verisuonisairaus, vaativa diagnostinen toimenpide",905FQ,0,+,19.0,,,,N,05D22,,,,,,,,<2,N,fin
31900010400,119D001040,905S,Vaativa ääreisverenkierron diagnostinen toimenpide,905FS,0,+,19.0,,,,N,05D62,,,,,,,,<2,N,fin
31900010600,119D001060,905T,Imusuoniston diagnostinen toimenpide,905FT,0,+,19.0,,,,N,05D64,,,,,,,,<2,N,fin
31900010800,119D001080,908Q,"Tuki- ja liikuntaelinten sairaus, vaativa diagnostinen toimenpide",908FQ,0,+,19.0,,,,N,08D42,,,,,,,,<2,N,fin
31900011000,119D001100,930Q,Rinnan vaativa diagnostinen toimenpide,930FQ,0,+,19.0,,,,N,14D72,,,,,,,,<2,N,fin
31900011200,119D001120,917W,Sädehoidon vaativa annossuunnittelu magneettitutkimuksella,917FW,0,+,19.0,,,,N,90D92,,90X01,,,,,,<2,N,fin
31900012000,119D001200,901P,"Pään, niskan tai keskushermoston diagnostinen toimenpide",901FP,0,+,19.0,,,,N,01D01,,,,,,,,<2,N,fin
31900012200,119D001220,905P,"Sydän- ja verisuonisairaus, diagnostinen toimenpide",905FP,0,+,19.0,,,,N,05D21,,,,,,,,<2,N,fin
31900012400,119D001240,906P,"Ruuansulatuskanavan sairaus, diagnostinen toimenpide",906FP,0,+,19.0,,,,N,06D31,,,,,,,,<2,N,fin
31900012600,119D001260,908P,"Tuki- ja liikuntaelinten sairaus, diagnostinen toimenpide",908FP,0,+,19.0,,,,N,08D41,,,,,,,,<2,N,fin
31900012800,119D001280,910P,Endokriininen diagnostinen toimenpide,910FP,0,+,19.0,,,,N,10D11,,,,,,,,<2,N,fin
31900013000,119D001300,930P,Rinnan diagnostinen toimenpide,930FP,0,+,19.0,,,,N,30D71,,,,,,,,<2,N,fin
31900013200,119D001320,917V,Sädehoidon annossuunnittelu magneettitutkimuksella,917FV,0,+,19.0,,,,N,90D91,,90X01,,,,,,<2,N,fin
32000049950,119D0099901,819O,"Psyykkinen sairaus, pientoimenpide",819O,0,+,19.0,,,,P,,,,,,,,,<3,N,fin
32003381618,P19000P03O,P03O,"Kaksisuuntainen mielialahäiriö, lyhyt hoito",P03O,0,+,19.0,19M01,,,,,,,,,,,,<3,N,fin
32006713286,P19000P04O,P04O,"Ahdistuneisuushäiriö, lyhyt hoito",P04O,0,+,19.0,19M03,,,,,,,,,,,,<3,N,fin
32010044955,P19000P05O,P05O,"Persoonallisuushäiriö, lyhyt hoito",P05O,0,+,19.0,19M07,,,,,,,,,,,,<3,N,fin
32013376623,P19000P27O,P27O,"Elimellisoireiset häiriöt, lyhyt hoito",P27O,0,+,19.0,19M08,,,,,,,,,,,,<3,N,fin
32016708291,P19000P06O,P06O,"Skitsofrenia, lyhyt hoito",P06O,0,+,19.0,19M10,,,,,,,,,,,,<3,N,fin
32020039960,P19000P07O,P07O,"Päihteiden väärinkäyttö, lyhyt hoito",P07O,0,+,19.0,19M20,,,,,,,,,,,,<3,N,fin
32023371628,P19000P08O,P08O,"Älyllinen kehitysvammaisuus, lyhyt hoito",P08O,0,+,19.0,19M30,,,,,,,,,,,,<3,N,fin
32026703296,P19000P09O,P09O,"Neuropsykiatrinen häiriö, lyhyt hoito",P09O,0,+,19.0,19M31,,,,,,,,,,,,<3,N,fin
32030034965,P19000432O,432O,"Syömishäiriöt, lyhyt hoito",432O,0,+,19.0,19M32,,,,,,,,,,,,<3,N,fin
32033366633,P19000P25O,P25O,"Muu psyykkinen sairaus, lyhyt hoito",P25O,0,+,19.0,19M99,,,,,,,,,,,,<3,N,fin
32036698301,P19000P10O,P10O,"Alkoholiriippuvuus, lyhyt hoito",P10O,0,+,19.0,19M40,,,,,,,,,,,,<3,N,fin
32040029970,P19000P11O,P11O,"Psykiatrinen arviointi ja tarkkailu, lyhyt hoito",P11O,0,+,19.0,19M41,,,,,,,,,,,,<3,N,fin
32043361638,P19000P12O,P12O,"Delirium, lyhyt hoito",P12O,0,+,19.0,19M42,,,,,,,,,,,,<3,N,fin
32046693306,P19000P13O,P13O,"Dementia, lyhyt hoito",P13O,0,+,19.0,19M43,,,,,,,,,,,,<3,N,fin
32050024975,P19000P28O,P28O,"Liikehäiriö, lyhyt hoito",P28O,0,+,19.0,19M44,,,,,,,,,,,,<3,N,fin
32053356643,P19000P14O,P14O,"Masennus, lyhyt hoito",P14O,0,+,19.0,19M45,,,,,,,,,,,,<3,N,fin
32056688311,P19000P15O,P15O,"Muu riippuvuus, lyhyt hoito",P15O,0,+,19.0,19M46,,,,,,,,,,,,<3,N,fin
32060019980,P19000P16O,P16O,"Muu elimellinen aivo-oireyhtymä, lyhyt hoito",P16O,0,+,19.0,19M47,,,,,,,,,,,,<3,N,fin
32063351648,P19000P17O,P17O,"Neurokognitiivinen häiriö, lyhyt hoito",P17O,0,+,19.0,19M48,,,,,,,,,,,,<3,N,fin
32066683316,P19000P18O,P18O,"Opioidiriippuvuus, lyhyt hoito",P18O,0,+,19.0,19M49,,,,,,,,,,,,<3,N,fin
32070014985,P19000P19O,P19O,"Pakko-oireinen häiriö, lyhyt hoito",P19O,0,+,19.0,19M50,,,,,,,,,,,,<3,N,fin
32073346653,P19000P20O,P20O,"Psykoosi, lyhyt hoito",P20O,0,+,19.0,19M51,,,,,,,,,,,,<3,N,fin
32076678321,P19000P21O,P21O,"Päihdepsykoosi, lyhyt hoito",P21O,0,+,19.0,19M52,,,,,,,,,,,,<3,N,fin
32080009990,P19000P22O,P22O,"Sukupuoli-identiteettiin liittyvät käynnit, lyhyt hoito",P22O,0,+,19.0,19M53,,,,,,,,,,,,<3,N,fin
32083341658,P19000P29O,P29O,"Synnynnäinen häiriö, lyhyt hoito",P29O,0,+,19.0,19M54,,,,,,,,,,,,<3,N,fin
32086673326,P19000P23O,P23O,"Tunnesäätelyn häiriöt, lyhyt hoito",P23O,0,+,19.0,19M55,,,,,,,,,,,,<3,N,fin
32090004995,P19000P30O,P30O,"Unihäiriöt, lyhyt hoito",P30O,0,+,19.0,19M56,,,,,,,,,,,,<3,N,fin
32093336663,P19000P24O,P24O,"Vaikeat elimellisoireiset häiriöt, lyhyt hoito",P24O,0,+,19.0,19M57,,,,,,,,,,,,<3,N,fin
32096668331,P19000P31O,P31O,"Älyllisten toimintojen häiriö, lyhyt hoito",P31O,0,+,19.0,19M58,,,,,,,,,,,,<3,N,fin
32100000000,121D000000,442O,"Hoitokomplikaatio ja leikkaus, lyhyt hoito",442O,0,+,21.0,,,,S,99S90,,21X05,,,,,,<2,N,den/est/fin/ice/lat/nor
32100000010,121D000001,442O,"Hoitokomplikaatio ja leikkaus, lyhyt hoito",442O,0,+,21.0,,,,,99S90,,21X05,00X10,,,,,<2,N,den/est/fin/ice/lat
32100020000,121D002000,439O,"Ihonsiirto vamman hoitamiseksi, lyhyt hoito",439O,0,+,21.0,,,,S,21S02,,,,,,,,<2,N,den/est/fin/ice/lat/nor
32100030000,121D003000,441O,"Käden leikkaus vamman takia, lyhyt hoito",441O,0,+,21.0,,,,S,21S03,,,,,,,,<2,N,den/est/fin/ice/lat/nor
32100030100,121D003010,441O,"Käden leikkaus vamman takia, lyhyt hoito",441O,0,+,21.0,,,,,21S03,,00X10,,,,,,<2,N,fin
32100040100,121D004010,443O,"Muu vamman takia tehty toimenpide, lyhyt hoito",443O,0,+,21.0,,,,S,21S04,,,,,,,,<2,N,den/est/fin/ice/lat/nor
32100040200,121D004020,443O,"Muu vamman takia tehty toimenpide, lyhyt hoito",443O,0,+,21.0,,,,S,21S05,,,,,,,,<2,N,den/est/fin/ice/lat/nor
32100040210,121D004021,443O,"Muu vamman takia tehty toimenpide, lyhyt hoito",443O,0,+,21.0,,,,,21S05,,00X10,,,,,,<2,N,den/est/fin/ice/lat
32100040300,121D004030,443O,"Muu vamman takia tehty toimenpide, lyhyt hoito",443O,0,+,21.0,,,,S,21S09,,,,,,,,<2,N,den/est/fin/ice/lat/nor
32100040310,121D004031,443O,"Muu vamman takia tehty toimenpide, lyhyt hoito",443O,0,+,21.0,,,,,21S09,,00X10,,,,,,<2,N,den/est/fin/ice/lat
32100040400,121D004040,443O,"Muu vamman takia tehty toimenpide, lyhyt hoito",443O,0,+,21.0,,,,S,21S20,,21X08,,,,,,<2,N,den/est/fin/ice/lat/nor
32100040500,121D004050,443O,"Muu vamman takia tehty toimenpide, lyhyt hoito",443O,0,+,21.0,,,,S,,,21X05,,,,,,<2,N,den/est/fin/ice/lat/nor
32100040510,121D004051,443O,"Muu vamman takia tehty toimenpide, lyhyt hoito",443O,0,+,21.0,,,,,,,21X05,00X10,,,,,<2,N,den/est/fin/ice/lat
32100050100,121D005010,703O,Stentin asennus ruoansulatuskanvaan tähystyksessä,703O,0,+,21.0,,,,P,21E03,,,,,,,,<2,N,den/est/fin/ice/lat/nor
32100050200,121D005020,714O,Sappiteiden tähystystoimenpide,714O,0,+,21.0,,,,P,21E14,,,,,,,,<2,N,den/est/fin/ice/lat/nor
32100050300,121D005030,716O,Virtsateiden tähystystoimenpide,716O,0,+,21.0,,,,P,21E16,,,,,,,,<2,N,den/est/fin/ice/lat/nor
32100050400,121D005040,706O,Ruuansulatuskanavan yläosan tähystystoimenpide,706O,0,+,21.0,,,,P,21E06,,,,,,,,<2,N,den/est/fin/ice/lat/nor
32100050700,121D005070,702O,Alahengitysteiden tähystys,702O,0,+,21.0,,,,P,21E02,,,,,,,,<2,N,den/est/fin/ice/lat/nor
32100050800,121D005080,717O,Ylempien virtsateiden tähystys,717O,0,+,21.0,,,,P,21E17,,,,,,,,<2,N,den/est/fin/ice/lat/nor
32100050850,121D005098,711P,"Ruoansulatuskanavan yläosan tähystys, anestesia",711P,0,+,21.0,,,,P,21E11,,00X10,,,,,,<2,N,fin
32100050900,121D005099,711Q,Ruoansulatuskanavan yläosan tähystys ilman anestesiaa,711Q,0,+,21.0,,,,P,21E11,,,,,,,,<2,N,fin
32100051100,121D005110,718O,Alempien virtsateiden tähystys,718O,0,+,21.0,,,,P,21E18,,,,,,,,<2,N,den/est/fin/ice/lat/nor
32100070000,121D007000,901Q,"Vaativa pään, niskan tai keskushermoston diagnostinen toimenpide",901FQ,0,+,21.0,,,,N,21D02,,,,,,,,<2,N,fin
32100070200,121D007020,905Q,"Sydän- ja verisuonisairaus, vaativa diagnostinen toimenpide",905FQ,0,+,21.0,,,,N,21D22,,,,,,,,<2,N,fin
32100070400,121D007040,906Q,"Ruuansulatuskanavan sairaus, vaativa diagnostinen toimenpide",906FQ,0,+,21.0,,,,N,21D32,,,,,,,,<2,N,fin
32100070600,121D007060,908Q,"Tuki- ja liikuntaelinten sairaus, vaativa diagnostinen toimenpide",908FQ,0,+,21.0,,,,N,21D42,,,,,,,,<2,N,fin
32100071000,121D007100,901P,"Pään, niskan tai keskushermoston diagnostinen toimenpide",901FP,0,+,21.0,,,,N,21D01,,,,,,,,<2,N,fin
32100071200,121D007120,905P,"Sydän- ja verisuonisairaus, diagnostinen toimenpide",905FP,0,+,21.0,,,,N,21D21,,,,,,,,<2,N,fin
32100071400,121D007140,906P,"Ruuansulatuskanavan sairaus, diagnostinen toimenpide",906FP,0,+,21.0,,,,N,21D31,,,,,,,,<2,N,fin
32100071600,121D007160,908P,"Tuki- ja liikuntaelinten sairaus, diagnostinen toimenpide",908FP,0,+,21.0,,,,N,21D41,,,,,,,,<2,N,fin
32100099600,121D009960,921O,"Vamma tai myrkytys, lyhyt hoito ilman merkittävää toimenpidettä",921O,0,+,21.0,,,,Z,,,,,,,,,<2,N,den/est/fin/lat
32100099750,121D0099601,921O,"Vamma tai myrkytys, lyhyt hoito ilman merkittävää toimenpidettä",921O,0,+,24.0,,,,Z,,,,,,,,,<2,N,fin
32100099900,121D009990,821O,"Vamma tai komplikaatio, pientoimenpide",821O,0,+,21.0,,,,N,,,,,,,,,<2,N,den/est/fin/lat
32150155000,121D0099901,821O,"Vamma tai komplikaatio, pientoimenpide",821O,0,+,24.0,,,,N,,,,,,,,,<2,N,fin
32200210102,122D0210102,459O,"Palovamma, haavan hoito tai muu leikkaussalitoimenpide, lyhyt hoitojakso",459O,0,+,22.0,,,,S,22S01,,22X01,,,,,,<2,N,fin
32200210112,122D0210112,459O,"Palovamma, haavan hoito tai muu leikkaussalitoimenpide, lyhyt hoitojakso",459O,0,+,22.0,,,,,22S01,,22X01,00X10,,,,,<2,N,fin
32200210202,122D0210202,459O,"Palovamma, haavan hoito tai muu leikkaussalitoimenpide, lyhyt hoitojakso",459O,0,+,22.0,,,,S,22S01,,22X02,22X10,,,,,<2,N,fin
32200210212,122D0210212,459O,"Palovamma, haavan hoito tai muu leikkaussalitoimenpide, lyhyt hoitojakso",459O,0,+,22.0,,,,,22S01,,22X02,22X10,00X10,,,,<2,N,fin
32200210302,122D0210302,459O,"Palovamma, haavan hoito tai muu leikkaussalitoimenpide, lyhyt hoitojakso",459O,0,+,22.0,,,,S,22S01,,22X02,22X03,,,,,<2,N,fin
32200210312,122D0210312,459O,"Palovamma, haavan hoito tai muu leikkaussalitoimenpide, lyhyt hoitojakso",459O,0,+,22.0,,,,,22S01,,22X02,22X03,00X10,,,,<2,N,fin
32200210402,122D0210402,459O,"Palovamma, haavan hoito tai muu leikkaussalitoimenpide, lyhyt hoitojakso",459O,0,+,22.0,,,,S,22S01,,22X02,22X04,,,,,<2,N,fin
32200210412,122D0210412,459O,"Palovamma, haavan hoito tai muu leikkaussalitoimenpide, lyhyt hoitojakso",459O,0,+,22.0,,,,,22S01,,22X02,22X04,00X10,,,,<2,N,fin
32200210502,122D0210502,459O,"Palovamma, haavan hoito tai muu leikkaussalitoimenpide, lyhyt hoitojakso",459O,0,+,22.0,,,,S,22S01,,22X02,22X05,,,,,<2,N,fin
32200210512,122D0210512,459O,"Palovamma, haavan hoito tai muu leikkaussalitoimenpide, lyhyt hoitojakso",459O,0,+,22.0,,,,,22S01,,22X02,22X05,00X10,,,,<2,N,fin
32200210602,122D0210602,459O,"Palovamma, haavan hoito tai muu leikkaussalitoimenpide, lyhyt hoitojakso",459O,0,+,22.0,,,,S,22S01,,22X03,22X10,,,,,<2,N,fin
32200210612,122D0210612,459O,"Palovamma, haavan hoito tai muu leikkaussalitoimenpide, lyhyt hoitojakso",459O,0,+,22.0,,,,,22S01,,22X03,22X10,00X10,,,,<2,N,fin
32200210702,122D0210702,459O,"Palovamma, haavan hoito tai muu leikkaussalitoimenpide, lyhyt hoitojakso",459O,0,+,22.0,,,,S,22S01,,22X03,22X04,,,,,<2,N,fin
32200210712,122D0210712,459O,"Palovamma, haavan hoito tai muu leikkaussalitoimenpide, lyhyt hoitojakso",459O,0,+,22.0,,,,,22S01,,22X03,22X04,00X10,,,,<2,N,fin
32200210802,122D0210802,459O,"Palovamma, haavan hoito tai muu leikkaussalitoimenpide, lyhyt hoitojakso",459O,0,+,22.0,,,,S,22S01,,22X03,22X05,,,,,<2,N,fin
32200210812,122D0210812,459O,"Palovamma, haavan hoito tai muu leikkaussalitoimenpide, lyhyt hoitojakso",459O,0,+,22.0,,,,,22S01,,22X03,22X05,00X10,,,,<2,N,fin
32200210902,122D0210902,459O,"Palovamma, haavan hoito tai muu leikkaussalitoimenpide, lyhyt hoitojakso",459O,0,+,22.0,,,,S,22S01,,22X04,22X10,,,,,<2,N,fin
32200210912,122D0210912,459O,"Palovamma, haavan hoito tai muu leikkaussalitoimenpide, lyhyt hoitojakso",459O,0,+,22.0,,,,,22S01,,22X04,22X10,00X10,,,,<2,N,fin
32200211002,122D0211002,459O,"Palovamma, haavan hoito tai muu leikkaussalitoimenpide, lyhyt hoitojakso",459O,0,+,22.0,,,,S,22S01,,22X04,22X05,,,,,<2,N,fin
32200211012,122D0211012,459O,"Palovamma, haavan hoito tai muu leikkaussalitoimenpide, lyhyt hoitojakso",459O,0,+,22.0,,,,,22S01,,22X04,22X05,00X10,,,,<2,N,fin
32200211102,122D0211102,459O,"Palovamma, haavan hoito tai muu leikkaussalitoimenpide, lyhyt hoitojakso",459O,0,+,22.0,,,,S,22S01,,22X05,22X10,,,,,<2,N,fin
32200211112,122D0211112,459O,"Palovamma, haavan hoito tai muu leikkaussalitoimenpide, lyhyt hoitojakso",459O,0,+,22.0,,,,,22S01,,22X05,22X10,00X10,,,,<2,N,fin
32200220102,122D0220102,459O,"Palovamma, haavan hoito tai muu leikkaussalitoimenpide, lyhyt hoitojakso",459O,0,+,22.0,,,,S,22S02,,22X01,,,,,,<2,N,fin
32200220112,122D0220112,459O,"Palovamma, haavan hoito tai muu leikkaussalitoimenpide, lyhyt hoitojakso",459O,0,+,22.0,,,,,22S02,,22X01,00X10,,,,,<2,N,fin
32200220202,122D0220202,459O,"Palovamma, haavan hoito tai muu leikkaussalitoimenpide, lyhyt hoitojakso",459O,0,+,22.0,,,,S,22S02,,22X02,22X10,,,,,<2,N,fin
32200220212,122D0220212,459O,"Palovamma, haavan hoito tai muu leikkaussalitoimenpide, lyhyt hoitojakso",459O,0,+,22.0,,,,,22S02,,22X02,22X10,00X10,,,,<2,N,fin
32200220302,122D0220302,459O,"Palovamma, haavan hoito tai muu leikkaussalitoimenpide, lyhyt hoitojakso",459O,0,+,22.0,,,,S,22S02,,22X02,22X03,,,,,<2,N,fin
32200220312,122D0220312,459O,"Palovamma, haavan hoito tai muu leikkaussalitoimenpide, lyhyt hoitojakso",459O,0,+,22.0,,,,,22S02,,22X02,22X03,00X10,,,,<2,N,fin
32200220402,122D0220402,459O,"Palovamma, haavan hoito tai muu leikkaussalitoimenpide, lyhyt hoitojakso",459O,0,+,22.0,,,,S,22S02,,22X02,22X04,,,,,<2,N,fin
32200220412,122D0220412,459O,"Palovamma, haavan hoito tai muu leikkaussalitoimenpide, lyhyt hoitojakso",459O,0,+,22.0,,,,,22S02,,22X02,22X04,00X10,,,,<2,N,fin
32200220502,122D0220502,459O,"Palovamma, haavan hoito tai muu leikkaussalitoimenpide, lyhyt hoitojakso",459O,0,+,22.0,,,,S,22S02,,22X02,22X05,,,,,<2,N,fin
32200220512,122D0220512,459O,"Palovamma, haavan hoito tai muu leikkaussalitoimenpide, lyhyt hoitojakso",459O,0,+,22.0,,,,,22S02,,22X02,22X05,00X10,,,,<2,N,fin
32200220602,122D0220602,459O,"Palovamma, haavan hoito tai muu leikkaussalitoimenpide, lyhyt hoitojakso",459O,0,+,22.0,,,,S,22S02,,22X03,22X10,,,,,<2,N,fin
32200220612,122D0220612,459O,"Palovamma, haavan hoito tai muu leikkaussalitoimenpide, lyhyt hoitojakso",459O,0,+,22.0,,,,,22S02,,22X03,22X10,00X10,,,,<2,N,fin
32200220702,122D0220702,459O,"Palovamma, haavan hoito tai muu leikkaussalitoimenpide, lyhyt hoitojakso",459O,0,+,22.0,,,,S,22S02,,22X03,22X04,,,,,<2,N,fin
32200220712,122D0220712,459O,"Palovamma, haavan hoito tai muu leikkaussalitoimenpide, lyhyt hoitojakso",459O,0,+,22.0,,,,,22S02,,22X03,22X04,00X10,,,,<2,N,fin
32200220802,122D0220802,459O,"Palovamma, haavan hoito tai muu leikkaussalitoimenpide, lyhyt hoitojakso",459O,0,+,22.0,,,,S,22S02,,22X03,22X05,,,,,<2,N,fin
32200220812,122D0220812,459O,"Palovamma, haavan hoito tai muu leikkaussalitoimenpide, lyhyt hoitojakso",459O,0,+,22.0,,,,,22S02,,22X03,22X05,00X10,,,,<2,N,fin
32200220902,122D0220902,459O,"Palovamma, haavan hoito tai muu leikkaussalitoimenpide, lyhyt hoitojakso",459O,0,+,22.0,,,,S,22S02,,22X04,22X10,,,,,<2,N,fin
32200220912,122D0220912,459O,"Palovamma, haavan hoito tai muu leikkaussalitoimenpide, lyhyt hoitojakso",459O,0,+,22.0,,,,,22S02,,22X04,22X10,00X10,,,,<2,N,fin
32200221002,122D0221002,459O,"Palovamma, haavan hoito tai muu leikkaussalitoimenpide, lyhyt hoitojakso",459O,0,+,22.0,,,,S,22S02,,22X04,22X05,,,,,<2,N,fin
32200221012,122D0221012,459O,"Palovamma, haavan hoito tai muu leikkaussalitoimenpide, lyhyt hoitojakso",459O,0,+,22.0,,,,,22S02,,22X04,22X05,00X10,,,,<2,N,fin
32200221102,122D0221102,459O,"Palovamma, haavan hoito tai muu leikkaussalitoimenpide, lyhyt hoitojakso",459O,0,+,22.0,,,,S,22S02,,22X05,22X10,,,,,<2,N,fin
32200221112,122D0221112,459O,"Palovamma, haavan hoito tai muu leikkaussalitoimenpide, lyhyt hoitojakso",459O,0,+,22.0,,,,,22S02,,22X05,22X10,00X10,,,,<2,N,fin
32200250000,122D025000,458O,"Palovamma, suppea, ihonsiirto, lyhyt hoito",458O,0,+,22.0,,,,S,22S01,,,,,,,,<2,N,den/est/fin/ice/lat/nor
32200250010,122D025001,458O,"Palovamma, suppea, ihonsiirto, lyhyt hoito",458O,0,+,22.0,,,,,22S01,,00X10,,,,,,<2,N,den/est/fin/ice/lat
32200251000,122D025100,459O,"Palovamma, haavan hoito tai muu leikkaussalitoimenpide, lyhyt hoitojakso",459O,0,+,22.0,,,,S,22S02,,,,,,,,<2,N,den/est/fin/ice/lat/nor
32200251010,122D025101,459O,"Palovamma, haavan hoito tai muu leikkaussalitoimenpide, lyhyt hoitojakso",459O,0,+,22.0,,,,,22S02,,00X10,,,,,,<2,N,den/est/fin/ice/lat
32200252000,122D025200,703O,Stentin asennus ruoansulatuskanvaan tähystyksessä,703O,0,+,22.0,,,,P,22E03,,,,,,,,<2,N,den/est/fin/ice/lat/nor
32200252100,122D025210,706O,Ruuansulatuskanavan yläosan tähystystoimenpide,706O,0,+,22.0,,,,P,22E06,,,,,,,,<2,N,den/est/fin/ice/lat/nor
32200252125,122D025218,711P,"Ruoansulatuskanavan yläosan tähystys, anestesia",711P,0,+,22.0,,,,P,22E11,,00X10,,,,,,<2,N,fin
32200252150,122D025219,711Q,Ruoansulatuskanavan yläosan tähystys ilman anestesiaa,711Q,0,+,22.0,,,,P,22E11,,,,,,,,<2,N,fin
32200270000,122D027000,901Q,"Vaativa pään, niskan tai keskushermoston diagnostinen toimenpide",901FQ,0,+,22.0,,,,N,01D02,,,,,,,,<2,N,fin
32200270200,122D027020,905Q,"Sydän- ja verisuonisairaus, vaativa diagnostinen toimenpide",905FQ,0,+,22.0,,,,N,05D22,,,,,,,,<2,N,fin
32200270400,122D027040,905S,Vaativa ääreisverenkierron diagnostinen toimenpide,905FS,0,+,22.0,,,,N,05D62,,,,,,,,<2,N,fin
32200270600,122D027060,905T,Imusuoniston diagnostinen toimenpide,905FT,0,+,22.0,,,,N,05D64,,,,,,,,<2,N,fin
32200270800,122D027080,906Q,"Ruuansulatuskanavan sairaus, vaativa diagnostinen toimenpide",906FQ,0,+,22.0,,,,N,06D32,,,,,,,,<2,N,fin
32200271000,122D027100,908Q,"Tuki- ja liikuntaelinten sairaus, vaativa diagnostinen toimenpide",908FQ,0,+,22.0,,,,N,08D42,,,,,,,,<2,N,fin
32200272000,122D027200,901P,"Pään, niskan tai keskushermoston diagnostinen toimenpide",901FP,0,+,22.0,,,,N,01D01,,,,,,,,<2,N,fin
32200272200,122D027220,905P,"Sydän- ja verisuonisairaus, diagnostinen toimenpide",905FP,0,+,22.0,,,,N,05D21,,,,,,,,<2,N,fin
32200272400,122D027240,906P,"Ruuansulatuskanavan sairaus, diagnostinen toimenpide",906FP,0,+,22.0,,,,N,06D31,,,,,,,,<2,N,fin
32200272600,122D027260,908P,"Tuki- ja liikuntaelinten sairaus, diagnostinen toimenpide",908FP,0,+,22.0,,,,N,08D41,,,,,,,,<2,N,fin
32200272800,122D027280,910P,Endokriininen diagnostinen toimenpide,910FP,0,+,22.0,,,,N,10D11,,,,,,,,<2,N,fin
32200299700,122D029970,922N,"Siteenvaihto, laaja palovamma, lyhyt hoito",822P,0,+,22.0,,,,,22S03,,,,,,,,<2,N,fin
32200299710,122D029971,922N,"Siteenvaihto, laaja palovamma, lyhyt hoito",822P,0,+,22.0,,,,,22S04,,22X01,,,,,,<2,N,fin
32200299800,122D029980,922O,"Palovamma, lyhyt hoito ilman merkittävää toimenpidettä",922O,0,+,22.0,,,,Z,,,,,,,,,<2,N,den/est/fin/lat
32200299900,122D029990,822O,"Palovamman hoito, pientoimenpide, lyhyt hoitojakso",822O,0,+,22.0,,,,N,,,,,,,,,<2,N,den/est/fin/lat
32300001000,123D000100,461O,"Muuhun terveyspalvelujen käyttöön liittyvä leikkaus, lyhyt hoito",461O,0,+,23.0,,,,S,,,,,,,,,<2,N,den/est/fin/ice/lat/nor
32300001100,123D000110,461O,"Muuhun terveyspalvelujen käyttöön liittyvä leikkaus, lyhyt hoito",461O,0,+,23.0,,,,,,,00X10,,,,,,<2,N,fin
32300001350,123D000208,720P,"Ruoansulatuskanavan yhdistetty endoskopia, anestesia",720P,0,+,23.0,,,,P,17E10,17E11,00X10,,,,,,<2,N,fin
32300001600,123D000209,720Q,Ruoansulatuskanavan yhdistetty endoskopia ilman anestesiaa,720Q,0,+,23.0,,,,P,17E10,17E11,,,,,,,<2,N,fin
32300002174,123D000218,710P,"Paksusuolen tähystys, anestesia",710P,0,+,23.0,,,,P,17E10,,00X10,,,,,,<2,N,fin
32300002183,123D000219,710Q,Paksusuolen tähystys ilman anestesiaa,710Q,0,+,23.0,,,,P,17E10,,,,,,,,<2,N,fin
32300002274,123D000228,711P,"Ruoansulatuskanavan yläosan tähystys, anestesia",711P,0,+,23.0,,,,P,17E11,,00X10,,,,,,<2,N,fin
32300002283,123D000229,711Q,Ruoansulatuskanavan yläosan tähystys ilman anestesiaa,711Q,0,+,23.0,,,,P,17E11,,,,,,,,<2,N,fin
32300002400,123D000240,718O,Alempien virtsateiden tähystys,718O,0,+,23.0,,,,P,17E18,,,,,,,,<2,N,den/est/fin/ice/lat/nor
32300020000,123D002000,901Q,"Vaativa pään, niskan tai keskushermoston diagnostinen toimenpide",901FQ,0,+,23.0,,,,N,01D02,,,,,,,,<2,N,fin
32300020200,123D002020,905Q,"Sydän- ja verisuonisairaus, vaativa diagnostinen toimenpide",905FQ,0,+,23.0,,,,N,05D22,,,,,,,,<2,N,fin
32300020400,123D002040,905S,Vaativa ääreisverenkierron diagnostinen toimenpide,905FS,0,+,23.0,,,,N,05D62,,,,,,,,<2,N,fin
32300020600,123D002060,905T,Imusuoniston diagnostinen toimenpide,905FT,0,+,23.0,,,,N,05D64,,,,,,,,<2,N,fin
32300020800,123D002080,906Q,"Ruuansulatuskanavan sairaus, vaativa diagnostinen toimenpide",906FQ,0,+,23.0,,,,N,06D32,,,,,,,,<2,N,fin
32300021000,123D002100,908Q,"Tuki- ja liikuntaelinten sairaus, vaativa diagnostinen toimenpide",908FQ,0,+,23.0,,,,N,08D42,,,,,,,,<2,N,fin
32300021200,123D002120,930Q,Rinnan vaativa diagnostinen toimenpide,930FQ,0,+,23.0,,,,N,30D72,,,,,,,,<2,N,fin
32300021300,123D002130,917W,Sädehoidon vaativa annossuunnittelu magneettitutkimuksella,917FW,0,+,23.0,,,,N,90D92,,90X01,,,,,,<2,N,fin
32300022000,123D002200,901P,"Pään, niskan tai keskushermoston diagnostinen toimenpide",901FP,0,+,23.0,,,,N,01D01,,,,,,,,<2,N,fin
32300022200,123D002220,905P,"Sydän- ja verisuonisairaus, diagnostinen toimenpide",905FP,0,+,23.0,,,,N,05D21,,,,,,,,<2,N,fin
32300022300,105D2180002,705O,"Kardiologinen ultraäänitutkimus, lyhyt hoito",790V,0,+,,,,,,05V09,,,,,,,,<2,,fin
32300022400,123D002240,906P,"Ruuansulatuskanavan sairaus, diagnostinen toimenpide",906FP,0,+,23.0,,,,N,06D31,,,,,,,,<2,N,fin
32300022600,123D002260,908P,"Tuki- ja liikuntaelinten sairaus, diagnostinen toimenpide",908FP,0,+,23.0,,,,N,08D41,,,,,,,,<2,N,fin
32300022800,123D002280,910P,Endokriininen diagnostinen toimenpide,910FP,0,+,23.0,,,,N,10D11,,,,,,,,<2,N,fin
32300023000,123D002300,930P,Rinnan diagnostinen toimenpide,930FP,0,+,23.0,,,,N,30D71,,,,,,,,<2,N,fin
32300023200,123D002320,917V,Sädehoidon annossuunnittelu magneettitutkimuksella,917FV,0,+,23.0,,,,N,90D91,,90X01,,,,,,<2,N,fin
32300030400,123D003040,917E,"Muu tai erilaistumaton syöpä, erityslääkehoito, lyhyt hoito",917FE,0,+,23.0,,,,N,90T01,90S01,90X01,,,,,,<2,N,fin
32300031000,123D003100,917U,Malignin sairauden lyhyt sädehoito,917FU,0,+,23.0,,,,N,90T05,,90X01,,,,,,<2,N,fin
32300100000,123D010000,462O,"Kuntoutus, lyhyt hoitojakso",462O,0,+,23.0,23M01,,,,,,,,,,,,<2,N,den/est/fin/lat
32300320010,123D032001,901O,"Neurologinen sairaus, lyhyt hoito ilman merkittävää toimenpidettä",901O,0,+,23.0,23M04,,,Z,,,01K99,,,,,,<2,N,est/fin/ice/lat
32300320020,123D032002,902O,"Silmäsairaus, lyhyt hoito ilman merkittävää toimenpidettä",902O,0,+,23.0,23M04,,,Z,,,02K99,,,,,,<2,N,est/fin/ice/lat
32300320030,123D032003,903O,"Suun, korvan, nenän tai kurkun sairaus, lyhyt hoito ilman merkittävää toimenpidettä",903O,0,+,23.0,23M04,,,Z,,,03K99,,,,,,<2,N,est/fin/ice/lat
32300320040,123D032004,904O,"Keuhkosairaus, lyhyt hoito ilman merkittävää toimenpidettä",904O,0,+,23.0,23M04,,,Z,,,04K99,,,,,,<2,N,est/fin/ice/lat
32300320050,123D032005,905O,"Sydän- ja verisuonisairaus, lyhyt hoito ilman merkittävää toimenpidettä",905O,0,+,23.0,23M04,,,Z,,,05K99,,,,,,<2,N,est/fin/ice/lat
32300320060,123D032006,906O,"Ruuansulatuskanavan sairaus, lyhyt hoito ilman merkittävää toimenpidettä",906O,0,+,23.0,23M04,,,Z,,,06K99,,,,,,<2,N,est/fin/ice/lat
32300320070,123D032007,907O,"Maksan, sappiteiden tai haiman sairaus, lyhyt hoito ilman merkittävää toimenpidettä",907O,0,+,23.0,23M04,,,Z,,,07K99,,,,,,<2,N,est/fin/ice/lat
32300320080,123D032008,908O,"Tuki- ja liikuntaelinten sairaus, lyhyt hoito ilman merkittävää toimenpidettä",908O,0,+,23.0,23M04,,,Z,,,08K99,,,,,,<2,N,est/fin/ice/lat
32300320090,123D032009,909O,"Ihosairaus, lyhyt hoito ilman merkittävää toimenpidettä",909O,0,+,23.0,23M04,,,Z,,,09K99,,,,,,<2,N,est/fin/ice/lat
32300320100,123D032010,930O,"Rintarauhasen sairaus, lyhyt hoito ilman merkittävää toimenpidettä",930O,0,+,23.0,23M04,,,Z,,,30K99,,,,,,<2,N,est/fin/ice/lat
32300320110,123D032011,910O,"Endokriininen sairaus, lyhyt hoito ilman merkittävää toimenpidettä",910O,0,+,23.0,23M04,,,Z,,,10K99,,,,,,<2,N,est/fin/ice/lat
32300320120,123D032012,911O,"Virtsaelinten sairaus, lyhyt hoito ilman merkittävää toimenpidettä",911O,0,+,23.0,23M04,,,Z,,,11K99,,,,,,<2,N,est/fin/ice/lat
32300320130,123D032013,912O,"Eturauhasen, kiveksen, peniksen jne. syöpäsairaus, lyhyt hoito ilman merkittävää toimenpidettä",912O,0,+,23.0,23M04,,,Z,,,12K99,,,,,,<2,N,est/fin/ice/lat
32300320140,123D032014,913O,"Vulvan, vaginan, cervixin, munasarjan, jne. sairaus, lyhyt hoito ilman merkittävää toimenpidettä",913O,0,+,23.0,23M04,,,Z,,,13K99,,,,,,<2,N,est/fin/ice/lat
32300320150,123D032015,914O,"Raskauden hoito, lyhyt hoito ilman merkittävää toimenpidettä",914O,0,+,23.0,23M04,,,Z,,,14K99,,,,,,<2,N,est/fin/ice/lat
32300320160,123D032016,915O,Vastasyntyneen lyhyt hoito ilman merkittävää toimenpidettä,915O,0,+,23.0,23M04,,,Z,,,15K99,,,,,,<2,N,est/fin/ice/lat
32300320170,123D032017,916O,"Hematologia, lyhyt hoito ilman merkittävää toimenpidettä",916O,0,+,23.0,23M04,,,Z,,,16K99,,,,,,<2,N,est/fin/ice/lat
32300320180,123D032018,917O,Pahanlaatuisen sairauden lyhyt hoito ilman merkittävää toimenpidettä,917O,0,+,23.0,23M04,,,Z,,,17K99,,,,,,<2,N,est/fin/ice/lat
32300320190,123D032019,918O,"Infektio, lyhyt hoito ilman merkittävää toimenpidettä",918O,0,+,23.0,23M04,,,Z,,,18K99,,,,,,<2,N,est/fin/ice/lat
32300320210,123D032021,921O,"Vamma tai myrkytys, lyhyt hoito ilman merkittävää toimenpidettä",921O,0,+,23.0,23M04,,,Z,,,21K99,,,,,,<2,N,est/fin/ice/lat
32300320220,123D032022,922O,"Palovamma, lyhyt hoito ilman merkittävää toimenpidettä",922O,0,+,23.0,23M04,,,Z,,,22K99,,,,,,<2,N,est/fin/ice/lat
32300320230,123D032023,921O,"Vamma tai myrkytys, lyhyt hoito ilman merkittävää toimenpidettä",921O,0,+,23.0,23M04,,,Z,,,24K90,,,,,,<2,N,est/fin/lat
32300359115,123D039899,823T,"Siedätyshoito, lyhyt hoito",823T,0,+,,,,,N,40V10,,,,,,,,<2,,fin
32300378557,123D039799,928O,"Perinnöllisyysneuvonta, lyhyt hoito",928O,0,+,23.0,23M06,,,Z,,,,,,,,,<2,N,fin
32300398000,123D039800,923O,"Muu tai määrittämätön ongelma, lyhyt hoito ilman merkittävää toimenpidettä",923O,0,+,23.0,,,,Z,,,,,,,,,<2,N,den/est/fin/lat
32300399000,123D039900,823O,"Muu ongelma, pientoimenpide, lyhyt hoito",823O,0,+,23.0,,,,N,,,,,,,,,<2,N,den/est/fin/lat
39000099000,190D009900,570O,"Keskushermoston stimulointilaitteen asennus tai korvaaminen, lyhyt hoito",570O,0,+,,,,,S,01S51,,,,,,,,<2,N,den/est/fin/ice/lat/nor
39000201000,190D020100,037O,"Silmämunan ja silmäkuopan leikkaukset, lyhyt hoito",037O,0,+,,,,,S,02S01,,08X30,,,,,,<2,N,den/est/fin/ice/lat/nor
39000300000,190D030000,169O,"Suun alueen leikkaus, lyhyt hoito",169O,0,+,,,,,S,03S05,,08X30,,,,,,<2,N,den/est/fin/ice/lat/nor
39000300500,190D030050,063O,"Muu korvan, nenän tai kurkun alueen toimenpide, lyhyt hoito",063O,0,+,,,,,S,03S12,,08X30,,,,,,<2,N,den/est/fin/ice/lat/nor
39000304300,190D030430,056O,"Nenän muovausleikkaus, lyhyt hoito",056O,0,+,,,,,S,03S07,,08X30,,,,,,<2,N,den/est/fin/ice/lat/nor
39000500000,190D050000,120O,"Muu verenkiertoelinten toimenpide, lyhyt hoito",120O,A,+,,,,,S,,,05X06,,,,,,<2,N,den/est/fin/ice/lat/nor
39000600000,190D060000,171O,"Muu ruuansulatuskanavan leikkaus, lyhyt hoito",171O,0,+,,,,,S,06S30,,06X07,,,,,,<2,N,den/est/fin/ice/lat/nor
39000600200,190D060020,227O,"Pehmytkudosleikkaus, lyhyt hoito",227O,0,+,,,08P03,,S,08S12,,,,,,,,<2,N,fin
39000900000,190D090000,258O,"Rintarauhasen poisto maligniteetin takia, lyhyt hoito",258O,0,+,,,,,S,30S03,,30X01,,,,,,<2,N,den/est/fin/ice/lat/nor
39000900200,190D090020,258O,"Rintarauhasen poisto maligniteetin takia, lyhyt hoito",258O,0,+,,,,,S,30S11,,30X01,,,,,,<2,N,fin
39000902900,190D090290,260O,"Rintarauhasen osittainen poisto maligniteetin takia, lyhyt hoito",260O,0,+,,,,,S,30S04,,30X01,,,,,,<2,N,fin
39000903100,190D090310,260O,"Rintarauhasen osittainen poisto maligniteetin takia, lyhyt hoito",260O,0,+,,,,,S,30S05,,30X01,,,,,,<2,N,den/est/fin/ice/lat/nor
39001000000,190D100000,293O,"Muu leikkaus endokriinisen, nutritionaalisen tai metabolisen sairauden vuoksi, lyhyt hoito",293O,0,+,,,,,S,08S10,,10X03,,,,,,<2,N,den/est/fin/ice/lat/nor
39001100000,190D110000,315O,"Muu munuaisten tai virtsateiden toimenpide, lyhyt hoito",315O,0,+,,,,,S,11S10,,11X02,,,,,,<2,N,den/est/fin/ice/lat/nor
39006041000,190D604100,443O,"Muu vamman takia tehty toimenpide, lyhyt hoito",443O,0,+,,,00P21,,S,21S04,,,,,,,,<2,N,den/est/fin/ice/lat/nor
39900000000,199D000000,468O,"Epätavallinen toimenpiteen ja diagnoosin yhdistelmä, laaja toimenpide, lyhyt hoito",468O,7,+,,,,,S,99S90,,,,,,,,<2,N,den/est/fin/lat
39900001000,199D000100,468O,"Epätavallinen toimenpiteen ja diagnoosin yhdistelmä, laaja toimenpide, lyhyt hoito",468O,7,+,,,,,,99S90,,00X10,,,,,,<2,N,fin
57809900010,000D0040109,470V,"Potilaan sukupuoli puuttuu, lyhyt hoito",470V,2,+,98.0,,,,,,,,,,,,,<2,,est/fin/ice/lat/nor
57900010000,199D001000,477O,"Epätavallinen toimenpiteen ja diagnoosin yhdistelmä, suppea toimenpide, lyhyt hoito",477O,7,+,,,,,P,,,,,,,,,<2,N,den/est/fin/ice/lat
59909999900,299D999990,470U,"Kelpaamaton päädiagnoosi, lyhyt hoito",470U,9,,,,,,,,,,,,,,,<2,N,fin/est
67478249975,400D300300,495,Keuhkonsiirto,495X,0,+,,,,,S,00S04,,,,,,,,,,den/est/fin/ice/lat/nor/swe
70001000000,400D100000,480,Maksansiirto,480X,0,+,,,,,S,00S01,,,,,,,,,,fin
70002001000,400D200100,481B,"Allogeeninen kantasolusiirto, aikuinen",481B,0,+,,,,,,17S03,,,,,,>6574,,,,den/fin/ice/lat/nor
70002001100,400D200110,481C,"Muu kantasolusiirto, komplisoitunut",481C,0,+,,,,,,17S03,,,,,,,,,,den/fin/ice/lat/nor
70002001200,400D200120,481A,Muu kantasolusiirto,481A,0,+,,,,,,17S04,,,,,,,,,,den/fin/ice/lat/nor
70003001000,400D300100,103,Sydämensiirto,103X,0,+,,,,,S,00S07,,,,,,,,,,den/est/fin/ice/lat/nor/swe
70003002000,400D300200,103,Sydämensiirto,103X,0,+,5.0,,,,S,05S01,,,,,,,,,,den/est/fin/ice/lat/nor/swe
70003004000,400D300400,191A,Haiman siirto munuaissiirton yhdistettynä tai ilman,191A,0,+,,,,,S,00S06,,,,,,,,,,den/est/fin/ice/lat/nor/swe
70003005000,400D300500,302,Munuaisensiirto,302X,0,+,,,,,S,11S01,,,,,,,,,,den/fin/ice/lat/nor
70003006000,400D300600,482,"Henkitorviavanteen vaativa kasvojen, suun tai kaulan sairauden hoito",482X,0,+,,,00P11,,S,00S03,,,,,,,,,,den/fin/ice/lat/nor
70003006150,400D300615,482,"Henkitorviavanteen vaativa kasvojen, suun tai kaulan sairauden hoito",482X,0,+,,,,,S,00S09,,,,,,,,,,fin/nor
70003008000,400D300800,483,Henkitorviavanteen vaativa tehostettu hoito tai tehohoito,483X,0,+,,,,,S,00S03,,,,,,,,,,den/fin/ice/lat/nor
70003008500,400D300850,483B,Intensiivinen verenkierron tuki,483B,0,+,,,,,S,00S20,,,,,,,,,,fin
70003008600,400D300860,483B,Intensiivinen verenkierron tuki,483B,0,+,,,,,S,00S21,05S02,,,,,,,,,fin
70003008700,400D300870,483B,Intensiivinen verenkierron tuki,483B,0,+,,,,,S,00S21,05S09,,,,,,,,,fin
70003100000,400D310000,550E,"Aivohalvauksen kuntoutus, potilas ei kykene kylpemään",550E,0,+,,,01P10,,N,,,23X20,23F52,,,,,,,den/est/fin/ice/swe
70003101000,400D310100,550D,"Aivohalvauksen kuntoutus, potilas kykenee avustettuna kylpemään, avustettuna peseytymään, ei liikkumaan pyörätuolilla",550D,0,+,,,01P10,,N,,,23X20,23F11,23F72,,,,,,den/est/fin/ice/swe
70003102000,400D310200,550C,"Aivohalvauksen kuntoutus, potilas kykenee avustettuna kylpemään, avustettuna peseytymään, liikkumaan pyörätuolilla avustettuna",550C,0,+,,,01P10,,N,,,23X20,23F11,,,,,,,den/est/fin/ice/swe
70003103000,400D310300,550B,"Aivohalvauksen kuntoutus, potilas kykenee avustettuna kylpemään, peseytymään, ei liikkumaan pyörätuolilla",550B,0,+,,,01P10,,N,,,23X20,23F72,,,,,,,den/est/fin/ice/swe
70003104000,400D310400,550A,"Aivohalvauksen kuntoutus, potilas kykenee kylpemään, peseytymään, liikkumaan pyörätuolilla avustettuna",550A,0,+,,,01P10,,N,,,23X20,,,,,,,,den/est/fin/ice/lat/swe
70003105000,400D310500,551B,"Demyelinisoivan sairauden kuntoutus, potilas ei kykene liikkumaan pyörätuolilla",551B,0,+,,,01P11,,N,,,23X20,23F72,,,,,,,den/est/fin/ice/swe
70003106000,400D310600,551A,"Demyelinisoivan sairauden kuntoutus, potilas kykenee avustettuna liikkumaan pyörätuolilla",551A,0,+,,,01P11,,N,,,23X20,,,,,,,,den/est/fin/ice/lat/swe
70003107000,400D310700,552C,"Selkäytimen ongelman kuntoutus, potilas tarvitsee apua pyörätuolilla liikkuessa, ei kykene syömään",552C,0,+,,,01P12,,N,,,23X20,23F71,23F02,,,,,,den/est/fin/ice/swe
70003108000,400D310800,552B,"Selkäytimen ongelman kuntoutus, potilas tarvitsee apua pyörätuolilla liikkuessa, kykenee avustettuna syömään",552B,0,+,,,01P12,,N,,,23X20,23F71,,,,,,,den/est/fin/ice/swe
70003109000,400D310900,552A,"Selkäytimen ongelman kuntoutus, potilas kykenee liikkumaan pyörätuolilla",552A,0,+,,,01P12,,N,,,23X20,,,,,,,,den/est/fin/ice/lat/swe
70003110000,400D311000,553B,"Aivovamman kuntoutus, potilas tarvitsee apua kylpiessä",553B,0,+,,,01P13,,N,,,23X20,23F51,,,,,,,den/est/fin/ice/swe
70003111000,400D311100,553A,"Aivovamman kuntoutus, potilas kykenee kylpemään",553A,0,+,,,01P13,,N,,,23X20,,,,,,,,den/est/fin/ice/lat/swe
70003112000,400D311200,554B,"Aivokasvaimen kuntoutus, potilas ei kykene liikkumaan pyörätuolilla",554B,0,+,,,01P14,,N,,,23X20,23F72,,,,,,,den/est/fin/ice/swe
70003113000,400D311300,554A,"Aivokasvaimen kuntoutus, potilas kykenee avustettuna liikkumaan pyörtuolilla",554A,0,+,,,01P14,,N,,,23X20,,,,,,,,den/est/fin/ice/lat/swe
70003114000,400D311400,555B,"Muu neurologinen kuntoutus, potilas ei kykene liikkumaan pyörätyolilla.",555B,0,+,,,01P15,,N,,,23X20,23F72,,,,,,,den/est/fin/ice/swe
70003115000,400D311500,555A,"Muu neurologinen kuntoutus, potilas kykenee avustettuna liikkumaan pyörätuolilla",555A,0,+,,,01P15,,N,,,23X20,,,,,,,,den/est/fin/ice/lat/swe
70003116000,400D311600,556B,"Verenkierto- ja hengityselinten kuntoutus, potilas tarvitsee apua pyörätuolilla liikkumisessa",556B,0,+,,,05P10,,N,,,23X20,23F71,,,,,,,den/est/fin/ice/swe
70003117000,400D311700,556A,"Verenkierto- ja hengityselinten kuntoutus, potilas kykenee liikkumaan pyörätuolilla",556A,0,+,,,05P10,,N,,,23X20,,,,,,,,den/est/fin/ice/lat/swe
70003118000,400D311800,557E,"Sidekudossairauden kuntoutus, potilas ei kykene käymään wc:ssä, suolen toiminnan ongelmia",557E,0,+,,,08P10,,N,,,23X20,23F32,23F41,,,,,,den/est/fin/ice/swe
70003119000,400D311900,557D,"Sidekudossairauden kuntoutus, potilas ei kykene käymään wc:ssä, ei suolen toiminnan ongelmia",557D,0,+,,,08P10,,N,,,23X20,23F32,,,,,,,den/est/fin/ice/swe
70003120000,400D312000,557C,"Sidekudossairauden kuntoutus, potilas kykenee avustettuna käymään wc:ssä, suolen toiminnan ongelmia",557C,0,+,,,08P10,,N,,,23X20,23F41,,,,,,,den/est/fin/ice/swe
70003121000,400D312100,557B,"Sidekudossairauden kuntoutus, potilas kykenee avustettuna käymään wc:ssä, ei suolen toiminnan ongelmia, ei liiku pyörätuolilla",557B,0,+,,,08P10,,N,,,23X20,23F72,,,,,,,den/est/fin/ice/swe
70003122000,400D312200,557A,"Sidekudossairauden kuntoutus, potilas kykenee avustettuna käymään wc:ssä, ei suolen toiminnan ongelmia, liikkuu pyörätuolilla avustettuna",557A,0,+,,,08P10,,N,,,23X20,,,,,,,,den/est/fin/ice/lat/swe
70003123000,400D312300,558C,"Muun vamman kuntoutus, potilas ei kykene käymään wc:ssä",558C,0,+,,,21P10,,N,,,23X20,23F32,,,,,,,den/est/fin/ice/swe
70003124000,400D312400,558B,"Muun vamman kuntoutus, potilas kykenee käymään wc:ssä avustettuna, tarvitsee apua kävelyyn",558B,0,+,,,21P10,,N,,,23X20,23F61,,,,,,,den/est/fin/ice/swe
70003125000,400D312500,558A,"Muun vamman kuntoutus, potilas kykenee käymään wc:ssä avustettuna, kävelemään",558A,0,+,,,21P10,,N,,,23X20,,,,,,,,den/est/fin/ice/lat/swe
70003126000,400D312600,559B,"Amputaatio potilaan kuntoutus, ei kykene liikkumaan pyörätuolilla",559B,0,+,,,23P10,,N,,,23X20,23F72,,,,,,,den/est/fin/ice/swe
70003127000,400D312700,559A,"Amputaatiopotilaan kuntoutus, kykenee liikkumaan pyörätuolilla avustettuna",559A,0,+,,,23P10,,N,,,23X20,,,,,,,,den/est/fin/ice/lat/swe
70003128000,400D312800,560E,"Muu kuntoutus, potilas tarvitsee apua käydäkseen wc:ssä ja sosiaaliseen kanssakäymiseen",560E,0,+,,,,,N,,,23X20,23F31,23F91,,,,,,den/est/fin/ice/swe
70003129000,400D312900,560D,"Muu kuntoutus, potilas tarvitsee apua käydäkseen wc:ssä, kykenee sosiaaliseen kanssakäymiseen",560D,0,+,,,,,N,,,23X20,23F31,,,,,,,den/est/fin/ice/swe
70003130000,400D313000,560C,"Muu kuntoutus, potilas kykenee käymään wc:ssä, tarvitsee apua sosiaaliseen kanssakäymiseen",560C,0,+,,,,,N,,,23X20,23F91,,,,,,,den/est/fin/ice/swe
70003131000,400D313100,560B,"Muu kuntoutus, potilas kykenee käymään wc:ssä, sosiaaliseen kanssakäymiseen, ei kävele",560B,0,+,,,,,N,,,23X20,23F62,,,,,,,den/est/fin/ice/swe
70003132000,400D313200,560A,"Muu kuntoutus, potilas kykenee käymään wc:ssä, sosiaaliseen kanssakäymiseen, kävelee avustettuna",560A,0,+,,,,,N,,,23X20,,,,,,,,den/est/fin/ice/lat/swe
70005101110,400D510111,484N,Merkittävän monivamman vuoksi tehty kraniotomia,484N,0,+,,,24P01,,S,21S04,,24X11,24X21,,,,,,,fin
70005101210,400D510121,484N,Merkittävän monivamman vuoksi tehty kraniotomia,484N,0,+,,,24P01,,S,21S04,,24X11,24X22,,,,,,,fin
70005101310,400D510131,484N,Merkittävän monivamman vuoksi tehty kraniotomia,484N,0,+,,,24P01,,S,21S04,,24X11,24X31,,,,,,,fin
70005101410,400D510141,484N,Merkittävän monivamman vuoksi tehty kraniotomia,484N,0,+,,,24P01,,S,21S04,,24X11,24X41,,,,,,,fin
70005101510,400D510151,484N,Merkittävän monivamman vuoksi tehty kraniotomia,484N,0,+,,,24P01,,S,21S04,,24X11,24X61,,,,,,,fin
70005112311,400D5112311,486A,"Monivamma, murtuma selkärangassa ja lannerangan, lantion tai reisiluun murtuman vuoksi tehty toimenpide",486A,0,+,,,24P01,,S,21S07,,24X21,24X41,,,,,,,fin
70005114111,400D5114111,486A,"Monivamma, murtuma selkärangassa ja lannerangan, lantion tai reisiluun murtuman vuoksi tehty toimenpide",486A,0,+,,,24P01,,S,21S07,,24X22,24X41,,,,,,,fin
70005115111,400D5115111,486A,"Monivamma, murtuma selkärangassa ja lannerangan, lantion tai reisiluun murtuman vuoksi tehty toimenpide",486A,0,+,,,24P01,,S,21S07,,24X31,24X41,,,,,,,fin
70005116110,400D511611,486A,"Monivamma, murtuma selkärangassa ja lannerangan, lantion tai reisiluun murtuman vuoksi tehty toimenpide",486A,0,+,,,24P01,,S,21S07,,24X41,24X61,,,,,,,fin
70005122211,400D5122211,486B,Monivamma rintakehän ja vatsan alueella ja trauman aiheuttaman vamman edellyttämä kirurginen toimenpide,486B,0,+,,,24P01,,S,21S10,,24X21,24X31,,,,,,,fin
70005122220,400D512222,486B,Monivamma rintakehän ja vatsan alueella ja trauman aiheuttaman vamman edellyttämä kirurginen toimenpide,486B,0,+,,,24P01,,,21S10,,24X21,24X31,00X10,,,,,,fin
70005141110,400D514111,486N,"Muu monivamma, trauman aiheuttaman vamman edellyttämä kirurginen toimenpide",486N,0,+,,,24P01,,S,21S10,,24X11,24X21,,,,,,,fin
70005141120,400D514112,486N,"Muu monivamma, trauman aiheuttaman vamman edellyttämä kirurginen toimenpide",486N,0,+,,,24P01,,,21S10,,24X11,24X21,00X10,,,,,,fin
70005141210,400D514121,486N,"Muu monivamma, trauman aiheuttaman vamman edellyttämä kirurginen toimenpide",486N,0,+,,,24P01,,S,21S10,,24X11,24X22,,,,,,,fin
70005141220,400D514122,486N,"Muu monivamma, trauman aiheuttaman vamman edellyttämä kirurginen toimenpide",486N,0,+,,,24P01,,,21S10,,24X11,24X22,00X10,,,,,,fin
70005141310,400D514131,486N,"Muu monivamma, trauman aiheuttaman vamman edellyttämä kirurginen toimenpide",486N,0,+,,,24P01,,S,21S10,,24X11,24X31,,,,,,,fin
70005141320,400D514132,486N,"Muu monivamma, trauman aiheuttaman vamman edellyttämä kirurginen toimenpide",486N,0,+,,,24P01,,,21S10,,24X11,24X31,00X10,,,,,,fin
70005142110,400D514211,486N,"Muu monivamma, trauman aiheuttaman vamman edellyttämä kirurginen toimenpide",486N,0,+,,,24P01,,S,21S10,,24X21,24X22,,,,,,,fin
70005142120,400D514212,486N,"Muu monivamma, trauman aiheuttaman vamman edellyttämä kirurginen toimenpide",486N,0,+,,,24P01,,,21S10,,24X21,24X22,00X10,,,,,,fin
70005142310,400D514231,486N,"Muu monivamma, trauman aiheuttaman vamman edellyttämä kirurginen toimenpide",486N,0,+,,,24P01,,S,21S10,,24X21,24X41,,,,,,,fin
70005142320,400D514232,486N,"Muu monivamma, trauman aiheuttaman vamman edellyttämä kirurginen toimenpide",486N,0,+,,,24P01,,,21S10,,24X21,24X41,00X10,,,,,,fin
70005143110,400D514311,486N,"Muu monivamma, trauman aiheuttaman vamman edellyttämä kirurginen toimenpide",486N,0,+,,,24P01,,S,21S10,,24X21,24X61,,,,,,,fin
70005143120,400D514312,486N,"Muu monivamma, trauman aiheuttaman vamman edellyttämä kirurginen toimenpide",486N,0,+,,,24P01,,,21S10,,24X21,24X61,00X10,,,,,,fin
70005143310,400D514331,486N,"Muu monivamma, trauman aiheuttaman vamman edellyttämä kirurginen toimenpide",486N,0,+,,,24P01,,S,21S10,,24X22,24X31,,,,,,,fin
70005143320,400D514332,486N,"Muu monivamma, trauman aiheuttaman vamman edellyttämä kirurginen toimenpide",486N,0,+,,,24P01,,,21S10,,24X22,24X31,00X10,,,,,,fin
70005144110,400D514411,486N,"Muu monivamma, trauman aiheuttaman vamman edellyttämä kirurginen toimenpide",486N,0,+,,,24P01,,S,21S10,,24X22,24X41,,,,,,,fin
70005144120,400D514412,486N,"Muu monivamma, trauman aiheuttaman vamman edellyttämä kirurginen toimenpide",486N,0,+,,,24P01,,,21S10,,24X22,24X41,00X10,,,,,,fin
70005144210,400D514421,486N,"Muu monivamma, trauman aiheuttaman vamman edellyttämä kirurginen toimenpide",486N,0,+,,,24P01,,S,21S10,,24X22,24X61,,,,,,,fin
70005144220,400D514422,486N,"Muu monivamma, trauman aiheuttaman vamman edellyttämä kirurginen toimenpide",486N,0,+,,,24P01,,,21S10,,24X22,24X61,00X10,,,,,,fin
70005145110,400D514511,486N,"Muu monivamma, trauman aiheuttaman vamman edellyttämä kirurginen toimenpide",486N,0,+,,,24P01,,S,21S10,,24X31,24X41,,,,,,,fin
70005145120,400D514512,486N,"Muu monivamma, trauman aiheuttaman vamman edellyttämä kirurginen toimenpide",486N,0,+,,,24P01,,,21S10,,24X31,24X41,00X10,,,,,,fin
70005145210,400D514521,486N,"Muu monivamma, trauman aiheuttaman vamman edellyttämä kirurginen toimenpide",486N,0,+,,,24P01,,S,21S10,,24X31,24X61,,,,,,,fin
70005145220,400D514522,486N,"Muu monivamma, trauman aiheuttaman vamman edellyttämä kirurginen toimenpide",486N,0,+,,,24P01,,,21S10,,24X31,24X61,00X10,,,,,,fin
70005146110,400D514611,486N,"Muu monivamma, trauman aiheuttaman vamman edellyttämä kirurginen toimenpide",486N,0,+,,,24P01,,S,21S10,,24X41,24X61,,,,,,,fin
70005146120,400D514612,486N,"Muu monivamma, trauman aiheuttaman vamman edellyttämä kirurginen toimenpide",486N,0,+,,,24P01,,,21S10,,24X41,24X61,00X10,,,,,,fin
70006002002,400D6002002,415M,"Infektiosairauden operatiivinen hoito, erittäin komplisoitunut",415M,0,+,,,18P01,2.0,S,,,18X01,,,,,,,,swe/fin
70006002010,400D600201,415M,"Infektiosairauden operatiivinen hoito, erittäin komplisoitunut",415M,0,+,,,18P01,2.0,,,,18X01,00X10,,,,,,,swe/fin
70006002050,400D600205,415C,"Infektiosairauden operatiivinen hoito, komplisoitunut",415C,0,+,,,18P01,1.0,S,,,18X01,,,,,,,,swe/fin
70006002060,400D600206,415C,"Infektiosairauden operatiivinen hoito, komplisoitunut",415C,0,+,,,18P01,1.0,,,,18X01,00X10,,,,,,,swe/fin
70006002090,400D600209,415N,"Infektiosairauden operatiivinen hoito, ei komplisoitunut",415N,0,+,,,18P01,,S,,,18X01,,,,,,,,swe/fin
70006002101,400D6002101,415N,"Infektiosairauden operatiivinen hoito, ei komplisoitunut",415N,0,+,,,18P01,,,,,18X01,00X10,,,,,,,swe/fin
70007010001,400D7010001,470H,Virheellinen diagnoosin ja toimenpiteen yhdistelmä,470H,9,+,,,,,S,14S01,,14X31,,,,,,,,fin/ice/swe/est
70007010200,400D701020,381,"Abortti ja kaavinta, kohdun avaus",381X,0,+,14.0,,,,S,14S05,,14X01,,,,,,,,den/est/fin/ice/lat/nor
70007021000,400D702100,381,"Abortti ja kaavinta, kohdun avaus",381X,0,+,14.0,,,,S,14S05,,14X31,,,,,,,,den/est/fin/ice/lat/nor
70007022000,400D702200,380,Abortti ilman kaavintaa,380X,0,+,14.0,,,,,,,14X31,,,,,,,,den/est/fin/ice/lat/nor
70007051095,400D7060001,370M,"Keisarileikkaus, erittäin komplisoitunut",370M,0,+,,,,2.0,S,14S01,,,,,,,,,,fin
70007060000,400D7060002,370C,"Keisarileikkaus, komplisoitunut",370C,0,+,,,,1.0,S,14S01,,,,,,,,,,fin
70007061525,400D7062002,370C,"Keisarileikkaus, komplisoitunut",370C,0,+,,,,,S,14S01,,14X12,,,,,,,,fin
70007064000,400D7064002,370C,"Keisarileikkaus, komplisoitunut",370C,0,+,,,,,S,14S01,,14X13,,,,,,,,fin
70007071000,400D707100,371,"Keisarileikkaus, ei komplisoitunut",371X,0,+,,,,,S,14S01,-05S60,,,,,,,,,est/fin/ice/lat/swe
70007091200,400D709120,378N,"Kohdunulkoinen raskaus, leikkaushoito",378N,0,+,14.0,14M03,,,S,14S11,,,,,,,,,,fin
70007091301,400D7091301,378N,"Kohdunulkoinen raskaus, leikkaushoito",378N,0,+,14.0,14M03,,,,14S11,,00X10,,,,,,,,fin
70007091400,400D709140,380,Abortti ilman kaavintaa,380X,0,+,14.0,14M03,,,,,,,,,,,,,,den/est/fin/ice/lat/nor
70007110000,400D711000,374,Alatiesynnytys ja synnytyksen jälkeinen kohdun kaavinta tai sterilisaatio,374X,0,+,,,,,S,14S02,,14X03,,,,,,,,den/est/fin/ice/lat/nor/swe
70007111000,400D711100,375,Alatiesynnytys ja muu synnytykseen liittyvä toimenpide,375X,0,+,,,,,S,14S03,,14X03,,,,,,,,den/est/fin/ice/lat/nor
70007111100,400D711110,375,Alatiesynnytys ja muu synnytykseen liittyvä toimenpide,375X,0,+,,,,,,14S03,,14X03,00X10,,,,,,,fin
70007120010,400D712001,372M,"Alatiesynnytys, erittäin komplisoitunut",372M,0,+,,,,2.0,S,14S04,-14S90,14X03,,,,,,,,swe/fin
70007120030,400D712003,372M,"Alatiesynnytys, erittäin komplisoitunut",372M,0,+,,,,2.0,,14S04,-14S90,14X03,00X10,,,,,,,swe/fin
70007120040,400D712004,372M,"Alatiesynnytys, erittäin komplisoitunut",372M,0,+,,,,2.0,N,,,14X03,,,,,,,,swe/fin
70007125020,400D712005,372M,"Alatiesynnytys, erittäin komplisoitunut",372M,0,+,,,,,N,,,14X03,14X15,,,,,,,swe/fin
70007130006,400D7130001,372C,"Alatiesynnytys, komplisoitunut",372C,0,+,,,,1.0,S,14S04,-14S90,14X03,,,,,,,,swe/fin
70007130011,400D7130011,372C,"Alatiesynnytys, komplisoitunut",372C,0,+,,,,1.0,,14S04,-14S90,14X03,00X10,,,,,,,swe/fin
70007130101,400D7130101,372C,"Alatiesynnytys, komplisoitunut",372C,0,+,,,,1.0,N,,,14X03,,,,,,,,swe/fin
70007131001,400D7131001,372C,"Alatiesynnytys, komplisoitunut",372C,0,+,,,,,S,14S04,-14S90,14X03,14X11,,,,,,,swe/fin
70007131011,400D7131011,372C,"Alatiesynnytys, komplisoitunut",372C,0,+,,,,,,14S04,-14S90,14X03,14X11,00X10,,,,,,swe/fin
70007131101,400D7131101,372C,"Alatiesynnytys, komplisoitunut",372C,0,+,,,,,N,,,14X03,14X11,,,,,,,swe/fin
70007131200,400D7131202,372C,"Alatiesynnytys, komplisoitunut",372C,0,+,,,,,S,14S04,-14S90,14X03,14X13,,,,,,,fin
70007131210,400D7131212,372C,"Alatiesynnytys, komplisoitunut",372C,0,+,,,,,,14S04,-14S90,14X03,14X13,00X10,,,,,,fin
70007131300,400D7131302,372C,"Alatiesynnytys, komplisoitunut",372C,0,+,,,,,N,,,14X03,14X13,,,,,,,fin
70007830000,400D783000,373,"Alatiesynnytys, ongelmaton",373X,0,+,,,,,S,14S04,-14S90,14X03,,,,,,,,den/est/fin/ice/lat/nor/swe
70007830100,400D783010,373,"Alatiesynnytys, ongelmaton",373X,0,+,,,,,,14S04,-14S90,14X03,00X10,,,,,,,den/est/fin/ice/lat/swe
70007831000,400D783100,373,"Alatiesynnytys, ongelmaton",373X,0,+,,,,,N,,,14X03,,,,,,,,den/est/fin/ice/lat/nor/swe
70100120000,401D012000,002A,Muu aikuisen kallonsisäinen toimenpide trauman takia,002A,0,+,1.0,,,,S,01S01,-01S29,01X02,,,,,,,,den/est/fin/ice/lat/nor
70100130000,401D013000,001A,Keskushermoston kasvaimen kallonsisäinen leikkaus,001A,0,+,1.0,01M02,,,S,01S26,,,,,,,,,,den/est/fin/ice/lat/nor
70100140000,401D014000,001C,"Kallonsisäisen aneurysman, verisuonianomalian tai hemangioman toimenpide",001C,0,+,,,01P01,,S,01S27,,,,,,,,,,den/est/fin/ice/lat/nor
70100142000,401D014200,001C,"Kallonsisäisen aneurysman, verisuonianomalian tai hemangioman toimenpide",001C,0,+,1.0,,,,S,01S30,,,,,,,,,,den/est/fin/lat
70100150000,401D015000,001B,Muu kallonsisäinen verisuonikirurginen toimenpide,001B,0,+,1.0,,,,S,01S27,,,,,,,,,,den/est/fin/ice/lat/nor
70100160000,401D016000,001D,Kallonsisäinen aivo-selkäydinnestekierron toimenpide,001D,0,+,1.0,,,,S,01S28,,,,,,,,,,den/est/fin/ice/lat/nor
70100170000,401D017000,002B,"Kroonisen kovakalvonalaisen vuodon leikkaushoito, aikuinen",002B,0,+,1.0,,,,S,01S29,,,,,,,,,,den/est/fin/ice/lat/nor
70100180000,401D018000,001E,Muu kallonsisäinen toimenpide paitsi vamman korjaus,001E,0,+,1.0,,,,S,01S01,,,,,,,,,,den/est/fin/ice/lat/nor
70100410000,401D041000,004,Selkäydinleikkaus,004X,0,+,1.0,,,,S,01S02,,,,,,,,,,den/est/fin/ice/lat/nor
70100500000,401D050000,005,Kallonulkoinen aivoverenkiertoon vaikuttava verisuonten leikkaus,005X,0,+,1.0,,,,S,01S03,,,,,,,,,,fin
70100510001,401D0510001,005,Kallonulkoinen aivoverenkiertoon vaikuttava verisuonten leikkaus,005X,0,+,1.0,,,,,01S03,,00X10,,,,,,,,fin
70100520000,401D052000,005,Kallonulkoinen aivoverenkiertoon vaikuttava verisuonten leikkaus,005X,0,+,,,01P05,,S,01S03,,,,,,,,,,den/est/fin/ice/lat/nor
70100530000,401D053000,005,Kallonulkoinen aivoverenkiertoon vaikuttava verisuonten leikkaus,005X,0,+,,,01P05,,,01S03,,00X10,,,,,,,,fin
70100589000,401D058900,571,Kallonsisäisen tai vagushermostimulaattorin asennus,571X,0,+,1.0,,,,S,01S52,,,,,,,,,,den/est/fin/ice/lat/swe
70100600000,401D060000,570,"Keskushermoston stimulointilaitteen asennus tai korvaaminen, vuodeosastohoito",570X,0,+,1.0,,,,S,01S51,,,,,,,,,,den/est/fin/ice/lat/nor/swe
70100610000,401D061000,006,Rannekanavaoireyhtymän leikkaus,006X,0,+,,,01P04,,S,01S04,,,,,,,,,,den/est/fin/ice/lat/nor/swe
70100711000,401D071100,007,"Ääreishermojen, aivohermojen tai muun hermoston toimenpide, komplisoitunut",007X,0,+,1.0,,,1.0,S,01S04,,,,,,,,,,den/est/fin/ice/lat/nor
70100712000,401D071200,007,"Ääreishermojen, aivohermojen tai muun hermoston toimenpide, komplisoitunut",007X,0,+,1.0,,,1.0,S,01S05,,,,,,,,,,den/est/fin/ice/lat/nor
70100712100,401D071210,007,"Ääreishermojen, aivohermojen tai muun hermoston toimenpide, komplisoitunut",007X,0,+,1.0,,,1.0,,01S05,,00X10,,,,,,,,den/est/fin/ice/lat
70100713000,401D071300,007,"Ääreishermojen, aivohermojen tai muun hermoston toimenpide, komplisoitunut",007X,0,+,,,01P05,1.0,S,01S05,,,,,,,,,,den/est/fin/ice/lat/nor
70100713100,401D071310,007,"Ääreishermojen, aivohermojen tai muun hermoston toimenpide, komplisoitunut",007X,0,+,,,01P05,1.0,,01S05,,00X10,,,,,,,,den/est/fin/ice/lat
70100721000,401D072100,008,"Ääreishermojen, aivohermojen tai muun hermoston toimenpide, ei komplisoitunut",008X,0,+,1.0,,,,S,01S04,,,,,,,,,,den/est/fin/ice/lat/nor/swe
70100722000,401D072200,008,"Ääreishermojen, aivohermojen tai muun hermoston toimenpide, ei komplisoitunut",008X,0,+,1.0,,,,S,01S05,,,,,,,,,,den/est/fin/ice/lat/nor/swe
70100722100,401D072210,008,"Ääreishermojen, aivohermojen tai muun hermoston toimenpide, ei komplisoitunut",008X,0,+,1.0,,,,,01S05,,00X10,,,,,,,,den/est/fin/ice/lat/swe
70100723000,401D072300,008,"Ääreishermojen, aivohermojen tai muun hermoston toimenpide, ei komplisoitunut",008X,0,+,,,01P05,,S,01S05,,,,,,,,,,den/est/fin/ice/lat/nor/swe
70100723100,401D072310,008,"Ääreishermojen, aivohermojen tai muun hermoston toimenpide, ei komplisoitunut",008X,0,+,,,01P05,,,01S05,,00X10,,,,,,,,den/est/fin/ice/lat/swe
70100724150,401D072415,020A,"Hermoston infektiosairaus, ei virusaivokalvontulehdus, komplisoitunut",020C,0,+,1.0,01M09,,1.0,N,,,,,,,,,,,fin
70100724200,401D072420,020B,"Hermoston infektiosairaus, ei virusaivokalvontulehdus, ei komplisoitunut",020N,0,+,1.0,01M09,,,N,,,,,,,,,,,swe/fin
70101000000,401D100000,010,"Keskushermoston kasvain, komplisoitunut",010X,0,+,1.0,01M02,,1.0,N,,,,,,,,,,,den/est/fin/ice/lat/nor
70101199400,401D119940,011A,"Keskushermoston kasvain, ei komplisoitunut, sädehoito",011FA,0,+,1.0,01M02,,,N,90T06,,,,,,,,,,fin
70101199500,401D119950,011B,"Keskushermoston kasvain, ei komplisoitunut, stereotaktinen sädehoito tai isotooppihoito",011FB,0,+,1.0,01M02,,,N,90T07,,,,,,,,,,fin
70101199600,401D119960,011C,"Keskushermoston kasvain, ei komplisoitunut, vaativa isotooppihoito",011FC,0,+,1.0,01M02,,,N,90T08,,,,,,,,,,fin
70101199610,401D119961,011C,"Keskushermoston kasvain, ei komplisoitunut, vaativa isotooppihoito",011FC,0,+,1.0,01M02,,,N,90T05,,,,,,,,,,fin
70101199700,401D119970,011D,"Keskushermoston kasvain, ei komplisoitunut, vaativa sytostaattihoito",011FD,0,+,1.0,01M02,,,N,90T01,90S01,,,,,,,,,fin
70101199710,401D119971,011D,"Keskushermoston kasvain, ei komplisoitunut, vaativa sytostaattihoito",011FD,0,+,1.0,01M02,,,N,99S80,,,,,,,,,,fin
70101199800,401D119980,011F,"Keskushermoston kasvain, ei komplisoitunut",011FF,0,+,1.0,01M02,,,N,,,,,,,,,,,fin
70101199900,401D119990,531,Yleisanestesia neurologisen ongelman takia,531X,0,+,1.0,,,,,,,00X10,,,,,,,,fin
70101199950,401D119995,009,Selkäytimen sairaus tai vamma,009X,0,+,1.0,01M01,,,N,,,,,,,,,,,fin
70101200000,401D120000,012,Etenevä keskushermoston sairaus,012X,0,+,1.0,01M03,,,N,,,,,,,,,,,den/est/fin/ice/lat/nor
70101300000,401D130000,013,MS-tauti tai pikkuaivoataksia,013X,0,+,1.0,01M04,,,N,,,,,,,,,,,den/est/fin/ice/lat/nor
70101400006,405D2001003,124,"Muu verenkiertoelinten sairaus, katetrisaatio, monimutkainen perussairaus",124X,0,+,,,05P05,,,05S05,,05X03,,,,,,,,fin
70101400008,405D2003001,125,"Muu verenkiertoelinten sairaus, katetrisaatio, ilman monimutkaista perussairautta",125X,0,+,,,05P05,,,05S05,,,,,,,,,,fin
70101400010,401D140001,014D,"Aivoinfarkti tai muu pitkäkestoinen aivoverenkierron häiriö, trombolyysihoito, komplisoitunut",014D,0,+,1.0,01M05,,1.0,N,00S22,,,,,,,,,,est/fin/lat
70101400020,401D140002,014A,"Aivoinfarkti tai muu pitkäkestoinen aivoverenkierron häiriö, ei trombolyysihoitoa, komplisoitunut",014A,0,+,1.0,01M05,,1.0,N,,,,,,,,,,,den/est/fin/ice/lat/nor
70101400100,401D140010,014C,"Aivoinfarkti tai muu pitkäkestoinen aivoverenkierron häiriö, trombolyysihoito, ei komplisoitunut",014C,0,+,1.0,01M05,,,N,00S22,,,,,,,,,,est/fin/lat
70101400120,401D140012,014B,"Aivoinfarkti tai muu pitkäkestoinen aivoverenkierron häiriö, ei trombolyysihoitoa, ei komplisoitunut",014B,0,+,1.0,01M05,,,N,,,,,,,,,,,den/est/fin/ice/lat/nor
70101410010,401D141001,014D,"Aivoinfarkti tai muu pitkäkestoinen aivoverenkierron häiriö, trombolyysihoito, komplisoitunut",014D,0,+,1.0,01M06,,1.0,N,00S22,,,,,,,,,,est/fin/lat
70101410020,401D141002,014A,"Aivoinfarkti tai muu pitkäkestoinen aivoverenkierron häiriö, ei trombolyysihoitoa, komplisoitunut",014A,0,+,1.0,01M06,,1.0,N,,,01X03,,,,,,,,den/est/fin/ice/lat/nor
70101410110,401D141011,014C,"Aivoinfarkti tai muu pitkäkestoinen aivoverenkierron häiriö, trombolyysihoito, ei komplisoitunut",014C,0,+,1.0,01M06,,,N,00S22,,,,,,,,,,est/fin/lat
70101410120,401D141012,014B,"Aivoinfarkti tai muu pitkäkestoinen aivoverenkierron häiriö, ei trombolyysihoitoa, ei komplisoitunut",014B,0,+,1.0,01M06,,,N,,,01X03,,,,,,,,est/fin/ice/lat/nor
70101500000,401D150000,016,"Aivoverenkierron häiriö, diffuusi, komplisoitunut",016X,0,+,1.0,01M06,,1.0,N,,,01X04,,,,,,,,den/est/fin/ice/lat
70101510000,401D151000,017,"Aivoverenkierron häiriö, diffuusi, ei komplisoitunut",017X,0,+,1.0,01M06,,,N,,,01X04,,,,,,,,den/est/fin/ice/lat/nor/swe
70101600000,401D160000,015,Ohimenevä iskemia (TIA) tai muu aivoverenkierron häiriö ilman infarktia,015X,0,+,1.0,01M06,,,N,,,,,,,,,,,den/est/fin/ice/lat/nor
70101700000,401D170000,016,"Aivoverenkierron häiriö, diffuusi, komplisoitunut",016X,0,+,1.0,01M07,,1.0,N,,,,,,,,,,,den/est/fin/ice/lat/nor
70101710000,401D171000,017,"Aivoverenkierron häiriö, diffuusi, ei komplisoitunut",017X,0,+,1.0,01M07,,,N,,,,,,,,,,,den/est/fin/ice/lat/swe
70101800000,401D180000,018,"Ääreis- tai aivohermon sairaus, komplisoitunut",018X,0,+,1.0,01M08,,1.0,N,,,,,,,,,,,den/est/fin/ice/lat/nor
70101900000,401D190000,019,"Ääreis- tai aivohermon sairaus, ei komplisoitunut",019X,0,+,1.0,01M08,,,N,,,,,,,,,,,den/est/fin/ice/lat/nor/swe
70102100000,401D210000,021,Virusaivokalvontulehdus,021X,0,+,1.0,01M10,,,N,,,,,,,,,,,den/est/fin/ice/lat/nor
70102300000,401D230000,023,Tajuttomuus muun kuin vamman takia,023X,0,+,1.0,01M12,,,N,,,,,,,,,,,den/est/fin/ice/lat/nor
70102327567,401D2603001,027M,"Vakava aivovamma, erittäin komplisoitunut",027M,0,+,1.0,01M14,,2.0,N,,,01X01,,,,,,,,swe/fin
70102355045,401D2604001,027N,"Vakava aivovamma, ei komplisoitunut",027N,0,+,1.0,01M14,,,N,,,01X01,,,,,,,,swe/fin
70102410000,401D241000,024,"Kohtausoire tai päänsärky, aikuinen, komplisoitunut",024X,0,+,1.0,01M13,,1.0,N,,,,,,,>6574,,,,den/est/fin/ice/lat/nor
70102500000,401D250000,025,"Kohtausoire tai päänsärky, aikuinen, ei komplisoitunut",025X,0,+,1.0,01M13,,,N,,,,,,,>6574,,,,den/est/fin/ice/lat/nor
70102610000,401D261000,026,"Kohtausoire tai päänsärky, lapsi",026X,0,+,1.0,01M13,,,N,,,,,,,,,,,den/est/fin/ice/lat/nor
70102801000,401D280100,028,"Aivovamma, aikuinen, komplisoitunut",028X,0,+,1.0,01M14,,1.0,N,,,,,,,>6574,,,,den/est/fin/ice/lat/nor
70102802000,401D280200,029,"Aivovamma, aikuinen, ei komplisoitunut",029X,0,+,1.0,01M14,,,N,,,,,,,>6574,,,,den/est/fin/ice/lat/nor
70102803000,401D280300,030,"Aivovamma, lapsi",030X,0,+,1.0,01M14,,,N,,,,,,,,,,,den/est/fin/ice/lat/nor
70103001000,401D300100,031,"Aivotärähdys, aikuinen, komplisoitunut",031X,0,+,1.0,01M15,,1.0,N,,,,,,,>6574,,,,den/est/fin/ice/lat/nor
70103002000,401D300200,032,"Aivotärähdys, aikuinen, ei komplisoitunut",032X,0,+,1.0,01M15,,,N,,,,,,,>6574,,,,den/est/fin/ice/lat/nor
70103003000,401D300300,033,"Aivotärähdys, lapsi",033X,0,+,1.0,01M15,,,N,,,,,,,,,,,den/est/fin/ice/lat/nor
70103400001,401D3400001,034M,"Muu keskushermoston häiriö, erittäin komplisoitunut",034M,0,+,1.0,,,2.0,N,,,,,,,,,,,swe/fin
70103400050,401D340005,034C,"Muu keskushermoston häiriö, komplisoitunut",034C,0,+,1.0,,,1.0,N,,,,,,,,,,,swe/fin
70103410000,401D341000,035,"Muu keskushermoston häiriö, ei komplisoitunut",035X,0,+,1.0,,,,N,,,,,,,,,,,den/est/fin/ice/lat/nor/swe
70200110000,402D011000,037,Silmämunan ja silmäkuopan leikkaukset,037X,0,+,2.0,,,,S,02S01,,,,,,,,,,den/est/fin/ice/lat/nor
70200120000,402D012000,037,Silmämunan ja silmäkuopan leikkaukset,037X,0,+,2.0,,,,,02S01,,00X10,,,,,,,,fin
70200210000,402D021000,042,Muu silmänsisäinen leikkaus,042X,0,+,2.0,,,,S,02S04,,02X02,,,,,,,,den/est/fin/ice/lat/nor
70200220000,402D022000,042,Muu silmänsisäinen leikkaus,042X,0,+,2.0,,,,,02S04,,02X02,00X10,,,,,,,fin
70200330000,402D033000,036C,Silmän paikallinen sädehoito,036C,0,+,2.0,,,,S,02S22,,,,,,,,,,den/est/fin/ice/lat/nor/swe
70200340000,402D034000,036D,Silmän laaja toimenpide,036D,0,+,2.0,,,,S,02S24,,,,,,,,,,den/est/fin/ice/lat/nor
70200350000,402D035000,036E,Verkkokalvon toimenpiteet,036E,0,+,2.0,,,,S,02S02,,,,,,,,,,den/est/fin/ice/lat/nor/swe
70200351000,402D035100,036E,Verkkokalvon toimenpiteet,036E,0,+,2.0,,,,,02S02,,00X10,,,,,,,,den/est/fin/ice/lat/swe
70200360000,402D036000,036E,Verkkokalvon toimenpiteet,036E,0,+,,,02P02,,S,02S02,,,,,,,,,,den/est/fin/ice/lat/nor/swe
70200361000,402D036100,036E,Verkkokalvon toimenpiteet,036E,0,+,,,02P02,,,02S02,,00X10,,,,,,,,den/est/fin/ice/lat/swe
70200420000,402D042000,042,Muu silmänsisäinen leikkaus,042X,0,+,2.0,,,,S,02S04,,,,,,,,,,den/est/fin/ice/lat/nor
70200421000,402D042100,042,Muu silmänsisäinen leikkaus,042X,0,+,2.0,,,,,02S04,,00X10,,,,,,,,den/est/fin/ice/lat
70200430000,402D043000,042,Muu silmänsisäinen leikkaus,042X,0,+,2.0,,,,S,02S07,,,,,,,,,,den/est/fin/ice/lat/nor
70200510900,402D051090,039,Kaihileikkaukset ja muut mykiön leikkaukset,039X,0,+,2.0,,,,S,02S05,,,,,,,,,,fin
70200511001,402D0511001,039,Kaihileikkaukset ja muut mykiön leikkaukset,039X,0,+,2.0,,,,,02S05,,00X10,,,,,,,,fin
70200511100,402D051110,039,Kaihileikkaukset ja muut mykiön leikkaukset,039X,0,+,,,02P02,,S,02S05,,,,,,,,,,den/est/fin/ice/lat/nor/swe
70200511200,402D051120,039,Kaihileikkaukset ja muut mykiön leikkaukset,039X,0,+,,,02P02,,,02S05,,00X10,,,,,,,,fin
70200610000,402D061000,042,Muu silmänsisäinen leikkaus,042X,0,+,2.0,,,,S,02S06,,,,,,,,,,den/est/fin/ice/lat/nor
70200611000,402D061100,042,Muu silmänsisäinen leikkaus,042X,0,+,2.0,,,,,02S06,,00X10,,,,,,,,den/est/fin/ice/lat
70200740000,402D074000,040,"Silmän ulkoinen toimenpide, paitsi silmäkuoppa",040X,0,+,2.0,,,,S,02S03,,,,,,,,,,den/est/fin/ice/lat/nor
70200740010,402D074001,040,"Silmän ulkoinen toimenpide, paitsi silmäkuoppa",040X,0,+,2.0,,,,,02S03,,00X10,,,,,,,,den/est/fin/ice/lat
70200900000,402D090000,043,Silmän turpoaminen,043X,0,+,2.0,02M01,,,N,,,,,,,,,,,den/est/fin/ice/lat/nor/swe
70201000000,402D100000,044,Äkilliset vakavat silmän infektiosairaudet,044X,0,+,2.0,02M02,,,N,,,,,,,,,,,den/est/fin/ice/lat/nor/swe
70201100000,402D110000,045,Silmän hermostolliset sairaudet,045X,0,+,2.0,02M03,,,N,,,,,,,,,,,den/est/fin/ice/lat/nor/swe
70201210000,402D121000,046,"Muu silmäsairaus aikuisella, komplisoitunut",046X,0,+,2.0,,,1.0,N,,,,,,,>6574,,,,den/est/fin/ice/lat/nor
70201300000,402D130000,047,"Muu silmäsairaus aikuisella, ei komplisoitunut",047X,0,+,2.0,,,,N,,,,,,,>6574,,,,den/est/fin/ice/lat/nor
70201400000,402D140000,048,Muu silmäsairaus lapsella,048X,0,+,2.0,,,,N,,,,,,,,,,,den/est/fin/ice/lat/nor
70300001100,403D000110,521,Obstruktiivisen apnean yksinkertainen korjausleikkaus,521X,0,+,3.0,03M10,,,S,03S23,,,,,,,,,,den/est/fin/ice/lat/nor/swe
70300010001,403D0010001,580K,Laaja suun ja leuan alueen toimenpide,580K,0,+,,,03P01,,S,03S40,,,,,,,,,,fin
70300010100,403D001010,580H,Suun ja leuan alueen toimenpide anestesiassa tai merkittävän kuvantamisen kanssa,580H,0,+,,,03P01,,S,03S41,03D11,,,,,,,,,fin
70300010200,403D001020,580G,Suun alueen ongelman hoito yleisanestesiassa,580G,0,+,,,03P01,,,,,03X10,,,,,,,,fin
70300010300,403D001030,580F,Suun ja leuan alueen toimenpide ilman anestesiaa ja merkittävää kuvantamista,580F,0,+,,,03P01,,S,03S41,,,,,,,,,,fin
70300010500,403D010050,580C,Merkittävä suun alueen kuvantaminen ilman anestesiaa,580C,0,+,3.0,03M99,,,,03D11,,,,,,,,,,fin
70300010900,403D001090,580B,Suun alueen tutkimus ilman anestesiaa ja merkittävää kuvantamista,580B,0,+,,,03P01,,,03S43,,,,,,,,,,fin
70300020000,403D002000,049A,Muu pään ja kaulan alueen suuri leikkaus,049A,0,+,3.0,,,,S,03S01,,,,,,,,,,den/est/fin/ice/lat/swe
70300032001,403D0032001,052,Huuli-suulakihalkion korjaus,052X,0,+,3.0,,,,S,03S21,03S90,03X04,,,,,,,,fin
70300032900,403D003290,052,Huuli-suulakihalkion korjaus,052X,0,+,3.0,,,,S,03S14,,03X04,,,,,,,,fin
70300040000,403D004000,052,Huuli-suulakihalkion korjaus,052X,0,+,3.0,,,,S,03S04,,,,,,,,,,fin
70300040100,403D004010,055,"Muu korvan, nenän tai kurkun leikkaus",055X,0,+,3.0,,,,S,03S10,,,,,,,,,,fin
70300040200,403D004020,053B,Kartiolisäkkeen leikkaus,053B,0,+,3.0,,,,S,03S22,,,,,,,,,,fin
70300040300,403D004030,053A,Nenänsivuontelon leikkaus,053A,0,+,3.0,,,,S,03S06,,,,,,,,,,fin
70300040400,403D004040,056,Nenän muovausleikkaus,056X,0,+,3.0,,,,S,03S07,,,,,,,,,,fin
70300040500,403D004050,050N,Korvasylkirauhasen poisto,050N,0,+,3.0,,,,S,03S08,,,,,,,,,,fin
70300040600,403D004060,051N,Muu sylkirauhastoimenpide,051N,0,+,3.0,,,,S,03S09,,,,,,,,,,fin
70300040610,403D004061,051N,Muu sylkirauhastoimenpide,051N,0,+,3.0,,,,,03S09,,00X10,,,,,,,,fin
70300100000,403D010000,580K,Laaja suun ja leuan alueen toimenpide,580K,0,+,3.0,,,,S,03S40,,,,,,,,,,fin
70300100110,403D010011,580H,Suun ja leuan alueen toimenpide anestesiassa tai merkittävän kuvantamisen kanssa,580H,0,+,3.0,,,,,03S41,03D11,,,,,,,,,fin
70300100150,403D010015,580G,Suun alueen ongelman hoito yleisanestesiassa,580G,0,+,3.0,03M99,,,,,,03X10,,,,,,,,fin
70300100200,403D010020,580F,Suun ja leuan alueen toimenpide ilman anestesiaa ja merkittävää kuvantamista,580F,0,+,3.0,,,,,03S41,,,,,,,,,,fin
70300100300,403D010030,580E,Laaja suun alueen tutkimus ilman anestesiaa ja merkittävä kuvantaminen,580E,0,+,3.0,,,,,03S42,03D11,,,,,,,,,fin
70300100400,403D010040,580D,Laaja suun alueen tutkimus ilman anestesiaa ja merkittävää kuvantamista,580D,0,+,3.0,,,,,03S42,,,,,,,,,,fin
70300100600,403D010060,580B,Suun alueen tutkimus ilman anestesiaa ja merkittävää kuvantamista,580B,0,+,3.0,,,,,03S43,,,,,,,,,,fin
70300101000,403D010100,168,"Suun alueen leikkaus, komplisoitunut",168X,0,+,3.0,,,1.0,S,03S05,,,,,,,,,,den/est/fin/ice/lat/nor
70300102001,403D0102001,168,"Suun alueen leikkaus, komplisoitunut",168X,0,+,3.0,,,1.0,,03S05,,00X10,,,,,,,,fin
70300103000,403D010300,169,"Suun alueen leikkaus, ei komplisoitunut",169X,0,+,3.0,,,,S,03S05,,,,,,,,,,fin
70300104000,403D010400,169,"Suun alueen leikkaus, ei komplisoitunut",169X,0,+,3.0,,,,,03S05,,00X10,,,,,,,,fin
70300200100,403D020010,063,"Muu kovan, nenän tai kurkun alueen laaja toimenpide",063X,0,+,3.0,,,,S,03S12,,,,,,,,,,den/est/fin/ice/lat/nor/swe
70300200200,403D020020,063,"Muu kovan, nenän tai kurkun alueen laaja toimenpide",063X,0,+,3.0,,,,,03S12,,00X10,,,,,,,,fin
70301250001,403D1250001,060N,Risaleikkaus,060N,0,+,3.0,,,,S,03S11,,,,,,,,,,fin/ice
70301260000,403D126000,060N,Risaleikkaus,060N,0,+,3.0,,,,,03S11,,00X10,,,,,,,,fin
70301510201,403D1510201,060N,Risaleikkaus,060N,0,+,3.0,,,,S,03S03,,,,,,,,,,fin/ice
70301631000,403D163100,055,"Muu korvan, nenän tai kurkun leikkaus",055X,0,+,3.0,,,,S,03S99,,,,,,,,,,den/est/fin/ice/lat/nor/swe
70301632000,403D163200,055,"Muu korvan, nenän tai kurkun leikkaus",055X,0,+,3.0,,,,,03S99,,00X10,,,,,,,,fin
70301899500,403D189950,064A,"Korvan, nenän tai kurkun pahanlaatuisen kasvaimen sädehoito",064FA,0,+,3.0,03M01,,,N,90T06,,,,,,,,,,fin
70301899510,403D189951,064A,"Korvan, nenän tai kurkun pahanlaatuisen kasvaimen sädehoito",064FA,0,+,3.0,03M01,,,N,90T07,,,,,,,,,,fin
70301899520,403D189952,064A,"Korvan, nenän tai kurkun pahanlaatuisen kasvaimen sädehoito",064FA,0,+,3.0,03M01,,,N,90T08,,,,,,,,,,fin
70301899530,403D189953,064A,"Korvan, nenän tai kurkun pahanlaatuisen kasvaimen sädehoito",064FA,0,+,3.0,03M01,,,N,90T05,,,,,,,,,,fin
70301899600,403D189960,064B,"Korvan, nenän tai kurkun pahanlaatuinen kasvain, ei leikkausta",064FB,0,+,3.0,03M01,,,N,90T01,90S01,,,,,,,,,fin
70301899610,403D189961,064B,"Korvan, nenän tai kurkun pahanlaatuinen kasvain, ei leikkausta",064FB,0,+,3.0,03M01,,,N,99S80,,,,,,,,,,fin
70301899990,403D189999,064E,"Korvan, nenän tai kurkun pahanlaatuinen kasvain",064FE,0,+,3.0,03M01,,,N,,,,,,,,,,,fin
70301900050,403D190005,065C,"Tasapainohäiriö, komplisoitunut",065C,0,+,3.0,03M02,,1.0,N,,,,,,,,,,,swe/fin
70301900090,403D190009,065N,"Tasapainohäiriö, ei komplisoitunut",065N,0,+,3.0,03M02,,,N,,,,,,,,,,,swe/fin
70302000000,403D200000,066,Nenäverenvuoto,066X,0,+,3.0,03M03,,,N,,,,,,,,,,,den/est/fin/ice/lat/nor
70302100000,403D210000,067,Kurkunkannentulehdus,067X,0,+,3.0,03M04,,,N,,,,,,,,,,,den/est/fin/ice/lat/nor/swe
70302210000,403D221000,068,"Korvatulehdus tai ylähengitystieinfektio, komplisoitunut, aikuinen",068X,0,+,3.0,03M05,,1.0,N,,,,,,,>6574,,,,den/est/fin/ice/lat/nor
70302220000,403D222000,069,"Korvatulehdus tai ylähengitystieinfektio, ei komplisoitunut, aikuinen",069X,0,+,3.0,03M05,,,N,,,,,,,>6574,,,,den/est/fin/ice/lat/nor
70302230000,403D223000,070A,"Korvatulehdus tai ylähengitystieinfektio, lapsi, komplisoitunut",070A,0,+,3.0,03M05,,1.0,N,,,,,,,,,,,den/est/fin/ice/lat/nor
70302240000,403D224000,070B,"Korvatulehdus tai ylähengitystieinfektio, lapsi, ei komplisoitunut",070B,0,+,3.0,03M05,,,N,,,,,,,,,,,den/est/fin/ice/lat/nor
70302500000,403D250000,071,Kurkunpään ja henkitorven tulehdus,071X,0,+,3.0,03M06,,,N,,,,,,,,,,,den/est/fin/ice/lat/nor/swe
70302600000,403D260000,072,Nenän vamma tai epämuodostuma,072X,0,+,3.0,03M07,,,N,,,,,,,,,,,den/est/fin/ice/lat/nor
70302710000,403D271000,073,"Muu korvan nenän tai kurkun sairaus, aikuinen",073X,0,+,3.0,03M08,,,N,,,,,,,>6574,,,,den/est/fin/ice/lat/nor
70302720000,403D272000,074,"Muu korvan nenän tai kurkun sairaus, lapsi",074X,0,+,3.0,03M08,,,N,,,,,,,,,,,den/est/fin/ice/lat/nor
70302800000,403D280000,520,Obstruktiivinen uniapnea,520X,0,+,3.0,03M10,,,N,,,,,,,,,,,den/est/fin/ice/lat/nor
70303010001,403D3010001,580A,"Suun alueen ongelma, vuodeosastohoito",580A,0,+,3.0,03M99,,,,,,,,,,,,,,fin
70400110000,404D011000,075,Laaja rintaontelon muu kuin sydänleikkaus,075X,0,+,4.0,,,,S,04S01,,,,,,,,,,den/est/fin/ice/lat/nor
70400110030,404D0110002,075,Laaja rintaontelon muu kuin sydänleikkaus,075X,0,+,,,04P05,,S,04S01,,,,,,,,,,est/fin/ice/lat/nor
70400200000,404D020000,076,"Suppea hengityselinten toimenpide, komplisoitunut",076X,0,+,4.0,,,1.0,S,04S02,,,,,,,,,,fin
70400210001,404D0210001,076,"Suppea hengityselinten toimenpide, komplisoitunut",076X,0,+,4.0,,,1.0,,04S02,,00X10,,,,,,,,fin
70400220000,404D022000,077,"Suppea hengityselinten toimenpide, ei komplisoitunut",077X,0,+,4.0,,,,S,04S02,,,,,,,,,,den/est/fin/ice/lat/nor/swe
70400230000,404D023000,077,"Suppea hengityselinten toimenpide, ei komplisoitunut",077X,0,+,4.0,,,,,04S02,,00X10,,,,,,,,fin
70400310000,404D031000,475A,Henityselinsairauden hengityskonehoito,475A,0,+,4.0,,,,,04S03,,,,,,,,,,den/fin/ice/lat/nor
70400320000,404D032000,475B,Hengityselinsairauden ylipainehoito,475B,0,+,4.0,,,,,04S04,,,,,,,,,,den/fin/ice/lat/nor
70400500050,404D050005,078C,"Keuhkoembolia, komplisoitunut",078C,0,+,4.0,04M01,,1.0,N,,,,,,,,,,,swe/fin
70400500090,404D050009,078N,"Keuhkoembolia, ei komplisoitunut",078N,0,+,4.0,04M01,,,N,,,,,,,,,,,swe/fin
70400601000,404D060100,079,"Alahengitystieinfektio tai inflammaatio, aikuinen, komplisoitunut",079X,0,+,4.0,04M02,,1.0,N,,,,,,,>6574,,,,den/est/fin/ice/lat/nor
70400602000,404D060200,080,"Alahengitystieinfektio tai inflammaatio, aikuinen, ei komplisoitunut",080X,0,+,4.0,04M02,,,N,,,,,,,>6574,,,,den/est/fin/ice/lat/nor
70400603000,404D060300,081,"Alahengitystieinfektio tai inflammaatio, lapsi",081X,0,+,4.0,04M02,,,N,,,,,,,,,,,den/est/fin/ice/lat/nor
70400999500,404D099950,082A,"Hengityselinten kasvaimet, sädehoito",082FA,0,+,4.0,04M03,,,N,90T06,,,,,,,,,,fin
70400999510,404D099951,082A,"Hengityselinten kasvaimet, sädehoito",082FA,0,+,4.0,04M03,,,N,90T07,,,,,,,,,,fin
70400999520,404D099952,082A,"Hengityselinten kasvaimet, sädehoito",082FA,0,+,4.0,04M03,,,N,90T08,,,,,,,,,,fin
70400999530,404D099953,082A,"Hengityselinten kasvaimet, sädehoito",082FA,0,+,4.0,04M03,,,N,90T05,,,,,,,,,,fin
70400999600,404D099960,082B,"Hengityselinten kasvaimet, sytostaattihoito",082FB,0,+,4.0,04M03,,,N,90T01,90S01,,,,,,,,,fin
70400999610,404D099961,082B,"Hengityselinten kasvaimet, sytostaattihoito",082FB,0,+,4.0,04M03,,,N,99S80,,,,,,,,,,fin
70400999736,404D090005,082C,"Hengityselinten kasvaimet, komplisoitunut",082C,0,+,4.0,04M03,,1.0,N,,,,,,,,,,,swe/fin
70400999863,404D090009,082N,"Hengityselinten kasvaimet, ei komplisoitunut",082N,0,+,4.0,04M03,,,N,,,,,,,,,,,swe/fin
70401000000,404D100000,083,"Vakava rintakehän vamma, komplisoitunut",083X,0,+,4.0,04M04,,1.0,N,,,,,,,,,,,den/est/fin/ice/lat/nor
70401100000,404D110000,084,"Vakava rintakehän vamma, ei komplisoitunut",084X,0,+,4.0,04M04,,,N,,,,,,,,,,,den/est/fin/ice/lat/nor/swe
70401200000,404D120000,085,"Pleuraeffuusio, komplisoitunut",085X,0,+,4.0,04M05,,1.0,N,,,,,,,,,,,den/est/fin/ice/lat/nor
70401300000,404D130000,086,"Pleuraeffuusio, ei komplisoitunut",086X,0,+,4.0,04M05,,,N,,,,,,,,,,,den/est/fin/ice/lat/nor/swe
70401400050,404D140005,087C,"Hengitysvajaus tai keuhkoödeema, komplisoitunut",087C,0,+,4.0,04M06,,1.0,N,,,,,,,,,,,swe/fin
70401400090,404D140009,087N,"Hengitysvajaus tai keuhkoödeema, ei komplisoitunut",087N,0,+,4.0,04M06,,,N,,,,,,,,,,,swe/fin
70401500050,404D150005,087C,"Hengitysvajaus tai keuhkoödeema, komplisoitunut",087C,0,+,,,04P01,1.0,N,,,04X03,,,,,,,,swe/fin
70401500090,404D150009,087N,"Hengitysvajaus tai keuhkoödeema, ei komplisoitunut",087N,0,+,,,04P01,,N,,,04X03,,,,,,,,swe/fin
70401575022,404D150011,087C,"Hengitysvajaus tai keuhkoödeema, komplisoitunut",087C,0,+,,,04P02,1.0,N,,,04X03,,,,,,,,swe/fin
70401587511,404D150012,087N,"Hengitysvajaus tai keuhkoödeema, ei komplisoitunut",087N,0,+,,,04P02,,N,,,04X03,,,,,,,,swe/fin
70401600050,404D160005,088C,"Krooninen obstruktiivinen keuhkosairaus, komplisoitunut",088C,0,+,4.0,04M07,,1.0,N,,,,,,,,,,,swe/fin
70401600090,404D160009,088N,"Krooninen obstruktiivinen keuhkosairaus, ei komplisoitunut",088N,0,+,4.0,04M07,,,N,,,,,,,,,,,swe/fin
70401617500,404D160010,089M,"Pneumonia tai pleuriitti, aikuinen, erittäin komplisoitunut",089M,0,+,4.0,04M08,,2.0,N,,,,,,,>6574,,,,fin
70401618750,404D160011,089M,"Pneumonia tai pleuriitti, aikuinen, erittäin komplisoitunut",089M,0,+,,,04P02,2.0,N,,,04X10,,,,>6574,,,,fin
70401619375,404D160012,089C,"Pneumonia tai pleuriitti, aikuinen, komplisoitunut",089C,0,+,4.0,04M08,,1.0,N,,,,,,,>6574,,,,fin
70401619687,404D160013,089C,"Pneumonia tai pleuriitti, aikuinen, komplisoitunut",089C,0,+,,,04P02,1.0,N,,,04X10,,,,>6574,,,,fin
70401620000,404D162000,090,"Pneumonia tai pleuriitti, aikuinen, ei komplisoitunut",090X,0,+,4.0,04M08,,,N,,,,,,,>6574,,,,den/est/fin/ice/lat/nor
70401625000,404D1620001,090,"Pneumonia tai pleuriitti, aikuinen, ei komplisoitunut",090X,0,+,,,04P02,,N,,,04X10,,,,>6574,,,,fin/ice
70401630000,404D163000,091A,"Pneumonia tai pleuriitti, lapsi, komplisoitunut",091A,0,+,4.0,04M08,,1.0,N,,,,,,,,,,,den/est/fin/ice/lat/nor
70401630016,404D1630002,091A,"Pneumonia tai pleuriitti, lapsi, komplisoitunut",091A,0,+,,,04P02,1.0,N,,,04X10,,,,,,,,fin/ice
70401640000,404D164000,091B,"Pneumonia tai pleuriitti, lapsi, ei komplisoitunut",091B,0,+,4.0,04M08,,,N,,,,,,,,,,,den/est/fin/ice/lat/nor
70401730000,404D1640005,091B,"Pneumonia tai pleuriitti, lapsi, ei komplisoitunut",091B,0,+,,,04P02,,N,,,04X10,,,,,,,,fin/ice
70401910000,404D191000,092,"Interstitielli keuhkosairaus, komplisoitunut",092X,0,+,4.0,04M09,,1.0,N,,,,,,,,,,,den/est/fin/ice/lat/nor
70401920000,404D192000,093,"Interstitielli keuhkosairaus, ei komplisoitunut",093X,0,+,4.0,04M09,,,N,,,,,,,,,,,den/est/fin/ice/lat/nor/swe
70402100000,404D210000,094,"Pneumothorax, komplisoitunut",094X,0,+,4.0,04M10,,1.0,N,,,,,,,,,,,den/est/fin/ice/lat/nor
70402200000,404D220000,095,"Pneumothorax, ei komplisoitunut",095X,0,+,4.0,04M10,,,N,,,,,,,,,,,den/est/fin/ice/lat/nor/swe
70402310000,404D231000,096,"Obstruktiivinen hengitystieinfektio tai astma, aikuinen, komplisoitunut",096X,0,+,4.0,04M11,,1.0,N,,,,,,,>6574,,,,den/est/fin/ice/lat/nor
70402320000,404D232000,097,"Obstruktiivinen hengitystieinfektio tai astma, aikuinen, ei komplisoitunut",097X,0,+,4.0,04M11,,,N,,,,,,,>6574,,,,den/est/fin/ice/lat/nor
70402330000,404D233000,098A,"Obstruktiivinen hengitystieinfektio tai astma, lapsi, komplisoitunut",098A,0,+,4.0,04M11,,1.0,N,,,,,,,,,,,den/est/fin/ice/lat/nor
70402340000,404D234000,098B,"Obstruktiivinen hengitystieinfektio tai astma, lapsi, ei komplisoitunut",098B,0,+,4.0,04M11,,,N,,,,,,,,,,,den/est/fin/ice/lat/nor
70402610001,404D2610001,099M,"Hengityselinoire, erittäin komplisoitunut",099M,0,+,4.0,04M12,,2.0,N,,,,,,,,,,,swe/fin
70402610050,404D261005,099C,"Hengityselinoire, komplisoitunut",099C,0,+,4.0,04M12,,1.0,N,,,,,,,,,,,swe/fin
70402620000,404D262000,100,"Hengityselinoire, ei komplisoitunut",100X,0,+,4.0,04M12,,,N,,,,,,,,,,,den/est/fin/ice/lat/nor
70402810000,404D281000,101,"Muu hengityselinten sairaus, komplisoitunut",101X,0,+,4.0,,,1.0,N,,,,,,,,,,,den/est/fin/ice/lat/nor
70402820000,404D282000,102,"Muu hengityselinten sairaus, ei komplisoitunut",102X,0,+,4.0,,,,N,,,,,,,,,,,den/est/fin/ice/lat/nor
70500100000,405D010000,477,"Epätavallinen toimenpiteen ja diagnoosin yhdistelmä, suppea toimenpide",477X,7,+,5.0,,,,S,05S24,,05X07,,,,,,,,den/est/fin/ice/lat/nor
70500220000,405D022000,109N,Aortan aneurysman leikkaus rintaontelossa,109N,0,+,,,05P01,,S,05S35,,,,,,,,,,den/est/fin/ice/lat/nor
70500220120,405D022012,104B,Usean sydämenläpän leikkaus tai yksittäisen läpän komplisoitunut leikkaus,104B,0,+,5.0,,,1.0,S,05S02,,,,,,,,,,fin
70500220130,405D022013,104B,Usean sydämenläpän leikkaus tai yksittäisen läpän komplisoitunut leikkaus,104B,0,+,5.0,,,1.0,,05S02,,00X10,,,,,,,,fin
70500220200,405D022020,104B,Usean sydämenläpän leikkaus tai yksittäisen läpän komplisoitunut leikkaus,104B,0,+,5.0,,,,S,05S02,,05X30,05X31,,,,,,,den/est/fin/lat/nor
70500220300,405D022030,104B,Usean sydämenläpän leikkaus tai yksittäisen läpän komplisoitunut leikkaus,104B,0,+,5.0,,,,S,05S02,,05X30,05X32,,,,,,,den/est/fin/lat/nor
70500220400,405D022040,104B,Usean sydämenläpän leikkaus tai yksittäisen läpän komplisoitunut leikkaus,104B,0,+,5.0,,,,S,05S02,,05X30,05X33,,,,,,,den/est/fin/lat/nor
70500220500,405D022050,104B,Usean sydämenläpän leikkaus tai yksittäisen läpän komplisoitunut leikkaus,104B,0,+,5.0,,,,S,05S02,,05X31,05X32,,,,,,,den/est/fin/lat/nor
70500220600,405D022060,104B,Usean sydämenläpän leikkaus tai yksittäisen läpän komplisoitunut leikkaus,104B,0,+,5.0,,,,S,05S02,,05X31,05X33,,,,,,,den/est/fin/lat/nor
70500220700,405D022070,104B,Usean sydämenläpän leikkaus tai yksittäisen läpän komplisoitunut leikkaus,104B,0,+,5.0,,,,S,05S02,,05X32,05X33,,,,,,,den/est/fin/lat/nor
70500230000,405D197000,104D,Sydänläpän istuttaminen katetrisaatiossa,104D,0,+,5.0,,,,S,05S80,,,,,,,,,,den/est/fin/ice/lat/nor
70500310000,405D031000,104A,Sydämen yhden läpän leikkaus,104A,0,+,5.0,,,,S,05S02,,,,,,,,,,den/est/fin/ice/lat/nor
70500311000,405D031100,104A,Sydämen yhden läpän leikkaus,104A,0,+,5.0,,,,,05S02,,00X10,,,,,,,,den/est/fin/ice/lat
70500420050,405D042005,108C,"Muu rintakehän avosydän- tai verisuonileikkaus, komplisoitunut",108C,0,+,5.0,,,1.0,S,05S06,,,,,,,,,,swe/fin
70500420090,405D042009,108N,"Muu rintakehän avosydän- tai verisuonileikkaus, ei komplisoitunut",108N,0,+,5.0,,,,S,05S06,,,,,,,,,,swe/fin
70500421050,405D042105,108C,"Muu rintakehän avosydän- tai verisuonileikkaus, komplisoitunut",108C,0,+,5.0,,,1.0,S,05S07,05S08,,,,,,,,,swe/fin
70500421090,405D042109,108N,"Muu rintakehän avosydän- tai verisuonileikkaus, ei komplisoitunut",108N,0,+,5.0,,,,S,05S07,05S08,,,,,,,,,swe/fin
70500422050,405D042205,108C,"Muu rintakehän avosydän- tai verisuonileikkaus, komplisoitunut",108C,0,+,5.0,,,1.0,S,05S22,05S21,,,,,,,,,swe/fin
70500422090,405D042209,108N,"Muu rintakehän avosydän- tai verisuonileikkaus, ei komplisoitunut",108N,0,+,5.0,,,,S,05S22,05S21,,,,,,,,,swe/fin
70500500000,405D050000,107C,Sydämen ohitusleikkaus yhdistettynä monimutkaisiin toimenpiteisiin tai muuten komplisoitunut,107C,0,+,5.0,,,,S,05S09,,05X08,,,,,,,,den/est/fin/ice/lat/nor
70500501000,405D050100,107C,Sydämen ohitusleikkaus yhdistettynä monimutkaisiin toimenpiteisiin tai muuten komplisoitunut,107C,0,+,5.0,,,1.0,S,05S09,,,,,,,,,,den/est/fin/ice/lat/nor
70500502000,405D050200,107B,Muu sydämen ohitusleikkaus ja katetrisaatio,107B,0,+,5.0,,,,S,05S09,05S05,,,,,,,,,den/est/fin/ice/lat/nor/swe
70500503000,405D050300,107A,Sydämen ohitusleikkaus ilman katetrisaatiota,107A,0,+,5.0,,,,S,05S09,,,,,,,,,,den/est/fin/ice/lat/nor
70500711000,405D071100,110,"Vaativa verisuonirekonstruktioleikkaus, komplisoitunut",110X,0,+,5.0,,,1.0,S,05S07,,,,,,,,,,den/est/fin/ice/lat/nor
70500712000,405D071200,110,"Vaativa verisuonirekonstruktioleikkaus, komplisoitunut",110X,0,+,5.0,,,1.0,S,05S08,,,,,,,,,,den/est/fin/ice/lat/nor
70500713000,405D071300,110,"Vaativa verisuonirekonstruktioleikkaus, komplisoitunut",110X,0,+,5.0,,,1.0,S,05S11,,,,,,,,,,den/est/fin/ice/lat/nor
70500714000,405D071400,110,"Vaativa verisuonirekonstruktioleikkaus, komplisoitunut",110X,0,+,5.0,,,1.0,S,05S22,,,,,,,,,,den/est/fin/ice/lat/nor
70500721000,405D072100,111,"Vaativa verisuonirekonstruktioleikkaus, ei komplisoitunut",111X,0,+,5.0,,,,S,05S07,,,,,,,,,,den/est/fin/ice/lat/nor/swe
70500722000,405D072200,111,"Vaativa verisuonirekonstruktioleikkaus, ei komplisoitunut",111X,0,+,5.0,,,,S,05S08,,,,,,,,,,den/est/fin/ice/lat/nor/swe
70500723000,405D072300,111,"Vaativa verisuonirekonstruktioleikkaus, ei komplisoitunut",111X,0,+,5.0,,,,S,05S11,,,,,,,,,,den/est/fin/ice/lat/nor/swe
70500724000,405D072400,111,"Vaativa verisuonirekonstruktioleikkaus, ei komplisoitunut",111X,0,+,5.0,,,,S,05S22,,,,,,,,,,den/est/fin/ice/lat/nor/swe
70500910001,405D0910001,113B,"Laaja raajan amputaatio ja korjausleikkaus verenkierrollisista syistä, ei yläraaja tai varvas",113FB,0,+,5.0,,,,S,05S12,05S34,,,,,,,,,fin
70500919800,405D091980,113A,"Raajan amputaatio verenkierrollisista syistä, ei yläraaja tai varvas",113FA,0,+,5.0,,,,S,05S12,,,,,,,,,,fin
70500919900,405D091990,113A,"Raajan amputaatio verenkierrollisista syistä, ei yläraaja tai varvas",113FA,0,+,5.0,,,,,05S12,,00X10,,,,,,,,fin
70501101200,405D110120,115C,Sydämen defibrillaattorin asentaminen tai uusiminen,115C,0,+,5.0,,,,S,05S40,,,,,,,,,,fin
70501101301,405D1101301,115C,Sydämen defibrillaattorin asentaminen tai uusiminen,115C,0,+,5.0,,,,,05S40,,00X10,,,,,,,,fin
70501101400,405D110140,115B,Sydämen tahdistimen tarkistaminen tai asentaminen tai defibrillaattorin vaihtaminen,115B,0,+,5.0,,,,S,05S41,,,,,,,,,,den/est/fin/ice/lat/nor
70501101450,405D110149,112A,Muu kardiovaskulaarinen perkutaaninen toimenpide ja hyperterminen perfuusio,112A,0,+,,,,,,05S23,,,,,,,,,,swe/fin/est/nor/ice
70501102300,405D110230,115A,Pysyvän tahdistimen tai defibrillaattorin poisto,115A,0,+,5.0,,,,S,05S42,,,,,,,,,,den/est/fin/ice/lat/nor
70501102400,405D110240,115A,Pysyvän tahdistimen tai defibrillaattorin poisto,115A,0,+,5.0,,,,,05S42,,00X10,,,,,,,,fin
70501201000,405D120100,112F,Sepelvaltimon laajennushoito komplisoituneessa infarktitilanteessa,112F,0,+,5.0,,,1.0,,05S25,,05X01,,,,,,,,den/est/fin/ice/lat/nor
70501201100,405D120110,112E,Sepelvaltimon laajennushoito komplisoitumattomassa infarktitilanteessa,112E,0,+,5.0,,,,,05S25,,05X01,,,,,,,,den/est/fin/ice/lat/nor
70501201200,405D120120,112D,Sepelvaltimon laajennushoito infarktittomassa komplisoituneessa tilanteessa,112D,0,+,5.0,,,1.0,,05S25,,,,,,,,,,den/est/fin/ice/lat/nor
70501201300,405D120130,112C,Sepelvaltimon laajennushoito komplisoitumattomassa infarktittomassa tilanteessa,112C,0,+,5.0,,,,,05S25,,,,,,,,,,den/est/fin/ice/lat/nor
70501201400,405D120140,112B,Rytmihäiriölähteen hävittäminen katetrisaatiossa,112B,0,+,5.0,,,,,05S20,,,,,,,,,,den/est/fin/ice/lat
70501201500,405D120150,112A,Muu kardiovaskulaarinen perkutaaninen toimenpide ja hyperterminen perfuusio,112A,0,+,5.0,,,,,05S16,,,,,,,,,,den/est/fin/ice/lat
70501300111,405D1300111,119,Suonikohjuleikkaus,119X,0,+,,,05P21,,S,05S15,,,,,,,,,,fin
70501300120,405D130012,119,Suonikohjuleikkaus,119X,0,+,,,05P21,,,05S15,,00X10,,,,,,,,fin
70501301000,405D130100,478,"Muu versisuoniston leikkaus, komplisoitunut",478X,0,+,5.0,,,1.0,S,05S15,,,,,,,,,,fin
70501301101,405D1301101,478,"Muu versisuoniston leikkaus, komplisoitunut",478X,0,+,5.0,,,1.0,,05S15,,00X10,,,,,,,,fin
70501301200,405D130120,479,"Muu versisuoniston leikkaus, ei komplisoitunut",479X,0,+,5.0,,,,S,05S15,,,,,,,,,,den/est/fin/ice/lat/nor
70501301210,405D130121,479,"Muu versisuoniston leikkaus, ei komplisoitunut",479X,0,+,5.0,,,,,05S15,,00X10,,,,,,,,den/est/fin/ice/lat
70501301300,405D130130,478,"Muu versisuoniston leikkaus, komplisoitunut",478X,0,+,,,05P02,1.0,S,05S15,,,,,,,,,,den/est/fin/ice/lat/nor
70501301310,405D130131,478,"Muu versisuoniston leikkaus, komplisoitunut",478X,0,+,,,05P02,1.0,,05S15,,00X10,,,,,,,,den/est/fin/ice/lat
70501301400,405D130140,479,"Muu versisuoniston leikkaus, ei komplisoitunut",479X,0,+,,,05P02,,S,05S15,,,,,,,,,,den/est/fin/ice/lat/nor
70501301410,405D130141,479,"Muu versisuoniston leikkaus, ei komplisoitunut",479X,0,+,,,05P02,,,05S15,,00X10,,,,,,,,den/est/fin/ice/lat
70501510000,405D151000,114,Yläraajan tai varpaan amputaatio verenkierrollisista syistä,114X,0,+,5.0,,,,S,05S17,,,,,,,,,,den/est/fin/ice/lat/nor
70501520000,405D152000,114,Yläraajan tai varpaan amputaatio verenkierrollisista syistä,114X,0,+,5.0,,,,,05S17,,00X10,,,,,,,,fin
70501810000,405D181000,119,Suonikohjuleikkaus,119X,0,+,5.0,,,,S,05S18,,,,,,,,,,den/est/fin/ice/lat/nor/swe
70501931045,405D195000,126,Akuutti tai subakuutti endokardiitti,126X,0,+,5.0,05M02,,,N,,,,,,,,,,,den/est/fin/ice/lat/nor
70501937363,400D603000,489,HIV:n ja sen aiheuttamien merkittävien lisäsairauksien hoito,489X,0,+,,,18P01,,,,,18X01,18X02,,,,,,,den/est/fin/ice/lat/nor
70501943682,400D604000,490,"HIV:n hoito, johon voi liittyä myös vähäisiä lisäsairauksia",490X,0,+,,,18P01,,,,,18X01,,,,,,,,den/est/fin/ice/lat/nor
70501951050,405D195105,120C,"Muu verenkiertoelinten leikkaus, komplisoitunut",120C,0,+,5.0,,,1.0,S,05S19,,,,,,,,,,swe/fin
70501951060,405D195106,120C,"Muu verenkiertoelinten leikkaus, komplisoitunut",120C,0,+,5.0,,,1.0,,05S19,,00X10,,,,,,,,swe/fin
70501951090,405D195109,120N,"Muu verenkiertoelinten leikkaus, ei komplisoitunut",120N,0,+,5.0,,,,S,05S19,,,,,,,,,,swe/fin
70501951101,405D1951101,120N,"Muu verenkiertoelinten leikkaus, ei komplisoitunut",120N,0,+,5.0,,,,,05S19,,00X10,,,,,,,,swe/fin
70502001001,405D2001001,124,"Muu verenkiertoelinten sairaus, katetrisaatio, monimutkainen perussairaus",124X,0,+,5.0,,,,,05S05,,05X03,,,,,,,,fin
70502003000,405D200300,125,"Muu verenkiertoelinten sairaus, katetrisaatio, ilman monimutkaista perussairautta",125X,0,+,5.0,,,,,05S05,,,,,,,,,,fin
70502200000,405D220000,123,"Sydäninfarkti, potilas kuoli ensimmäisten 3 hoitopäivän aikana",123X,0,+,5.0,,,,N,,,05X01,,,,,,<4,E,den/est/fin/ice/lat/swe
70502200100,405D220010,121,"Sydäninfarkti ja kardiovaskulaarinen komplikaatio, elossa 4. hoitopäivänä",121X,0,+,5.0,,,,N,,,05X01,05X02,,,,,,,den/est/fin/ice/lat/nor
70502200900,405D220090,122,"Sydäninfarkti ilman kardiovaskulaarista komplikaatiota, elossa 4. hoitopäivänä",122X,0,+,5.0,,,,N,,,05X01,,,,,,,,den/est/fin/ice/lat/nor
70502600001,405D2600001,127M,"Sydämen toiminnanvajaus tai kardiogeeninen shokki, erittäin komplisoitunut",127G,0,+,5.0,05M03,,2.0,N,,,,,,,,,,,swe/fin
70502650045,405D2600095,127N,"Sydämen toiminnanvajaus tai kardiogeeninen shokki, ei komplisoitunut",127H,0,+,5.0,05M03,,,N,,,,,,,,,,,swe/fin
70502700000,405D270000,128,Syvien laskimoiden tromboflebiitti,128X,0,+,5.0,05M04,,,N,,,,,,,,,,,den/est/fin/ice/lat/nor
70502800000,405D280000,129,"Sydänpysähdys, syy tuntematon",129X,0,+,5.0,05M05,,,N,,,,,,,,,,,den/est/fin/ice/lat/nor
70502900000,405D290000,130,"Perifeerisen verenkierron häiriö, komplisoitunut",130X,0,+,5.0,05M06,,1.0,N,,,,,,,,,,,den/est/fin/ice/lat/nor
70503000000,405D300000,131,"Perifeerisen verenkierron häiriö, ei komplisoitunut",131X,0,+,5.0,05M06,,,N,,,,,,,,,,,den/est/fin/ice/lat/nor/swe
70503100000,405D310000,132,"Ateroskleroosi, komplisoitunut",132X,0,+,5.0,05M07,,1.0,N,,,,,,,,,,,den/est/fin/ice/lat/nor
70503200000,405D320000,133,"Ateroskleroosi, ei komplisoitunut",133X,0,+,5.0,05M07,,,N,,,,,,,,,,,den/est/fin/ice/lat/nor
70503411000,405D341100,135,"Synnynnäinen sydän- tai läppävika, aikuinen, komplisoitunut",135X,0,+,5.0,05M09,,1.0,N,,,,,,,>6574,,,,den/est/fin/ice/lat/nor
70503412000,405D341200,135,"Synnynnäinen sydän- tai läppävika, aikuinen, komplisoitunut",135X,0,+,5.0,05M90,,1.0,N,,,05X04,,,,>6574,,,,den/est/fin/ice/lat/nor
70503501000,405D350100,136,"Synnynnäinen sydän- tai läppävika, aikuinen, ei komplisoitunut",136X,0,+,5.0,05M09,,,N,,,,,,,>6574,,,,den/est/fin/ice/lat/nor/swe
70503601000,405D360100,137,"Synnynnäinen sydän- tai läppävika, lapsi",137X,0,+,5.0,05M09,,,N,,,,,,,,,,,den/est/fin/ice/lat/nor
70503602000,405D360200,137,"Synnynnäinen sydän- tai läppävika, lapsi",137X,0,+,5.0,05M90,,,N,,,05X04,,,,,,,,den/est/fin/ice/lat/nor
70503700000,405D370000,138,"Sydämen rytmi- tai johtumishäiriö, komplisoitunut",138X,0,+,5.0,05M10,,1.0,N,,,,,,,,,,,den/est/fin/ice/lat/nor/swe
70503710000,405D371000,139,"Sydämen rytmi- tai johtumishäiriö, ei komplisoitunut",139X,0,+,5.0,05M10,,,N,,,,,,,,,,,den/est/fin/ice/lat/nor/swe
70503800025,405D3800001,140C,"Sydänperäinen rintakipu, komplisoitunut",140C,0,+,5.0,05M11,,1.0,N,,,,,,,,,,,est/fin/lat
70503800037,405D3800002,140N,"Sydänperäinen rintakipu, ei komplisoitunut",140N,0,+,5.0,05M11,,,N,,,,,,,,,,,est/fin/lat
70503900000,405D390000,141,"Pyörtyminen, komplisoitunut",141X,0,+,5.0,05M12,,1.0,N,,,,,,,,,,,den/est/fin/ice/lat/nor
70503910000,405D391000,142,"Pyörtyminen, ei komplisoitunut",142X,0,+,5.0,05M12,,,N,,,,,,,,,,,den/est/fin/ice/lat/nor
70504000000,405D400000,143,Epäselvä sydänperäinen rintakipu,143X,0,+,5.0,05M13,,,N,,,,,,,,,,,den/est/fin/ice/lat/nor
70504200001,405D4200001,127M,"Sydämen toiminnanvajaus tai kardiogeeninen shokki, erittäin komplisoitunut",127G,0,+,5.0,,,2.0,N,,,05X05,,,,,,,,swe/fin
70504250045,405D4200080,127N,"Sydämen toiminnanvajaus tai kardiogeeninen shokki, ei komplisoitunut",127H,0,+,5.0,,,,N,,,05X05,,,,,,,,swe/fin
70504300001,405D4300001,134M,"Hypertensio, erittäin komplisoitunut",134M,0,+,5.0,05M08,,2.0,N,,,,,,,,,,,swe/fin
70504300050,405D430005,134C,"Hypertensio, komplisoitunut",134C,0,+,5.0,05M08,,1.0,N,,,,,,,,,,,swe/fin
70504300090,405D430009,134N,"Hypertensio, ei komplisoitunut",134N,0,+,5.0,05M08,,,N,,,,,,,,,,,swe/fin
70504400037,405D4400001,144M,"Muu verenkiertoelinten sairaus, erittäin komplisoitunut",144M,0,+,5.0,,,2.0,N,,,,,,,,,,,swe/fin
70504400050,405D440005,144C,"Muu verenkiertoelinten sairaus, komplisoitunut",144C,0,+,5.0,,,1.0,N,,,,,,,,,,,swe/fin
70504410000,405D441000,145,"Muu verenkiertoelinten sairaus, ei komplisoitunut",145X,0,+,5.0,,,,N,,,,,,,,,,,den/est/fin/ice/lat/nor/swe
70600111000,406D011100,154A,"Laaja vatsan, ruokatorven tai pohjukaissuolentoimenpide, aikuinen, komplisoitunut",154A,0,+,6.0,,,1.0,S,06S21,,,,,,>6574,,,,fin
70600111200,406D011120,155A,"Laaja vatsan, ruokatorven tai pohjukaissuolentoimenpide, aikuinen, ei komplisoitunut",155A,0,+,6.0,,,,S,06S21,,,,,,>6574,,,,den/est/fin/ice/lat/nor
70600210000,406D021000,146,"Peräsuolen resektio, komplisoitunut",146X,0,+,6.0,,,1.0,S,06S03,,,,,,,,,,fin
70600212000,406D021200,147,"Peräsuolen resektio, ei komplisoitunut",147X,0,+,6.0,,,,S,06S03,,,,,,,,,,den/est/fin/ice/lat/nor/swe
70600310000,406D031000,148,"Laaja ohuen tai paksunsuolen leikkaus, komplisoitunut",148X,0,+,6.0,,,1.0,S,06S02,,,,,,,,,,fin
70600312000,406D031200,149,"Laaja ohuen tai paksunsuolen leikkaus, ei komplisoitunut",149X,0,+,6.0,,,,S,06S02,,,,,,,,,,den/est/fin/ice/lat/nor/swe
70600410000,406D041000,150,"Peritoneaalisten kiinnikkeiden irroittelu, komplisoitunut",150X,0,+,6.0,,,1.0,S,06S04,,,,,,,,,,fin
70600412000,406D041200,151,"Peritoneaalisten kiinnikkeiden irroittelu, ei komplisoitunut",151X,0,+,6.0,,,,S,06S04,,,,,,,,,,den/est/fin/ice/lat/nor/swe
70600420000,406D042000,154B,"Muu vatsan, ruokatorven tai pohjukaissuolen toimenpide, aikuinen, komplisoitunut",154B,0,+,6.0,,,1.0,S,06S01,,,,,,>6574,,,,fin
70600430000,406D043000,155B,"Muu vatsan, ruokatorven tai pohjukaissuolen toimenpide, aikuinen, ei komplisoitunut",155B,0,+,6.0,,,,S,06S01,,,,,,>6574,,,,fin
70600440000,406D044000,156,"Vatsan, ruokatorven tai pohjukaissuolen toimenpide, lapsi",156X,0,+,6.0,,,,S,06S01,,,,,,,,,,fin
70600510900,406D051090,152,"Vähäinen ohut- tai paksusuolen toimenpide, komplisoitunut",152X,0,+,6.0,,,1.0,S,06S06,,,,,,,,,,fin
70600511001,406D0511001,152,"Vähäinen ohut- tai paksusuolen toimenpide, komplisoitunut",152X,0,+,6.0,,,1.0,,06S06,,00X10,,,,,,,,fin
70600511100,406D051110,153,"Vähäinen ohut- tai paksusuolen toimenpide, ei komplisoitunut",153X,0,+,6.0,,,,S,06S06,,,,,,,,,,den/est/fin/ice/lat/nor/swe
70600511201,406D0511201,153,"Vähäinen ohut- tai paksusuolen toimenpide, ei komplisoitunut",153X,0,+,6.0,,,,,06S06,,00X10,,,,,,,,fin
70600511301,406D0511301,166N,"Umpilisäkkeen poisto, komplisoitunut",166N,0,+,6.0,,,,S,06S05,,06X01,,,,,,,,fin
70600511500,406D051150,166N,"Umpilisäkkeen poisto, komplisoitunut",166N,0,+,6.0,,,1.0,S,06S05,,,,,,,,,,fin
70600511700,406D051170,167,"Umpilisäkkeen poisto, ei komplisoitunut",167X,0,+,6.0,,,,S,06S05,,,,,,,,,,fin
70600706000,406D070600,161,"Nivus- ja reisityräleikkaus, aikuinen, komplisoitunut",161X,0,+,6.0,,,1.0,S,06S08,,,,,,>6575,,,,fin
70600707000,406D070700,162,"Nivus- ja reisityräleikkaus, aikuinen, ei komplisoitunut",162X,0,+,6.0,,,,S,06S08,,,,,,>6575,,,,fin
70600710000,406D071000,157,"Peräaukon tai suoliavanteen leikkaus, komplisoitunut",157X,0,+,6.0,,,1.0,S,06S07,,,,,,,,,,fin
70600710101,406D0710101,157,"Peräaukon tai suoliavanteen leikkaus, komplisoitunut",157X,0,+,6.0,,,1.0,,06S07,,00X10,,,,,,,,fin
70600710200,406D071020,158,"Peräaukon tai suoliavanteen leikkaus, ei komplisoitunut",158X,0,+,6.0,,,,S,06S07,,,,,,,,,,den/est/fin/ice/lat/nor
70600710300,406D071030,158,"Peräaukon tai suoliavanteen leikkaus, ei komplisoitunut",158X,0,+,6.0,,,,,06S07,,00X10,,,,,,,,fin
70600804000,406D080400,170,"Muu ruuansulatuskanavan leikkaus, komplisoitunut",170X,0,+,6.0,,,1.0,S,06S10,,,,,,,,,,fin
70600805000,406D080500,170,"Muu ruuansulatuskanavan leikkaus, komplisoitunut",170X,0,+,6.0,,,1.0,,06S10,,00X10,,,,,,,,fin
70600806000,406D080600,170,"Muu ruuansulatuskanavan leikkaus, komplisoitunut",170X,0,+,6.0,,,1.0,S,06S20,,06X06,,,,,,,,fin
70600807000,406D080700,171,"Muu ruuansulatuskanavan leikkaus, ei komplisoitunut",171X,0,+,6.0,,,,S,06S10,,,,,,,,,,fin
70600808000,406D080800,171,"Muu ruuansulatuskanavan leikkaus, ei komplisoitunut",171X,0,+,6.0,,,,,06S10,,00X10,,,,,,,,fin
70600809000,406D080900,171,"Muu ruuansulatuskanavan leikkaus, ei komplisoitunut",171X,0,+,6.0,,,,S,06S20,,06X06,,,,,,,,fin
70600810000,406D081000,159,"Tyräleikkaus muu kuin nivus- ja reisityrä, aikuinen, komplisoitunut",159X,0,+,6.0,,,1.0,S,06S09,,,,,,>6574,,,,fin
70600812000,406D081200,160,"Tyräleikkaus muu kuin nivus- ja reisityrä, aikuinen, ei komplisoitunut",160X,0,+,6.0,,,,S,06S09,,,,,,>6574,,,,den/est/fin/ice/lat/nor/swe
70601009000,406D100900,163,"Tyräleikkaus, lapsi",163X,0,+,6.0,,,,S,06S08,,,,,,,,,,fin
70601011000,406D101100,163,"Tyräleikkaus, lapsi",163X,0,+,6.0,,,,S,06S09,,,,,,,,,,den/est/fin/ice/lat/nor
70601311000,406D131100,172,"Ruuansulatuskanavan pahanlaatuinen kasvain, komplisoitunut",172X,0,+,6.0,06M02,,1.0,N,,,,,,,,,,,den/est/fin/ice/lat/nor
70601312500,406D131250,173A,"Ruuansulatuskanavan pahanlaatuinen kasvain, ei komplisoitunut, sädehoito",173FA,0,+,6.0,06M02,,,N,90T06,,,,,,,,,,fin
70601312510,406D131251,173A,"Ruuansulatuskanavan pahanlaatuinen kasvain, ei komplisoitunut, sädehoito",173FA,0,+,6.0,06M02,,,N,90T07,,,,,,,,,,fin
70601312520,406D131252,173A,"Ruuansulatuskanavan pahanlaatuinen kasvain, ei komplisoitunut, sädehoito",173FA,0,+,6.0,06M02,,,N,90T08,,,,,,,,,,fin
70601312530,406D131253,173A,"Ruuansulatuskanavan pahanlaatuinen kasvain, ei komplisoitunut, sädehoito",173FA,0,+,6.0,06M02,,,N,90T05,,,,,,,,,,fin
70601312600,406D131260,173B,"Ruuansulatuskanavan pahanlaatuinen kasvain, ei komplisoitunut, sytostaattihoito",173FB,0,+,6.0,06M02,,,N,90T01,90S01,,,,,,,,,fin
70601312610,406D131261,173B,"Ruuansulatuskanavan pahanlaatuinen kasvain, ei komplisoitunut, sytostaattihoito",173FB,0,+,6.0,06M02,,,N,99S80,,,,,,,,,,fin
70601312990,406D131299,173E,"Ruuansulatuskanavan pahanlaatuinen kasvain, ei komplisoitunut",173FE,0,+,6.0,06M02,,,N,,,,,,,,,,,fin
70601320000,406D132000,174N,Vaikea peptinen haava tai ruuansulatuskanavan verenvuoto,174N,0,+,6.0,06M03,,1.0,N,,,,,,,,,,,den/est/fin/ice/lat/nor
70601321000,406D132100,175N,"Peptinen haava tai ruuansulatuskanavan verenvuoto, ongelmaton",175N,0,+,6.0,06M03,,,N,,,,,,,,,,,den/est/fin/ice/lat/nor
70601400000,406D140000,174N,Vaikea peptinen haava tai ruuansulatuskanavan verenvuoto,174N,0,+,6.0,06M04,,,N,,,,,,,,,,,den/est/fin/ice/lat/nor
70601401000,406D140100,174N,Vaikea peptinen haava tai ruuansulatuskanavan verenvuoto,174N,0,+,6.0,06M05,,,N,,,06X02,,,,,,,,den/est/fin/ice/lat/nor
70601510000,406D151000,174N,Vaikea peptinen haava tai ruuansulatuskanavan verenvuoto,174N,0,+,6.0,06M05,,1.0,N,,,,,,,,,,,den/est/fin/ice/lat/nor
70601520000,406D152000,175N,"Peptinen haava tai ruuansulatuskanavan verenvuoto, ongelmaton",175N,0,+,6.0,06M05,,,N,,,,,,,,,,,den/est/fin/ice/lat/nor/swe
70601600000,406D160000,179,Tulehduksellinen suolistotauti,179X,0,+,6.0,06M06,,,N,,,,,,,,,,,den/est/fin/ice/lat/nor
70601710000,406D171000,180,"Suoliston tukos, komplisoitunut",180X,0,+,6.0,06M07,,1.0,N,,,,,,,,,,,den/est/fin/ice/lat/nor/swe
70601720000,406D172000,181,"Suoliston tukos, ei komplisoitunut",181X,0,+,6.0,06M07,,,N,,,,,,,,,,,den/est/fin/ice/lat/nor/swe
70601810016,406D1810002,183M,"Muu ruuansulatuskanavan häiriö, aikuinen, erittäin komplisoitunut",182J,0,+,,,06P05,2.0,N,,,,,,,>6574,,,,fin/swe
70601810024,406D1810003,183C,"Muu ruuansulatuskanavan häiriö, aikuinen, komplisoitunut",182G,0,+,,,06P05,1.0,N,,,,,,,>6574,,,,fin/swe
70601810028,406D1810004,183N,"Muu ruuansulatuskanavan häiriö, aikuinen, ei komplisoitunut",182H,0,+,,,06P05,,N,,,,,,,>6574,,,,fin/swe
70601810030,406D1810009,185C,"Muu ruuansulatuskanavan häiriö, lapsi, komplisoitunut",182L,0,+,,,06P05,1.0,N,,,,,,,,,,,fin/swe
70601810031,406D1810010,185N,"Muu ruuansulatuskanavan häiriö, lapsi, ei komplisoitunut",182K,0,+,,,06P05,,N,,,,,,,,,,,fin/swe
70601810032,406D1810005,182M,"Ruuansulatuskanavan tulehdussairaus, aikuinen, erittäin komplisoitunut",184J,0,+,,,06P06,2.0,N,,,,,,,>6574,,,,fin/swe
70601810038,406D1810006,182C,"Ruuansulatuskanavan tulehdussairaus, aikuinen, komplisoitunut",184G,0,+,,,06P06,1.0,N,,,,,,,>6574,,,,fin/swe
70601810041,406D1810007,182N,"Ruuansulatuskanavan tulehdussairaus, aikuinen, ei komplisoitunut",184H,0,+,,,06P06,,N,,,,,,,>6574,,,,fin/swe
70601810042,406D1810012,184C,"Ruuansulatuskanavan tulehdussairaus, lapsi, komplisoitunut",184L,0,+,,,06P06,1.0,N,,,,,,,,,,,fin/swe
70601810043,406D1810013,184N,"Ruuansulatuskanavan tulehdussairaus, lapsi, ei komplisoitunut",184K,0,+,,,06P06,,N,,,,,,,,,,,fin/swe
70601900180,406D190018,493M,"Endoskooppinen tai laparoskooppinen sappirakon poisto tai sappirakon tai sappiteiden leikkaus, erittäin komplisoitunut",493M,0,+,,,07P14,2.0,,07S08,,,,,,,,,,swe/fin
70601900200,406D190020,493C,"Endoskooppinen tai laparoskooppinen sappirakon poisto tai sappirakon tai sappiteiden leikkaus, komplisoitunut",493C,0,+,,,07P14,1.0,,07S08,,,,,,,,,,swe/fin
70609910000,406D991000,188,"Muu ruuansulatusjärjestelmän sairaus, aikuinen, komplisoitunut",188X,0,+,6.0,,,1.0,N,,,,,,,>6574,,,,den/est/fin/ice/lat/nor
70609920000,406D992000,189,"Muu ruuansulatusjärjestelmän sairaus, aikuinen, ei komplisoitunut",189X,0,+,6.0,,,,N,,,,,,,>6574,,,,den/est/fin/ice/lat/nor
70609940000,406D994000,190,"Muu ruuansulatusjärjestelmän sairaus, lapsi",190X,0,+,6.0,,,,N,,,,,,,,,,,den/est/fin/ice/lat/nor
70700101050,407D010105,191B,"Haiman tai maksan leikkaus, komplisoitunut",191B,0,+,7.0,,,1.0,S,07S01,,,,,,,,,,den/est/fin/ice/lat/nor/swe
70700102000,407D010200,192,"Haiman tai maksan leikkaus, ei komplisoitunut",192X,0,+,7.0,,,,S,07S01,,,,,,,,,,den/est/fin/ice/lat/nor/swe
70700200000,407D020000,193,"Sappiteiden leikkaus, ei pelkkä sappirakon poisto, komplisoitunut",193X,0,+,7.0,,,1.0,S,07S05,,,,,,,,,,fin
70700201001,407D0201001,193,"Sappiteiden leikkaus, ei pelkkä sappirakon poisto, komplisoitunut",193X,0,+,7.0,,,1.0,,07S05,,00X10,,,,,,,,fin
70700201010,407D020101,193,"Sappiteiden leikkaus, ei pelkkä sappirakon poisto, komplisoitunut",193X,0,+,,,07P14,1.0,S,07S05,,,,,,,,,,fin
70700203000,407D020300,194,"Sappiteiden leikkaus, ei pelkkä sappirakon poisto, ei komplisoitunut",194X,0,+,7.0,,,,S,07S05,,,,,,,,,,fin
70700203100,407D020310,194,"Sappiteiden leikkaus, ei pelkkä sappirakon poisto, ei komplisoitunut",194X,0,+,,,07P14,,S,07S05,,,,,,,,,,fin
70700204000,407D020400,194,"Sappiteiden leikkaus, ei pelkkä sappirakon poisto, ei komplisoitunut",194X,0,+,7.0,,,,,07S05,,00X10,,,,,,,,fin
70700309000,407D030900,195,"Sappirakon poisto, sappiteiden tarkistus, komplisoitunut",195X,0,+,7.0,,,1.0,S,07S02,07S03,,,,,,,,,fin
70700310001,407D0310001,195,"Sappirakon poisto, sappiteiden tarkistus, komplisoitunut",195X,0,+,,,07P14,1.0,S,07S02,07S03,,,,,,,,,fin
70700311000,407D031100,195,"Sappirakon poisto, sappiteiden tarkistus, komplisoitunut",195X,0,+,7.0,,,1.0,S,07S02,07S04,,,,,,,,,den/est/fin/ice/lat/nor
70700312000,407D031200,195,"Sappirakon poisto, sappiteiden tarkistus, komplisoitunut",195X,0,+,,,07P14,1.0,S,07S02,07S04,,,,,,,,,fin
70700319000,407D031900,196,"Sappirakon poisto, sappiteiden tarkistus, ei komplisoitunut",196X,0,+,7.0,,,,S,07S02,07S03,,,,,,,,,fin
70700320001,407D0320001,196,"Sappirakon poisto, sappiteiden tarkistus, ei komplisoitunut",196X,0,+,,,07P14,,S,07S02,07S03,,,,,,,,,fin
70700321000,407D032100,196,"Sappirakon poisto, sappiteiden tarkistus, ei komplisoitunut",196X,0,+,7.0,,,,S,07S02,07S04,,,,,,,,,den/est/fin/ice/lat/nor/swe
70700322000,407D032200,196,"Sappirakon poisto, sappiteiden tarkistus, ei komplisoitunut",196X,0,+,,,07P14,,S,07S02,07S04,,,,,,,,,fin
70700508000,407D050800,193,"Sappiteiden leikkaus, ei pelkkä sappirakon poisto, komplisoitunut",193X,0,+,7.0,,,1.0,S,07S02,,,,,,,,,,fin
70700509000,407D050900,193,"Sappiteiden leikkaus, ei pelkkä sappirakon poisto, komplisoitunut",193X,0,+,,,07P14,1.0,S,07S02,,,,,,,,,,fin
70700510000,407D051000,193,"Sappiteiden leikkaus, ei pelkkä sappirakon poisto, komplisoitunut",193X,0,+,7.0,,,1.0,,07S02,,00X10,,,,,,,,fin
70700512000,407D051200,194,"Sappiteiden leikkaus, ei pelkkä sappirakon poisto, ei komplisoitunut",194X,0,+,7.0,,,,S,07S02,,,,,,,,,,den/est/fin/ice/lat/nor/swe
70700513000,407D051300,194,"Sappiteiden leikkaus, ei pelkkä sappirakon poisto, ei komplisoitunut",194X,0,+,7.0,,,,,07S02,,00X10,,,,,,,,fin
70700515000,407D051500,194,"Sappiteiden leikkaus, ei pelkkä sappirakon poisto, ei komplisoitunut",194X,0,+,,,07P14,,S,07S02,,,,,,,,,,fin
70700610000,407D061000,197,"Sappirakon poisto, ei sappiteiden tarkistusta, komplisoitunut",197X,0,+,7.0,,,1.0,S,07S03,,,,,,,,,,fin
70700611001,407D0611001,197,"Sappirakon poisto, ei sappiteiden tarkistusta, komplisoitunut",197X,0,+,,,07P14,1.0,S,07S03,,,,,,,,,,fin
70700612000,407D061200,198,"Sappirakon poisto, ei sappiteiden tarkistusta, ei komplisoitunut",198X,0,+,7.0,,,,S,07S03,,,,,,,,,,den/est/fin/ice/lat/nor/swe
70700613000,407D061300,198,"Sappirakon poisto, ei sappiteiden tarkistusta, ei komplisoitunut",198X,0,+,,,07P14,,S,07S03,,,,,,,,,,fin
70700711002,407D0711002,493M,"Endoskooppinen tai laparoskooppinen sappirakon poisto tai sappirakon tai sappiteiden leikkaus, erittäin komplisoitunut",493M,0,+,7.0,,,2.0,S,07S04,,,,,,,,,,swe/fin
70700711030,407D071103,493M,"Endoskooppinen tai laparoskooppinen sappirakon poisto tai sappirakon tai sappiteiden leikkaus, erittäin komplisoitunut",493M,0,+,,,07P14,2.0,S,07S04,,,,,,,,,,swe/fin
70700711050,407D071105,493C,"Endoskooppinen tai laparoskooppinen sappirakon poisto tai sappirakon tai sappiteiden leikkaus, komplisoitunut",493C,0,+,7.0,,,1.0,S,07S04,,,,,,,,,,swe/fin
70700711080,407D071108,493C,"Endoskooppinen tai laparoskooppinen sappirakon poisto tai sappirakon tai sappiteiden leikkaus, komplisoitunut",493C,0,+,,,07P14,1.0,S,07S04,,,,,,,,,,swe/fin
70700712000,407D071200,494,"Endoskooppinen tai laparoskooppinen sappirakon poisto tai sappirakon tai sappiteiden leikkaus, ei komplisoitunut",494X,0,+,7.0,,,,S,07S04,,,,,,,,,,den/est/fin/ice/lat/nor/swe
70700713000,407D071300,494,"Endoskooppinen tai laparoskooppinen sappirakon poisto tai sappirakon tai sappiteiden leikkaus, ei komplisoitunut",494X,0,+,,,07P14,,S,07S04,,,,,,,,,,fin
70701100000,407D110000,199,"Maksan, sappiteiden ja haiman alueen pahanlaatuisen kasvaimen invasiivinen diagnostinen toimenpide",199X,0,+,7.0,07M02,,,S,07S06,,,,,,,,,,fin
70701120000,407D112000,199,"Maksan, sappiteiden ja haiman alueen pahanlaatuisen kasvaimen invasiivinen diagnostinen toimenpide",199X,0,+,7.0,07M02,,,,07S06,,00X10,,,,,,,,fin
70701210000,407D121000,200,"Maksan, sappiteiden ja haiman alueen invasiivinen diagnostinen toimenpide, ei pahanlaatuista kasvainta",200X,0,+,7.0,,,,S,07S06,,,,,,,,,,den/est/fin/ice/lat/nor
70701220000,407D122000,200,"Maksan, sappiteiden ja haiman alueen invasiivinen diagnostinen toimenpide, ei pahanlaatuista kasvainta",200X,0,+,7.0,,,,,07S06,,00X10,,,,,,,,fin
70701301000,407D130100,201,Muu maksan ja haiman alueen toimenpide,201X,0,+,7.0,,,,S,07S07,,,,,,,,,,den/est/fin/ice/lat/nor
70701302000,407D130200,201,Muu maksan ja haiman alueen toimenpide,201X,0,+,7.0,,,,,07S07,,00X10,,,,,,,,fin
70701304000,407D130400,201,Muu maksan ja haiman alueen toimenpide,201X,0,+,,,07P14,,S,07S07,,,,,,,,,,fin
70701500102,407D1500102,493M,"Endoskooppinen tai laparoskooppinen sappirakon poisto tai sappirakon tai sappiteiden leikkaus, erittäin komplisoitunut",493M,0,+,7.0,,,2.0,,07S08,,,,,,,,,,swe/fin
70701500190,407D150019,493C,"Endoskooppinen tai laparoskooppinen sappirakon poisto tai sappirakon tai sappiteiden leikkaus, komplisoitunut",493C,0,+,7.0,,,1.0,,07S08,,,,,,,,,,swe/fin
70701500200,407D150020,494,"Endoskooppinen tai laparoskooppinen sappirakon poisto tai sappirakon tai sappiteiden leikkaus, ei komplisoitunut",494X,0,+,7.0,,,,,07S08,,,,,,,,,,den/est/fin/ice/lat/nor/swe
70701600001,407D1600001,202M,"Alkoholihepatiitti tai maksakirroosi, erittäin komplisoitunut",202M,0,+,7.0,07M01,,2.0,N,,,,,,,,,,,swe/fin
70701600050,407D160005,202C,"Alkoholihepatiitti tai maksakirroosi, komplisoitunut",202C,0,+,7.0,07M01,,1.0,N,,,,,,,,,,,swe/fin
70701600090,407D160009,202N,"Alkoholihepatiitti tai maksakirroosi, ei komplisoitunut",202N,0,+,7.0,07M01,,,N,,,,,,,,,,,swe/fin
70701799500,407D179950,203A,"Maksan, sappiteiden tai haiman syöpäsairaus, sädehoito",203A,0,+,7.0,07M02,,,N,90T06,,,,,,,,,,fin
70701799510,407D179951,203A,"Maksan, sappiteiden tai haiman syöpäsairaus, sädehoito",203A,0,+,7.0,07M02,,,N,90T07,,,,,,,,,,fin
70701799520,407D179952,203A,"Maksan, sappiteiden tai haiman syöpäsairaus, sädehoito",203A,0,+,7.0,07M02,,,N,90T08,,,,,,,,,,fin
70701799530,407D179953,203A,"Maksan, sappiteiden tai haiman syöpäsairaus, sädehoito",203A,0,+,7.0,07M02,,,N,90T05,,,,,,,,,,fin
70701799600,407D179960,203B,"Maksan, sappiteiden tai haiman syöpäsairaus, sytostaattihoito",203B,0,+,7.0,07M02,,,N,90T01,90S01,,,,,,,,,fin
70701799610,407D179961,203B,"Maksan, sappiteiden tai haiman syöpäsairaus, sytostaattihoito",203B,0,+,7.0,07M02,,,N,99S80,,,,,,,,,,fin
70701799990,407D179999,203E,Maksan tai haiman alueen pahanlaatuinen kasvain,203E,0,+,7.0,07M02,,,N,,,,,,,,,,,fin
70701800001,407D1800001,204M,"Haiman sairaus, ei pahanlaatuinen, erittäin komplisoitunut",204M,0,+,7.0,07M03,,2.0,N,,,,,,,,,,,swe/fin
70701800050,407D180005,204C,"Haiman sairaus, ei pahanlaatuinen, komplisoitunut",204C,0,+,7.0,07M03,,1.0,N,,,,,,,,,,,swe/fin
70701800090,407D180009,204N,"Haiman sairaus, ei pahanlaatuinen, ei komplisoitunut",204N,0,+,7.0,07M03,,,N,,,,,,,,,,,swe/fin
70701900001,407D1900001,205M,"Muu maksan sairaus, erittäin komplisoitunut",205M,0,+,7.0,07M04,,2.0,N,,,,,,,,,,,swe/fin
70701900050,407D190005,205C,"Muu maksan sairaus, komplisoitunut",205C,0,+,7.0,07M04,,1.0,N,,,,,,,,,,,swe/fin
70701910000,407D191000,206,"Muu maksan sairaus, ei komplisoitunut",206X,0,+,7.0,07M04,,,N,,,,,,,,,,,den/est/fin/ice/lat/nor
70702000001,407D2000001,207M,"Sappiteiden sairaus, erittäin komplisoitunut",207M,0,+,7.0,,,2.0,N,,,,,,,,,,,swe/fin
70702000050,407D200005,207C,"Sappiteiden sairaus, komplisoitunut",207C,0,+,7.0,,,1.0,N,,,,,,,,,,,swe/fin
70702010000,407D201000,208,"Sappiteiden sairaus, ei komplisoitunut",208X,0,+,7.0,,,,N,,,,,,,,,,,den/est/fin/ice/lat/nor/swe
70800100101,408D0100101,471N,Alaraajan usean suuren nivelen tai molempien raajojen kirurginen toimenpide,471X,0,+,8.0,,,,S,08S81,08S82,,,,,,,,,fin
70800101000,408D010100,471N,Alaraajan usean suuren nivelen tai molempien raajojen kirurginen toimenpide,471X,0,+,8.0,,,,S,08S81,08S83,,,,,,,,,fin
70800101201,408D0101201,471N,Alaraajan usean suuren nivelen tai molempien raajojen kirurginen toimenpide,471X,0,+,8.0,,,,S,08S81,08S61,,,,,,,,,fin
70800101301,408D0101301,471N,Alaraajan usean suuren nivelen tai molempien raajojen kirurginen toimenpide,471X,0,+,8.0,,,,S,08S81,08S62,,,,,,,,,fin
70800102101,408D0102101,471N,Alaraajan usean suuren nivelen tai molempien raajojen kirurginen toimenpide,471X,0,+,8.0,,,,S,08S81,,99X04,,,,,,,,fin
70800103101,408D0103101,471N,Alaraajan usean suuren nivelen tai molempien raajojen kirurginen toimenpide,471X,0,+,8.0,,,,S,08S81,,99X00,99X02,,,,,,,fin
70800110101,408D0110101,471N,Alaraajan usean suuren nivelen tai molempien raajojen kirurginen toimenpide,471X,0,+,8.0,,,,S,08S82,08S83,,,,,,,,,fin
70800110201,408D0110201,471N,Alaraajan usean suuren nivelen tai molempien raajojen kirurginen toimenpide,471X,0,+,8.0,,,,S,08S82,08S61,,,,,,,,,fin
70800110301,408D0110301,471N,Alaraajan usean suuren nivelen tai molempien raajojen kirurginen toimenpide,471X,0,+,8.0,,,,S,08S82,08S62,,,,,,,,,fin
70800111101,408D0111101,471N,Alaraajan usean suuren nivelen tai molempien raajojen kirurginen toimenpide,471X,0,+,8.0,,,,S,08S82,,99X04,,,,,,,,fin
70800112101,408D0112101,471N,Alaraajan usean suuren nivelen tai molempien raajojen kirurginen toimenpide,471X,0,+,8.0,,,,S,08S82,,99X00,99X02,,,,,,,fin
70800120101,408D0120101,471N,Alaraajan usean suuren nivelen tai molempien raajojen kirurginen toimenpide,471X,0,+,8.0,,,,S,08S83,08S61,,,,,,,,,fin
70800120301,408D0120301,471N,Alaraajan usean suuren nivelen tai molempien raajojen kirurginen toimenpide,471X,0,+,8.0,,,,S,08S83,08S62,,,,,,,,,fin
70800121000,408D012100,471N,Alaraajan usean suuren nivelen tai molempien raajojen kirurginen toimenpide,471X,0,+,8.0,,,,S,08S83,,99X00,99X02,,,,,,,fin
70800121201,408D0121201,471N,Alaraajan usean suuren nivelen tai molempien raajojen kirurginen toimenpide,471X,0,+,8.0,,,,S,08S61,08S62,,,,,,,,,fin
70800121301,408D0121301,471N,Alaraajan usean suuren nivelen tai molempien raajojen kirurginen toimenpide,471X,0,+,8.0,,,,S,08S61,,99X04,,,,,,,,fin
70800121400,408D012140,471N,Alaraajan usean suuren nivelen tai molempien raajojen kirurginen toimenpide,471X,0,+,8.0,,,,S,08S61,,99X00,99X02,,,,,,,fin
70800121501,408D0121501,471N,Alaraajan usean suuren nivelen tai molempien raajojen kirurginen toimenpide,471X,0,+,8.0,,,,S,08S62,,99X04,,,,,,,,fin
70800121600,408D012160,471N,Alaraajan usean suuren nivelen tai molempien raajojen kirurginen toimenpide,471X,0,+,8.0,,,,S,08S62,,99X00,99X02,,,,,,,fin
70800309800,408D030980,075,Laaja rintaontelon muu kuin sydänleikkaus,075X,0,+,8.0,,,,S,04S01,,,,,,,,,,fin
70800310000,408D031000,209C,Lonkan tekonivelen uusintaleikkaus,209C,0,+,8.0,,,,S,08S93,,,,,,,,,,den/est/fin/ice/lat
70800311000,408D031100,209D,"Lonkan primaari tekonivelleikkaus, komplisoitunut",209D,0,+,8.0,,,1.0,S,08S81,,,,,,,,,,den/est/fin/lat
70800312000,408D031200,209E,"Lonkan primaari tekonivelleikkaus, ei komplisoitunut",209E,0,+,8.0,,,,S,08S81,,,,,,,,,,den/est/fin/lat
70800312900,408D031290,209F,Polven tai nilkan sekundarinen tekonivelleikkaus,209F,0,+,8.0,,,,S,08S94,,,,,,,,,,fin
70800313100,408D031310,209F,Polven tai nilkan sekundarinen tekonivelleikkaus,209F,0,+,8.0,,,,S,08S95,,,,,,,,,,den/est/fin/ice/lat/nor
70800313900,408D031390,209G,Polven tai nilkan primaari tekonivelleikkaus,209G,0,+,8.0,,,,S,08S82,,,,,,,,,,fin
70800314100,408D031410,209G,Polven tai nilkan primaari tekonivelleikkaus,209G,0,+,8.0,,,,S,08S83,,,,,,,,,,den/est/fin/ice/lat
70800401000,408D040100,217,Haavarevisio tai ihonsiirto tuki- ja liikuntaelinten sairauden takia,217X,0,+,8.0,,,,S,08S02,,-08X14,,,,,,,,den/est/fin/ice/lat/nor
70800513070,408D051307,214C,"Selkänikamien yhdistäminen, komplisoitunut",214C,0,+,8.0,,,1.0,S,08S14,,,,,,,,,,swe/fin
70800513075,408D0513071,214C,"Selkänikamien yhdistäminen, komplisoitunut",214C,0,+,8.0,,,1.0,S,08S16,,,,,,,,,,fin
70800513080,408D051308,214C,"Selkänikamien yhdistäminen, komplisoitunut",214C,0,+,8.0,,,1.0,S,08S15,,,,,,,,,,swe/fin
70800513090,408D051309,214C,"Selkänikamien yhdistäminen, komplisoitunut",214C,0,+,8.0,,,1.0,S,08S18,,,,,,,,,,swe/fin
70800515001,408D0515001,214N,"Selkänikamien yhdistäminen, ei komplisoitunut",214N,0,+,8.0,,,,S,08S14,,,,,,,,,,swe/fin
70800516001,408D0516001,214N,"Selkänikamien yhdistäminen, ei komplisoitunut",214N,0,+,8.0,,,,S,08S15,,,,,,,,,,swe/fin
70800517001,408D0517001,214N,"Selkänikamien yhdistäminen, ei komplisoitunut",214N,0,+,8.0,,,,S,08S18,,,,,,,,,,swe/fin
70800517500,408D05170011,214N,"Selkänikamien yhdistäminen, ei komplisoitunut",214N,0,+,8.0,,,,S,08S16,,,,,,,,,,fin
70800517750,408D05170012,215C,"Muu selän ja niskan leikkaus, komplisoitunut",215C,0,+,8.0,,,1.0,S,08S08,,,,,,,,,,fin
70800517875,408D05170013,215C,"Muu selän ja niskan leikkaus, komplisoitunut",215C,0,+,8.0,,,1.0,,08S08,,00X10,,,,,,,,fin
70800518000,408D051800,213,Raaja-amputaatio tuki- ja liikuntaelinten sairauden takia,213X,0,+,8.0,,,,S,08S06,,,,,,,,,,fin
70800518100,408D051810,213,Raaja-amputaatio tuki- ja liikuntaelinten sairauden takia,213X,0,+,8.0,,,,,08S06,,00X10,,,,,,,,fin
70800519000,408D051900,210A,"Vaativa lantion, lonkan ja reiden traumaleikkaus, > 17 vuotias, komplisoitunut",210A,0,+,8.0,,,1.0,S,08S78,,,,,,>6574,,,,fin
70800520001,408D0520001,211A,"Vaativa lantion, lonkan ja reiden traumaleikkaus, > 17 vuotias, ei komplisoitunut",211A,0,+,8.0,,,,S,08S78,,,,,,>6574,,,,fin
70800520980,408D052098,491,Yläraajan suuren nivelen proteesileikkaus tai yläraajan suuri replantaatioleikkaus,491X,0,+,8.0,,,,S,08S60,,,,,,,,,,den/est/fin/ice/lat/nor
70800521000,408D052100,210N,"Muu lantion, lonkan ja reiden leikkaus, > 17 vuotias, komplisoitunut",210N,0,+,8.0,,,1.0,S,08S71,,,,,,>6574,,,,den/est/fin/ice/lat/swe
70800521100,408D052110,210N,"Muu lantion, lonkan ja reiden leikkaus, > 17 vuotias, komplisoitunut",210N,0,+,8.0,,,1.0,,08S71,,00X10,,,,>6574,,,,den/est/fin/ice/lat/swe
70800522000,408D052200,210N,"Muu lantion, lonkan ja reiden leikkaus, > 17 vuotias, komplisoitunut",210N,0,+,8.0,,,1.0,S,08S43,,08X20,,,,>6574,,,,den/est/fin/ice/lat/swe
70800531000,408D053100,211N,"Muu lantion, lonkan ja reiden leikkaus, > 17 vuotias, ei komplisoitunut",211N,0,+,8.0,,,,S,08S71,,,,,,>6574,,,,den/est/fin/ice/lat/swe
70800531100,408D053110,211N,"Muu lantion, lonkan ja reiden leikkaus, > 17 vuotias, ei komplisoitunut",211N,0,+,8.0,,,,,08S71,,00X10,,,,>6574,,,,den/est/fin/ice/lat/swe
70800532000,408D053200,211N,"Muu lantion, lonkan ja reiden leikkaus, > 17 vuotias, ei komplisoitunut",211N,0,+,8.0,,,,S,08S43,,08X20,,,,>6574,,,,den/est/fin/ice/lat/swe
70800534000,408D053400,216,"Luu-, lihas- tai sidekudosbiopsia",216X,0,+,8.0,,,,,08S04,,00X10,,,,,,,,den/est/fin/ice/lat
70800541000,408D054100,212,"Muu lonkan tai reiden leikkaus, lapsi",212X,0,+,8.0,,,,S,08S71,,,,,,,,,,den/est/fin/ice/lat
70800541100,408D054110,212,"Muu lonkan tai reiden leikkaus, lapsi",212X,0,+,8.0,,,,,08S71,,00X10,,,,,,,,den/est/fin/ice/lat
70800542000,408D054200,212,"Muu lonkan tai reiden leikkaus, lapsi",212X,0,+,8.0,,,,S,08S43,,08X20,,,,,,,,den/est/fin/ice/lat
70801024001,408D1024001,215N,"Muu selän ja niskan leikkaus, ei komplisoitunut",215N,0,+,8.0,,,,S,08S08,,,,,,,,,,swe/fin
70801024050,408D102499,215N,"Muu selän ja niskan leikkaus, ei komplisoitunut",215N,0,+,8.0,,,,,08S08,,00X10,,,,,,,,fin
70801209000,408D120900,221,"Polvileikkaus, komplisoitunut",221X,0,+,8.0,,,1.0,S,08S72,,,,,,,,,,fin
70801210001,408D1210001,221,"Polvileikkaus, komplisoitunut",221X,0,+,8.0,,,1.0,,08S72,,00X10,,,,,,,,fin
70801211000,408D121100,221,"Polvileikkaus, komplisoitunut",221X,0,+,8.0,,,1.0,S,08S75,,08X10,,,,,,,,den/est/fin/ice/lat/nor
70801212000,408D121200,221,"Polvileikkaus, komplisoitunut",221X,0,+,8.0,,,1.0,,08S75,,08X10,00X10,,,,,,,fin
70801213000,408D121300,221,"Polvileikkaus, komplisoitunut",221X,0,+,8.0,,,1.0,S,08S44,,08X10,08X20,,,,,,,den/est/fin/ice/lat/nor
70801221000,408D122100,222,"Polvileikkaus, ei komplisoitunut",222X,0,+,8.0,,,,S,08S72,,,,,,,,,,den/est/fin/ice/lat/nor/swe
70801221100,408D122110,222,"Polvileikkaus, ei komplisoitunut",222X,0,+,8.0,,,,,08S72,,00X10,,,,,,,,den/est/fin/ice/lat/swe
70801222000,408D122200,222,"Polvileikkaus, ei komplisoitunut",222X,0,+,8.0,,,,S,08S75,,08X10,,,,,,,,den/est/fin/ice/lat/nor/swe
70801222100,408D122210,222,"Polvileikkaus, ei komplisoitunut",222X,0,+,8.0,,,,,08S75,,08X10,00X10,,,,,,,den/est/fin/ice/lat/swe
70801223000,408D122300,222,"Polvileikkaus, ei komplisoitunut",222X,0,+,8.0,,,,S,08S44,,08X10,08X20,,,,,,,den/est/fin/ice/lat/nor/swe
70801510100,408D151010,218,"Säären, nilkan tai olkavarren leikkaus, aikuinen, komplisoitunut",218X,0,+,8.0,,,1.0,S,08S53,,,,,,>6574,,,,den/est/fin/ice/lat/nor
70801510200,408D151020,218,"Säären, nilkan tai olkavarren leikkaus, aikuinen, komplisoitunut",218X,0,+,8.0,,,1.0,S,08S73,,,,,,>6574,,,,den/est/fin/ice/lat/nor
70801510300,408D151030,218,"Säären, nilkan tai olkavarren leikkaus, aikuinen, komplisoitunut",218X,0,+,8.0,,,1.0,S,08S75,,,,,,>6574,,,,den/est/fin/ice/lat/nor
70801510310,408D151031,218,"Säären, nilkan tai olkavarren leikkaus, aikuinen, komplisoitunut",218X,0,+,8.0,,,1.0,,08S75,,00X10,,,,>6574,,,,den/est/fin/ice/lat
70801510400,408D151040,218,"Säären, nilkan tai olkavarren leikkaus, aikuinen, komplisoitunut",218X,0,+,8.0,,,1.0,S,08S44,,08X20,,,,>6574,,,,den/est/fin/ice/lat/nor
70801510500,408D151050,218,"Säären, nilkan tai olkavarren leikkaus, aikuinen, komplisoitunut",218X,0,+,8.0,,,1.0,S,08S76,,-08X12,,,,>6574,,,,den/est/fin/ice/lat/nor
70801510510,408D151051,218,"Säären, nilkan tai olkavarren leikkaus, aikuinen, komplisoitunut",218X,0,+,8.0,,,1.0,,08S76,,-08X12,00X10,,,>6574,,,,den/est/fin/ice/lat
70801510600,408D151060,218,"Säären, nilkan tai olkavarren leikkaus, aikuinen, komplisoitunut",218X,0,+,8.0,,,1.0,S,08S76,,08X15,,,,>6574,,,,den/est/fin/ice/lat/nor
70801510610,408D151061,218,"Säären, nilkan tai olkavarren leikkaus, aikuinen, komplisoitunut",218X,0,+,8.0,,,1.0,,08S76,,08X15,00X10,,,>6574,,,,den/est/fin/ice/lat
70801510700,408D151070,218,"Säären, nilkan tai olkavarren leikkaus, aikuinen, komplisoitunut",218X,0,+,8.0,,,1.0,S,08S45,,-08X12,08X20,,,>6574,,,,den/est/fin/ice/lat/nor
70801510900,408D151090,218,"Säären, nilkan tai olkavarren leikkaus, aikuinen, komplisoitunut",218X,0,+,8.0,,,1.0,S,08S50,,-08X13,,,,>6574,,,,den/est/fin/ice/lat/nor
70801511000,408D151100,218,"Säären, nilkan tai olkavarren leikkaus, aikuinen, komplisoitunut",218X,0,+,8.0,,,1.0,S,08S50,,08X11,,,,>6574,,,,den/est/fin/ice/lat/nor
70801511100,408D151110,218,"Säären, nilkan tai olkavarren leikkaus, aikuinen, komplisoitunut",218X,0,+,8.0,,,1.0,S,08S40,,-08X13,08X20,,,>6574,,,,den/est/fin/ice/lat/nor
70801511200,408D151120,218,"Säären, nilkan tai olkavarren leikkaus, aikuinen, komplisoitunut",218X,0,+,8.0,,,1.0,S,08S40,,08X11,08X20,,,>6574,,,,den/est/fin/ice/lat/nor
70801520100,408D152010,219,"Säären, nilkan tai olkavarren leikkaus, aikuinen, ei komplisoitunut",219X,0,+,8.0,,,,S,08S53,,,,,,>6574,,,,den/est/fin/ice/lat/nor/swe
70801520200,408D152020,219,"Säären, nilkan tai olkavarren leikkaus, aikuinen, ei komplisoitunut",219X,0,+,8.0,,,,S,08S73,,,,,,>6574,,,,den/est/fin/ice/lat/nor/swe
70801520300,408D152030,219,"Säären, nilkan tai olkavarren leikkaus, aikuinen, ei komplisoitunut",219X,0,+,8.0,,,,S,08S75,,,,,,>6574,,,,den/est/fin/ice/lat/nor/swe
70801520310,408D152031,219,"Säären, nilkan tai olkavarren leikkaus, aikuinen, ei komplisoitunut",219X,0,+,8.0,,,,,08S75,,00X10,,,,>6574,,,,den/est/fin/ice/lat/swe
70801520400,408D152040,219,"Säären, nilkan tai olkavarren leikkaus, aikuinen, ei komplisoitunut",219X,0,+,8.0,,,,S,08S44,,08X20,,,,>6574,,,,den/est/fin/ice/lat/nor/swe
70801520500,408D152050,219,"Säären, nilkan tai olkavarren leikkaus, aikuinen, ei komplisoitunut",219X,0,+,8.0,,,,S,08S76,,-08X12,,,,>6574,,,,den/est/fin/ice/lat/nor/swe
70801520510,408D152051,219,"Säären, nilkan tai olkavarren leikkaus, aikuinen, ei komplisoitunut",219X,0,+,8.0,,,,,08S76,,-08X12,00X10,,,>6574,,,,den/est/fin/ice/lat/swe
70801520600,408D152060,219,"Säären, nilkan tai olkavarren leikkaus, aikuinen, ei komplisoitunut",219X,0,+,8.0,,,,S,08S76,,08X15,,,,>6574,,,,den/est/fin/ice/lat/nor/swe
70801520610,408D152061,219,"Säären, nilkan tai olkavarren leikkaus, aikuinen, ei komplisoitunut",219X,0,+,8.0,,,,,08S76,,08X15,00X10,,,>6574,,,,den/est/fin/ice/lat/swe
70801520700,408D152070,219,"Säären, nilkan tai olkavarren leikkaus, aikuinen, ei komplisoitunut",219X,0,+,8.0,,,,S,08S45,,-08X12,08X20,,,>6574,,,,den/est/fin/ice/lat/nor/swe
70801520900,408D152090,219,"Säären, nilkan tai olkavarren leikkaus, aikuinen, ei komplisoitunut",219X,0,+,8.0,,,,S,08S50,,-08X13,,,,>6574,,,,den/est/fin/ice/lat/nor/swe
70801521000,408D152100,219,"Säären, nilkan tai olkavarren leikkaus, aikuinen, ei komplisoitunut",219X,0,+,8.0,,,,S,08S50,,08X11,,,,>6574,,,,den/est/fin/ice/lat/nor/swe
70801521100,408D152110,219,"Säären, nilkan tai olkavarren leikkaus, aikuinen, ei komplisoitunut",219X,0,+,8.0,,,,S,08S40,,-08X13,08X20,,,>6574,,,,den/est/fin/ice/lat/nor/swe
70801521200,408D152120,219,"Säären, nilkan tai olkavarren leikkaus, aikuinen, ei komplisoitunut",219X,0,+,8.0,,,,S,08S40,,08X11,08X20,,,>6574,,,,den/est/fin/ice/lat/nor/swe
70801801100,408D180110,220,"Säären, nilkan tai olkavarren leikkaus, lapsi",220X,0,+,8.0,,,,S,08S53,,,,,,,,,,den/est/fin/ice/lat/nor
70801802100,408D180210,220,"Säären, nilkan tai olkavarren leikkaus, lapsi",220X,0,+,8.0,,,,S,08S73,,,,,,,,,,den/est/fin/ice/lat/nor
70801803100,408D180310,220,"Säären, nilkan tai olkavarren leikkaus, lapsi",220X,0,+,8.0,,,,S,08S75,,,,,,,,,,den/est/fin/ice/lat/nor
70801803110,408D180311,220,"Säären, nilkan tai olkavarren leikkaus, lapsi",220X,0,+,8.0,,,,,08S75,,00X10,,,,,,,,den/est/fin/ice/lat
70801804100,408D180410,220,"Säären, nilkan tai olkavarren leikkaus, lapsi",220X,0,+,8.0,,,,S,08S44,,08X20,,,,,,,,den/est/fin/ice/lat/nor
70801805100,408D180510,220,"Säären, nilkan tai olkavarren leikkaus, lapsi",220X,0,+,8.0,,,,S,08S76,,-08X12,,,,,,,,den/est/fin/ice/lat/nor
70801805110,408D180511,220,"Säären, nilkan tai olkavarren leikkaus, lapsi",220X,0,+,8.0,,,,,08S76,,-08X12,00X10,,,,,,,den/est/fin/ice/lat
70801806100,408D180610,220,"Säären, nilkan tai olkavarren leikkaus, lapsi",220X,0,+,8.0,,,,S,08S76,,08X15,,,,,,,,den/est/fin/ice/lat/nor
70801806110,408D180611,220,"Säären, nilkan tai olkavarren leikkaus, lapsi",220X,0,+,8.0,,,,,08S76,,08X15,00X10,,,,,,,den/est/fin/ice/lat
70801807100,408D180710,220,"Säären, nilkan tai olkavarren leikkaus, lapsi",220X,0,+,8.0,,,,S,08S45,,-08X12,08X20,,,,,,,den/est/fin/ice/lat/nor
70801809100,408D180910,220,"Säären, nilkan tai olkavarren leikkaus, lapsi",220X,0,+,8.0,,,,S,08S50,,-08X13,,,,,,,,den/est/fin/ice/lat/nor
70801810100,408D181010,220,"Säären, nilkan tai olkavarren leikkaus, lapsi",220X,0,+,8.0,,,,S,08S50,,08X11,,,,,,,,den/est/fin/ice/lat/nor
70801811100,408D181110,220,"Säären, nilkan tai olkavarren leikkaus, lapsi",220X,0,+,8.0,,,,S,08S40,,-08X13,08X20,,,,,,,den/est/fin/ice/lat/nor
70801812100,408D181210,220,"Säären, nilkan tai olkavarren leikkaus, lapsi",220X,0,+,8.0,,,,S,08S40,,08X11,08X20,,,,,,,den/est/fin/ice/lat/nor
70802210100,408D221010,233,"Muu tuki- ja liikuntaelinten tai sidekudosten toimenpide, komplisoitunut",233X,0,+,8.0,,,1.0,S,08S20,,,,,,,,,,den/est/fin/ice/lat/nor/swe
70802210110,408D221011,233,"Muu tuki- ja liikuntaelinten tai sidekudosten toimenpide, komplisoitunut",233X,0,+,8.0,,,1.0,,08S20,,00X10,,,,,,,,den/est/fin/ice/lat/swe
70802210200,408D221020,234,"Muu tuki- ja liikuntaelinten tai sidekudosten toimenpide, ei komplisoitunut",234X,0,+,8.0,,,,S,08S20,,,,,,,,,,den/est/fin/ice/lat/nor/swe
70802210210,408D221021,234,"Muu tuki- ja liikuntaelinten tai sidekudosten toimenpide, ei komplisoitunut",234X,0,+,8.0,,,,,08S20,,00X10,,,,,,,,den/est/fin/ice/lat/swe
70802310001,408D2310001,225A,Jalkaterän murtumaleikkaus,225A,0,+,8.0,,,,S,08S77,,,,,,,,,,fin
70802310101,408D2310101,225A,Jalkaterän murtumaleikkaus,225A,0,+,8.0,,,,,08S77,,00X10,,,,,,,,fin
70802310200,408D231020,225B,Muu jalkaterän leikkaus,225B,0,+,8.0,,,,S,08S74,,,,,,,,,,fin
70802310300,408D231030,225B,Muu jalkaterän leikkaus,225B,0,+,8.0,,,,,08S74,,00X10,,,,,,,,fin
70802310400,408D231040,225B,Muu jalkaterän leikkaus,225B,0,+,8.0,,,,S,08S76,,,,,,,,,,fin
70802310500,408D231050,225B,Muu jalkaterän leikkaus,225B,0,+,8.0,,,,,08S76,,00X10,,,,,,,,fin
70802311001,408D2311001,225B,Muu jalkaterän leikkaus,225B,0,+,8.0,,,,S,08S45,,08X20,,,,,,,,fin
70802313001,408D2313001,225B,Muu jalkaterän leikkaus,225B,0,+,8.0,,,,S,08S47,,08X21,,,,,,,,fin
70802314000,408D231400,225B,Muu jalkaterän leikkaus,225B,0,+,8.0,,,,,08S47,,08X21,00X10,,,,,,,fin
70802399300,408D239930,223,"Olka- tai kyynärpään vaativa tai muu yläraajan leikkaus, komplisoitunut",223X,0,+,8.0,,,1.0,S,08S40,,08X20,,,,,,,,den/est/fin/ice/lat/nor
70802399400,408D239940,223,"Olka- tai kyynärpään vaativa tai muu yläraajan leikkaus, komplisoitunut",223X,0,+,8.0,,,1.0,S,08S41,,08X20,,,,,,,,den/est/fin/ice/lat/nor
70802399500,408D239950,223,"Olka- tai kyynärpään vaativa tai muu yläraajan leikkaus, komplisoitunut",223X,0,+,8.0,,,1.0,S,08S50,,,,,,,,,,den/est/fin/ice/lat/nor
70802399600,408D239960,223,"Olka- tai kyynärpään vaativa tai muu yläraajan leikkaus, komplisoitunut",223X,0,+,8.0,,,,S,08S51,,,,,,,,,,den/est/fin/ice/lat/nor
70802399700,408D239970,223,"Olka- tai kyynärpään vaativa tai muu yläraajan leikkaus, komplisoitunut",223X,0,+,8.0,,,1.0,S,08S52,,,,,,,,,,den/est/fin/ice/lat/nor
70802399710,408D239971,223,"Olka- tai kyynärpään vaativa tai muu yläraajan leikkaus, komplisoitunut",223X,0,+,8.0,,,1.0,,08S52,,00X10,,,,,,,,den/est/fin/ice/lat
70802399800,408D239980,223,"Olka- tai kyynärpään vaativa tai muu yläraajan leikkaus, komplisoitunut",223X,0,+,8.0,,,,S,08S55,,,,,,,,,,den/est/fin/ice/lat/nor
70802399900,408D239990,223,"Olka- tai kyynärpään vaativa tai muu yläraajan leikkaus, komplisoitunut",223X,0,+,8.0,,,1.0,S,08S56,,,,,,,,,,den/est/fin/ice/lat/nor
70802399910,408D239991,223,"Olka- tai kyynärpään vaativa tai muu yläraajan leikkaus, komplisoitunut",223X,0,+,8.0,,,1.0,,08S56,,00X10,,,,,,,,den/est/fin/ice/lat
70802400100,408D240010,224,"Muu yläraajan leikkaus, ei komplisoitunut",224X,0,+,,,08P01,,S,08S98,-,,,,,,,,,den/est/fin/ice/lat/swe
70802410100,408D241010,228,"Käden, peukalon, tai ranteen vaativa nivelleikkaus tai muu käden tai ranteen leikkaus, komplisoitunut",228X,0,+,8.0,,,1.0,S,08S42,,08X20,,,,,,,,den/est/fin/ice/lat/nor
70802410200,408D241020,228,"Käden, peukalon, tai ranteen vaativa nivelleikkaus tai muu käden tai ranteen leikkaus, komplisoitunut",228X,0,+,8.0,,,,S,08S57,,,,,,,,,,den/est/fin/ice/lat/nor
70802410300,408D241030,228,"Käden, peukalon, tai ranteen vaativa nivelleikkaus tai muu käden tai ranteen leikkaus, komplisoitunut",228X,0,+,8.0,,,1.0,S,08S58,,,,,,,,,,den/est/fin/ice/lat/nor
70802410310,408D241031,228,"Käden, peukalon, tai ranteen vaativa nivelleikkaus tai muu käden tai ranteen leikkaus, komplisoitunut",228X,0,+,8.0,,,1.0,,08S58,,00X10,,,,,,,,den/est/fin/ice/lat
70802410400,408D241040,228,"Käden, peukalon, tai ranteen vaativa nivelleikkaus tai muu käden tai ranteen leikkaus, komplisoitunut",228X,0,+,8.0,,,1.0,S,08S46,,08X21,,,,,,,,den/est/fin/ice/lat/nor
70802410410,408D241041,228,"Käden, peukalon, tai ranteen vaativa nivelleikkaus tai muu käden tai ranteen leikkaus, komplisoitunut",228X,0,+,8.0,,,1.0,,08S46,,08X21,00X10,,,,,,,den/est/fin/ice/lat
70802420000,408D242000,229,"Muu käden tai ranteen leikkaus, ei komplisoitunut",229X,0,+,8.0,,,,S,08S02,,08X14,,,,,,,,den/est/fin/ice/lat/nor
70802420100,408D242010,229,"Muu käden tai ranteen leikkaus, ei komplisoitunut",229X,0,+,8.0,,,,S,08S42,,08X20,,,,,,,,den/est/fin/ice/lat/nor
70802420200,408D242020,229,"Muu käden tai ranteen leikkaus, ei komplisoitunut",229X,0,+,8.0,,,,S,08S58,,,,,,,,,,den/est/fin/ice/lat/nor
70802420210,408D242021,229,"Muu käden tai ranteen leikkaus, ei komplisoitunut",229X,0,+,8.0,,,,,08S58,,00X10,,,,,,,,den/est/fin/ice/lat
70802420300,408D242030,229,"Muu käden tai ranteen leikkaus, ei komplisoitunut",229X,0,+,8.0,,,,S,08S46,,08X21,,,,,,,,den/est/fin/ice/lat/nor
70802420310,408D242031,229,"Muu käden tai ranteen leikkaus, ei komplisoitunut",229X,0,+,8.0,,,,,08S46,,08X21,00X10,,,,,,,den/est/fin/ice/lat
70802620000,408D262000,224,"Muu yläraajan leikkaus, ei komplisoitunut",224X,0,+,8.0,,,,S,08S40,,08X20,,,,,,,,den/est/fin/ice/lat/swe
70802620100,408D262010,224,"Muu yläraajan leikkaus, ei komplisoitunut",224X,0,+,8.0,,,,S,08S41,,08X20,,,,,,,,den/est/fin/ice/lat/swe
70802620200,408D262020,224,"Muu yläraajan leikkaus, ei komplisoitunut",224X,0,+,8.0,,,,S,08S50,,,,,,,,,,den/est/fin/ice/lat/swe
70802620300,408D262030,224,"Muu yläraajan leikkaus, ei komplisoitunut",224X,0,+,8.0,,,,S,08S52,,,,,,,,,,den/est/fin/ice/lat/swe
70802620310,408D262031,224,"Muu yläraajan leikkaus, ei komplisoitunut",224X,0,+,8.0,,,,,08S52,,00X10,,,,,,,,den/est/fin/ice/lat/swe
70802620400,408D262040,224,"Muu yläraajan leikkaus, ei komplisoitunut",224X,0,+,8.0,,,,S,08S56,,,,,,,,,,den/est/fin/ice/lat/swe
70802620410,408D262041,224,"Muu yläraajan leikkaus, ei komplisoitunut",224X,0,+,8.0,,,,,08S56,,00X10,,,,,,,,den/est/fin/ice/lat/swe
70802720000,408D272000,226,"Pehmytkudosleikkaus, komplisoitunut",226X,0,+,8.0,,,1.0,S,08S12,,,,,,,,,,den/est/fin/ice/lat/nor/swe
70802720010,408D272001,226,"Pehmytkudosleikkaus, komplisoitunut",226X,0,+,8.0,,,1.0,,08S12,,00X10,,,,,,,,den/est/fin/ice/lat/swe
70802720100,408D272010,226,"Pehmytkudosleikkaus, komplisoitunut",226X,0,+,8.0,,,,S,08S40,,,,,,,,,,den/est/fin/ice/lat/nor/swe
70802720200,408D272020,226,"Pehmytkudosleikkaus, komplisoitunut",226X,0,+,8.0,,,,S,08S41,,,,,,,,,,den/est/fin/ice/lat/nor/swe
70802720300,408D272030,226,"Pehmytkudosleikkaus, komplisoitunut",226X,0,+,8.0,,,,S,08S42,,,,,,,,,,den/est/fin/ice/lat/nor/swe
70802720400,408D272040,226,"Pehmytkudosleikkaus, komplisoitunut",226X,0,+,8.0,,,,S,08S43,,,,,,,,,,den/est/fin/ice/lat/nor/swe
70802720500,408D272050,226,"Pehmytkudosleikkaus, komplisoitunut",226X,0,+,8.0,,,,S,08S44,,,,,,,,,,den/est/fin/ice/lat/nor/swe
70802720600,408D272060,226,"Pehmytkudosleikkaus, komplisoitunut",226X,0,+,8.0,,,,S,08S45,,,,,,,,,,den/est/fin/ice/lat/nor/swe
70802730000,408D273000,227,"Pehmytkudosleikkaus, ei komplisoitunut",227X,0,+,8.0,,,,S,08S12,,,,,,,,,,den/est/fin/ice/lat/nor/swe
70802730100,408D273010,227,"Pehmytkudosleikkaus, ei komplisoitunut",227X,0,+,8.0,,,,,08S12,,00X10,,,,,,,,fin
70802820000,408D282000,230,Lonkan tai reiden paikallinen leikkaus tai sisäisten luun kiinnityslaitteiden poisto,230X,0,+,8.0,,,,S,08S13,,,,,,,,,,den/est/fin/ice/lat/nor
70802820100,408D282010,230,Lonkan tai reiden paikallinen leikkaus tai sisäisten luun kiinnityslaitteiden poisto,230X,0,+,8.0,,,,,08S91,,,,,,,,,,den/est/fin/ice/lat/nor
70802840000,408D284000,231,Muu ortopedinen paikallinen leikkaus tai sisäisten luun kiinnityslaitteiden poisto,231X,0,+,8.0,,,,S,08S11,,,,,,,,,,den/est/fin/ice/lat/nor/swe
70802840100,408D284010,231,Muu ortopedinen paikallinen leikkaus tai sisäisten luun kiinnityslaitteiden poisto,231X,0,+,8.0,,,,,08S11,,00X10,,,,,,,,fin
70803010000,408D301000,232,Artroskopia,232X,0,+,8.0,,,,S,08S19,,,,,,,,,,den/est/fin/ice/lat/nor
70803020000,408D302000,232,Artroskopia,232X,0,+,8.0,,,,,08S19,,00X10,,,,,,,,fin
70803030000,408D303000,076,"Suppea hengityselinten toimenpide, komplisoitunut",076X,0,+,8.0,,,1.0,S,04S02,,,,,,,,,,den/est/fin/ice/lat/nor
70803030010,408D303001,076,"Suppea hengityselinten toimenpide, komplisoitunut",076X,0,+,8.0,,,1.0,,04S02,,00X10,,,,,,,,fin
70803040000,408D304000,077,"Suppea hengityselinten toimenpide, ei komplisoitunut",077X,0,+,8.0,,,,S,04S02,,,,,,,,,,den/est/fin/ice/lat/nor/swe
70803050000,408D305000,077,"Suppea hengityselinten toimenpide, ei komplisoitunut",077X,0,+,8.0,,,,,04S02,,00X10,,,,,,,,fin
70803300000,408D330000,235,Reisiluun murtuma,235X,0,+,8.0,08M01,,,N,,,,,,,,,,,den/est/fin/ice/lat/nor
70803400001,408D3400001,236M,"Lonkan tai lantion murtuma, erittäin komplisoitunut",236M,0,+,8.0,08M02,,2.0,N,,,,,,,,,,,swe/fin
70803400050,408D340005,236C,"Lonkan tai lantion murtuma, komplisoitunut",236C,0,+,8.0,08M02,,1.0,N,,,,,,,,,,,swe/fin
70803400090,408D340009,236N,"Lonkan tai lantion murtuma, ei komplisoitunut",236N,0,+,8.0,08M02,,,N,,,,,,,,,,,swe/fin
70803500000,408D350000,237,"Lantion, lonkan tai reiden venähdys nyrjähdys tai sijoiltaanmeno",237X,0,+,8.0,08M03,,,N,,,,,,,,,,,den/est/fin/ice/lat/nor
70803600000,408D360000,238,Luun ja luuytimen tulehdus,238X,0,+,8.0,08M04,,,N,,,,,,,,,,,den/est/fin/ice/lat/nor
70803799500,408D379950,239A,"Tuki- ja liikuntaelinten tai sidekudoksen maligniteetti, sädehoito",239A,0,+,8.0,08M05,,,N,90T06,,,,,,,,,,fin
70803799510,408D379951,239A,"Tuki- ja liikuntaelinten tai sidekudoksen maligniteetti, sädehoito",239A,0,+,8.0,08M05,,,N,90T07,,,,,,,,,,fin
70803799520,408D379952,239A,"Tuki- ja liikuntaelinten tai sidekudoksen maligniteetti, sädehoito",239A,0,+,8.0,08M05,,,N,90T08,,,,,,,,,,fin
70803799530,408D379953,239A,"Tuki- ja liikuntaelinten tai sidekudoksen maligniteetti, sädehoito",239A,0,+,8.0,08M05,,,N,90T05,,,,,,,,,,fin
70803799600,408D379960,239B,"Tuki- ja liikuntaelinten tai sidekudoksen maligniteetti, sytostaattihoito",239B,0,+,8.0,08M05,,,N,90T01,90S01,,,,,,,,,fin
70803799610,408D379961,239B,"Tuki- ja liikuntaelinten tai sidekudoksen maligniteetti, sytostaattihoito",239B,0,+,8.0,08M05,,,N,99S80,,,,,,,,,,fin
70803799990,408D379999,239E,Tuki- ja liikuntaelinten tai sidekudoksen maligniteetti tai patologinen murtuma,239E,0,+,8.0,08M05,,,N,,,,,,,,,,,fin
70803800000,408D380000,242A,Infektion aiheuttama niveltulehdus tai bursiitti,242A,0,+,8.0,08M20,,,N,,,,,,,,,,,den/est/fin/ice/lat/nor
70803900000,408D390000,242B,"Määritetty tulehduksellinen nivelsairaus, komplisoitunut",242B,0,+,8.0,08M21,,1.0,N,,,,,,,,,,,den/est/fin/ice/lat/nor
70804000000,408D400000,242C,"Määritetty tulehduksellinen nivelsairaus, ei komplisoitunut",242C,0,+,8.0,08M21,,,N,,,,,,,,,,,den/est/fin/ice/lat/nor
70804100000,408D410000,242D,Muu niveltulehdus,242D,0,+,8.0,08M22,,,N,,,,,,,,,,,den/est/fin/ice/lat/nor
70804200000,408D420000,240N,"Sidekudossairaus tai vaskulitti, komplisoitunut",240N,0,+,8.0,08M23,,1.0,N,,,,,,,,,,,den/est/fin/ice/lat/nor/swe
70804300000,408D430000,241N,"Sidekudossairaus tai vaskulitti, ei komplisoitunut",241N,0,+,8.0,08M23,,,N,,,,,,,,,,,den/est/fin/ice/lat/nor/swe
70804400000,408D440000,242E,"Artroosi, komplisoitunut",242E,0,+,8.0,08M24,,1.0,N,,,,,,,,,,,den/est/fin/ice/lat/nor/swe
70804500000,408D450000,242F,"Artroosi, ei komplisoitunut",242F,0,+,8.0,08M24,,,N,,,,,,,,,,,den/est/fin/ice/lat/nor/swe
70804700050,408D470005,243A,"Selkäsairaus, komplisoitunut",243C,0,+,8.0,08M08,,1.0,N,,,,,,,,,,,swe/fin
70804700090,408D470009,243B,"Selkäsairaus, ei komplisoitunut",243N,0,+,8.0,08M08,,,N,,,,,,,,,,,swe/fin
70804800000,408D480000,244,"Luuston sairaus tai artropatia, komplisoitunut",244X,0,+,8.0,08M09,,1.0,N,,,,,,,,,,,den/est/fin/ice/lat/nor/swe
70804900000,408D490000,245,"Luuston sairaus tai artropatia, ei komplisoitunut",245X,0,+,8.0,08M09,,,N,,,,,,,,,,,den/est/fin/ice/lat/nor/swe
70805100000,408D510000,247,Tuki- ja liikuntaelinsairauden tai sidekudossairauden oireet,247X,0,+,8.0,08M11,,,N,,,,,,,,,,,den/est/fin/ice/lat/nor
70805200050,408D520005,248C,"Tendiniitti, myosiitti tai bursiitti, komplisoitunut",248C,0,+,8.0,08M12,,1.0,N,,,,,,,,,,,swe/fin
70805200090,408D520009,248N,"Tendiniitti, myosiitti tai bursiitti, ei komplisoitunut",248N,0,+,8.0,08M12,,,N,,,,,,,,,,,swe/fin
70805300000,408D530000,249,Tuki- ja liikuntaelinsairauden tai sidekudossairauden jälkihoito,249X,0,+,8.0,08M13,,,N,,,,,,,,,,,den/est/fin/ice/lat/nor
70805500000,408D550000,250,"Käsivarren, käden tai jalan murtuma, nyrjähdys, venähdys tai sijoiltaanmeno, aikuinen, komplisoitunut",250X,0,+,8.0,08M14,,1.0,N,,,,,,,>6574,,,,den/est/fin/ice/lat/nor
70805600000,408D560000,251,"Käsivarren, käden tai jalan murtuma, nyrjähdys, venähdys tai sijoiltaanmeno, aikuinen, ei komplisoitunut",251X,0,+,8.0,08M14,,,N,,,,,,,>6574,,,,den/est/fin/ice/lat/nor
70805700000,408D570000,252,"Käsivarren, käden tai jalan murtuma, nyrjähdys, venähdys tai sijoiltaanmeno, lapsi",252X,0,+,8.0,08M14,,,N,,,,,,,,,,,den/est/fin/ice/lat/nor
70805900000,408D590000,253,"Olkavarren tai alaraaj. paitsi jalan murtuma, nyrjähdys, venähdys tai sijoiltaanmeno, aikuinen, komplisoitunut",253X,0,+,8.0,08M15,,1.0,N,,,,,,,>6574,,,,den/est/fin/ice/lat/nor/swe
70806000000,408D600000,254,"Olkavarren tai alaraaj. paitsi jalan murtuma, nyrjähdys, venähdys tai sijoilt.meno, aikuinen, ei komplisoitunut",254X,0,+,8.0,08M15,,,N,,,,,,,>6574,,,,den/est/fin/ice/lat/nor/swe
70806200000,408D620000,255,"Olkavarren tai alaraajan paitsi jalan murtuma, nyrjähdys, venähdys tai sijoiltaanmeno, lapsi",255X,0,+,8.0,08M15,,,N,,,,,,,,,,,den/est/fin/ice/lat/nor
70806300000,408D630000,256,Muu tuki- ja liikuntaelinsairaus tai sidekudossairaus,256X,0,+,8.0,,,,N,,,,,,,,,,,den/est/fin/ice/lat/nor
70900409000,409D040900,263,"Ihon revisio tai siirto haavauman tai selluliitin hoitamiseksi, komplisoitunut",263X,0,+,9.0,09M01,,1.0,S,09S01,,,,,,,,,,fin
70900410001,409D0410001,263,"Ihon revisio tai siirto haavauman tai selluliitin hoitamiseksi, komplisoitunut",263X,0,+,9.0,09M01,,1.0,,09S01,,00X10,,,,,,,,fin
70900411000,409D041100,263,"Ihon revisio tai siirto haavauman tai selluliitin hoitamiseksi, komplisoitunut",263X,0,+,9.0,09M02,,1.0,S,09S01,,,,,,,,,,den/est/fin/ice/lat/nor/swe
70900412000,409D041200,263,"Ihon revisio tai siirto haavauman tai selluliitin hoitamiseksi, komplisoitunut",263X,0,+,9.0,09M02,,1.0,,09S01,,00X10,,,,,,,,fin
70900420000,409D042000,264,"Ihon revisio tai siirto haavauman tai selluliitin hoitamiseksi, ei komplisoitunut",264X,0,+,9.0,09M01,,,S,09S01,,,,,,,,,,den/est/fin/ice/lat/nor/swe
70900420100,409D042010,264,"Ihon revisio tai siirto haavauman tai selluliitin hoitamiseksi, ei komplisoitunut",264X,0,+,9.0,09M01,,,,09S01,,00X10,,,,,,,,den/est/fin/ice/lat/swe
70900421000,409D042100,264,"Ihon revisio tai siirto haavauman tai selluliitin hoitamiseksi, ei komplisoitunut",264X,0,+,9.0,09M02,,,S,09S01,,,,,,,,,,den/est/fin/ice/lat/nor/swe
70900421100,409D042110,264,"Ihon revisio tai siirto haavauman tai selluliitin hoitamiseksi, ei komplisoitunut",264X,0,+,9.0,09M02,,,,09S01,,00X10,,,,,,,,den/est/fin/ice/lat/swe
70900422000,409D042200,268,Plastiikkakirurginen toimenpide,268X,0,+,9.0,,,,S,09S02,,,,,,,,,,den/est/fin/ice/lat/nor
70900422100,409D042210,268,Plastiikkakirurginen toimenpide,268X,0,+,9.0,,,,,09S02,,00X10,,,,,,,,den/est/fin/ice/lat
70900431100,409D043110,265,"Ihon revisio tai siirto muun ihon ongelman hoitamiseksi, komplisoitunut",265X,0,+,9.0,,,1.0,S,09S01,,,,,,,,,,den/est/fin/ice/lat/nor/swe
70900431200,409D043120,265,"Ihon revisio tai siirto muun ihon ongelman hoitamiseksi, komplisoitunut",265X,0,+,9.0,,,1.0,,09S01,,00X10,,,,,,,,fin
70900432100,409D043210,266,"Ihon revisio tai siirto muun ihon ongelman hoitamiseksi, ei komplisoitunut",266X,0,+,9.0,,,,S,09S01,,,,,,,,,,den/est/fin/ice/lat/nor/swe
70900432200,409D043220,266,"Ihon revisio tai siirto muun ihon ongelman hoitamiseksi, ei komplisoitunut",266X,0,+,9.0,,,,,09S01,,00X10,,,,,,,,fin
70901209000,409D120900,267,Perianaalinen tai perineaalinen toimenpide,267X,0,+,9.0,,,,S,09S06,,,,,,,,,,fin
70901210001,409D1210001,267,Perianaalinen tai perineaalinen toimenpide,267X,0,+,9.0,,,,,09S06,,00X10,,,,,,,,fin
70901211000,409D121100,267,Perianaalinen tai perineaalinen toimenpide,267X,0,+,9.0,,,,,09S20,,09X06,,,,,,,,den/est/fin/ice/lat/nor/swe
70901310000,409D131000,269,"Muu ihon tai ihonalaisen kudoksen toimenpide, komplisoitunut",269X,0,+,9.0,,,1.0,S,09S07,,,,,,,,,,fin
70901312000,409D131200,269,"Muu ihon tai ihonalaisen kudoksen toimenpide, komplisoitunut",269X,0,+,9.0,,,1.0,,09S08,,,,,,,,,,den/est/fin/ice/lat
70901320000,409D132000,270,"Muu ihon tai ihonalaisen kudoksen toimenpide, ei komplisoitunut",270X,0,+,9.0,,,,S,09S07,,,,,,,,,,fin
70901322000,409D132200,270,"Muu ihon tai ihonalaisen kudoksen toimenpide, ei komplisoitunut",270X,0,+,9.0,,,,,09S08,,,,,,,,,,den/est/fin/ice/lat
70901500000,409D150000,271,Ihon haavauma,271X,0,+,9.0,09M02,,,N,,,,,,,,,,,den/est/fin/ice/lat/nor
70901610000,409D161000,272,"Vaikea ihosairaus, komplisoitunut",272X,0,+,9.0,09M03,,1.0,N,,,,,,,,,,,den/est/fin/ice/lat/nor
70901620000,409D162000,272,"Vaikea ihosairaus, komplisoitunut",272X,0,+,9.0,09M99,,1.0,N,,,09X02,09X03,,,,,,,den/est/fin/ice/lat/nor
70901710000,409D171000,273,"Vaikea ihosairaus, ei komplisoitunut",273X,0,+,9.0,09M03,,,N,,,,,,,,,,,den/est/fin/ice/lat/nor/swe
70901720000,409D172000,273,"Vaikea ihosairaus, ei komplisoitunut",273X,0,+,9.0,09M99,,,N,,,09X02,09X03,,,,,,,den/est/fin/ice/lat/nor/swe
70902111000,409D211100,277,"Ihon tai ihonalaisten elinten infektiosairaus, aikuinen, komplisoitunut",277X,0,+,9.0,09M01,,1.0,N,,,,,,,>6574,,,,den/est/fin/ice/lat/nor
70902112000,409D211200,277,"Ihon tai ihonalaisten elinten infektiosairaus, aikuinen, komplisoitunut",277X,0,+,9.0,09M06,,1.0,N,,,,,,,>6574,,,,den/est/fin/ice/lat/nor
70902113000,409D211300,277,"Ihon tai ihonalaisten elinten infektiosairaus, aikuinen, komplisoitunut",277X,0,+,9.0,09M07,,1.0,N,,,09X05,,,,>6574,,,,den/est/fin/ice/lat/nor
70902200000,409D220000,278,"Ihon tai ihonalaisten elinten infektiosairaus, aikuinen, ei komplisoitunut",278X,0,+,9.0,09M01,,,N,,,,,,,>6574,,,,den/est/fin/ice/lat/nor
70902210000,409D221000,278,"Ihon tai ihonalaisten elinten infektiosairaus, aikuinen, ei komplisoitunut",278X,0,+,9.0,09M07,,,N,,,09X05,,,,>6574,,,,den/est/fin/ice/lat/nor
70902220000,409D222000,278,"Ihon tai ihonalaisten elinten infektiosairaus, aikuinen, ei komplisoitunut",278X,0,+,9.0,09M06,,,N,,,,,,,>6574,,,,den/est/fin/ice/lat/nor
70902300000,409D230000,279,"Ihon tai ihonalaisten elinten infektiosairaus, lapsi",279X,0,+,9.0,09M01,,,N,,,,,,,,,,,den/est/fin/ice/lat/nor
70902310000,409D231000,279,"Ihon tai ihonalaisten elinten infektiosairaus, lapsi",279X,0,+,9.0,09M07,,,N,,,09X05,,,,,,,,den/est/fin/ice/lat/nor
70902320000,409D232000,279,"Ihon tai ihonalaisten elinten infektiosairaus, lapsi",279X,0,+,9.0,09M06,,,N,,,,,,,,,,,den/est/fin/ice/lat/nor
70902610000,409D261000,280,"Ihon tai ihonalaisen kudoksen vamma, aikuinen, komplisoitunut",280X,0,+,9.0,09M07,,1.0,N,,,,,,,>6574,,,,den/est/fin/ice/lat/nor
70902620000,409D262000,281,"Ihon tai ihonalaisen kudoksen vamma, aikuinen, ei komplisoitunut",281X,0,+,9.0,09M07,,,N,,,,,,,>6574,,,,den/est/fin/ice/lat/nor
70902800000,409D280000,282,"Ihon tai ihonalaisen kudoksen vamma, lapsi",282X,0,+,9.0,09M07,,,N,,,,,,,,,,,den/est/fin/ice/lat/nor
70902900000,409D290000,283,"Muu ihon sairaus, komplisoitunut",283X,0,+,9.0,,,1.0,N,,,,,,,,,,,den/est/fin/ice/lat/nor
70903000001,409D3000001,284B,"Muu ihon sairaus, ei komplisoitunut, lapsi, <16",284B,0,+,9.0,,,,N,,,,,,,<5844,,,,fin
70903000900,409D300090,284A,"Muu ihon sairaus, ei komplisoitunut, >=16",284A,0,+,9.0,,,,N,,,,,,,,,,,fin
70904000450,409D500004,505,Vaativa tai komplisoitunut rinnan rekonstruktioleikkaus,505,0,+,30.0,,,,S,30S03,30S11,30X01,30X05,,,,,,,fin/ice/nor/swe
70904500225,409D500006,505,Vaativa tai komplisoitunut rinnan rekonstruktioleikkaus,505,0,+,,,30P01,,S,30S03,30S11,30X05,,,,,,,,fin/ice/nor/swe
70904750112,409D500008,505,Vaativa tai komplisoitunut rinnan rekonstruktioleikkaus,505,0,+,30.0,,,,S,30S11,,30X05,,,,,,,,fin/ice/nor/swe
70905000000,409D500000,502,Rinnan poisto ja muu rekonstruktioleikkaus,502X,0,+,30.0,,,,S,30S03,30S11,30X01,,,,,,,,fin
70905000200,409D500020,502,Rinnan poisto ja muu rekonstruktioleikkaus,502X,0,+,,,30P01,,S,30S03,30S11,,,,,,,,,den/est/fin/lat/nor/swe
70905001100,409D500110,259B,"Rintarauhasen osittainen poisto maligniteetin takia, komplisoitunut",259B,0,+,30.0,,,,S,30S04,30S11,30X01,,,,,,,,fin
70905006150,409D500125,506,Muu rinnan rekonstruktioleikkaus,506,0,+,30.0,,,,S,30S11,,,,,,,,,,fin/ice/nor/swe
70905011100,409D501110,257,"Rintarauhasen poisto maligniteetin takia, komplisoitunut",257X,0,+,30.0,,,1.0,S,30S03,,30X01,,,,,,,,den/est/fin/ice/lat/nor
70905012000,409D501200,258,"Rintarauhasen poisto maligniteetin takia, ei komplisoitunut",258X,0,+,30.0,,,,S,30S03,,30X01,,,,,,,,den/est/fin/ice/lat/nor/swe
70905021101,409D5021101,259A,Rintarauhasen osittainen poisto ja korjaus maligniteetin takia,259A,0,+,30.0,,,1.0,S,30S04,,30X01,,,,,,,,fin
70905021201,409D5021201,259A,Rintarauhasen osittainen poisto ja korjaus maligniteetin takia,259A,0,+,30.0,,,1.0,S,30S05,,30X01,,,,,,,,fin
70905021211,409D5021211,259A,Rintarauhasen osittainen poisto ja korjaus maligniteetin takia,259A,0,+,30.0,,,1.0,,30S05,,30X01,00X10,,,,,,,fin
70905022100,409D502210,260,"Rintarauhasen osittainen poisto maligniteetin takia, ei komplisoitunut",260X,0,+,30.0,,,,S,30S04,,30X01,,,,,,,,den/est/fin/ice/lat/nor/swe
70905022200,409D502220,260,"Rintarauhasen osittainen poisto maligniteetin takia, ei komplisoitunut",260X,0,+,30.0,,,,S,30S05,,30X01,,,,,,,,den/est/fin/ice/lat/nor/swe
70905022210,409D502221,260,"Rintarauhasen osittainen poisto maligniteetin takia, ei komplisoitunut",260X,0,+,30.0,,,,,30S05,,30X01,00X10,,,,,,,den/est/fin/ice/lat/swe
70905023200,409D502320,261,"Rintarauhasleikkaus hyvänlaatuisen sairauden takia, ei biopsia tai ekskisio",261X,0,+,30.0,,,,S,30S03,,-30X01,,,,,,,,den/est/fin/ice/lat/nor/swe
70905023300,409D502330,261,"Rintarauhasleikkaus hyvänlaatuisen sairauden takia, ei biopsia tai ekskisio",261X,0,+,30.0,,,,S,30S04,,-30X01,,,,,,,,den/est/fin/ice/lat/nor/swe
70905023400,409D502340,261,"Rintarauhasleikkaus hyvänlaatuisen sairauden takia, ei biopsia tai ekskisio",261X,0,+,,,30P01,,S,30S03,,,,,,,,,,den/est/fin/ice/lat/nor/swe
70905111100,409D511110,262,Rintarauhasen biopsia tai paikallinen ekskisio,262X,0,+,30.0,,,,S,30S05,,,,,,,,,,den/est/fin/ice/lat/nor/swe
70905111200,409D511120,262,Rintarauhasen biopsia tai paikallinen ekskisio,262X,0,+,30.0,,,,,30S05,,00X10,,,,,,,,fin
70905120100,409D512010,509,Muu rinnan sairauden toimenpide,509X,0,+,30.0,,,,S,30S99,,,,,,,,,,den/est/fin/ice/lat/nor/swe
70905120200,409D512020,509,Muu rinnan sairauden toimenpide,509X,0,+,30.0,,,,,30S99,,00X10,,,,,,,,fin
70905180000,409D518000,274,"Rintasyöpä, komplisoitunut",274X,0,+,30.0,30M04,,1.0,N,,,,,,,,,,,den/est/fin/ice/lat/nor/swe
70905199500,409D519950,275A,"Rintasyöpä, ei komplisoitunut, sädehoito",275FA,0,+,30.0,30M04,,,N,90T06,,,,,,,,,,fin
70905199510,409D519951,275A,"Rintasyöpä, ei komplisoitunut, sädehoito",275FA,0,+,30.0,30M04,,,N,90T07,,,,,,,,,,fin
70905199520,409D519952,275A,"Rintasyöpä, ei komplisoitunut, sädehoito",275FA,0,+,30.0,30M04,,,N,90T08,,,,,,,,,,fin
70905199530,409D519953,275A,"Rintasyöpä, ei komplisoitunut, sädehoito",275FA,0,+,30.0,30M04,,,N,90T05,,,,,,,,,,fin
70905199600,409D519960,275B,"Rintasyöpä, ei komplisoitunut, sytostaattihoito",275FB,0,+,30.0,30M04,,,N,90T01,90S01,,,,,,,,,fin
70905199610,409D519961,275B,"Rintasyöpä, ei komplisoitunut, sytostaattihoito",275FB,0,+,30.0,30M04,,,N,99S80,,,,,,,,,,fin
70905199990,409D519999,275E,"Rintasyöpä, ei komplisoitunut",275FE,0,+,30.0,30M04,,,N,,,,,,,,,,,fin
70905200000,409D520000,276,Hyvänlaatuinen rintarauhasen sairaus,276X,0,+,30.0,,,,N,,,,,,,,,,,den/est/fin/ice/lat/nor/swe
71000110000,410D011000,285,"Raajan amputaatio endokriinisen, nutritionaalisen tai metabolisen sairauden takia",285X,0,+,10.0,,,,S,10S01,,,,,,,,,,den/est/fin/ice/lat/nor
71000219000,410D021900,286,Lisämunuaisen ja aivolisäkkeen leikkaukset,286X,0,+,10.0,,,,S,10S02,,,,,,,,,,fin
71000220001,410D0220001,286,Lisämunuaisen ja aivolisäkkeen leikkaukset,286X,0,+,10.0,,,,,10S02,,00X10,,,,,,,,fin
71000221000,410D022100,286,Lisämunuaisen ja aivolisäkkeen leikkaukset,286X,0,+,10.0,,,,S,10S09,,10X02,,,,,,,,den/est/fin/ice/lat/nor/swe
71000401000,410D040100,288A,Liikalihavuuden hoito mahasuolikanavan leikkauksella,288A,0,+,10.0,,,,S,10S20,,,,,,,,,,fin
71000401200,410D040120,288B,Muu liikalihavuuden hoitoon liittyvä leikkaus,288B,0,+,10.0,,,,S,10S04,,,,,,,,,,den/est/fin/ice/lat/nor/swe
71000401300,410D040130,288B,Muu liikalihavuuden hoitoon liittyvä leikkaus,288B,0,+,10.0,,,,,10S04,,00X10,,,,,,,,fin
71000511000,410D051100,289,Lisäkilpirauhasleikkaus,289X,0,+,10.0,,,,S,10S05,,,,,,,,,,den/est/fin/ice/lat/nor
71000512000,410D051200,289,Lisäkilpirauhasleikkaus,289X,0,+,10.0,,,,,10S05,,00X10,,,,,,,,fin
71000521000,410D052100,289,Lisäkilpirauhasleikkaus,289X,0,+,,,10P01,,S,10S05,,,,,,,,,,den/est/fin/ice/lat/nor
71000522000,410D052200,289,Lisäkilpirauhasleikkaus,289X,0,+,,,10P01,,,10S05,,00X10,,,,,,,,fin
71000610000,410D061000,290,Kilpirauhasleikkaus,290X,0,+,10.0,,,,S,10S06,,,,,,,,,,den/est/fin/ice/lat/nor
71000620000,410D062000,290,Kilpirauhasleikkaus,290X,0,+,10.0,,,,,10S06,,00X10,,,,,,,,fin
71000810975,410D081096,315D,"Munuaisten ja virtsateiden vajaatoiminta, hemodialyysifistelin rakentaminen tai sulkeminen",315D,0,+,,,11P01,,S,11S13,,,,,,,,,,den/est/fin/ice/lat/swe
71000810987,410D081098,315E,"Munuaisten ja virtsateiden vajaatoiminta, peritoneaalikatetrin asentaminen",315E,0,+,,,11P01,,S,11S14,,,,,,,,,,den/est/fin/ice/lat/swe
71000810993,410D081099,315E,"Munuaisten ja virtsateiden vajaatoiminta, peritoneaalikatetrin asentaminen",315E,0,+,,,11P01,,,11S14,,00X10,,,,,,,,den/est/fin/ice/lat/swe
71000811000,410D081100,292,"Muu leikkaus endokriinisen, nutritionaalisen tai metabolisen sairauden vuoksi, komplisoitunut",292X,0,+,10.0,,,1.0,S,10S08,,,,,,,,,,den/est/fin/ice/lat/nor/swe
71000811100,410D081110,292,"Muu leikkaus endokriinisen, nutritionaalisen tai metabolisen sairauden vuoksi, komplisoitunut",292X,0,+,10.0,,,1.0,,10S08,,00X10,,,,,,,,fin
71000821000,410D082100,293,"Muu leikkaus endokriinisen, nutritionaalisen tai metabolisen sairauden vuoksi, ei komplisoitunut",293X,0,+,10.0,,,,S,10S08,,,,,,,,,,den/est/fin/ice/lat/nor/swe
71000821100,410D082110,293,"Muu leikkaus endokriinisen, nutritionaalisen tai metabolisen sairauden vuoksi, ei komplisoitunut",293X,0,+,10.0,,,,,10S08,,00X10,,,,,,,,fin
71000911000,410D091100,339,"Kivesleikkaus, ei pahanlaatuista sairautta, aikuinen",339X,0,+,10.0,,,,S,12S03,,10X01,,,,>6574,,,,den/est/fin/ice/lat/nor
71000912000,410D091200,339,"Kivesleikkaus, ei pahanlaatuista sairautta, aikuinen",339X,0,+,10.0,,,,,12S03,,10X01,00X10,,,>6574,,,,fin
71000921000,410D092100,340,"Kivesleikkaus, lapsi, ei pahanlaatuista sairautta",340X,0,+,10.0,,,,S,12S03,,10X01,,,,,,,,den/est/fin/ice/lat/nor
71000922000,410D092200,340,"Kivesleikkaus, lapsi, ei pahanlaatuista sairautta",340X,0,+,10.0,,,,,12S03,,10X01,00X10,,,,,,,fin
71001101025,410D110101,291M,"Diabetes, > 17 vuotias, erittäin komplisoitunut",291M,0,+,10.0,10M01,,2.0,N,,,,,,,>6574,,,,swe/est/fin/lat
71001101070,410D1101055,291C,"Diabetes, > 17 vuotias, komplisoitunut",291C,0,+,10.0,10M01,,1.0,N,,,,,,,>6574,,,,swe/est/fin/nor/lat/ice
71001101545,410D1101099,291N,"Diabetes, > 17 vuotias, ei komplisoitunut",291N,0,+,10.0,10M01,,,N,,,,,,,>6574,,,,swe/est/fin/nor/lat/ice
71001156000,410D110205,291,"Diabetes, lapsi",291,0,+,10.0,10M01,,,N,,,,,,,,,,,est/fin/ice/lat/nor/swe
71001215000,410D121001,296M,"Ravitsemuksellinen tai muu metabolinen häiriö, aikuinen, erittäin komplisoitunut",296M,0,+,10.0,10M02,,2.0,N,,,,,,,>6574,,,,est/fin
71001217500,410D121002,296C,"Ravitsemuksellinen tai muu metabolinen häiriö, aikuinen, komplisoitunut",296C,0,+,10.0,10M02,,1.0,N,,,,,,,>6574,,,,est/fin
71001220000,410D122000,297,"Ravitsemuksellinen tai muu metabolinen häiriö, aikuinen, ei komplisoitunut",297X,0,+,10.0,10M02,,,N,,,,,,,>6574,,,,den/est/fin/ice/lat/nor
71001230000,410D123000,298,"Ravitsemuksellinen tai muu metabolinen häiriö, lapsi",298X,0,+,10.0,10M02,,,N,,,,,,,,,,,den/est/fin/ice/lat/nor
71001500000,410D150000,299,Metabolinen sairaus,299X,0,+,10.0,10M03,,,N,,,,,,,,,,,den/est/ice/lat/nor/swe/fin
71001600000,410D160000,300,"Muu endokriininen sairaus, komplisoitunut",300X,0,+,10.0,,,1.0,N,,,,,,,,,,,den/est/fin/ice/lat/nor
71001619400,410D161940,301A,"Endokriininen syöpäsairaus, radiojodihoito tai ulkoinen sädehoito",301A,0,+,10.0,,,,N,90T06,,90X01,,,,,,,,fin
71001619410,410D161941,301A,"Endokriininen syöpäsairaus, radiojodihoito tai ulkoinen sädehoito",301A,0,+,10.0,,,,N,90T07,,90X01,,,,,,,,fin
71001619500,410D161950,301B,"Endokriininen syöpäsairaus, vaativa isotooppihoito",301B,0,+,10.0,,,,N,90T08,,90X01,,,,,,,,fin
71001619510,410D161951,301B,"Endokriininen syöpäsairaus, vaativa isotooppihoito",301B,0,+,10.0,,,,N,90T05,,90X01,,,,,,,,fin
71001619600,410D161960,301C,"Endokriininen syöpäsairaus, sytostaattihoito",301C,0,+,10.0,,,,N,90T01,90S01,90X01,,,,,,,,fin
71001619810,410D161981,301C,"Endokriininen syöpäsairaus, sytostaattihoito",301C,0,+,10.0,,,,N,99S80,,90X01,,,,,,,,fin
71001619990,410D161999,301F,"Muu endokriininen sairaus, ei komplisoitunut",301F,0,+,10.0,,,,N,,,,,,,,,,,fin
71100210000,411D021000,303,"Munuaisen, virtsajohtimen tai vaativa virtsarakon leikkaus kasvaimen takia",303X,0,+,11.0,11M03,,,S,11S02,,,,,,,,,,den/est/fin/ice/lat/nor
71100300000,411D030000,304,"Munuaisen, virtsajohtimen tai vaativa virtsarakon leikkaus, ei kasvain, komplisoitunut",304X,0,+,11.0,,,1.0,S,11S02,,,,,,,,,,fin
71100320000,411D032000,305,"Munuaisen, virtsajohtimen tai vaativa virtsarakon leikkaus, ei komplisoitunut",305X,0,+,11.0,,,,S,11S02,,,,,,,,,,den/est/fin/ice/lat/nor/swe
71100321000,411D032100,307N,Virtsaputken tekosulkijan toimenpiteet,307N,0,+,11.0,,,,S,11S11,,,,,,,,,,den/est/fin/ice/nor/swe
71100330000,411D033000,148,"Laaja ohuen tai paksunsuolen leikkaus, komplisoitunut",148X,0,+,11.0,,,1.0,S,06S02,,,,,,,,,,den/est/fin/ice/lat/nor
71100340000,411D034000,149,"Laaja ohuen tai paksunsuolen leikkaus, ei komplisoitunut",149X,0,+,11.0,,,,S,06S02,,,,,,,,,,den/est/fin/ice/lat/nor/swe
71100500000,411D050000,308,"Muu virtsarakon toimenpide, komplisoitunut",308X,0,+,11.0,,,1.0,S,11S03,,,,,,,,,,fin
71100510001,411D0510001,308,"Muu virtsarakon toimenpide, komplisoitunut",308X,0,+,11.0,,,1.0,,11S03,,00X10,,,,,,,,fin
71100520000,411D052000,309,"Muu virtsarakon toimenpide, ei komplisoitunut",309X,0,+,11.0,,,,S,11S03,,,,,,,,,,den/est/fin/ice/lat/nor/swe
71100530000,411D053000,309,"Muu virtsarakon toimenpide, ei komplisoitunut",309X,0,+,11.0,,,,,11S03,,00X10,,,,,,,,fin
71100900000,411D090000,310,"Transuretraalinen toimenpide, ei prostatektomia, komplisoitunut",310X,0,+,11.0,,,1.0,S,11S05,,,,,,,,,,fin
71100910001,411D0910001,310,"Transuretraalinen toimenpide, ei prostatektomia, komplisoitunut",310X,0,+,11.0,,,1.0,,11S05,,00X10,,,,,,,,fin
71100920000,411D092000,311,"Transuretraalinen toimenpide, ei prostatektomia, ei komplisoitunut",311X,0,+,11.0,,,,S,11S05,,,,,,,,,,den/est/fin/ice/lat/nor/swe
71100930000,411D093000,311,"Transuretraalinen toimenpide, ei prostatektomia, ei komplisoitunut",311X,0,+,11.0,,,,,11S05,,00X10,,,,,,,,fin
71101110000,411D111000,312,"Virtsaputken leikkaus, aikuinen, komplisoitunut",312X,0,+,11.0,,,1.0,S,11S06,,,,,,>6574,,,,fin
71101111010,411D111101,312,"Virtsaputken leikkaus, aikuinen, komplisoitunut",312X,0,+,11.0,,,1.0,,11S06,,00X10,,,,>6574,,,,fin
71101112000,411D111200,313,"Virtsaputken leikkaus, aikuinen, ei komplisoitunut",313X,0,+,11.0,,,,S,11S06,,,,,,>6574,,,,den/est/fin/ice/lat/nor
71101113000,411D111300,313,"Virtsaputken leikkaus, aikuinen, ei komplisoitunut",313X,0,+,11.0,,,,,11S06,,00X10,,,,>6574,,,,fin
71101131000,411D113100,314,"Virtsaputken leikkaus, lapsi",314X,0,+,11.0,,,,S,11S06,,,,,,,,,,den/est/fin/ice/lat/nor
71101132000,411D113200,314,"Virtsaputken leikkaus, lapsi",314X,0,+,11.0,,,,,11S06,,00X10,,,,,,,,fin
71101410000,411D141000,315B,Muu munuaisten tai virtsateiden toimenpide,315B,0,+,11.0,,,,S,11S15,,,,,,,,,,den/est/fin/ice/lat
71101410005,411D140002,315D,"Munuaisten ja virtsateiden vajaatoiminta, hemodialyysifistelin rakentaminen tai sulkeminen",315D,0,+,11.0,,,,S,11S13,,,,,,,,,,den/est/fin/ice/lat/swe
71101410007,411D140003,315E,"Munuaisten ja virtsateiden vajaatoiminta, peritoneaalikatetrin asentaminen",315E,0,+,11.0,,,,S,11S14,,,,,,,,,,den/est/fin/ice/lat/swe
71101410008,411D140004,315E,"Munuaisten ja virtsateiden vajaatoiminta, peritoneaalikatetrin asentaminen",315E,0,+,11.0,,,,,11S14,,00X10,,,,,,,,den/est/fin/ice/lat/swe
71101410100,411D141010,315B,Muu munuaisten tai virtsateiden toimenpide,315B,0,+,11.0,,,,,11S15,,00X10,,,,,,,,den/est/fin/ice/lat
71101411000,411D141100,315B,Muu munuaisten tai virtsateiden toimenpide,315B,0,+,11.0,,,,S,11S90,,11X01,,,,,,,,den/est/fin/ice/lat
71101411100,411D141110,315B,Muu munuaisten tai virtsateiden toimenpide,315B,0,+,11.0,,,,,11S90,,11X01,00X10,,,,,,,den/est/fin/ice/lat
71101412000,411D141200,315B,Muu munuaisten tai virtsateiden toimenpide,315B,0,+,,,11P01,,S,11S15,,,,,,,,,,den/est/fin/ice/lat
71101500000,411D150000,315A,"Munuaisten ja virtsateiden vajaatoiminta, hemodialyysikatetrin asentaminen",315A,0,+,11.0,,,,S,11S12,,,,,,,,,,den/est/fin/ice/lat
71101500100,411D150010,315A,"Munuaisten ja virtsateiden vajaatoiminta, hemodialyysikatetrin asentaminen",315A,0,+,11.0,,,,,11S12,,00X10,,,,,,,,den/est/fin/ice/lat
71101696000,411D169600,334,"Vaativa lantionalueen leikkaus liittyen esim. eturauhasen, kiveksen, peniksen jne. sairauksiin, komplisoitunut",334X,0,+,11.0,,,1.0,S,12S01,,,,,,,,,,fin
71101696200,411D169620,335,"Vaativa lantionalueen leikkaus liittyen esim. eturauhasen, kiveksen, peniksen jne. sairauksiin, ei komplisoitunut",335X,0,+,11.0,,,,S,12S01,,,,,,,,,,den/est/fin/ice/lat/nor
71101697000,411D169700,336,"Transuretraalinen prostatektomia, komplisoitunut",336X,0,+,11.0,,,1.0,S,12S04,,,,,,,,,,fin
71101697101,411D1697101,336,"Transuretraalinen prostatektomia, komplisoitunut",336X,0,+,11.0,,,1.0,,12S04,,00X10,,,,,,,,fin
71101697200,411D169720,337,"Transuretraalinen prostatektomia, ei komplisoitunut",337X,0,+,11.0,,,,S,12S04,,,,,,,,,,den/est/fin/ice/lat/nor
71101697300,411D169730,337,"Transuretraalinen prostatektomia, ei komplisoitunut",337X,0,+,11.0,,,,,12S04,,00X10,,,,,,,,fin
71101701000,411D170100,318,"Munuaisten tai virtsateiden kasvain, komplisoitunut",318X,0,+,11.0,11M03,,1.0,N,,,,,,,,,,,den/est/fin/ice/lat/nor
71101899500,411D189950,319A,"Munuaisten tai virtsateiden kasvain, ei komplisoitunut, sädehoito",319A,0,+,11.0,11M03,,,N,90T06,90S01,,,,,,,,,fin
71101899510,411D189951,319A,"Munuaisten tai virtsateiden kasvain, ei komplisoitunut, sädehoito",319A,0,+,11.0,11M03,,,N,90T07,,,,,,,,,,fin
71101899520,411D189952,319A,"Munuaisten tai virtsateiden kasvain, ei komplisoitunut, sädehoito",319A,0,+,11.0,11M03,,,N,90T08,,,,,,,,,,fin
71101899530,411D189953,319A,"Munuaisten tai virtsateiden kasvain, ei komplisoitunut, sädehoito",319A,0,+,11.0,11M03,,,N,90T05,,,,,,,,,,fin
71101899600,411D189960,319B,"Munuaisten tai virtsateiden kasvain, ei komplisoitunut, sytostaattihoito",319B,0,+,11.0,11M03,,,N,90T01,90S01,,,,,,,,,fin
71101899610,411D189961,319B,"Munuaisten tai virtsateiden kasvain, ei komplisoitunut, sytostaattihoito",319B,0,+,11.0,11M03,,,N,99S80,,,,,,,,,,fin
71101899990,411D189999,319E,"Munuaisten tai virtsateiden kasvain, ei komplisoitunut",319E,0,+,11.0,11M03,,,N,,,,,,,,,,,fin
71101910000,411D191000,320,"Munuaisten ja/tai virtsateiden infektio, aikuinen, komplisoitunut",320X,0,+,11.0,11M04,,1.0,N,,,,,,,>6574,,,,den/est/fin/ice/lat/nor
71101920000,411D192000,321,"Munuaisten ja/tai virtsateiden infektio, aikuinen, ei komplisoitunut",321X,0,+,11.0,11M04,,,N,,,,,,,>6574,,,,den/est/fin/ice/lat/nor
71101930000,411D193000,322,"Munuaisten ja/tai virtsateiden infektio, lapsi",322X,0,+,11.0,11M04,,,N,,,,,,,,,,,den/est/fin/ice/lat/nor
71102210000,411D221000,323,"Virtsatiekivi, komplisoitunut tai virtsatiekiven kehonulkoinen murskaus",323X,0,+,11.0,11M05,,1.0,N,,,,,,,,,,,den/est/fin/ice/lat/nor/swe
71102211000,411D221100,323,"Virtsatiekivi, komplisoitunut tai virtsatiekiven kehonulkoinen murskaus",323X,0,+,11.0,,,,,11S08,,,,,,,,,,den/est/fin/ice/lat/nor/swe
71102320000,411D232000,324,"Virtsatiekivi, ei komplisoitunut",324X,0,+,11.0,11M05,,,N,,,,,,,,,,,den/est/fin/ice/lat/nor/swe
71102410000,411D241000,325,"Munuais- ja virtsatiesairauden oire, aikuinen, komplisoitunut",325X,0,+,11.0,11M06,,1.0,N,,,,,,,>6574,,,,den/est/fin/ice/lat/nor
71102420000,411D242000,326,"Munuais- ja virtsatiesairauden oire, aikuinen, ei komplisoitunut",326X,0,+,11.0,11M06,,,N,,,,,,,>6574,,,,den/est/fin/ice/lat/nor
71102430000,411D243000,327,"Munuais- ja virtsatiesairauden oire, lapsi",327X,0,+,11.0,11M06,,,N,,,,,,,,,,,den/est/fin/ice/lat/nor
71102730000,411D273000,329N,Virtsaputken ahtauma,329N,0,+,11.0,11M07,,,N,,,,,,,,,,,den/est/fin/ice/lat/nor
71102910000,411D291000,317,Dialyysihoito,317X,0,+,11.0,11M02,,,,,,,,,,,,,,den/est/fin/ice/lat/nor/swe
71102920100,411D170001,316A,"Munuaisten toiminnanvajaus, komplisoitunut, dialyysihoito",316A,0,+,11.0,,,1.0,N,11S09,,,,,,,,,,fin
71102920125,411D2920019,316B,"Munuaisten toiminnanvajaus, ei dialyysi/kompl, dialyysi/ei kompl, ei dialyysi/ei kompl",316B,0,+,11.0,11M01,,,,,,,,,,,,,,fin
71102920150,411D170003,316B,"Munuaisten toiminnanvajaus, ei dialyysi/kompl, dialyysi/ei kompl, ei dialyysi/ei kompl",316B,0,+,11.0,,,,N,11S09,,,,,,,,,,fin
71103200000,411D320000,331,"Muu munuaisten tai virtsateiden sairaus, aikuinen, komplisoitunut",331X,0,+,11.0,,,1.0,N,,,,,,,>6574,,,,den/est/fin/ice/lat/nor
71103300000,411D330000,332,"Muu munuaisten tai virtsateiden sairaus, aikuinen, ei komplisoitunut",332X,0,+,11.0,,,,N,,,,,,,>6574,,,,den/est/fin/ice/lat/nor/swe
71103400000,411D340000,333,"Muu munuaisten tai virtsateiden sairaus, lapsi",333X,0,+,11.0,,,,N,,,,,,,,,,,den/est/fin/ice/lat/nor/swe
71200100000,412D010000,334,"Vaativa lantionalueen leikkaus liittyen esim. eturauhasen, kiveksen, peniksen jne. sairauksiin, komplisoitunut",334X,0,+,12.0,,,1.0,S,12S01,,,,,,,,,,fin
71200120000,412D012000,335,"Vaativa lantionalueen leikkaus liittyen esim. eturauhasen, kiveksen, peniksen jne. sairauksiin, ei komplisoitunut",335X,0,+,12.0,,,,S,12S01,,,,,,,,,,den/est/fin/ice/lat/nor
71200310000,412D031000,341,Peniksen muu kuin ympärileikkaus,341X,0,+,12.0,,,,S,12S02,,,,,,,,,,den/est/fin/ice/lat/nor/swe
71200320000,412D032000,341,Peniksen muu kuin ympärileikkaus,341X,0,+,12.0,,,,,12S02,,00X10,,,,,,,,fin
71200410000,412D041000,338,"Kivesleikkaus, pahanlaatuisen sairauden vuoksi",338X,0,+,12.0,12M01,,,S,12S03,,,,,,,,,,den/est/fin/ice/lat/nor
71200420000,412D042000,338,"Kivesleikkaus, pahanlaatuisen sairauden vuoksi",338X,0,+,12.0,12M01,,,,12S03,,00X10,,,,,,,,fin
71200621000,412D062100,339,"Kivesleikkaus, ei pahanlaatuista sairautta, aikuinen",339X,0,+,12.0,,,,S,12S03,,,,,,>6574,,,,den/est/fin/ice/lat/nor
71200622000,412D062200,339,"Kivesleikkaus, ei pahanlaatuista sairautta, aikuinen",339X,0,+,12.0,,,,,12S03,,00X10,,,,>6574,,,,fin
71200641000,412D064100,340,"Kivesleikkaus, lapsi, ei pahanlaatuista sairautta",340X,0,+,12.0,,,,S,12S03,,,,,,,,,,den/est/fin/ice/lat/nor
71200642000,412D064200,340,"Kivesleikkaus, lapsi, ei pahanlaatuista sairautta",340X,0,+,12.0,,,,,12S03,,00X10,,,,,,,,fin
71200800000,412D080000,336,"Transuretraalinen prostatektomia, komplisoitunut",336X,0,+,12.0,,,1.0,S,12S04,,,,,,,,,,fin
71200801001,412D0801001,336,"Transuretraalinen prostatektomia, komplisoitunut",336X,0,+,12.0,,,1.0,,12S04,,00X10,,,,,,,,fin
71200802000,412D080200,337,"Transuretraalinen prostatektomia, ei komplisoitunut",337X,0,+,12.0,,,,S,12S04,,,,,,,,,,den/est/fin/ice/lat/nor
71200803000,412D080300,337,"Transuretraalinen prostatektomia, ei komplisoitunut",337X,0,+,12.0,,,,,12S04,,00X10,,,,,,,,fin
71200921001,412D0921001,342N,Ympärileikkaus,342N,0,+,12.0,,,,S,12S05,,,,,,,,,,est/fin/ice/lat/nor
71201109000,412D110900,344,"Muu eturauhasen, kiveksen, peniksen jne. leikkaus pahanlaatuisen sairauden vuoksi",344X,0,+,12.0,12M01,,,S,12S08,,,,,,,,,,fin
71201110001,412D1110001,344,"Muu eturauhasen, kiveksen, peniksen jne. leikkaus pahanlaatuisen sairauden vuoksi",344X,0,+,12.0,12M01,,,,12S08,,00X10,,,,,,,,fin
71201111000,412D111100,344,"Muu eturauhasen, kiveksen, peniksen jne. leikkaus pahanlaatuisen sairauden vuoksi",344X,0,+,12.0,12M01,,,S,12S07,,,,,,,,,,den/est/fin/ice/lat/nor
71201112000,412D111200,344,"Muu eturauhasen, kiveksen, peniksen jne. leikkaus pahanlaatuisen sairauden vuoksi",344X,0,+,12.0,12M01,,,,12S07,,00X10,,,,,,,,fin
71201121000,412D112100,345,"Muu eturauhasen, kiveksen, peniksen jne. leikkaus, ei pahanlaatuista sairautta",345X,0,+,12.0,,,,S,12S08,,,,,,,,,,den/est/fin/ice/lat/nor/swe
71201122000,412D112200,345,"Muu eturauhasen, kiveksen, peniksen jne. leikkaus, ei pahanlaatuista sairautta",345X,0,+,12.0,,,,,12S08,,00X10,,,,,,,,fin
71201300000,412D130000,346,"Eturauhasen, kiveksen, peniksen jne. pahanlaatuinen sairaus, komplisoitunut",346X,0,+,12.0,12M01,,1.0,N,,,,,,,,,,,den/est/fin/ice/lat/nor/swe
71201499300,412D149930,347A,"Eturauhasen, kiveksen, peniksen jne. pahanlaatuinen sairaus, ei komplisoitunut, sädehoito",347A,0,+,12.0,12M01,,,N,90T06,,,,,,,,,,fin
71201499400,412D149940,347B,"Eturauhasen, kiveksen, peniksen jne. pahanlaatuisen sairaus, ei komplisoitunut, stereotaktinen sädehoito tai vaativa isotooppihoito",347B,0,+,12.0,12M01,,,N,90T07,,,,,,,,,,fin
71201499500,412D149950,347C,"Eturauhasen, kiveksen, peniksen jne. pahanlaatuisen sairaus, ei komplisoitunut, erityistason vaativa isotooppihoito",347C,0,+,12.0,12M01,,,N,90T08,,,,,,,,,,fin
71201499510,412D149951,347C,"Eturauhasen, kiveksen, peniksen jne. pahanlaatuisen sairaus, ei komplisoitunut, erityistason vaativa isotooppihoito",347C,0,+,12.0,12M01,,,N,90T05,,,,,,,,,,fin
71201499600,412D149960,347D,"Eturauhasen, kiveksen, peniksen jne. pahanlaatuisen sairaus, ei komplisoitunut, sytostaattihoito",347D,0,+,12.0,12M01,,,N,90T01,90S01,,,,,,,,,fin
71201499610,412D149961,347D,"Eturauhasen, kiveksen, peniksen jne. pahanlaatuisen sairaus, ei komplisoitunut, sytostaattihoito",347D,0,+,12.0,12M01,,,N,99S80,,,,,,,,,,fin
71201499990,412D149999,347G,"Eturauhasen, kiveksen, peniksen jne. pahanlaatuisen sairaus, ei komplisoitunut",347G,0,+,12.0,12M01,,,N,,,,,,,,,,,fin
71201600001,412D1600001,349N,Prostatahyperplasia,349N,0,+,12.0,12M02,,,N,,,,,,,,,,,swe/est/fin/ice/nor
71201700000,412D170000,350,"Eturauhasen, kiveksen, peniksen jne. tulehdus",350X,0,+,12.0,12M03,,,N,,,,,,,,,,,den/est/fin/ice/lat/nor
71201811000,412D181100,351,"Vasektomia, siemenjohtimien katkaisu",351X,0,+,12.0,,,,,12S07,,,,,,,,,,den/est/fin/ice/lat/nor/swe
71209010000,412D901000,312,"Virtsaputken leikkaus, aikuinen, komplisoitunut",312X,0,+,12.0,,,1.0,S,11S06,,,,,,>6574,,,,fin
71209011001,412D9011001,312,"Virtsaputken leikkaus, aikuinen, komplisoitunut",312X,0,+,12.0,,,1.0,,11S06,,00X10,,,,>6574,,,,fin
71209012000,412D901200,313,"Virtsaputken leikkaus, aikuinen, ei komplisoitunut",313X,0,+,12.0,,,,S,11S06,,,,,,>6574,,,,den/est/fin/ice/lat/nor
71209013000,412D901300,313,"Virtsaputken leikkaus, aikuinen, ei komplisoitunut",313X,0,+,12.0,,,,,11S06,,00X10,,,,>6574,,,,fin
71209031000,412D903100,314,"Virtsaputken leikkaus, lapsi",314X,0,+,12.0,,,,S,11S06,,,,,,,,,,den/est/fin/ice/lat/nor
71209032000,412D903200,314,"Virtsaputken leikkaus, lapsi",314X,0,+,12.0,,,,,11S06,,00X10,,,,,,,,fin
71209900000,412D990000,352,"Muu eturauhasen, kiveksen, peniksen jne. sairaus",352X,0,+,12.0,,,,N,,,,,,,,,,,den/est/fin/ice/lat/nor/swe
71300110000,413D011000,353,Gynekologisen syövän radikaalihoito,353X,0,+,13.0,,,,S,13S01,,,,,,,,,,den/est/fin/ice/lat/nor
71300210000,413D021000,357,Kohdun ja sivuelinten leikkaus munasarjojen tai sivuelinten pahanlaatuisen kasvaimen takia,357X,0,+,,,13P01,,S,13S02,,,,,,,,,,den/est/fin/ice/lat/nor
71300220000,413D022000,357,Kohdun ja sivuelinten leikkaus munasarjojen tai sivuelinten pahanlaatuisen kasvaimen takia,357X,0,+,,,13P01,,,13S02,,00X10,,,,,,,,fin
71300300000,413D030000,354,"Kohdun ja sivuel. leikk. muun kuin munasarjojen ja sivuel. pahanlaat. kasvaimen takia, komplisoitunut",354X,0,+,,,13P02,1.0,S,13S02,,,,,,>0,,,,fin
71300310001,413D0310001,354,"Kohdun ja sivuel. leikk. muun kuin munasarjojen ja sivuel. pahanlaat. kasvaimen takia, komplisoitunut",354X,0,+,,,13P02,1.0,,13S02,,00X10,,,,,,,,fin
71300320000,413D032000,355,"Kohdun ja sivuel. leikk. muun kuin munasarjojen ja sivuel. pahanlaat. kasvaimen takia, ei komplisoitunut",355X,0,+,,,13P02,,S,13S02,,,,,,,,,,den/est/fin/ice/lat/nor/swe
71300330000,413D033000,355,"Kohdun ja sivuel. leikk. muun kuin munasarjojen ja sivuel. pahanlaat. kasvaimen takia, ei komplisoitunut",355X,0,+,,,13P02,,,13S02,,00X10,,,,,,,,fin
71300500000,413D050000,358,"Kohdun ja sivuelinten leikkaus hyvänlaatuisen sairauden takia, komplisoitunut",358X,0,+,13.0,,,1.0,S,13S02,,,,,,,,,,fin
71300510001,413D0510001,358,"Kohdun ja sivuelinten leikkaus hyvänlaatuisen sairauden takia, komplisoitunut",358X,0,+,13.0,,,1.0,,13S02,,00X10,,,,,,,,fin
71300520000,413D052000,359,"Kohdun ja sivuelinten leikkaus hyvänlaatuisen sairauden takia, ei komplisoitunut",359X,0,+,13.0,,,,S,13S02,,,,,,,,,,den/est/fin/ice/lat/nor/swe
71300521000,413D052100,359,"Kohdun ja sivuelinten leikkaus hyvänlaatuisen sairauden takia, ei komplisoitunut",359X,0,+,13.0,,,,,13S02,,00X10,,,,,,,,den/est/fin/ice/lat/swe
71300710000,413D071000,356,Gynekologinen korjausleikkaus,356X,0,+,13.0,,,,S,13S05,,,,,,,,,,den/est/fin/ice/lat/nor/swe
71300810000,413D081000,361,Laparoskopia tai munajohdinten katkaisu,361X,0,+,13.0,,,,S,13S03,,,,,,,,,,den/est/fin/ice/lat/nor
71300910000,413D091000,360,"Vulvan, vaginan tai cervixin leikkaus",360X,0,+,13.0,,,,S,13S04,,,,,,,,,,den/est/fin/ice/lat/nor
71300920000,413D092000,360,"Vulvan, vaginan tai cervixin leikkaus",360X,0,+,13.0,,,,,13S04,,00X10,,,,,,,,fin
71301010000,413D101000,363,Kaavinta ja konisaatio tai paikallinen sädehoito pahanlaatuisen sairauden takia,363X,0,+,13.0,13M01,,,S,13S06,,,,,,,,,,den/est/fin/ice/lat/nor
71301020000,413D102000,363,Kaavinta ja konisaatio tai paikallinen sädehoito pahanlaatuisen sairauden takia,363X,0,+,13.0,13M01,,,,13S06,,00X10,,,,,,,,fin
71301110000,413D111000,364,Kaavinta ja konisaatio tai paikallinen sädehoito hyvänlaatuisen sairauden takia,364X,0,+,13.0,,,,S,13S06,,,,,,,,,,den/est/fin/ice/lat/nor
71301120000,413D112000,364,Kaavinta ja konisaatio tai paikallinen sädehoito hyvänlaatuisen sairauden takia,364X,0,+,13.0,,,,,13S06,,00X10,,,,,,,,fin
71301210000,413D121000,362,Laparoskooppinen tai muu endoskooppinen sterilisaatio,362X,0,+,13.0,,,,S,13S07,,,,,,,,,,den/est/fin/ice/lat/nor/swe
71301301001,413D1301001,365A,Gynekologinen vatsaontelon tutkimusleikkaus,365A,0,+,13.0,,,,S,13S20,-,,,,,,,,,fin
71301301900,413D130190,365B,Muu gynekologinen leikkaus,365B,0,+,13.0,,,,S,13S08,,,,,,,,,,fin
71301302000,413D130200,365B,Muu gynekologinen leikkaus,365B,0,+,13.0,,,,,13S08,,00X10,,,,,,,,fin
71301500000,413D150000,366,"Gynekologinen syöpä, komplisoitunut",366X,0,+,13.0,13M01,,1.0,N,,,,,,,,,,,den/est/fin/ice/lat/nor
71301510010,413D151001,367A,"Gynekologinen syöpä, ei komplisoitunut, sädehoito",367A,0,+,13.0,13M01,,,N,90T05,,,,,,,,,,fin
71301510200,413D151020,367B,"Gynekologinen syöpä, ei komplisoitunut, tavanomainen sytostaattihoito",367B,0,+,13.0,13M01,,,N,90T01,90S01,,,,,,,,,fin
71301510300,413D151030,367B,"Gynekologinen syöpä, ei komplisoitunut, tavanomainen sytostaattihoito",367B,0,+,13.0,13M01,,,N,99S80,,,,,,,,,,fin
71301519900,413D151990,367E,"Gynekologinen syöpä, ei komplisoitunut",367E,0,+,13.0,13M01,,,N,,,,,,,,,,,fin
71301600000,413D160000,368,Gynekologinen infektio,368X,0,+,13.0,13M03,,,N,,,,,,,,,,,den/est/fin/ice/lat/nor
71301700000,413D170000,369,Kuukautiskierron ongelma tai muu naisen lisääntymiselinten sairaus,369X,0,+,13.0,,,,N,,,,,,,,,,,den/est/fin/ice/lat/nor
71400111000,414D011100,468,"Epätavallinen toimenpiteen ja diagnoosin yhdistelmä, laaja toimenpide",468X,7,+,14.0,,,,S,99S90,,14X03,,,,,,,,den/est/fin/ice/lat/nor
71400221000,414D022100,477,"Epätavallinen toimenpiteen ja diagnoosin yhdistelmä, suppea toimenpide",477X,7,+,14.0,,,,S,,,14X03,,,,,,,,den/est/fin/ice/lat/nor
71400330888,400D7041001,384A,"Raskauden aikainen tila, komplisoitunut",384A,0,+,14.0,,,1.0,,,,14X01,,,,,,,,fin
71400440777,400D7041101,384A,"Raskauden aikainen tila, komplisoitunut",384A,0,+,13.0,,,1.0,,,,14X01,,,,,,,,fin
71400550666,400D7041002,384B,"Raskauden aikainen tila, ei komplisoitunut",384B,0,+,14.0,,,,,,,14X01,,,,,,,,fin
71400880333,400D7041102,384B,"Raskauden aikainen tila, ei komplisoitunut",384B,0,+,13.0,,,,,,,14X01,,,,,,,,fin
71400921541,408D0309903,075,Laaja rintaontelon muu kuin sydänleikkaus,075X,0,+,14.0,,,,S,04S01,,,,,,,,,,est/lat/ice/fin/nor
71401210000,414D121000,377N,Obstetrinen toimenpide,377N,0,+,14.0,,,,S,,,,,,,,,,,den/est/fin/ice/lat/nor
71401211000,414D121100,377N,Obstetrinen toimenpide,377N,0,+,14.0,,,,,,,00X10,,,,,,,,den/est/fin/ice/lat
71401310000,414D131000,376,Synnytyksen tai abortin jälkeinen tilanne ilman toimenpiteitä,376X,0,+,14.0,,,,N,,,14X05,,,,,,,,den/est/fin/ice/lat/nor
71401320000,414D132000,376,Synnytyksen tai abortin jälkeinen tilanne ilman toimenpiteitä,376X,0,+,14.0,,,,N,,,14X32,,,,,,,,den/est/fin/ice/lat/nor
71403400000,414D340000,376,Synnytyksen tai abortin jälkeinen tilanne ilman toimenpiteitä,376X,0,+,14.0,,,,N,,,14X04,,,,,,,,den/est/fin/ice/lat/nor
71403500000,414D350000,379,Uhkaava keskenmeno,379X,0,+,14.0,14M04,,,N,,,,,,,,,,,den/est/fin/ice/lat/nor
71403510000,414D351000,382,Keskeytynyt synnytys tai valeraskaus,382X,0,+,14.0,14M06,,,N,,,,,,,,,,,den/est/fin/ice/lat/nor/swe
71403710043,414D3700001,384A,"Raskauden aikainen tila, komplisoitunut",384A,0,+,14.0,,,1.0,N,,,14X10,,,,,,,,fin
71403710046,414D3710001,384A,"Raskauden aikainen tila, komplisoitunut",384A,0,+,14.0,,,1.0,N,,,,,,,,,,,fin
71403710062,414D3700002,384B,"Raskauden aikainen tila, ei komplisoitunut",384B,0,+,14.0,,,,N,,,14X10,,,,,,,,fin
71403710069,414D3710002,384B,"Raskauden aikainen tila, ei komplisoitunut",384B,0,+,14.0,,,,N,,,,,,,,,,,fin
71600111000,416D011100,392,Pernan poisto aikuinen,392X,0,+,16.0,,,,S,16S01,,,,,,>6574,,,,den/est/fin/ice/lat/nor
71600121000,416D012100,393,"Pernan poisto, lapsi",393X,0,+,16.0,,,,S,16S01,,,,,,,,,,den/est/fin/ice/lat/nor
71600310000,416D031000,394,Muu veren tai vertamuodostaviin elimiin vaikuttava leikkaus,394X,0,+,16.0,,,,S,16S02,,,,,,,,,,den/est/fin/ice/lat/nor/swe
71600311000,416D031100,394,Muu veren tai vertamuodostaviin elimiin vaikuttava leikkaus,394X,0,+,16.0,,,,,16S02,,00X10,,,,,,,,den/est/fin/lat
71600510000,416D051000,395,"Punasolusairaus, aikuinen",395X,0,+,16.0,16M01,,,N,,,,,,,>6574,,,,den/est/fin/ice/lat/nor
71600520000,416D052000,396,"Punasolusairaus, lapsi",396X,0,+,16.0,16M01,,,N,,,,,,,,,,,den/est/fin/ice/lat/nor/swe
71600600000,416D060000,397,Veren hyytymishäiriö,397X,0,+,16.0,16M02,,,N,,,,,,,,,,,den/est/fin/ice/lat/nor
71600700000,416D070000,398,"Retikuloendoteliaali- tai immuunijärjestelmän sairaus, komplisoitunut",398X,0,+,16.0,,,1.0,N,,,,,,,,,,,den/est/fin/ice/lat/nor
71600800000,416D080000,399,"Retikuloendoteliaali- tai immuunijärjestelmän sairaus, ei komplisoitunut",399X,0,+,16.0,,,,N,,,,,,,,,,,den/est/fin/ice/lat/nor/swe
71700300000,417D030000,400,Lymfooman tai leukemian vaativa operatiivinen hoito,400X,0,+,17.0,17M01,,,S,17S01,,,,,,,,,,den/est/fin/ice/lat/nor
71700300010,417D030001,400,Lymfooman tai leukemian vaativa operatiivinen hoito,400X,0,+,17.0,17M01,,,,17S01,,00X10,,,,,,,,den/est/fin/ice/lat
71700300020,417D030002,400,Lymfooman tai leukemian vaativa operatiivinen hoito,400X,0,+,17.0,17M02,,,S,17S01,,,,,,,,,,den/est/fin/ice/lat/nor
71700300030,417D030003,400,Lymfooman tai leukemian vaativa operatiivinen hoito,400X,0,+,17.0,17M02,,,,17S01,,00X10,,,,,,,,den/est/fin/ice/lat
71700300120,417D030012,473,"Akuutin leukemian konservatiivinen hoito, aikuinen",473X,0,+,17.0,17M01,,,,,,,,,,>6574,,,,den/est/fin/ice/lat/nor
71700300140,417D030014,405,"Akuutin leukemian konservatiivinen hoito, lapsi",405X,0,+,17.0,17M01,,,,,,,,,,,,,,den/est/fin/ice/lat/nor
71700410000,417D041000,401,"Lymfooman tai kroonisen leukemian operatiivinen hoito, komplisoitunut",401X,0,+,17.0,17M02,,1.0,S,,,,,,,,,,,den/est/fin/ice/lat/nor/swe
71700411000,417D041100,401,"Lymfooman tai kroonisen leukemian operatiivinen hoito, komplisoitunut",401X,0,+,17.0,17M02,,1.0,,,,00X10,,,,,,,,den/est/fin/ice/lat
71700420000,417D042000,402,"Lymfooman tai kroonisen leukemian operatiivinen hoito, ei komplisoitunut",402X,0,+,17.0,17M02,,,S,,,,,,,,,,,den/est/fin/ice/lat/nor/swe
71700430000,417D043000,402,"Lymfooman tai kroonisen leukemian operatiivinen hoito, ei komplisoitunut",402X,0,+,17.0,17M02,,,,,,00X10,,,,,,,,fin
71700600000,417D060000,403,"Lymfooma tai krooninen leukemia, komplisoitunut",403X,0,+,17.0,17M02,,1.0,,,,,,,,,,,,den/est/fin/ice/lat/nor
71700799400,417D079940,404A,"Lymfooma tai krooninen leukemia, ei komplisoitunut, sädehoito",404A,0,+,17.0,17M02,,,,90T06,,,,,,,,,,fin
71700799500,417D079950,404B,"Lymfooma tai krooninen leukemia, ei komplisoitunut, isotooppihoito",404B,0,+,17.0,17M02,,,,90T07,,,,,,,,,,fin
71700799510,417D079951,404B,"Lymfooma tai krooninen leukemia, ei komplisoitunut, isotooppihoito",404B,0,+,17.0,17M02,,,,90T08,,,,,,,,,,fin
71700799520,417D079952,404B,"Lymfooma tai krooninen leukemia, ei komplisoitunut, isotooppihoito",404B,0,+,17.0,17M02,,,,90T05,,,,,,,,,,fin
71700799600,417D079960,404C,"Lymfooma tai krooninen leukemia, ei komplisoitunut, sytostaattihoito",404C,0,+,17.0,17M02,,,,90T01,90S01,,,,,,,,,fin
71700799610,417D079961,404C,"Lymfooma tai krooninen leukemia, ei komplisoitunut, sytostaattihoito",404C,0,+,17.0,17M02,,,,99S80,,,,,,,,,,fin
71700799990,417D079999,404F,"Lymfooma tai krooninen leukemia, ei komplisoitunut",404F,0,+,17.0,17M02,,,,,,,,,,,,,,fin
71700810000,417D081000,406,"Pahanlaatuisen sairauden tai erilaistumattoman kasvaimen hoito vaativalla leikkauksella, komplisoitunut",406X,0,+,17.0,17M05,,1.0,S,17S01,,,,,,,,,,fin
71700811001,417D0811001,406,"Pahanlaatuisen sairauden tai erilaistumattoman kasvaimen hoito vaativalla leikkauksella, komplisoitunut",406X,0,+,17.0,17M05,,1.0,,17S01,,00X10,,,,,,,,fin
71700812000,417D081200,406,"Pahanlaatuisen sairauden tai erilaistumattoman kasvaimen hoito vaativalla leikkauksella, komplisoitunut",406X,0,+,17.0,17M06,,1.0,S,17S01,,,,,,,,,,den/est/fin/ice/lat/nor
71700813000,417D081300,406,"Pahanlaatuisen sairauden tai erilaistumattoman kasvaimen hoito vaativalla leikkauksella, komplisoitunut",406X,0,+,17.0,17M06,,1.0,,17S01,,00X10,,,,,,,,fin
71700820000,417D082000,407,"Pahanlaatuisen sairauden tai erilaistumattoman kasvaimen hoito vaativalla leikkauksella, ei komplisoitunut",407X,0,+,17.0,17M05,,,S,17S01,,,,,,,,,,fin
71700821001,417D0821001,407,"Pahanlaatuisen sairauden tai erilaistumattoman kasvaimen hoito vaativalla leikkauksella, ei komplisoitunut",407X,0,+,17.0,17M05,,,,17S01,,00X10,,,,,,,,fin
71700822000,417D082200,407,"Pahanlaatuisen sairauden tai erilaistumattoman kasvaimen hoito vaativalla leikkauksella, ei komplisoitunut",407X,0,+,17.0,17M06,,,S,17S01,,,,,,,,,,den/est/fin/ice/lat/nor
71700823000,417D082300,407,"Pahanlaatuisen sairauden tai erilaistumattoman kasvaimen hoito vaativalla leikkauksella, ei komplisoitunut",407X,0,+,17.0,17M06,,,,17S01,,00X10,,,,,,,,fin
71701000000,417D100000,408,Pahanlaatuisen sairauden tai erilaistumattoman kasvaimen hoito muulla leikkauksella,408X,0,+,17.0,17M05,,,S,,,,,,,,,,,fin
71701010001,417D1010001,408,Pahanlaatuisen sairauden tai erilaistumattoman kasvaimen hoito muulla leikkauksella,408X,0,+,17.0,17M05,,,,,,00X10,,,,,,,,fin
71701020000,417D102000,408,Pahanlaatuisen sairauden tai erilaistumattoman kasvaimen hoito muulla leikkauksella,408X,0,+,17.0,17M06,,,S,,,,,,,,,,,den/est/fin/ice/lat/nor
71701030000,417D103000,408,Pahanlaatuisen sairauden tai erilaistumattoman kasvaimen hoito muulla leikkauksella,408X,0,+,17.0,17M06,,,,,,00X10,,,,,,,,fin
71701110000,417D111000,409,Sädehoito,409X,0,+,17.0,17M10,,,,,,,,,,,,,,den/est/fin/ice/lat
71701210000,417D121000,492,"Kemoterapia, sivudiagnoosina akuutti leukemia",492X,0,+,17.0,17M11,,,,,,17X01,,,,,,,,den/est/fin/ice/lat/swe
71701390000,417D139000,410,"Kemoterapia, sivudiagnoosina muu kuin akuutti leukemia",410X,0,+,17.0,17M11,,,,,,,,,,,,,,den/est/fin/ice/lat/swe
71701430000,417D143000,411N,Maligniteetin seuranta,411N,0,+,17.0,17M05,,,,,,,,,,,,,,den/est/fin/ice/lat/nor
71701700000,417D170000,413,"Muu myeloproliferatiivinen sairaus tai huonosti erilaistunut kasvain, komplisoitunut",413X,0,+,17.0,,,1.0,N,,,,,,,,,,,den/est/fin/ice/lat/nor
71701710000,417D171000,414,"Muu myeloproliferatiivinen sairaus tai huonosti erilaistunut kasvain, ei komplisoitunut",414X,0,+,17.0,,,,N,,,,,,,,,,,den/est/fin/ice/lat/nor/swe
71800110001,418D0110001,415M,"Infektiosairauden operatiivinen hoito, erittäin komplisoitunut",415M,0,+,18.0,,,2.0,S,,,,,,,,,,,swe/fin
71800110010,418D011001,415M,"Infektiosairauden operatiivinen hoito, erittäin komplisoitunut",415M,0,+,18.0,,,2.0,,,,00X10,,,,,,,,swe/fin
71800110050,418D011005,415C,"Infektiosairauden operatiivinen hoito, komplisoitunut",415C,0,+,18.0,,,1.0,S,,,,,,,,,,,swe/fin
71800110060,418D011006,415C,"Infektiosairauden operatiivinen hoito, komplisoitunut",415C,0,+,18.0,,,1.0,,,,00X10,,,,,,,,swe/fin
71800110090,418D011009,415N,"Infektiosairauden operatiivinen hoito, ei komplisoitunut",415N,0,+,18.0,,,,S,,,,,,,,,,,swe/fin
71800110100,418D011010,415N,"Infektiosairauden operatiivinen hoito, ei komplisoitunut",415N,0,+,18.0,,,,,,,00X10,,,,,,,,swe/fin
71800210000,418D021000,416N,"Sepsis, aikuinen",416N,0,+,18.0,18M01,,,,,,,,,,>6574,,,,den/est/fin/ice/lat/nor
71800220000,418D022000,417N,"Sepsis, lapsi",417N,0,+,18.0,18M01,,,,,,,,,,,,,,den/est/fin/ice/lat/nor
71800400000,418D040000,418,Postoperatiivinen tai posttraumaattinen infektio,418X,0,+,18.0,18M02,,,,,,,,,,,,,,den/est/fin/ice/lat/nor
71800520000,418D052000,419,"Kuume, syy tuntematon, aikuinen, komplisoitunut",419X,0,+,18.0,18M03,,1.0,,,,,,,,>6574,,,,den/est/fin/ice/lat/nor
71800600000,418D060000,420,"Kuume, syy tuntematon, aikuinen, ei komplisoitunut",420X,0,+,18.0,18M03,,,,,,,,,,>6574,,,,den/est/fin/ice/lat/nor
71800700000,418D070000,421,"Virussairaus, aikuinen",421X,0,+,18.0,18M04,,,,,,,,,,>6574,,,,den/est/fin/ice/lat/nor
71800810000,418D081000,422,"Virussairaus tai tuntemattomasta syystä aiheutuva kuume, lapsi",422X,0,+,18.0,18M03,,,,,,,,,,,,,,den/est/fin/ice/lat/nor
71800820000,418D082000,422,"Virussairaus tai tuntemattomasta syystä aiheutuva kuume, lapsi",422X,0,+,18.0,18M04,,,,,,,,,,,,,,den/est/fin/ice/lat/nor
71800900000,418D090000,423,Muu infektiosairaus,423X,0,+,18.0,,,,,,,,,,,,,,,den/est/fin/ice/lat/nor
71900000000,419D000000,432N,Psykiatrinen pitkäaikaishoito,432N,0,+,19.0,,,,,,,,,,,,,>90,,den/est/fin/ice/lat
71900109901,419D0109901,570,"Keskushermoston stimulointilaitteen asennus tai korvaaminen, vuodeosastohoito",570X,0,+,19.0,,,,S,01S51,,,,,,,,,,den/est/fin/ice/lat
71900109966,P19000P01,P01,Sukupuoli-identiteettiin liittyvä leikkaustoimenpide,P01,0,+,19.0,19M53,,,S,,,,,,,,,,,fin
71900109983,P19000P02,P02,Neuromodulaatiohoito,P02,0,+,19.0,,,,,19V15,,,,,,,,,,fin
71900110000,419D011000,424N,Psyykkisen sairauden hoito leikkaustoimenpiteellä,424N,0,+,19.0,,,,S,,,,,,,,,,,den/est/fin/ice/lat/nor/swe
71900110010,419D011001,424N,Psyykkisen sairauden hoito leikkaustoimenpiteellä,424N,0,+,19.0,,,,,,,00X10,,,,,,,,den/est/fin/ice/lat
72100111624,P19000P03,P03,Kaksisuuntainen mielialahäiriö,P03,0,+,19.0,19M01,,,,,,,,,,,,,,fin
72100111645,P19000P04A,P04A,"Ahdistuneisuushäiriö, 18 tai yli",P04A,0,+,19.0,19M03,,,,,,,,,,>6574,,,,fin
72100111655,P19000P04B,P04B,"Ahdistuneisuushäiriö, <18",P04B,0,+,19.0,19M03,,,,,,,,,,,,,,fin
72100111660,P19000P05,P05,Persoonallisuushäiriö,P05,0,+,19.0,19M07,,,,,,,,,,,,,,fin
72100111663,P19000P06,P06,Skitsofrenia,P06,0,+,19.0,19M10,,,,,,,,,,,,,,fin
72100111664,P19000P07C,P07C,"Päihteiden väärinkäyttö, komplisoitunut",P07C,0,+,19.0,19M20,,1.0,,,,,,,,,,,,fin
72100111665,P19000P07N,P07N,"Päihteiden väärinkäyttö, ei komplisoitunut",P07N,0,+,19.0,19M20,,,,,,,,,,,,,,fin
72100111776,P19000P08,P08,Älyllinen kehitysvammaisuus,P08,0,+,19.0,19M30,,,,,,,,,,,,,,fin
72100111832,P19000P09,P09,Neuropsykiatrinen häiriö,P09,0,+,19.0,19M31,,,,,,,,,,,,,,fin
72100111860,P19000432A,432A,Syömishäiriöt,432A,0,+,19.0,19M32,,,,,,,,,,,,,,fin
72100111874,P19000P10C,P10C,"Alkoholiriippuvuus, komplisoitunut",P10C,0,+,19.0,19M40,,1.0,,,,,,,,,,,,fin
72100111881,P19000P10N,P10N,"Alkoholiriippuvuus, ei komplisoitunut",P10N,0,+,19.0,19M40,,,,,,,,,,,,,,fin
72100111884,P19000P11,P11,Psykiatrinen arviointi ja tarkkailu,P11,0,+,19.0,19M41,,,,,,,,,,,,,,fin
72100111886,P19000P12,P12,Delirium,P12,0,+,19.0,19M42,,,,,,,,,,,,,,fin
72100111887,P19000P13,P13,Dementia,P13,0,+,19.0,19M43,,,,,,,,,,,,,,fin
72100111924,P19000P14A,P14A,"Masennus, 18 tai yli",P14A,0,+,19.0,19M45,,,,,,,,,,>6574,,,,fin
72100111943,P19000P14B,P14B,"Masennus, <18",P14B,0,+,19.0,19M45,,,,,,,,,,,,,,fin
72100111952,P19000P15,P15,Muu riippuvuus,P15,0,+,19.0,19M46,,,,,,,,,,,,,,fin
72100111957,P19000P16,P16,Muu elimellinen aivo-oireyhtymä,P16,0,+,19.0,19M47,,,,,,,,,,,,,,fin
72100111959,P19000P17A,P17A,"Neurokognitiivinen häiriö, 25 tai yli",P17A,0,+,19.0,19M48,,,,,,,,,,>9131,,,,fin
72100111960,P19000P17B,P17B,"Neurokognitiivinen häiriö, <25",P17B,0,+,19.0,19M48,,,,,,,,,,,,,,fin
72100111961,P19000P18,P18,Opioidiriippuvuus,P18,0,+,19.0,19M49,,,,,,,,,,,,,,fin
72100111974,P19000P19,P19,Pakko-oireinen häiriö,P19,0,+,19.0,19M50,,,,,,,,,,,,,,fin
72100111980,P19000P20A,P20A,"Psykoosi, 18 tai yli",P20A,0,+,19.0,19M51,,,,,,,,,,>6574,,,,fin
72100111983,P19000P20B,P20B,"Psykoosi, <18",P20B,0,+,19.0,19M51,,,,,,,,,,,,,,fin
72100111985,P19000P21,P21,Päihdepsykoosi,P21,0,+,19.0,19M52,,,,,,,,,,,,,,fin
72100111986,P19000P23,P23,Tunnesäätelyn häiriöt,P23,0,+,19.0,19M55,,,,,,,,,,,,,,fin
72100111990,P19000P25,P25,Muu psyykkinen sairaus,432C,0,+,19.0,,,,,,,,,,,,,,,fin
72100111995,421D011100,447,"Allerginen reaktio, aikuinen",447X,0,+,21.0,21M02,,,,,,,,,,>6574,,,,den/est/fin/ice/lat/nor
72100112000,421D011200,447,"Allerginen reaktio, aikuinen",447X,0,+,21.0,21M03,,,,,,21X06,,,,>6574,,,,den/est/fin/ice/lat/nor
72100121000,421D012100,448,"Allerginen reaktio, lapsi",448X,0,+,21.0,21M02,,,,,,,,,,,,,,den/est/fin/ice/lat/nor
72100122000,421D012200,448,"Allerginen reaktio, lapsi",448X,0,+,21.0,21M03,,,,,,21X06,,,,,,,,den/est/fin/ice/lat/nor
72100209000,421D020900,442,"Muu vamman takia tehty toimenpide, komplisoitunut",442X,0,+,21.0,,,1.0,S,99S90,,21X05,,,,,,,,fin
72100210100,421D021010,442,"Muu vamman takia tehty toimenpide, komplisoitunut",442X,0,+,21.0,,,1.0,,99S90,,21X05,00X10,,,,,,,den/est/fin/ice/lat
72100211000,421D021100,443,"Muu vamman takia tehty toimenpide, ei komplisoitunut",443X,0,+,21.0,,,,S,99S90,,21X05,,,,,,,,den/est/fin/ice/lat/nor
72100211100,421D021110,443,"Muu vamman takia tehty toimenpide, ei komplisoitunut",443X,0,+,21.0,,,,,99S90,,21X05,00X10,,,,,,,fin/ice
72100300000,421D030000,452A,"Hoitokomplikaatio ja leikkaus, komplisoitunut",452A,0,+,21.0,,,1.0,S,,,21X05,,,,,,,,den/est/fin/lat/nor
72100301000,421D030100,452A,"Hoitokomplikaatio ja leikkaus, komplisoitunut",452A,0,+,21.0,,,1.0,,,,21X05,00X10,,,,,,,den/est/fin/lat
72100310000,421D031000,452B,"Hoitokomplikaatio, ei leikkausta, komplisoitunut",452B,0,+,21.0,,,1.0,,,,21X05,,,,,,,,den/est/fin/ice/lat/nor
72100320000,421D032000,453A,"Hoitokomplikaatio ja leikkaus, ei komplisoitunut",453A,0,+,21.0,,,,S,,,21X05,,,,,,,,den/est/fin/lat/nor
72100321000,421D032100,453A,"Hoitokomplikaatio ja leikkaus, ei komplisoitunut",453A,0,+,21.0,,,,,,,21X05,00X10,,,,,,,den/est/fin/lat
72100330000,421D033000,453B,"Hoitokomplikaatio , ei leikkausta, ei komplisoitunut",453B,0,+,21.0,,,,,,,21X05,,,,,,,,den/est/fin/lat/nor
72100410000,421D041000,449,"Myrkytys tai lääkkeen toksinen haittavaikutus, aikuinen, komplisoitunut",449X,0,+,21.0,21M03,,1.0,,,,,,,,>6574,,,,den/est/fin/ice/lat/nor
72100420000,421D042000,450,"Myrkytys tai lääkkeen toksinen haittavaikutus, aikuinen, ei komplisoitunut",450X,0,+,21.0,21M03,,,,,,,,,,>6574,,,,den/est/fin/ice/lat/nor
72100440000,421D044000,451,"Myrkytys tai lääkkeen toksinen haittavaikutus, lapsi",451X,0,+,21.0,21M03,,,,,,,,,,,,,,den/est/fin/ice/lat/nor
72100610000,421D061000,439,Ihonsiirto vamman hoitamiseksi,439X,0,+,21.0,,,,S,21S02,,,,,,,,,,den/est/fin/ice/lat/nor/swe
72100719800,421D071980,441,Käden leikkaus vamman takia,441X,0,+,21.0,,,,S,21S03,,,,,,,,,,fin
72100719901,421D0719901,441,Käden leikkaus vamman takia,441X,0,+,21.0,,,,,21S03,,00X10,,,,,,,,fin
72100811100,421D081110,442,"Muu vamman takia tehty toimenpide, komplisoitunut",442X,0,+,21.0,,,1.0,S,21S04,,,,,,,,,,den/est/fin/ice/lat/nor
72100811200,421D081120,442,"Muu vamman takia tehty toimenpide, komplisoitunut",442X,0,+,21.0,,,1.0,S,21S05,,,,,,,,,,den/est/fin/ice/lat/nor
72100811210,421D081121,442,"Muu vamman takia tehty toimenpide, komplisoitunut",442X,0,+,21.0,,,1.0,,21S05,,00X10,,,,,,,,den/est/fin/ice/lat
72100811300,421D081130,442,"Muu vamman takia tehty toimenpide, komplisoitunut",442X,0,+,21.0,,,1.0,S,21S09,,,,,,,,,,den/est/fin/ice/lat/nor
72100811310,421D081131,442,"Muu vamman takia tehty toimenpide, komplisoitunut",442X,0,+,21.0,,,1.0,,21S09,,00X10,,,,,,,,den/est/fin/ice/lat
72100811400,421D081140,442,"Muu vamman takia tehty toimenpide, komplisoitunut",442X,0,+,21.0,,,1.0,S,21S20,,21X08,,,,,,,,den/est/fin/ice/lat/nor
72100811500,421D081150,443,"Muu vamman takia tehty toimenpide, ei komplisoitunut",443X,0,+,21.0,,,,S,21S20,,21X08,,,,,,,,den/est/fin/ice/lat/nor
72100812100,421D081210,443,"Muu vamman takia tehty toimenpide, ei komplisoitunut",443X,0,+,21.0,,,,S,21S04,,,,,,,,,,den/est/fin/ice/lat/nor
72100812200,421D081220,443,"Muu vamman takia tehty toimenpide, ei komplisoitunut",443X,0,+,21.0,,,,S,21S05,,,,,,,,,,den/est/fin/ice/lat/nor
72100812210,421D081221,443,"Muu vamman takia tehty toimenpide, ei komplisoitunut",443X,0,+,21.0,,,,,21S05,,00X10,,,,,,,,den/est/fin/ice/lat
72100812300,421D081230,443,"Muu vamman takia tehty toimenpide, ei komplisoitunut",443X,0,+,21.0,,,,S,21S09,,,,,,,,,,den/est/fin/ice/lat/nor
72100812310,421D081231,443,"Muu vamman takia tehty toimenpide, ei komplisoitunut",443X,0,+,21.0,,,,,21S09,,00X10,,,,,,,,den/est/fin/lat
72100812401,421D0812401,443,"Muu vamman takia tehty toimenpide, ei komplisoitunut",443X,0,+,21.0,,,,S,,,,,,,,,,,fin
72100812410,421D081241,443,"Muu vamman takia tehty toimenpide, ei komplisoitunut",443X,0,+,21.0,,,,,,,00X10,,,,,,,,fin
72101020100,421D102010,444,"Vamma, aikuinen, komplisoitunut",444X,0,+,21.0,21M01,,1.0,N,,,,,,,>6574,,,,den/est/fin/ice/lat/nor
72101025050,421D1020101,444,"Vamma, aikuinen, komplisoitunut",444X,0,+,24.0,24M99,,1.0,N,,,,,,,>6574,,,,fin
72101030000,421D103000,445,"Vamma, aikuinen, ei komplisoitunut",445X,0,+,21.0,21M01,,,N,,,,,,,>6574,,,,den/est/fin/ice/lat/nor
72101030016,421D1030002,445,"Vamma, aikuinen, ei komplisoitunut",445X,0,+,24.0,24M99,,,N,,,,,,,>6574,,,,fin
72101040000,421D104000,446,"Vamma, lapsi",446X,0,+,21.0,21M01,,,N,,,,,,,,,,,den/est/fin/ice/lat/nor
72101075000,421D1040001,446,"Vamma, lapsi",446X,0,+,24.0,24M99,,,N,,,,,,,,,,,fin
72101110000,421D111000,454,"Vamma, myrkytys tai lääkkeen haittavaikutus, komplisoitunut",454X,0,+,21.0,,,1.0,N,,,,,,,,,,,den/est/fin/ice/lat/nor
72101120000,421D112000,455,"Vamma, myrkytys tai lääkkeen haittavaikutus, ei komplisoitunut",455X,0,+,21.0,,,,N,,,,,,,,,,,den/est/fin/ice/lat/nor/swe
72200230100,422D023010,472,Laajan palovamman kirurginen hoito,472X,0,+,22.0,,,,S,22S01,,22X01,,,,,,,,den/est/fin/ice/lat/nor/swe
72200230110,422D023011,472,Laajan palovamman kirurginen hoito,472X,0,+,22.0,,,,,22S01,,22X01,00X10,,,,,,,den/est/fin/ice/lat/swe
72200230200,422D023020,472,Laajan palovamman kirurginen hoito,472X,0,+,22.0,,,,S,22S01,,22X02,22X10,,,,,,,den/est/fin/ice/lat/nor/swe
72200230210,422D023021,472,Laajan palovamman kirurginen hoito,472X,0,+,22.0,,,,,22S01,,22X02,22X10,00X10,,,,,,den/est/fin/ice/lat/swe
72200230300,422D023030,472,Laajan palovamman kirurginen hoito,472X,0,+,22.0,,,,S,22S01,,22X02,22X03,,,,,,,den/est/fin/ice/lat/nor/swe
72200230310,422D023031,472,Laajan palovamman kirurginen hoito,472X,0,+,22.0,,,,,22S01,,22X02,22X03,00X10,,,,,,den/est/fin/ice/lat/swe
72200230400,422D023040,472,Laajan palovamman kirurginen hoito,472X,0,+,22.0,,,,S,22S01,,22X02,22X04,,,,,,,den/est/fin/ice/lat/nor/swe
72200230410,422D023041,472,Laajan palovamman kirurginen hoito,472X,0,+,22.0,,,,,22S01,,22X02,22X04,00X10,,,,,,den/est/fin/ice/lat/swe
72200230500,422D023050,472,Laajan palovamman kirurginen hoito,472X,0,+,22.0,,,,S,22S01,,22X02,22X05,,,,,,,den/est/fin/ice/lat/nor/swe
72200230510,422D023051,472,Laajan palovamman kirurginen hoito,472X,0,+,22.0,,,,,22S01,,22X02,22X05,00X10,,,,,,den/est/fin/ice/lat/swe
72200230600,422D023060,472,Laajan palovamman kirurginen hoito,472X,0,+,22.0,,,,S,22S01,,22X03,22X10,,,,,,,den/est/fin/ice/lat/nor/swe
72200230610,422D023061,472,Laajan palovamman kirurginen hoito,472X,0,+,22.0,,,,,22S01,,22X03,22X10,00X10,,,,,,den/est/fin/ice/lat/swe
72200230700,422D023070,472,Laajan palovamman kirurginen hoito,472X,0,+,22.0,,,,S,22S01,,22X03,22X04,,,,,,,den/est/fin/ice/lat/nor/swe
72200230710,422D023071,472,Laajan palovamman kirurginen hoito,472X,0,+,22.0,,,,,22S01,,22X03,22X04,00X10,,,,,,den/est/fin/ice/lat/swe
72200230800,422D023080,472,Laajan palovamman kirurginen hoito,472X,0,+,22.0,,,,S,22S01,,22X03,22X05,,,,,,,den/est/fin/ice/lat/nor/swe
72200230810,422D023081,472,Laajan palovamman kirurginen hoito,472X,0,+,22.0,,,,,22S01,,22X03,22X05,00X10,,,,,,den/est/fin/ice/lat/swe
72200230900,422D023090,472,Laajan palovamman kirurginen hoito,472X,0,+,22.0,,,,S,22S01,,22X04,22X10,,,,,,,den/est/fin/ice/lat/nor/swe
72200230910,422D023091,472,Laajan palovamman kirurginen hoito,472X,0,+,22.0,,,,,22S01,,22X04,22X10,00X10,,,,,,den/est/fin/ice/lat/swe
72200231000,422D023100,472,Laajan palovamman kirurginen hoito,472X,0,+,22.0,,,,S,22S01,,22X04,22X05,,,,,,,den/est/fin/ice/lat/nor/swe
72200231010,422D023101,472,Laajan palovamman kirurginen hoito,472X,0,+,22.0,,,,,22S01,,22X04,22X05,00X10,,,,,,den/est/fin/ice/lat/swe
72200231100,422D023110,472,Laajan palovamman kirurginen hoito,472X,0,+,22.0,,,,S,22S01,,22X05,22X10,,,,,,,den/est/fin/ice/lat/nor/swe
72200231110,422D023111,472,Laajan palovamman kirurginen hoito,472X,0,+,22.0,,,,,22S01,,22X05,22X10,00X10,,,,,,den/est/fin/ice/lat/swe
72200240100,422D024010,472,Laajan palovamman kirurginen hoito,472X,0,+,22.0,,,,S,22S02,,22X01,,,,,,,,den/est/fin/ice/lat/nor/swe
72200240110,422D024011,472,Laajan palovamman kirurginen hoito,472X,0,+,22.0,,,,,22S02,,22X01,00X10,,,,,,,den/est/fin/ice/lat/swe
72200240200,422D024020,472,Laajan palovamman kirurginen hoito,472X,0,+,22.0,,,,S,22S02,,22X02,22X10,,,,,,,den/est/fin/ice/lat/nor/swe
72200240210,422D024021,472,Laajan palovamman kirurginen hoito,472X,0,+,22.0,,,,,22S02,,22X02,22X10,00X10,,,,,,den/est/fin/ice/lat/swe
72200240300,422D024030,472,Laajan palovamman kirurginen hoito,472X,0,+,22.0,,,,S,22S02,,22X02,22X03,,,,,,,den/est/fin/ice/lat/nor/swe
72200240310,422D024031,472,Laajan palovamman kirurginen hoito,472X,0,+,22.0,,,,,22S02,,22X02,22X03,00X10,,,,,,den/est/fin/ice/lat/swe
72200240400,422D024040,472,Laajan palovamman kirurginen hoito,472X,0,+,22.0,,,,S,22S02,,22X02,22X04,,,,,,,den/est/fin/ice/lat/nor/swe
72200240410,422D024041,472,Laajan palovamman kirurginen hoito,472X,0,+,22.0,,,,,22S02,,22X02,22X04,00X10,,,,,,den/est/fin/ice/lat/swe
72200240500,422D024050,472,Laajan palovamman kirurginen hoito,472X,0,+,22.0,,,,S,22S02,,22X02,22X05,,,,,,,den/est/fin/ice/lat/nor/swe
72200240510,422D024051,472,Laajan palovamman kirurginen hoito,472X,0,+,22.0,,,,,22S02,,22X02,22X05,00X10,,,,,,den/est/fin/ice/lat/swe
72200240600,422D024060,472,Laajan palovamman kirurginen hoito,472X,0,+,22.0,,,,S,22S02,,22X03,22X10,,,,,,,den/est/fin/ice/lat/nor/swe
72200240610,422D024061,472,Laajan palovamman kirurginen hoito,472X,0,+,22.0,,,,,22S02,,22X03,22X10,00X10,,,,,,den/est/fin/ice/lat/swe
72200240700,422D024070,472,Laajan palovamman kirurginen hoito,472X,0,+,22.0,,,,S,22S02,,22X03,22X04,,,,,,,den/est/fin/ice/lat/nor/swe
72200240710,422D024071,472,Laajan palovamman kirurginen hoito,472X,0,+,22.0,,,,,22S02,,22X03,22X04,00X10,,,,,,den/est/fin/ice/lat/swe
72200240800,422D024080,472,Laajan palovamman kirurginen hoito,472X,0,+,22.0,,,,S,22S02,,22X03,22X05,,,,,,,den/est/fin/ice/lat/nor/swe
72200240810,422D024081,472,Laajan palovamman kirurginen hoito,472X,0,+,22.0,,,,,22S02,,22X03,22X05,00X10,,,,,,den/est/fin/ice/lat/swe
72200240900,422D024090,472,Laajan palovamman kirurginen hoito,472X,0,+,22.0,,,,S,22S02,,22X04,22X10,,,,,,,den/est/fin/ice/lat/nor/swe
72200240910,422D024091,472,Laajan palovamman kirurginen hoito,472X,0,+,22.0,,,,,22S02,,22X04,22X10,00X10,,,,,,den/est/fin/ice/lat/swe
72200241000,422D024100,472,Laajan palovamman kirurginen hoito,472X,0,+,22.0,,,,S,22S02,,22X04,22X05,,,,,,,den/est/fin/ice/lat/nor/swe
72200241010,422D024101,472,Laajan palovamman kirurginen hoito,472X,0,+,22.0,,,,,22S02,,22X04,22X05,00X10,,,,,,den/est/fin/ice/lat/swe
72200241100,422D024110,472,Laajan palovamman kirurginen hoito,472X,0,+,22.0,,,,S,22S02,,22X05,22X10,,,,,,,den/est/fin/ice/lat/nor/swe
72200241110,422D024111,472,Laajan palovamman kirurginen hoito,472X,0,+,22.0,,,,,22S02,,22X05,22X10,00X10,,,,,,den/est/fin/ice/lat/swe
72200301000,422D030100,457,"Palovamma, laaja, ei ihonsiirtoa",457X,0,+,22.0,,,,N,,,22X01,,,,,,,,den/est/fin/ice/lat/nor/swe
72200302000,422D030200,457,"Palovamma, laaja, ei ihonsiirtoa",457X,0,+,22.0,,,,N,,,22X02,22X10,,,,,,,den/est/fin/ice/lat/nor/swe
72200303000,422D030300,457,"Palovamma, laaja, ei ihonsiirtoa",457X,0,+,22.0,,,,N,,,22X02,22X03,,,,,,,den/est/fin/ice/lat/nor/swe
72200304000,422D030400,457,"Palovamma, laaja, ei ihonsiirtoa",457X,0,+,22.0,,,,N,,,22X02,22X04,,,,,,,den/est/fin/ice/lat/nor/swe
72200305000,422D030500,457,"Palovamma, laaja, ei ihonsiirtoa",457X,0,+,22.0,,,,N,,,22X02,22X05,,,,,,,den/est/fin/ice/lat/nor/swe
72200306000,422D030600,457,"Palovamma, laaja, ei ihonsiirtoa",457X,0,+,22.0,,,,N,,,22X03,22X10,,,,,,,den/est/fin/ice/lat/nor/swe
72200307000,422D030700,457,"Palovamma, laaja, ei ihonsiirtoa",457X,0,+,22.0,,,,N,,,22X03,22X04,,,,,,,den/est/fin/ice/lat/nor/swe
72200308000,422D030800,457,"Palovamma, laaja, ei ihonsiirtoa",457X,0,+,22.0,,,,N,,,22X03,22X05,,,,,,,den/est/fin/ice/lat/nor/swe
72200309000,422D030900,457,"Palovamma, laaja, ei ihonsiirtoa",457X,0,+,22.0,,,,N,,,22X04,22X10,,,,,,,den/est/fin/ice/lat/nor/swe
72200310000,422D031000,457,"Palovamma, laaja, ei ihonsiirtoa",457X,0,+,22.0,,,,N,,,22X04,22X05,,,,,,,den/est/fin/ice/lat/nor/swe
72200311000,422D031100,457,"Palovamma, laaja, ei ihonsiirtoa",457X,0,+,22.0,,,,N,,,22X05,22X10,,,,,,,den/est/fin/ice/lat/nor/swe
72200410010,422D041001,458A,"Palovamma, ihonsiirto, yleisanestesia",458A,0,+,22.0,,,,S,22S01,,00X10,,,,,,,,fin
72200410020,422D041002,458B,"Palovamma, ihonsiirto, ei yleisanestesiaa",458B,0,+,22.0,,,,S,22S01,,,,,,,,,,fin
72200510000,422D051000,459,"Palovamma, suppea, haavan hoito tai muu leikkaussalitoimenpide, lyhyt hoitojakso",459X,0,+,22.0,,,,S,22S02,,,,,,,,,,den/est/fin/ice/lat/nor/swe
72200520000,422D052000,459,"Palovamma, suppea, haavan hoito tai muu leikkaussalitoimenpide, lyhyt hoitojakso",459X,0,+,22.0,,,,,22S02,,00X10,,,,,,,,fin
72200700000,422D070000,460,"Palovamma, suppea, ei toimenpiteitä",460X,0,+,22.0,,,,N,,,,,,,,,,,den/est/fin/ice/lat/nor/swe
72300200000,423D020000,461,Muuhun terveyspalvelujen käyttöön liittyvä leikkaus,461X,0,+,23.0,,,,S,,,,,,,,,,,den/est/fin/ice/lat/nor
72300210000,423D021000,461,Muuhun terveyspalvelujen käyttöön liittyvä leikkaus,461X,0,+,23.0,,,,,,,00X10,,,,,,,,fin
72300410000,423D041000,463,"Epämääräinen oire, diagnoosi määrittämättä, komplisoitunut",463X,0,+,23.0,23M02,,1.0,,,,,,,,,,,,den/est/fin/ice/lat/nor
72300420000,423D042000,464,"Epämääräinen oire, diagnoosi määrittämättä, ei komplisoitunut",464X,0,+,23.0,23M02,,,,,,,,,,,,,,den/est/fin/ice/lat/nor/swe
72300500000,423D050000,465,Pahanlaatuisen sairauden jälkihoito,465X,0,+,23.0,23M03,,,,,,23K01,,,,,,,,est/fin/ice/lat
72300600000,423D060000,466,Hyvänlaatuisen sairauden jälkihoito,466X,0,+,23.0,23M03,,,,,,,,,,,,,,den/est/fin/ice/lat/nor
72300611000,423D061100,035,"Muu keskushermoston häiriö, ei komplisoitunut",035X,0,+,23.0,23M04,,,N,,,01K99,,,,,,,,est/fin/ice/lat/swe
72300612000,423D061200,047,"Muu silmäsairaus aikuisella, ei komplisoitunut",047X,0,+,23.0,23M04,,,N,,,02K99,,,,>6574,,,,est/fin/ice/lat
72300612100,423D061210,048,Muu silmäsairaus lapsella,048X,0,+,23.0,23M04,,,N,,,02K99,,,,,,,,est/fin/ice/lat
72300613000,423D061300,073,"Muu korvan nenän tai kurkun sairaus, aikuinen",073X,0,+,23.0,23M04,,,N,,,03K99,,,,>6574,,,,est/fin/ice/lat
72300613100,423D061310,074,"Muu korvan nenän tai kurkun sairaus, lapsi",074X,0,+,23.0,23M04,,,N,,,03K99,,,,,,,,est/fin/ice/lat
72300614000,423D061400,102,"Muu hengityselinten sairaus, ei komplisoitunut",102X,0,+,23.0,23M04,,,N,,,04K99,,,,,,,,est/fin/ice/lat
72300615000,423D061500,145,"Muu verenkiertoelinten sairaus, ei komplisoitunut",145X,0,+,23.0,23M04,,,N,,,05K99,,,,,,,,est/fin/ice/lat/swe
72300616000,423D061600,189,"Muu ruuansulatusjärjestelmän sairaus, aikuinen, ei komplisoitunut",189X,0,+,23.0,23M04,,,N,,,06K99,,,,>6574,,,,est/fin/ice/lat
72300616100,423D061610,190,"Muu ruuansulatusjärjestelmän sairaus, lapsi",190X,0,+,23.0,23M04,,,N,,,06K99,,,,,,,,est/fin/ice/lat
72300617000,423D061700,208,"Sappiteiden sairaus, ei komplisoitunut",208X,0,+,23.0,23M04,,,N,,,07K99,,,,,,,,est/fin/ice/lat/swe
72300618000,423D061800,256,Muu tuki- ja liikuntaelinsairaus tai sidekudossairaus,256X,0,+,23.0,23M04,,,N,,,08K99,,,,,,,,est/fin/ice/lat
72300619000,423D061900,284,"Muu ihon sairaus, ei komplisoitunut",284X,0,+,23.0,23M04,,,N,,,09K99,,,,,,,,est/fin/ice/lat/swe
72300620000,423D062000,276,Hyvänlaatuinen rintarauhasen sairaus,276X,0,+,23.0,23M04,,,N,,,30K99,,,,,,,,est/fin/ice/lat/swe
72300621666,423D0621001,301F,"Muu endokriininen sairaus, ei komplisoitunut",301F,0,+,23.0,23M04,,,N,,,10K99,,,,,,,,fin
72300622000,423D062200,332,"Muu munuaisten tai virtsateiden sairaus, aikuinen, ei komplisoitunut",332X,0,+,23.0,23M04,,,N,,,11K99,,,,>6574,,,,est/fin/ice/lat/swe
72300622100,423D062210,333,"Muu munuaisten tai virtsateiden sairaus, lapsi",333X,0,+,23.0,23M04,,,N,,,11K99,,,,,,,,est/fin/ice/lat/swe
72300623000,423D062300,352,"Muu eturauhasen, kiveksen, peniksen jne. sairaus",352X,0,+,23.0,23M04,,,N,,,12K99,,,,,,,,est/fin/ice/lat/swe
72300624000,423D062400,369,Kuukautiskierron ongelma tai muu naisen lisääntymiselinten sairaus,369X,0,+,23.0,23M04,,,N,,,13K99,,,,,,,,est/fin/ice/lat
72300625000,423D062500,376,Synnytyksen tai abortin jälkeinen tilanne ilman toimenpiteitä,376X,0,+,23.0,23M04,,,N,,,14K99,,,,,,,,est/fin/ice/lat
72300626000,423D062600,385B,"Vastasyntyneen jatkohoito tai myöhään ilmenevä neonataalinen ongelma, syntymäpaino 1000 g tai enemmän",385B,0,+,23.0,23M04,,,N,,,15K99,,,,,,,,est/fin/ice/lat/swe
72300627000,423D062700,399,"Retikuloendoteliaali- tai immuunijärjestelmän sairaus, ei komplisoitunut",399X,0,+,23.0,23M04,,,N,,,16K99,,,,,,,,est/fin/ice/lat/swe
72300628000,423D062800,414,"Muu myeloproliferatiivinen sairaus tai huonosti erilaistunut kasvain, ei komplisoitunut",414X,0,+,23.0,23M04,,,N,,,17K99,,,,,,,,est/fin/ice/lat/swe
72300629000,423D062900,423,Muu infektiosairaus,423X,0,+,23.0,23M04,,,N,,,18K99,,,,,,,,est/fin/ice/lat
72300630000,423D063000,P25,Muu psyykkinen sairaus,432C,0,+,23.0,23M04,,,N,,,19K99,,,,,,,,est/fin/ice/lat
72300631000,423D063100,455,"Vamma, myrkytys tai lääkkeen haittavaikutus, ei komplisoitunut",455X,0,+,23.0,23M04,,,N,,,21K99,,,,,,,,est/fin/ice/lat/swe
72300632000,423D063200,460,"Palovamma, suppea, ei toimenpiteitä",460X,0,+,23.0,23M04,,,N,,,22K99,,,,,,,,est/fin/ice/lat/swe
72300700050,423D070005,467C,"Muu terveydentilaan vaikuttava tekijä, komplisoitunut",467C,0,+,23.0,,,1.0,N,,,,,,,,,,,swe/fin
72300700090,423D070009,467N,"Muu terveydentilaan vaikuttava tekijä, ei komplisoitunut",467N,0,+,23.0,,,,N,,,,,,,,,,,swe/fin
79000099900,490D009990,571,Kallonsisäisen tai vagushermostimulaattorin asennus,571X,0,+,,,,,S,01S52,,,,,,,,,,den/est/fin/ice/lat/swe
79000100000,490D010000,570,"Keskushermoston stimulointilaitteen asennus tai korvaaminen, vuodeosastohoito",570X,0,+,,,,,S,01S51,,,,,,,,,,den/est/fin/ice/lat/swe
79000201100,490D020110,037,Silmämunan ja silmäkuopan leikkaukset,037X,0,+,,,,,S,02S01,,08X30,,,,,,,,den/est/fin/ice/lat/nor
79000203300,490D020330,036C,Silmän paikallinen sädehoito,036C,0,+,,,,,S,02S22,,08X30,,,,>6574,,,,fin
79000203400,490D020340,040,"Silmän ulkoinen toimenpide, paitsi silmäkuoppa",040X,0,+,,,,,S,02S03,,08X30,,,,,,,,den/est/fin/ice/lat/nor
79000300100,490D030010,168,"Suun alueen leikkaus, komplisoitunut",168X,0,+,,,,1.0,S,03S05,,08X30,,,,,,,,den/est/fin/ice/lat/nor
79000300200,490D030020,169,"Suun alueen leikkaus, ei komplisoitunut",169X,0,+,,,,,S,03S05,,08X30,,,,,,,,den/est/fin/ice/lat/nor
79000300600,490D030060,063,"Muu kovan, nenän tai kurkun alueen laaja toimenpide",063X,0,+,,,,,S,03S12,,08X30,,,,,,,,den/est/fin/ice/lat/nor/swe
79000304400,490D030440,056,Nenän muovausleikkaus,056X,0,+,,,,,S,03S07,,08X30,,,,,,,,den/est/fin/ice/lat/nor/swe
79000500150,490D050015,120C,"Muu verenkiertoelinten leikkaus, komplisoitunut",120C,A,+,,,,1.0,S,,,05X06,,,,,,,,swe/fin
79000500190,490D050019,120N,"Muu verenkiertoelinten leikkaus, ei komplisoitunut",120N,A,+,,,,,S,,,05X06,,,,,,,,swe/fin
79000600100,490D060010,170,"Muu ruuansulatuskanavan leikkaus, komplisoitunut",170X,0,+,,,,1.0,S,06S30,,06X07,,,,,,,,den/est/fin/ice/lat/nor
79000600200,490D060020,171,"Muu ruuansulatuskanavan leikkaus, ei komplisoitunut",171X,0,+,,,,,S,06S30,,06X07,,,,,,,,den/est/fin/ice/lat/nor/swe
79000600300,490D060030,226,"Pehmytkudosleikkaus, komplisoitunut",226X,0,+,,,08P03,1.0,S,08S12,,,,,,,,,,den/est/fin/ice/lat/nor/swe
79000600400,490D060040,227,"Pehmytkudosleikkaus, ei komplisoitunut",227X,0,+,,,08P03,,S,08S12,,,,,,,,,,den/est/fin/ice/lat/nor/swe
79000901000,490D090100,257,"Rintarauhasen poisto maligniteetin takia, komplisoitunut",257X,0,+,,,,1.0,S,30S03,,30X01,,,,,,,,fin
79000901200,490D090120,257,"Rintarauhasen poisto maligniteetin takia, komplisoitunut",257X,0,+,,,,1.0,S,30S11,,30X01,,,,,,,,den/est/fin/ice/lat/nor
79000902000,490D090200,258,"Rintarauhasen poisto maligniteetin takia, ei komplisoitunut",258X,0,+,,,,,S,30S03,,30X01,,,,,,,,fin
79000902200,490D090220,258,"Rintarauhasen poisto maligniteetin takia, ei komplisoitunut",258X,0,+,,,,,S,30S11,,30X01,,,,,,,,den/est/fin/ice/lat/nor/swe
79000903201,490D0903201,259A,Rintarauhasen osittainen poisto ja korjaus maligniteetin takia,259A,0,+,,,,1.0,S,30S04,,30X01,,,,,,,,fin
79000903301,490D0903301,259A,Rintarauhasen osittainen poisto ja korjaus maligniteetin takia,259A,0,+,,,,1.0,S,30S05,,30X01,,,,,,,,fin
79000903400,490D090340,260,"Rintarauhasen osittainen poisto maligniteetin takia, ei komplisoitunut",260X,0,+,,,,,S,30S04,,30X01,,,,,,,,den/est/fin/ice/lat/nor/swe
79000903500,490D090350,260,"Rintarauhasen osittainen poisto maligniteetin takia, ei komplisoitunut",260X,0,+,,,,,S,30S05,,30X01,,,,,,,,den/est/fin/ice/lat/nor/swe
79000903600,490D090360,261,"Rintarauhasleikkaus hyvänlaatuisen sairauden takia, ei biopsia tai ekskisio",261X,0,+,,,,,S,30S04,,30X02,,,,,,,,den/est/fin/ice/lat/nor/swe
79000903800,490D090380,262,Rintarauhasen biopsia tai paikallinen ekskisio,262X,0,+,,,,,S,30S05,,30X02,,,,,,,,fin
79001000100,490D100010,292,"Muu leikkaus endokriinisen, nutritionaalisen tai metabolisen sairauden vuoksi, komplisoitunut",292X,0,+,,,,1.0,S,08S10,,10X03,,,,,,,,den/est/fin/ice/lat/nor/swe
79001100100,490D110010,315B,Muu munuaisten tai virtsateiden toimenpide,315B,0,+,,,,,S,11S10,,11X02,,,,,,,,den/est/fin/ice/lat
79008000000,490D800000,442,"Muu vamman takia tehty toimenpide, komplisoitunut",442X,0,+,,,00P21,1.0,S,21S04,,,,,,,,,,den/est/fin/ice/lat/nor
79008010000,490D801000,443,"Muu vamman takia tehty toimenpide, ei komplisoitunut",443X,0,+,,,00P21,,S,21S04,,,,,,,,,,den/est/fin/ice/lat/nor
79900001000,499D000100,468,"Epätavallinen toimenpiteen ja diagnoosin yhdistelmä, laaja toimenpide",468X,7,+,,,,,S,99S90,,,,,,,,,,den/est/fin/ice/lat/nor
79900001016,000D0040111,470G,Potilaan sukupuoli puuttuu,470G,2,+,98.0,,,,,,,,,,,,,,,est/fin/ice/lat/nor/swe
79900010001,499D0010001,342N,Ympärileikkaus,342N,0,+,,,,,S,12S05,,,,,,<365,,,,est/fin/ice/lat
79900019000,499D001900,477,"Epätavallinen toimenpiteen ja diagnoosin yhdistelmä, suppea toimenpide",477X,7,+,,,,,S,,,,,,,,,,,den/fin/ice/lat/nor
99900020001,999D0020001,470E,Kelpaamaton päädiagnoosi,470E,8,+,,,,,,,,,,,,,,,,fin/swe/est
